{
  "best_metric": 0.04992696853007569,
  "best_model_checkpoint": "results/tasks/ged/subtasks/seq_2_seq/fce_grammar/training_output/checkpoint-16",
  "epoch": 1.0,
  "global_step": 16,
  "is_hyper_param_search": false,
  "is_local_process_zero": true,
  "is_world_process_zero": true,
  "log_history": [
    {
      "epoch": 1.0,
      "eval_accuracy": 0.717193675889328,
      "eval_f1": 0.04992696853007569,
      "eval_loss": 0.6272763013839722,
      "step": 16,
      "train_accuracy": 0.7162450592885375,
      "train_f1": 0.06511264487563485,
      "train_loss": 0.6315085887908936
    }
  ],
  "max_steps": 160,
  "num_train_epochs": 10,
  "total_flos": 16755426850800.0,
  "trial_name": null,
  "trial_params": null
}
