{
  "best_metric": 0.0,
  "best_model_checkpoint": "results/tasks/aes/subtasks/regression//asap/r2_bert_training_output/checkpoint-1",
  "epoch": 3.0,
  "global_step": 3,
  "is_hyper_param_search": false,
  "is_local_process_zero": true,
  "is_world_process_zero": true,
  "log_history": [
    {
      "epoch": 1.0,
      "eval_cohen_kappa": 0.0,
      "eval_loss": 1.0984625816345215,
      "eval_pearsonr": 0.0,
      "eval_spearmanr": NaN,
      "step": 1,
      "train_cohen_kappa": 0.05084745762711862,
      "train_loss": 2.080190896987915,
      "train_pearsonr": 0.6148796498905909,
      "train_spearmanr": 0.8583017461049576
    },
    {
      "epoch": 2.0,
      "eval_cohen_kappa": 0.0,
      "eval_loss": 0.020913871005177498,
      "eval_pearsonr": 0.0,
      "eval_spearmanr": NaN,
      "step": 2,
      "train_cohen_kappa": 0.05084745762711862,
      "train_loss": 0.060132257640361786,
      "train_pearsonr": 0.6148796498905909,
      "train_spearmanr": 0.8583017461049576
    },
    {
      "epoch": 3.0,
      "eval_cohen_kappa": 0.0,
      "eval_loss": 0.021024584770202637,
      "eval_pearsonr": 0.0,
      "eval_spearmanr": NaN,
      "step": 3,
      "train_cohen_kappa": 0.05084745762711862,
      "train_loss": 0.05840972065925598,
      "train_pearsonr": 0.6148796498905909,
      "train_spearmanr": 0.8583017461049576
    }
  ],
  "max_steps": 3,
  "num_train_epochs": 3,
  "total_flos": 8181458214912.0,
  "trial_name": null,
  "trial_params": null
}
