{"best": {"aes": {"rmse_aes": 5.502588573813076, "pearson_aes": 0.7077469149821461, "spearman_aes": 0.7025994695819467, "kappa_aes": 0.4886101690633624, "aes": 0.020873680503831968, "aes_weight_coef": 0.9999989867210388}, "ged": {"accuracy_ged": 0.7403876309352067, "f1_score_macro_ged": 0.63568270821017, "f1_score_weighted_ged": 0.7782538899902071, "f_0_5_ged": 0.5877576063810589, "ged": 6.044295004256936e-07, "ged_weight_coef": 9.999999974752427e-07}}, "train": {"loss": [0.3573], "learning_rate": [3.007518796992481e-05], "epoch": [3.76], "step": [500]}, "eval": {"rmse_aes": [25.416032018084646, 5.84721073826842, 5.765458032898508, 5.502588573813076], "pearson_aes": [-0.09892063483780555, 0.17480588392773638, 0.6597949738184534, 0.7077469149821461], "spearman_aes": [-0.12250934248127474, 0.19988312212363318, 0.6587840641298783, 0.7025994695819467], "kappa_aes": [-0.0013264554163596731, 0.0467502185951616, 0.4444871993793639, 0.4886101690633624], "accuracy_ged": [0.6632377846076648, 0.7518973844320391, 0.8250015680863074, 0.7403876309352067], "f1_score_macro_ged": [0.5779769234963393, 0.639120079495799, 0.6913127067680052, 0.63568270821017], "f1_score_weighted_ged": [0.7164455114971218, 0.7863854118770572, 0.8396038779481808, 0.7782538899902071], "f_0_5_ged": [0.5592569496865667, 0.5699510676156584, 0.558634588739136, 0.5877576063810589], "aes": [4.4772571127508733e-13, 2.3509865313779226e-08, 0.011526472556094328, 0.020873680503831968], "ged": [0.6033476193745931, 0.5908691353268094, 0.3188082840707567, 6.044295004256936e-07], "total_loss": [0.6033476193750409, 0.5908691588366746, 0.330334756626851, 0.020874284933332394], "aes_weight_coef": [1.0000019475681077e-12, 9.999999974752427e-07, 0.5, 0.9999989867210388], "ged_weight_coef": [1.0, 0.9999989867210388, 0.5, 9.999999974752427e-07], "epoch": [0.99, 1.99, 2.99, 3.99], "step": [132, 265, 398, 531]}, "test": {"rmse_aes": 4.683817281864965, "pearson_aes": 0.7506532700901992, "spearman_aes": 0.750677775658729, "kappa_aes": 0.5828061719717508, "accuracy_ged": 0.7124133020385559, "f1_score_macro_ged": 0.6204899367689294, "f1_score_weighted_ged": 0.7510553983058488, "f_0_5_ged": 0.574020618556701, "aes": 0.014171546907164156, "ged": 6.394098998422729e-07, "total_loss": 0.014172186317063998, "aes_weight_coef": 0.9999989867210388, "ged_weight_coef": 9.999999974752427e-07}, "info": {"tasks": ["aes", "ged"], "outputs": ["loss", "labels", "preds"], "map_out_to_task": {"aes_loss": "aes", "aes_labels": "aes", "aes_preds": "aes", "ged_loss": "ged", "ged_labels": "ged", "ged_preds": "ged"}, "map_out_to_out": {"aes_loss": "loss", "aes_labels": "labels", "aes_preds": "preds", "ged_loss": "loss", "ged_labels": "labels", "ged_preds": "preds"}, "map_task_index": {"aes": 0, "ged": 1}, "map_index_task": {"0": "aes", "1": "ged"}, "optimizer_weighting": "dynamic", "epochs_to_avg_over": 2, "temp": 2, "init_task_weightings": {"aes": 1.0, "ged": 1.0, "ner": 1.0}, "metrics_to_track_by_task": {"aes": "pearson_aes", "ged": "f_0_5_ged", "ner": "f1_score_avg_ner"}, "regression_tasks": ["aes"], "classification_tasks": ["ner", "ged"], "fce_tasks": ["aes", "ged"], "task_priorities_priority_as_key": {"primary_task": "aes", "secondary_task": "ged", "aux_task": "ner"}, "early_stopping_patience": null, "early_stopping_metric": null, "pretrained_model": "distilroberta-base", "frozen_layers": "all", "scoring": "script", "shared_encoder_n_layers": 2, "normalised_values": [40, 0], "output_layer_by_task": {"aes": -1, "ged": 0, "ner": 0}, "save_results": true, "learning_rate": 0.0005, "batch_size": 8, "weight_decay": 0.01, "adam_epsilon": 1e-08, "runtime": 91.26376938819885, "steps_per_sec": 0.1718715054391692, "model_name": "1630751223"}, "preds": {"aes": {"preds": [0.804099977016449, 0.6915967464447021, 0.7378593683242798, 0.7863125801086426, 0.8392149806022644, 0.7674594521522522, 0.772625207901001, 0.7848759889602661, 0.6570885181427002, 0.7392564415931702, 0.7065820693969727, 0.7965534329414368, 0.779204785823822, 0.8035415410995483, 0.7427521347999573, 0.5599755644798279, 0.6224287748336792, 0.7602212429046631, 0.7793505787849426, 0.6443030834197998, 0.8542723059654236, 0.7946169376373291, 0.7690485715866089, 0.6493694186210632, 0.6917350888252258, 0.7803712487220764, 0.6331044435501099, 0.8834401965141296, 0.8562304973602295, 0.8260776996612549, 0.7511483430862427, 0.8073145151138306, 0.83465576171875, 0.6947746872901917, 0.7999646067619324, 0.6806772351264954, 0.8389068245887756, 0.6231982707977295, 0.8435516953468323, 0.7332164645195007, 0.5990429520606995, 0.6100175976753235, 0.7511628866195679, 0.8274105787277222, 0.7548708915710449, 0.7709646224975586, 0.547223687171936, 0.7313172221183777, 0.8404316902160645, 0.6648241877555847, 0.8566155433654785, 0.7405228018760681, 0.7817594408988953, 0.6874233484268188, 0.746358335018158, 0.7550490498542786, 0.6199981570243835, 0.8637478947639465, 0.7249966859817505, 0.836933434009552, 0.4236970841884613, 0.7404428124427795, 0.7602446675300598, 0.7869961261749268, 0.6316346526145935, 0.7147561311721802, 0.7197228074073792, 0.8344875574111938, 0.6350483298301697, 0.8560930490493774, 0.7684589624404907, 0.7571433186531067, 0.8748159408569336, 0.8852860331535339, 0.729594886302948, 0.8743669390678406, 0.8134682178497314, 0.7394760251045227, 0.7972086071968079, 0.5748146772384644, 0.8035367727279663, 0.7027081251144409, 0.786748468875885, 0.8512203693389893, 0.7601885795593262, 0.7799270749092102, 0.6754434704780579, 0.8135801553726196, 0.7215657234191895, 0.6429128050804138, 0.7503184080123901, 0.696082353591919, 0.6341012716293335, 0.6729117035865784, 0.7693172693252563, 0.8356784582138062, 0.7718249559402466], "labels": [0.75, 0.6499999761581421, 0.574999988079071, 0.6499999761581421, 0.6499999761581421, 0.949999988079071, 0.675000011920929, 0.9750000238418579, 0.625, 0.6000000238418579, 0.625, 0.675000011920929, 0.75, 0.675000011920929, 0.5, 0.5249999761581421, 0.5249999761581421, 0.6499999761581421, 0.550000011920929, 0.6000000238418579, 0.949999988079071, 0.75, 0.8500000238418579, 0.6000000238418579, 0.574999988079071, 0.550000011920929, 0.574999988079071, 0.9750000238418579, 0.8500000238418579, 0.925000011920929, 0.7749999761581421, 0.699999988079071, 0.6499999761581421, 0.7250000238418579, 0.8500000238418579, 0.6499999761581421, 0.8500000238418579, 0.4749999940395355, 0.6499999761581421, 0.7749999761581421, 0.44999998807907104, 0.4749999940395355, 0.625, 0.6499999761581421, 0.7250000238418579, 0.7250000238418579, 0.44999998807907104, 0.675000011920929, 0.875, 0.550000011920929, 0.8999999761581421, 0.3499999940395355, 0.6000000238418579, 0.7250000238418579, 0.699999988079071, 0.6000000238418579, 0.625, 0.925000011920929, 0.6000000238418579, 0.8999999761581421, 0.32499998807907104, 0.574999988079071, 0.7250000238418579, 0.7749999761581421, 0.574999988079071, 0.699999988079071, 0.6499999761581421, 0.6499999761581421, 0.5249999761581421, 0.949999988079071, 0.800000011920929, 0.7250000238418579, 0.8999999761581421, 1.0, 0.7250000238418579, 0.8500000238418579, 0.8999999761581421, 0.625, 0.925000011920929, 0.42500001192092896, 0.800000011920929, 0.625, 0.625, 0.8999999761581421, 0.7749999761581421, 0.675000011920929, 0.4749999940395355, 0.699999988079071, 0.6000000238418579, 0.5, 0.625, 0.574999988079071, 0.550000011920929, 0.574999988079071, 0.675000011920929, 0.75, 0.8500000238418579]}}}