{"best": {"aes": {"rmse_aes": 5.777520820857597, "pearson_aes": 0.37218272166635563, "spearman_aes": 0.41095635060046726, "kappa_aes": 0.23641075901121633, "aes": 0.02322571300384071, "aes_weight_coef": 1.0}}, "train": {"loss": [0.0394, 0.0267], "learning_rate": [3.120300751879699e-05, 1.2406015037593984e-05], "epoch": [3.76, 7.52], "step": [500, 1000]}, "eval": {"rmse_aes": [6.32855693751683, 6.1386923936452025, 6.195138968210724, 5.805933237602175, 6.094197281539967, 5.798297436709932, 5.937437541310395, 5.780806303534771, 5.777520820857597, 5.649016941474268], "pearson_aes": [0.096197967550939, 0.15996117108150965, 0.21093575971886652, 0.25884846339036754, 0.28983826035951415, 0.28770309876521416, 0.35086538454048893, 0.3681804241408967, 0.37218272166635563, 0.35799277349242764], "spearman_aes": [0.14684502115083703, 0.20252323185812604, 0.24681405782587454, 0.30250424646953283, 0.3301465648262954, 0.32389868702986113, 0.3978800609607278, 0.4074721813615951, 0.41095635060046726, 0.4040586056341335], "kappa_aes": [0.11600418062974882, 0.1113821611290402, 0.12676818427765313, 0.17033839924643956, 0.17199392449251893, 0.19053816262189305, 0.2145043111658561, 0.233478598814005, 0.23641075901121633, 0.23783754111334254], "aes": [0.027553888141281076, 0.026087410437564056, 0.02653070104618867, 0.023226954870753817, 0.025503014602387946, 0.022627196533398494, 0.024301779456436634, 0.023159251367259357, 0.02322571300384071, 0.022011078894138336], "total_loss": [0.027553888141281076, 0.026087410437564056, 0.02653070104618867, 0.023226954870753817, 0.025503014602387946, 0.022627196533398494, 0.024301779456436634, 0.023159251367259357, 0.02322571300384071, 0.022011078894138336], "aes_weight_coef": [1.0, 1.0, 1.0, 1.0, 1.0, 1.0, 1.0, 1.0, 1.0, 1.0], "epoch": [0.99, 1.99, 2.99, 3.99, 4.99, 5.99, 6.99, 7.99, 8.99, 9.99], "step": [132, 265, 398, 531, 664, 797, 930, 1063, 1196, 1329]}, "test": {"rmse_aes": 5.9664007696709325, "pearson_aes": 0.46893994157056323, "spearman_aes": 0.4375818584743755, "kappa_aes": 0.23760840673342154, "aes": 0.022534162698624034, "total_loss": 0.022534162698624034, "aes_weight_coef": 1.0}, "info": {"tasks": ["aes"], "outputs": ["loss", "labels", "preds"], "map_out_to_task": {"aes_loss": "aes", "aes_labels": "aes", "aes_preds": "aes"}, "map_out_to_out": {"aes_loss": "loss", "aes_labels": "labels", "aes_preds": "preds"}, "map_task_index": {"aes": 0}, "map_index_task": {"0": "aes"}, "optimizer_weighting": "fixed", "epochs_to_avg_over": 2, "temp": 2, "init_task_weightings": {"aes": 1.0, "ged": 1.0, "ner": 1.0}, "metrics_to_track_by_task": {"aes": "pearson_aes", "ged": "f_0_5_ged", "ner": "f1_score_avg_ner"}, "regression_tasks": ["aes"], "classification_tasks": ["ner", "ged"], "fce_tasks": ["aes", "ged"], "task_priorities_priority_as_key": {"primary_task": "aes"}, "early_stopping_patience": 2, "early_stopping_metric": null, "pretrained_model": "bert-base-uncased", "frozen_layers": "all", "scoring": "script", "learning_rate": 5e-05, "batch_size": 8, "weight_decay": 0.01, "adam_epsilon": 1e-08, "normalized_values": [40, 0], "model_name": "bert-base-uncased_1630606440", "runtime": 435.21571922302246, "steps_per_sec": 0.3274760866990387}, "preds": {"aes": {"preds": [0.740642786026001, 0.7736369371414185, 0.7632808089256287, 0.7894696593284607, 0.7870680093765259, 0.8400084972381592, 0.8539403080940247, 0.7965969443321228, 0.697079062461853, 0.804454505443573, 0.7710199952125549, 0.8034387230873108, 0.7530288100242615, 0.8128969073295593, 0.7609637379646301, 0.7336342930793762, 0.6193919777870178, 0.7562193274497986, 0.8127800822257996, 0.6471109986305237, 0.7513046860694885, 0.780082643032074, 0.6998196840286255, 0.7616663575172424, 0.6969726085662842, 0.8186144232749939, 0.7086623311042786, 0.7024015784263611, 0.7412353157997131, 0.7737911343574524, 0.7748199701309204, 0.6718074679374695, 0.7533110976219177, 0.7594881653785706, 0.7705205678939819, 0.7019493579864502, 0.799781322479248, 0.7569791078567505, 0.8143754601478577, 0.7883014678955078, 0.709405243396759, 0.7405544519424438, 0.7347518801689148, 0.7799902558326721, 0.745613694190979, 0.8097385168075562, 0.7029441595077515, 0.72906094789505, 0.8041686415672302, 0.7070594429969788, 0.8064226508140564, 0.645765483379364, 0.7484988570213318, 0.7694973945617676, 0.7748922109603882, 0.7734687924385071, 0.75690758228302, 0.7878144383430481, 0.7061640620231628, 0.805830717086792, 0.6255791783332825, 0.7190319895744324, 0.6763811707496643, 0.793842077255249, 0.6770288348197937, 0.7191849946975708, 0.7236239910125732, 0.7740076780319214, 0.7572073936462402, 0.8185756802558899, 0.7979183197021484, 0.7552245259284973, 0.7535700798034668, 0.7768905758857727, 0.675250232219696, 0.83240807056427, 0.7529705762863159, 0.7634350657463074, 0.8182607889175415, 0.6955524682998657, 0.8359503149986267, 0.7419499158859253, 0.7657322883605957, 0.858738362789154, 0.7114338278770447, 0.8034205436706543, 0.7244240641593933, 0.8252016305923462, 0.7677056789398193, 0.7059191465377808, 0.787597119808197, 0.6713178753852844, 0.7977737784385681, 0.7690179944038391, 0.7319265007972717, 0.7673614621162415, 0.8087821006774902], "labels": [0.75, 0.6499999761581421, 0.574999988079071, 0.6499999761581421, 0.6499999761581421, 0.949999988079071, 0.675000011920929, 0.9750000238418579, 0.625, 0.6000000238418579, 0.625, 0.675000011920929, 0.75, 0.675000011920929, 0.5, 0.5249999761581421, 0.5249999761581421, 0.6499999761581421, 0.550000011920929, 0.6000000238418579, 0.949999988079071, 0.75, 0.8500000238418579, 0.6000000238418579, 0.574999988079071, 0.550000011920929, 0.574999988079071, 0.9750000238418579, 0.8500000238418579, 0.925000011920929, 0.7749999761581421, 0.699999988079071, 0.6499999761581421, 0.7250000238418579, 0.8500000238418579, 0.6499999761581421, 0.8500000238418579, 0.4749999940395355, 0.6499999761581421, 0.7749999761581421, 0.44999998807907104, 0.4749999940395355, 0.625, 0.6499999761581421, 0.7250000238418579, 0.7250000238418579, 0.44999998807907104, 0.675000011920929, 0.875, 0.550000011920929, 0.8999999761581421, 0.3499999940395355, 0.6000000238418579, 0.7250000238418579, 0.699999988079071, 0.6000000238418579, 0.625, 0.925000011920929, 0.6000000238418579, 0.8999999761581421, 0.32499998807907104, 0.574999988079071, 0.7250000238418579, 0.7749999761581421, 0.574999988079071, 0.699999988079071, 0.6499999761581421, 0.6499999761581421, 0.5249999761581421, 0.949999988079071, 0.800000011920929, 0.7250000238418579, 0.8999999761581421, 1.0, 0.7250000238418579, 0.8500000238418579, 0.8999999761581421, 0.625, 0.925000011920929, 0.42500001192092896, 0.800000011920929, 0.625, 0.625, 0.8999999761581421, 0.7749999761581421, 0.675000011920929, 0.4749999940395355, 0.699999988079071, 0.6000000238418579, 0.5, 0.625, 0.574999988079071, 0.550000011920929, 0.574999988079071, 0.675000011920929, 0.75, 0.8500000238418579]}}}