{"best": {"aes": {"rmse_aes": 5.37457681584021, "pearson_aes": 0.48525418069778714, "spearman_aes": 0.5432258966623366, "kappa_aes": 0.34631615659604154, "aes": 0.019863748405542638, "aes_weight_coef": 1.0}}, "train": {"loss": [0.0353, 0.0256], "learning_rate": [6.240601503759398e-05, 2.4812030075187968e-05], "epoch": [3.76, 7.52], "step": [500, 1000]}, "eval": {"rmse_aes": [5.91179897227634, 5.964027184140307, 6.010539266861253, 5.758867680544962, 5.83746086642888, 5.349790011258102, 5.37457681584021, 5.430807572182608, 5.421476280801304], "pearson_aes": [0.1654795254089939, 0.2925611384371493, 0.381052838793845, 0.4354875674964335, 0.46952770846411657, 0.48298829887277445, 0.48525418069778714, 0.48433041976628877, 0.47045590228587103], "spearman_aes": [0.15055129826231425, 0.30302455901409825, 0.42452256216099005, 0.4731613109550394, 0.5303074904775895, 0.5331561690778829, 0.5432258966623366, 0.5421200847485962, 0.5282709460672866], "kappa_aes": [0.11277509470375513, 0.1904042571453094, 0.22324563881915116, 0.2850853908540718, 0.2922843204046953, 0.34207010876513866, 0.34631615659604154, 0.34632933805502586, 0.3351532750256473], "aes": [0.024452885716325708, 0.02481134370383289, 0.025504186775328383, 0.02328940900042653, 0.023758263973933127, 0.01964850930704011, 0.019863748405542638, 0.020124022538463276, 0.01969676066396965], "total_loss": [0.024452885716325708, 0.02481134370383289, 0.025504186775328383, 0.02328940900042653, 0.023758263973933127, 0.01964850930704011, 0.019863748405542638, 0.020124022538463276, 0.01969676066396965], "aes_weight_coef": [1.0, 1.0, 1.0, 1.0, 1.0, 1.0, 1.0, 1.0, 1.0], "epoch": [0.99, 1.99, 2.99, 3.99, 4.99, 5.99, 6.99, 7.99, 8.99], "step": [132, 265, 398, 531, 664, 797, 930, 1063, 1196]}, "test": {"rmse_aes": 5.593626712054928, "pearson_aes": 0.48021712062766864, "spearman_aes": 0.4721827436186128, "kappa_aes": 0.32015197057228195, "aes": 0.019828928236771997, "total_loss": 0.019828928236771997, "aes_weight_coef": 1.0}, "info": {"tasks": ["aes"], "outputs": ["loss", "labels", "preds"], "map_out_to_task": {"aes_loss": "aes", "aes_labels": "aes", "aes_preds": "aes"}, "map_out_to_out": {"aes_loss": "loss", "aes_labels": "labels", "aes_preds": "preds"}, "map_task_index": {"aes": 0}, "map_index_task": {"0": "aes"}, "optimizer_weighting": "fixed", "epochs_to_avg_over": 2, "temp": 2, "init_task_weightings": {"aes": 1.0, "ged": 1.0, "ner": 1.0}, "metrics_to_track_by_task": {"aes": "pearson_aes", "ged": "f_0_5_ged", "ner": "f1_score_avg_ner"}, "regression_tasks": ["aes"], "classification_tasks": ["ner", "ged"], "fce_tasks": ["aes", "ged"], "task_priorities_priority_as_key": {"primary_task": "aes"}, "early_stopping_patience": 2, "early_stopping_metric": null, "pretrained_model": "bert-base-uncased", "frozen_layers": "all", "scoring": "script", "learning_rate": 0.0001, "batch_size": 8, "weight_decay": 0.01, "adam_epsilon": 1e-08, "normalized_values": [40, 0], "model_name": "bert-base-uncased_1630606834", "runtime": 391.89980268478394, "steps_per_sec": 0.3276754203050033}, "preds": {"aes": {"preds": [0.7076794505119324, 0.7761834263801575, 0.780360221862793, 0.8157775402069092, 0.8227491974830627, 0.821237325668335, 0.8219085335731506, 0.8240112066268921, 0.6213915944099426, 0.6978949904441833, 0.7012742161750793, 0.8425841331481934, 0.7513163685798645, 0.7513303756713867, 0.6950939297676086, 0.7036263346672058, 0.6033129096031189, 0.6759718060493469, 0.824641764163971, 0.6023319363594055, 0.7962637543678284, 0.7709087133407593, 0.6970781683921814, 0.7839190363883972, 0.6797024607658386, 0.7611309289932251, 0.6392025947570801, 0.7175085544586182, 0.7513195276260376, 0.7756552696228027, 0.7270522713661194, 0.7164736986160278, 0.8467504382133484, 0.7766967415809631, 0.7550397515296936, 0.6447263360023499, 0.7837283611297607, 0.7253925204277039, 0.7651787996292114, 0.7847296595573425, 0.6714926362037659, 0.7004848122596741, 0.7407462000846863, 0.7145818471908569, 0.6662253737449646, 0.7591056227684021, 0.6255012154579163, 0.7333261370658875, 0.7783556580543518, 0.7163031697273254, 0.8068182468414307, 0.6303361058235168, 0.7799429297447205, 0.7390511631965637, 0.8269433379173279, 0.7462186217308044, 0.7452120780944824, 0.7894913554191589, 0.7014210820198059, 0.7835280895233154, 0.5701978206634521, 0.7506869435310364, 0.5922386050224304, 0.7299620509147644, 0.6171272397041321, 0.6951344013214111, 0.7414237856864929, 0.7875660061836243, 0.7212024331092834, 0.7783499360084534, 0.79975825548172, 0.7730870842933655, 0.7541435360908508, 0.8019524812698364, 0.5839340090751648, 0.8432353138923645, 0.7558440566062927, 0.759621798992157, 0.745184600353241, 0.6755710244178772, 0.7776744961738586, 0.7001891732215881, 0.8102210164070129, 0.8426693081855774, 0.6794262528419495, 0.7943909168243408, 0.731413722038269, 0.8600581884384155, 0.7293955087661743, 0.6477437615394592, 0.7797339558601379, 0.6256003975868225, 0.7627902626991272, 0.7587288022041321, 0.730074942111969, 0.7377658486366272, 0.8087921738624573], "labels": [0.75, 0.6499999761581421, 0.574999988079071, 0.6499999761581421, 0.6499999761581421, 0.949999988079071, 0.675000011920929, 0.9750000238418579, 0.625, 0.6000000238418579, 0.625, 0.675000011920929, 0.75, 0.675000011920929, 0.5, 0.5249999761581421, 0.5249999761581421, 0.6499999761581421, 0.550000011920929, 0.6000000238418579, 0.949999988079071, 0.75, 0.8500000238418579, 0.6000000238418579, 0.574999988079071, 0.550000011920929, 0.574999988079071, 0.9750000238418579, 0.8500000238418579, 0.925000011920929, 0.7749999761581421, 0.699999988079071, 0.6499999761581421, 0.7250000238418579, 0.8500000238418579, 0.6499999761581421, 0.8500000238418579, 0.4749999940395355, 0.6499999761581421, 0.7749999761581421, 0.44999998807907104, 0.4749999940395355, 0.625, 0.6499999761581421, 0.7250000238418579, 0.7250000238418579, 0.44999998807907104, 0.675000011920929, 0.875, 0.550000011920929, 0.8999999761581421, 0.3499999940395355, 0.6000000238418579, 0.7250000238418579, 0.699999988079071, 0.6000000238418579, 0.625, 0.925000011920929, 0.6000000238418579, 0.8999999761581421, 0.32499998807907104, 0.574999988079071, 0.7250000238418579, 0.7749999761581421, 0.574999988079071, 0.699999988079071, 0.6499999761581421, 0.6499999761581421, 0.5249999761581421, 0.949999988079071, 0.800000011920929, 0.7250000238418579, 0.8999999761581421, 1.0, 0.7250000238418579, 0.8500000238418579, 0.8999999761581421, 0.625, 0.925000011920929, 0.42500001192092896, 0.800000011920929, 0.625, 0.625, 0.8999999761581421, 0.7749999761581421, 0.675000011920929, 0.4749999940395355, 0.699999988079071, 0.6000000238418579, 0.5, 0.625, 0.574999988079071, 0.550000011920929, 0.574999988079071, 0.675000011920929, 0.75, 0.8500000238418579]}}}