{"best": {"aes": {"rmse_aes": 6.259170487362796, "pearson_aes": 0.37788485588649307, "spearman_aes": 0.3912138153950718, "kappa_aes": 0.22730635999867477, "aes": 0.02767706626198358, "aes_weight_coef": 1.0}}, "train": {"loss": [0.0729, 0.028], "learning_rate": [6.240601503759399e-06, 2.481203007518797e-06], "epoch": [3.76, 7.52], "step": [500, 1000]}, "eval": {"rmse_aes": [6.141784674452677, 6.7785962476465285, 6.569973893557364, 6.415961109765654, 6.084843174289391, 6.150023155251254, 6.259170487362796, 6.197181883012572, 6.17159684319518], "pearson_aes": [0.31684941868198646, 0.32509348744558375, 0.34427312789264813, 0.3317641226532968, 0.3700530176239717, 0.3428784088835227, 0.37788485588649307, 0.3491838502390838, 0.33516362563279634], "spearman_aes": [0.3430413804464658, 0.3559101843101541, 0.36849288193008833, 0.3497021245808465, 0.38162747300634203, 0.352853892535159, 0.3912138153950718, 0.3629998003869877, 0.3548191139436066], "kappa_aes": [0.22146579133301936, 0.2023106989576946, 0.2125520134341342, 0.20759843987496052, 0.2399188650359978, 0.22107599390625832, 0.22730635999867477, 0.2189596995940254, 0.21398966738259695], "aes": [0.026129801033271685, 0.0314161208872166, 0.029774334488643542, 0.028098641532576747, 0.02603581247644292, 0.0258557116612792, 0.02767706626198358, 0.026529225934710767, 0.025930603810896475], "total_loss": [0.026129801033271685, 0.0314161208872166, 0.029774334488643542, 0.028098641532576747, 0.02603581247644292, 0.0258557116612792, 0.02767706626198358, 0.026529225934710767, 0.025930603810896475], "aes_weight_coef": [1.0, 1.0, 1.0, 1.0, 1.0, 1.0, 1.0, 1.0, 1.0], "epoch": [0.99, 1.99, 2.99, 3.99, 4.99, 5.99, 6.99, 7.99, 8.99], "step": [132, 265, 398, 531, 664, 797, 930, 1063, 1196]}, "test": {"rmse_aes": 5.808809520137247, "pearson_aes": 0.5134445699787519, "spearman_aes": 0.5053747529471792, "kappa_aes": 0.2801471602882395, "aes": 0.021335811339667998, "total_loss": 0.021335811339667998, "aes_weight_coef": 1.0}, "info": {"tasks": ["aes"], "outputs": ["loss", "labels", "preds"], "map_out_to_task": {"aes_loss": "aes", "aes_labels": "aes", "aes_preds": "aes"}, "map_out_to_out": {"aes_loss": "loss", "aes_labels": "labels", "aes_preds": "preds"}, "map_task_index": {"aes": 0}, "map_index_task": {"0": "aes"}, "optimizer_weighting": "fixed", "epochs_to_avg_over": 2, "temp": 2, "init_task_weightings": {"aes": 1.0, "ged": 1.0, "ner": 1.0}, "metrics_to_track_by_task": {"aes": "pearson_aes", "ged": "f_0_5_ged", "ner": "f1_score_avg_ner"}, "regression_tasks": ["aes"], "classification_tasks": ["ner", "ged"], "fce_tasks": ["aes", "ged"], "task_priorities_priority_as_key": {"primary_task": "aes"}, "early_stopping_patience": 2, "early_stopping_metric": null, "pretrained_model": "bert-base-uncased", "frozen_layers": "all", "scoring": "script", "learning_rate": 1e-05, "batch_size": 8, "weight_decay": 0.01, "adam_epsilon": 1e-08, "normalized_values": [40, 0], "model_name": "bert-base-uncased_1630606002", "runtime": 384.21113443374634, "steps_per_sec": 0.3212467679211926}, "preds": {"aes": {"preds": [0.6736178398132324, 0.7250385284423828, 0.7837874889373779, 0.8328405022621155, 0.773739218711853, 0.8082562685012817, 0.8351905941963196, 0.7802951335906982, 0.6403511166572571, 0.7732595205307007, 0.7343795895576477, 0.7390080094337463, 0.8070430755615234, 0.7061412334442139, 0.7071976065635681, 0.7660706639289856, 0.6562511920928955, 0.7711113095283508, 0.7821354866027832, 0.6686316728591919, 0.7748824954032898, 0.8403521180152893, 0.6659807562828064, 0.7672094106674194, 0.7190277576446533, 0.7741327285766602, 0.6662073135375977, 0.6985225677490234, 0.7853026390075684, 0.8409100770950317, 0.7667600512504578, 0.7909715175628662, 0.7676997780799866, 0.7834237813949585, 0.8452185392379761, 0.6926305294036865, 0.8061555624008179, 0.7556845545768738, 0.7474004626274109, 0.7380635738372803, 0.6437011957168579, 0.7587794661521912, 0.7190701961517334, 0.7762346267700195, 0.7332306504249573, 0.7862213850021362, 0.6919456720352173, 0.7728683352470398, 0.7736465930938721, 0.7145899534225464, 0.7832333445549011, 0.7599623799324036, 0.7861650586128235, 0.7058676481246948, 0.7168885469436646, 0.7534846663475037, 0.7533211708068848, 0.79616779088974, 0.7368366718292236, 0.8287482261657715, 0.5877258777618408, 0.7095754742622375, 0.6698246002197266, 0.7683224678039551, 0.7198761105537415, 0.7028412222862244, 0.7670269012451172, 0.8231035470962524, 0.7344307899475098, 0.8282610177993774, 0.7646571397781372, 0.7300677299499512, 0.7942382097244263, 0.7371131181716919, 0.7553142309188843, 0.8080587387084961, 0.8070297241210938, 0.7755506038665771, 0.8347028493881226, 0.6680628061294556, 0.8053054809570312, 0.6979644894599915, 0.8209441304206848, 0.828822135925293, 0.768373966217041, 0.788557767868042, 0.6592270731925964, 0.811894416809082, 0.7212413549423218, 0.6399552822113037, 0.8047189712524414, 0.6952135562896729, 0.7323073744773865, 0.8046853542327881, 0.7571151256561279, 0.7871717214584351, 0.8685823678970337], "labels": [0.75, 0.6499999761581421, 0.574999988079071, 0.6499999761581421, 0.6499999761581421, 0.949999988079071, 0.675000011920929, 0.9750000238418579, 0.625, 0.6000000238418579, 0.625, 0.675000011920929, 0.75, 0.675000011920929, 0.5, 0.5249999761581421, 0.5249999761581421, 0.6499999761581421, 0.550000011920929, 0.6000000238418579, 0.949999988079071, 0.75, 0.8500000238418579, 0.6000000238418579, 0.574999988079071, 0.550000011920929, 0.574999988079071, 0.9750000238418579, 0.8500000238418579, 0.925000011920929, 0.7749999761581421, 0.699999988079071, 0.6499999761581421, 0.7250000238418579, 0.8500000238418579, 0.6499999761581421, 0.8500000238418579, 0.4749999940395355, 0.6499999761581421, 0.7749999761581421, 0.44999998807907104, 0.4749999940395355, 0.625, 0.6499999761581421, 0.7250000238418579, 0.7250000238418579, 0.44999998807907104, 0.675000011920929, 0.875, 0.550000011920929, 0.8999999761581421, 0.3499999940395355, 0.6000000238418579, 0.7250000238418579, 0.699999988079071, 0.6000000238418579, 0.625, 0.925000011920929, 0.6000000238418579, 0.8999999761581421, 0.32499998807907104, 0.574999988079071, 0.7250000238418579, 0.7749999761581421, 0.574999988079071, 0.699999988079071, 0.6499999761581421, 0.6499999761581421, 0.5249999761581421, 0.949999988079071, 0.800000011920929, 0.7250000238418579, 0.8999999761581421, 1.0, 0.7250000238418579, 0.8500000238418579, 0.8999999761581421, 0.625, 0.925000011920929, 0.42500001192092896, 0.800000011920929, 0.625, 0.625, 0.8999999761581421, 0.7749999761581421, 0.675000011920929, 0.4749999940395355, 0.699999988079071, 0.6000000238418579, 0.5, 0.625, 0.574999988079071, 0.550000011920929, 0.574999988079071, 0.675000011920929, 0.75, 0.8500000238418579]}}}