{"best": {"aes": {"rmse_aes": 28.396253665267576, "pearson_aes": NaN, "spearman_aes": NaN, "kappa_aes": 0.0, "aes": 0.0, "aes_weight_coef": 0.0}, "ged": {"f1_score_avg_ged": 0.7198102505929669, "f1_score_macro_ged": 0.6092941593315617, "f1_score_weighted_ged": 0.7611323542607041, "f_0_5_ged": 0.5388253843121797, "ged": 0.11716024681579235, "ged_weight_coef": 1.0}, "ner": {"f1_score_avg_ner": 0.9612359331801721, "f1_score_macro_ner": 0.7762094034438775, "f1_score_weighted_ner": 0.9597746711659767, "ner": 0.011186402648427459, "ner_weight_coef": 0.10000000149011612}}, "train": {"loss": [0.3419, 0.3027, 0.2865, 0.2745, 0.2644, 0.2554], "learning_rate": [6.339622641509433e-05, 5.679245283018868e-05, 5.0188679245283013e-05, 4.3584905660377356e-05, 3.69811320754717e-05, 3.0377358490566036e-05], "epoch": [1.89, 3.77, 5.66, 7.55, 9.43, 11.32], "step": [500, 1000, 1500, 2000, 2500, 3000]}, "eval": {"rmse_aes": [28.396253665267576, 28.396253665267576, 28.396253665267576, 28.396253665267576, 28.396253665267576, 28.396253665267576, 28.396253665267576, 28.396253665267576, 28.396253665267576, 28.396253665267576, 28.396253665267576, 28.396253665267576, 28.396253665267576], "pearson_aes": [NaN, NaN, NaN, NaN, NaN, NaN, NaN, NaN, NaN, NaN, NaN, NaN, NaN], "spearman_aes": [NaN, NaN, NaN, NaN, NaN, NaN, NaN, NaN, NaN, NaN, NaN, NaN, NaN], "kappa_aes": [0.0, 0.0, 0.0, 0.0, 0.0, 0.0, 0.0, 0.0, 0.0, 0.0, 0.0, 0.0, 0.0], "f1_score_avg_ged": [0.6769447595476265, 0.6731978962565742, 0.6827541163933862, 0.681619744938297, 0.6853666082293493, 0.6932040837372383, 0.6878416004949984, 0.6852291086590354, 0.6855384826922416, 0.7070227905537795, 0.7198102505929669, 0.7401601869994157, 0.7449726719604002], "f1_score_macro_ged": [0.5628285111729441, 0.5679528247984321, 0.5779998182833412, 0.5798960369426895, 0.5843758058847672, 0.589419720992294, 0.5869787541028173, 0.5861141401680303, 0.5870865622336557, 0.6006890703652245, 0.6092941593315617, 0.6221011042298616, 0.6241928479020581], "f1_score_weighted_ged": [0.7260370889634724, 0.723768013820979, 0.7316331917430643, 0.7309502360948119, 0.7340802330422832, 0.7402568739301637, 0.7361190939580341, 0.734111252082423, 0.7344144378540823, 0.751257674818203, 0.7611323542607041, 0.7764419358677712, 0.7798693407475695], "f_0_5_ged": [0.4647984910889564, 0.4933167195287721, 0.5093365720358282, 0.519659215139292, 0.528073352954494, 0.5283033262129998, 0.532192246656087, 0.5354055476208375, 0.5385366219919661, 0.537746806039489, 0.5388253843121797, 0.536164673338215, 0.5318275154004106], "f1_score_avg_ner": [0.9000817725166466, 0.9287800319302207, 0.9396635645029399, 0.9458938514855341, 0.950352400607453, 0.9533507262178265, 0.9555702659553755, 0.9571083680542035, 0.958218137922978, 0.9595226042599587, 0.9602429811923212, 0.960943888477863, 0.9612359331801721], "f1_score_macro_ner": [0.3988576312432594, 0.5367655422370305, 0.6084013555006433, 0.6544454280118366, 0.6908957539907601, 0.7127393431961472, 0.7323656689321412, 0.7425589509955192, 0.7538181818190001, 0.7609204578802435, 0.7675113785841221, 0.774231635506196, 0.7762094034438775], "f1_score_weighted_ner": [0.8818478307278105, 0.9214779972147226, 0.934476780348029, 0.9419467501801342, 0.947256224396789, 0.9507524230334475, 0.9534789015212686, 0.9549992929331125, 0.9563790256295743, 0.9578419237446852, 0.9586282963594515, 0.9593519434238218, 0.9597746711659767], "aes": [0.0, 0.0, 0.0, 0.0, 0.0, 0.0, 0.0, 0.0, 0.0, 0.0, 0.0, 0.0, 0.0], "ged": [0.12903695466906526, 0.12465601605038311, 0.12212786702222603, 0.12024308498515639, 0.11908466594163762, 0.11841070790623509, 0.11773266764574272, 0.11745597318161366, 0.11690953859063082, 0.1170757911926092, 0.11716024681579235, 0.11798407310663267, 0.11826754448025725], "ner": [0.029369866475462914, 0.020407673924468284, 0.01702214682171511, 0.015247131784468196, 0.014139244289592255, 0.013281237301524989, 0.01271750689159299, 0.012284404186661853, 0.01197294658049941, 0.011699178884195726, 0.011449108614997809, 0.01128554583505489, 0.011186402648427459], "total_loss": [0.15840682114452817, 0.1450636899748514, 0.13915001384394113, 0.13549021676962458, 0.13322391023122987, 0.1316919452077601, 0.1304501745373357, 0.1297403773682755, 0.12888248517113024, 0.12877497007680494, 0.12860935543079016, 0.12926961894168756, 0.12945394712868472], "aes_weight_coef": [0.0, 0.0, 0.0, 0.0, 0.0, 0.0, 0.0, 0.0, 0.0, 0.0, 0.0, 0.0, 0.0], "ged_weight_coef": [1.0, 1.0, 1.0, 1.0, 1.0, 1.0, 1.0, 1.0, 1.0, 1.0, 1.0, 1.0, 1.0], "ner_weight_coef": [0.10000000149011612, 0.10000000149011612, 0.10000000149011612, 0.10000000149011612, 0.10000000149011612, 0.10000000149011612, 0.10000000149011612, 0.10000000149011612, 0.10000000149011612, 0.10000000149011612, 0.10000000149011612, 0.10000000149011612, 0.10000000149011612], "epoch": [1.0, 2.0, 3.0, 4.0, 5.0, 6.0, 7.0, 8.0, 9.0, 10.0, 11.0, 12.0, 13.0], "step": [264, 529, 794, 1059, 1324, 1589, 1854, 2119, 2384, 2649, 2914, 3179, 3444]}, "test": {"rmse_aes": 28.024171114712146, "pearson_aes": NaN, "spearman_aes": NaN, "kappa_aes": 0.0, "f1_score_avg_ged": 0.6899933199732798, "f1_score_macro_ged": 0.5945625491566409, "f1_score_weighted_ged": 0.7316618307974422, "f_0_5_ged": 0.5282816031754782, "f1_score_avg_ner": 0.9548185635835038, "f1_score_macro_ner": 0.7639441275965418, "f1_score_weighted_ner": 0.954264160994499, "aes": 0.0, "ged": 0.1713623447077615, "ner": 0.011168524622917175, "total_loss": 0.18253086933067866, "aes_weight_coef": 0.0, "ged_weight_coef": 1.0, "ner_weight_coef": 0.10000000149011612}, "info": {"tasks": ["aes", "ged", "ner"], "outputs": ["loss", "labels", "preds"], "map_out_to_task": {"aes_loss": "aes", "aes_labels": "aes", "aes_preds": "aes", "ged_loss": "ged", "ged_labels": "ged", "ged_preds": "ged", "ner_loss": "ner", "ner_labels": "ner", "ner_preds": "ner"}, "map_out_to_out": {"aes_loss": "loss", "aes_labels": "labels", "aes_preds": "preds", "ged_loss": "loss", "ged_labels": "labels", "ged_preds": "preds", "ner_loss": "loss", "ner_labels": "labels", "ner_preds": "preds"}, "map_task_index": {"aes": 0, "ged": 1, "ner": 2}, "map_index_task": {"0": "aes", "1": "ged", "2": "ner"}, "optimizer_weighting": "fixed", "epochs_to_avg_over": 2, "temp": 2, "init_task_weightings": {"aes": 0, "ged": 1, "ner": 0.1}, "metrics_to_track_by_task": {"aes": "pearson_aes", "ged": "f_0_5_ged", "ner": "f1_score_avg_ner"}, "regression_tasks": ["aes"], "classification_tasks": ["ner", "ged"], "fce_tasks": ["aes", "ged"], "task_priorities_priority_as_key": {"primary_task": "aes", "secondary_task": "ged", "aux_task": "ner"}, "early_stopping_patience": 2, "early_stopping_metric": "loss", "pretrained_model": "distilroberta-base", "frozen_layers": "all", "scoring": "script", "learning_rate": 7e-05, "batch_size": 8, "weight_decay": 0.01, "adam_epsilon": 1e-08, "normalized_values": null, "model_name": "distilroberta-base_1630619900", "runtime": 487.1241374015808, "steps_per_sec": 0.14144138716654495},