{"best": {"aes": {"rmse_aes": 27.347968707109917, "pearson_aes": NaN, "spearman_aes": NaN, "kappa_aes": 0.0, "aes": 829.6161363389757, "aes_weight_coef": 1.0}}, "train": {}, "eval": {"rmse_aes": [27.347968707109917, 26.370774003031983, 25.395354902676818], "pearson_aes": [NaN, NaN, NaN], "spearman_aes": [NaN, NaN, NaN], "kappa_aes": [0.0, 0.0, 0.0], "aes": [829.6161363389757, 773.6960381401909, 724.956078423394], "total_loss": [829.6161363389757, 773.6960381401909, 724.956078423394], "aes_weight_coef": [1.0, 1.0, 1.0], "epoch": [0.99, 1.99, 2.99], "step": [132, 265, 398]}, "test": {"rmse_aes": 25.18754396788263, "pearson_aes": 0.2559190294667622, "spearman_aes": 0.24077249641833132, "kappa_aes": 0.0022705077625158054, "aes": 722.6828079223633, "total_loss": 722.6828079223633, "aes_weight_coef": 1.0}, "info": {"tasks": ["aes"], "outputs": ["loss", "labels", "preds"], "map_out_to_task": {"aes_loss": "aes", "aes_labels": "aes", "aes_preds": "aes"}, "map_out_to_out": {"aes_loss": "loss", "aes_labels": "labels", "aes_preds": "preds"}, "map_task_index": {"aes": 0}, "map_index_task": {"0": "aes"}, "optimizer_weighting": "fixed", "epochs_to_avg_over": 2, "temp": 2, "init_task_weightings": {"aes": 1.0, "ged": 1.0, "ner": 1.0}, "metrics_to_track_by_task": {"aes": "pearson_aes", "ged": "f_0_5_ged", "ner": "f1_score_avg_ner"}, "regression_tasks": ["aes"], "classification_tasks": ["ner", "ged"], "fce_tasks": ["aes", "ged"], "task_priorities_priority_as_key": {"primary_task": "aes"}, "early_stopping_patience": 2, "early_stopping_metric": null, "pretrained_model": "distilroberta-base", "frozen_layers": "all", "scoring": "script", "learning_rate": 1e-05, "batch_size": 8, "weight_decay": 0.01, "adam_epsilon": 1e-08, "normalized_values": null, "model_name": "distilroberta-base_1630606890", "runtime": 74.2803041934967, "steps_per_sec": 0.18663393013441382}, "preds": {"aes": {"preds": [2.762003183364868, 2.7637181282043457, 2.8262202739715576, 2.756659746170044, 2.809239387512207, 2.752739429473877, 2.753535270690918, 2.7308571338653564, 2.6653594970703125, 2.8075008392333984, 2.7272841930389404, 2.888836145401001, 2.783574104309082, 2.8108129501342773, 2.8527283668518066, 2.4728505611419678, 2.704185724258423, 2.790761947631836, 2.854768991470337, 2.6856091022491455, 2.9313957691192627, 2.7445435523986816, 2.7750966548919678, 2.7957451343536377, 2.759040594100952, 2.7420599460601807, 2.4666826725006104, 2.824350118637085, 2.9103219509124756, 2.8013129234313965, 2.7058727741241455, 2.931269884109497, 2.6922616958618164, 2.5939815044403076, 2.800694227218628, 2.7705419063568115, 2.977921962738037, 2.705904722213745, 2.8779056072235107, 2.7374703884124756, 2.5823216438293457, 2.550266981124878, 2.7899489402770996, 2.83359956741333, 2.808467149734497, 2.767784357070923, 2.6391353607177734, 2.6325440406799316, 2.8936774730682373, 2.633885145187378, 2.904069423675537, 2.8058583736419678, 2.748912811279297, 2.645129442214966, 2.7687809467315674, 2.7886736392974854, 2.61273455619812, 2.911341428756714, 2.653721570968628, 2.803541421890259, 2.398118019104004, 2.8304049968719482, 2.690889596939087, 2.909024238586426, 2.602565288543701, 2.8447415828704834, 2.665130615234375, 2.8176026344299316, 2.636509418487549, 2.825382709503174, 2.658586263656616, 2.814157724380493, 2.8125317096710205, 2.917051315307617, 2.560399293899536, 2.907353639602661, 2.7544126510620117, 2.7807915210723877, 2.7557787895202637, 2.7212650775909424, 2.855546474456787, 2.7814676761627197, 2.7575528621673584, 2.8492980003356934, 2.812340021133423, 2.799220085144043, 2.7938928604125977, 2.753042459487915, 2.6304495334625244, 2.7100706100463867, 2.8284475803375244, 2.7648656368255615, 2.667860984802246, 2.6364119052886963, 2.8430256843566895, 2.728320360183716, 2.750429391860962], "labels": [30.0, 26.0, 23.0, 26.0, 26.0, 38.0, 27.0, 39.0, 25.0, 24.0, 25.0, 27.0, 30.0, 27.0, 20.0, 21.0, 21.0, 26.0, 22.0, 24.0, 38.0, 30.0, 34.0, 24.0, 23.0, 22.0, 23.0, 39.0, 34.0, 37.0, 31.0, 28.0, 26.0, 29.0, 34.0, 26.0, 34.0, 19.0, 26.0, 31.0, 18.0, 19.0, 25.0, 26.0, 29.0, 29.0, 18.0, 27.0, 35.0, 22.0, 36.0, 14.0, 24.0, 29.0, 28.0, 24.0, 25.0, 37.0, 24.0, 36.0, 13.0, 23.0, 29.0, 31.0, 23.0, 28.0, 26.0, 26.0, 21.0, 38.0, 32.0, 29.0, 36.0, 40.0, 29.0, 34.0, 36.0, 25.0, 37.0, 17.0, 32.0, 25.0, 25.0, 36.0, 31.0, 27.0, 19.0, 28.0, 24.0, 20.0, 25.0, 23.0, 22.0, 23.0, 27.0, 30.0, 34.0]}}}