{"best": {"aes": {"rmse_aes": 5.317751499709086, "pearson_aes": 0.7007931697878276, "spearman_aes": 0.6966010530666932, "kappa_aes": 0.5028052630182773, "aes": 0.019829685127155647, "aes_weight_coef": 0.9999806880950928}, "ged": {"f1_score_avg_ged": 0.7420811641472747, "f1_score_macro_ged": 0.6363382119925775, "f1_score_weighted_ged": 0.7794854118502449, "f_0_5_ged": 0.585721012786612, "ged": 0.6546507941351997, "ged_weight_coef": 0.9999927878379822}}, "train": {"loss": [0.497, 0.3125, 0.2077, 0.1151, 0.0279, 0.0119, 0.0107], "learning_rate": [0.00043734335839599, 0.00037468671679198, 0.0003120300751879699, 0.0002493734335839599, 0.00018671679197994988, 0.00012406015037593984, 6.140350877192983e-05], "epoch": [3.76, 7.52, 11.28, 15.04, 18.8, 22.56, 26.32], "step": [500, 1000, 1500, 2000, 2500, 3000, 3500]}, "eval": {"rmse_aes": [5.558662984676728, 5.471444860433073, 5.225303576669439, 4.896394953872062, 4.557647627749887, 5.4296420377615915, 4.466471436000413, 4.507377918058628, 5.1558004694724815, 6.023162044363262, 4.917033169490868, 4.380624774814835, 4.785262184793555, 5.035318299744995, 4.765381491496108, 4.7414146262721895, 5.4097895323949645, 4.812957195116669, 4.554869421074327, 5.659091486775611, 5.7753294607101715, 5.719166089518092, 5.769847419170314, 5.230146305768781, 5.262718169505714, 5.0478720921025575, 5.317751499709086, 5.731326309487428, 5.424977395974608, 5.431972856515766], "pearson_aes": [0.271162620593193, 0.311833781394354, 0.4614604649944875, 0.5266562129345892, 0.6308049665045531, 0.6339116397003721, 0.6774943796778405, 0.6533334188260396, 0.6646888620521069, 0.6627670445828165, 0.685450342610342, 0.6661905998763474, 0.6726667742498346, 0.6793979974887412, 0.6860623988915062, 0.6566000906039454, 0.6822212635425798, 0.6836973374481133, 0.6792368450967812, 0.6749777933170834, 0.6662595704570446, 0.6970701885004825, 0.6891175908779728, 0.6867786434620995, 0.6920242996607195, 0.6990943873419103, 0.7007931697878276, 0.6837674589841124, 0.6935146886644237, 0.6957230541602039], "spearman_aes": [0.2733262900353696, 0.316421054351179, 0.46758724108406435, 0.5194293611440752, 0.6307951801687918, 0.6284100306930629, 0.6628347767659581, 0.6411225297396873, 0.6488976189932205, 0.671962899491597, 0.6777683177187765, 0.6425683823626379, 0.6704067163311008, 0.6732327268936388, 0.6861661064662553, 0.6468009041140645, 0.6764623449279518, 0.6784654440841446, 0.6696817496878118, 0.6586139585178925, 0.6590987030493668, 0.6917417897885003, 0.6850535326103406, 0.6807633993200212, 0.6863917127003095, 0.6926597046596302, 0.6966010530666932, 0.6832023871437483, 0.6921685183508488, 0.6990511835050736], "kappa_aes": [0.07504205821877052, 0.12518562601155758, 0.2606935166683363, 0.41318756666158774, 0.5130198708735427, 0.44792890377947103, 0.5324438543672981, 0.5539740106678452, 0.51074177746676, 0.4340066730465819, 0.5374010515122873, 0.5655614571597187, 0.5585595755489079, 0.5335803645474917, 0.5562372811597296, 0.5438517286444102, 0.4732902927035235, 0.5407612456747404, 0.5696276619692944, 0.45292181960524724, 0.43158973838141146, 0.44883260684403026, 0.456483362352486, 0.5006238270841181, 0.5001329578694013, 0.5233259749816042, 0.5028052630182773, 0.4556452481557963, 0.4934407305250973, 0.4945427173503951], "f1_score_avg_ged": [0.6783541366116791, 0.7359969892742897, 0.7397290346860691, 0.7420811641472747, 0.829737188734868, 0.8113592172113153, 0.8185410524995296, 0.8279182086182023, 0.8296744652825692, 0.8734240732609923, 0.8751803299253591, 0.8647682368437559, 0.8563632942357148, 0.8662108762466286, 0.869629304396914, 0.8782224173618516, 0.8745844571285204, 0.8762779903405884, 0.878943737063288, 0.8792887160509314, 0.8791632691463338, 0.8796336950385749, 0.8794768864078278, 0.8794455246816785, 0.8795082481339773, 0.8792259925986327, 0.8794768864078278, 0.8795396098601267, 0.879257354324782, 0.8792887160509314], "f1_score_macro_ged": [0.5897873457949501, 0.6313938451465051, 0.6341536537042736, 0.6363382119925775, 0.6940869064610571, 0.6826398745544968, 0.6874132858034653, 0.6927973452909153, 0.6956160730579641, 0.7115051883062565, 0.7122338941493991, 0.7132571370911043, 0.7081738750710912, 0.7135407274260812, 0.7135455487846822, 0.7154918306914528, 0.7172025933176771, 0.7188225375356521, 0.7183311673722335, 0.7186064772498966, 0.7181894850455905, 0.7186954554739398, 0.7187342915060951, 0.7184429746392961, 0.7184022772097123, 0.7181487787119366, 0.7181727250745689, 0.7188184370474366, 0.7176280453103099, 0.7181079716776284], "f1_score_weighted_ged": [0.7289261567459615, 0.7747320520650446, 0.7776163525035189, 0.7794854118502449, 0.8427892080767131, 0.8301787241964975, 0.8352018727498914, 0.8415216662256074, 0.8430733358253146, 0.8692757830067938, 0.8703042967134252, 0.8654088481033884, 0.8599763977572886, 0.8661977591275616, 0.8678985035210678, 0.8725607560632216, 0.8712035292096006, 0.8724176559082139, 0.8735939870469982, 0.8738270537318592, 0.8736658865032819, 0.8740150700400916, 0.8739487548511576, 0.8738633194794792, 0.8738837673512329, 0.8736863530918053, 0.8738132200044259, 0.8739993396229615, 0.873575806735482, 0.8737067857472648], "f_0_5_ged": [0.5681173920293481, 0.5825993169153335, 0.5834417461694131, 0.585721012786612, 0.5541412084181941, 0.5678941781660815, 0.5639985092550416, 0.5550858205800288, 0.5598561759729273, 0.47362884330320854, 0.47003412313163834, 0.5082550987374556, 0.5190452466144301, 0.5043441899363472, 0.49285176824680216, 0.469883012665571, 0.48777005805653373, 0.4871060171919771, 0.4762823915456257, 0.4759490002897711, 0.4750748719930441, 0.47502780060919597, 0.47569578662543494, 0.4748900381845425, 0.4745443117536141, 0.4747294163123309, 0.4739336492890996, 0.4757417608968783, 0.4729893117957151, 0.4743837602706622], "aes": [8.068236942746251e-09, 2.0626437940368053e-08, 4.963337178291264e-08, 1.1733419273222505e-07, 2.733779267158651e-07, 1.0443786761824313e-06, 1.8905883033918751e-06, 5.3074384393565e-06, 1.8364471669782586e-05, 6.745971263121141e-05, 0.00012082410871193538, 0.0002448276682116557, 0.0007880944693978461, 0.0020664137684636647, 0.004226707769299133, 0.007664861532652544, 0.014823999255895615, 0.01399508535137607, 0.013491108703116575, 0.02176450306756629, 0.022902184062533908, 0.022634976802186832, 0.022875516985853512, 0.018669113258106843, 0.019335452881124284, 0.017617750705944166, 0.019829685127155647, 0.02216704608872533, 0.02044765966840916, 0.020636596768680546], "ged": [0.5925257636441125, 0.5760334763262007, 0.5985909832848443, 0.6546507941351997, 0.8284169303046333, 0.8289990756246779, 0.9309261838595072, 1.0359096262190077, 1.089842802948422, 1.4795917802386813, 1.5553293625513713, 1.3923734691407945, 1.3882754378848605, 1.3228845728768244, 1.181017067697313, 0.934378961722056, 0.5242325696680281, 0.24825019306606716, 0.10464120656251907, 0.040575987555914454, 0.015336529144810306, 0.00574646760813064, 0.002146851478351487, 0.0008003783683913449, 0.0002985602687759739, 0.00011113522244462122, 4.141749862659102e-05, 1.5444675429737093e-05, 5.757692381141371e-06, 2.1484180731729593e-06], "total_loss": [0.5925257717123493, 0.5760334969526386, 0.598591032918216, 0.6546509114693924, 0.82841720368256, 0.8290001200033541, 0.9309280744478107, 1.0359149336574471, 1.0898611674200918, 1.4796592399513127, 1.5554501866600832, 1.3926182968090062, 1.3890635323542584, 1.324950986645288, 1.1852437754666123, 0.9420438232547086, 0.5390565689239237, 0.2622452784174432, 0.11813231526563565, 0.062340490623480745, 0.03823871320734421, 0.028381444410317473, 0.025022368464205, 0.019469491626498185, 0.019634013149900258, 0.01772888592838879, 0.01987110262578224, 0.022182490764155065, 0.020453417360790302, 0.02063874518675372],