{"best": {"aes": {"rmse_aes": 6.419371724190253, "pearson_aes": 0.6234927410968178, "spearman_aes": 0.6146530657891656, "kappa_aes": 0.36964681794915544, "aes": 2.5343835631082223, "aes_weight_coef": 0.30000001192092896}, "ged": {"f1_score_avg_ged": 0.734591454401705, "f1_score_macro_ged": 0.6257943061149388, "f1_score_weighted_ged": 0.773231573814275, "f_0_5_ged": 0.5648751788837653, "ged": 0.07788800916006398, "ged_weight_coef": 0.699999988079071}, "ner": {"f1_score_avg_ner": 0.9864685954596784, "f1_score_macro_ner": 0.9287849183045318, "f1_score_weighted_ner": 0.98638532354413, "ner": 0.0030446292420979156, "ner_weight_coef": 0.07000000029802322}}, "train": {"loss": [11.611, 3.1334], "learning_rate": [0.0004528301886792453, 0.0004056603773584906], "epoch": [1.89, 3.77], "step": [500, 1000]}, "eval": {"rmse_aes": [5.799904213768438, 5.786718509752407, 6.302556800396346, 6.419371724190253], "pearson_aes": [0.39134410759642163, 0.5802049093052318, 0.5872383290109685, 0.6234927410968178], "spearman_aes": [0.39053789574465936, 0.5713681499394594, 0.5785603646587022, 0.6146530657891656], "kappa_aes": [0.08835033670712511, 0.24749432045970854, 0.3138990364576949, 0.36964681794915544], "f1_score_avg_ged": [0.7202571241964869, 0.7917225258671067, 0.734591454401705, 0.7950568904472174], "f1_score_macro_ged": [0.5960111416855015, 0.6547872796020174, 0.6257943061149388, 0.6648366244429125], "f1_score_weighted_ged": [0.7597188742979117, 0.8136581741472091, 0.773231573814275, 0.8174915736765479], "f_0_5_ged": [0.4876765551013801, 0.5228685612788633, 0.5648751788837653, 0.5500022017702232], "f1_score_avg_ner": [0.9767143024025544, 0.9827109536233013, 0.9846189790117207, 0.9864685954596784], "f1_score_macro_ner": [0.8676755653187116, 0.9080400065687189, 0.9203788271654675, 0.9287849183045318], "f1_score_weighted_ner": [0.9762727163801023, 0.9826730961645955, 0.9846149624756879, 0.98638532354413], "aes": [2.1301346934118937, 2.1018882518590885, 2.4319848515266598, 2.5343835631082223], "ged": [0.0872861971688825, 0.08120261513909628, 0.07788800916006398, 0.0833063118679579], "ner": [0.00468383903268638, 0.003403695330002107, 0.003317395623145235, 0.0030446292420979156], "total_loss": [2.2221047296134624, 2.186494562328187, 2.5131902563098687, 2.6207345042182784], "aes_weight_coef": [0.30000001192092896, 0.30000001192092896, 0.30000001192092896, 0.30000001192092896], "ged_weight_coef": [0.699999988079071, 0.699999988079071, 0.699999988079071, 0.699999988079071], "ner_weight_coef": [0.07000000029802322, 0.07000000029802322, 0.07000000029802322, 0.07000000029802322], "epoch": [1.0, 2.0, 3.0, 4.0], "step": [264, 529, 794, 1059]}, "test": {"rmse_aes": 5.710917906373137, "pearson_aes": 0.7349290840897559, "spearman_aes": 0.7560662097777279, "kappa_aes": 0.4802304121693418, "f1_score_avg_ged": 0.75374749498998, "f1_score_macro_ged": 0.6441290156792446, "f1_score_weighted_ged": 0.7817920089304378, "f_0_5_ged": 0.5523704847908746, "f1_score_avg_ner": 0.9749973080650371, "f1_score_macro_ner": 0.868853988221484, "f1_score_weighted_ner": 0.9751522606417207, "aes": 2.780724843343099, "ged": 0.12030629033134096, "ner": 0.00570897847813155, "total_loss": 2.9067401121525713, "aes_weight_coef": 0.30000001192092896, "ged_weight_coef": 0.699999988079071, "ner_weight_coef": 0.07000000029802322}, "info": {"tasks": ["aes", "ged", "ner"], "outputs": ["loss", "labels", "preds"], "map_out_to_task": {"aes_loss": "aes", "aes_labels": "aes", "aes_preds": "aes", "ged_loss": "ged", "ged_labels": "ged", "ged_preds": "ged", "ner_loss": "ner", "ner_labels": "ner", "ner_preds": "ner"}, "map_out_to_out": {"aes_loss": "loss", "aes_labels": "labels", "aes_preds": "preds", "ged_loss": "loss", "ged_labels": "labels", "ged_preds": "preds", "ner_loss": "loss", "ner_labels": "labels", "ner_preds": "preds"}, "map_task_index": {"aes": 0, "ged": 1, "ner": 2}, "map_index_task": {"0": "aes", "1": "ged", "2": "ner"}, "optimizer_weighting": "fixed", "epochs_to_avg_over": 2, "temp": 2, "init_task_weightings": {"aes": 0.30000000000000004, "ged": 0.7, "ner": 0.06999999999999999}, "metrics_to_track_by_task": {"aes": "pearson_aes", "ged": "f_0_5_ged", "ner": "f1_score_avg_ner"}, "regression_tasks": ["aes"], "classification_tasks": ["ner", "ged"], "fce_tasks": ["aes", "ged"], "task_priorities_priority_as_key": {"primary_task": "aes", "secondary_task": "ged", "aux_task": "ner"}, "early_stopping_patience": 2, "early_stopping_metric": "loss", "pretrained_model": "distilroberta-base", "frozen_layers": "all", "scoring": "script", "learning_rate": 0.0005, "batch_size": 8, "weight_decay": 0.01, "adam_epsilon": 1e-08, "normalized_values": null, "model_name": "distilroberta-base_1630637703", "runtime": 236.03711485862732, "steps_per_sec": 0.22288679401192382}, "preds": {"aes": {"preds": [33.59663772583008, 29.993215560913086, 30.829627990722656, 33.96137619018555, 34.980682373046875, 32.65869903564453, 33.14287567138672, 32.63235092163086, 28.808570861816406, 32.029964447021484, 30.570999145507812, 32.30433654785156, 33.50713348388672, 33.881866455078125, 31.213926315307617, 23.0585880279541, 27.35857582092285, 33.0704460144043, 32.54412841796875, 27.34395980834961, 35.14802551269531, 34.0537223815918, 32.64529037475586, 28.585004806518555, 28.950191497802734, 32.20648956298828, 26.099945068359375, 35.975791931152344, 34.893497467041016, 33.16070556640625, 32.90522384643555, 33.42130661010742, 35.13517379760742, 29.965600967407227, 34.003822326660156, 28.347200393676758, 34.94176483154297, 26.817665100097656, 34.56382751464844, 32.00639343261719, 25.640649795532227, 26.437480926513672, 30.85451889038086, 34.996376037597656, 32.88406753540039, 32.7614860534668, 23.90279197692871, 30.893997192382812, 34.25390625, 28.04931640625, 35.40486145019531, 31.47274398803711, 33.353179931640625, 29.775497436523438, 31.372488021850586, 32.552310943603516, 26.25895881652832, 36.04611587524414, 29.85877799987793, 34.46123123168945, 15.233201026916504, 30.81907844543457, 31.18486785888672, 32.67658996582031, 26.343116760253906, 29.420734405517578, 30.292827606201172, 33.62649917602539, 27.416099548339844, 35.094444274902344, 33.481201171875, 32.137489318847656, 36.064292907714844, 35.923309326171875, 30.809473037719727, 35.55442428588867, 34.26301574707031, 30.536449432373047, 33.63688278198242, 24.614961624145508, 33.490177154541016, 29.974790573120117, 33.853302001953125, 35.152278900146484, 32.6771354675293, 32.98804473876953, 27.818561553955078, 34.525794982910156, 30.951120376586914, 26.0211181640625, 32.21699142456055, 28.973711013793945, 27.05487632751465, 27.911712646484375, 32.74997329711914, 34.34657669067383], "labels": [30.0, 26.0, 23.0, 26.0, 26.0, 38.0, 27.0, 39.0, 25.0, 24.0, 25.0, 27.0, 30.0, 27.0, 20.0, 21.0, 21.0, 26.0, 22.0, 24.0, 38.0, 30.0, 34.0, 24.0, 23.0, 22.0, 23.0, 39.0, 34.0, 37.0, 31.0, 28.0, 26.0, 29.0, 34.0, 26.0, 34.0, 19.0, 26.0, 31.0, 18.0, 19.0, 25.0, 26.0, 29.0, 29.0, 18.0, 27.0, 35.0, 22.0, 36.0, 14.0, 24.0, 29.0, 28.0, 24.0, 25.0, 37.0, 24.0, 36.0, 13.0, 23.0, 29.0, 31.0, 23.0, 28.0, 26.0, 26.0, 21.0, 38.0, 32.0, 29.0, 36.0, 40.0, 29.0, 34.0, 36.0, 25.0, 37.0, 17.0, 32.0, 25.0, 25.0, 36.0, 31.0, 27.0, 19.0, 28.0, 24.0, 20.0, 25.0, 23.0, 22.0, 23.0, 27.0, 30.0]}}}