{"best": {"ner": {"f1_score_avg_ner": 0.9887854834313305, "f1_score_macro_ner": 0.9334202441675414, "f1_score_weighted_ner": 0.9887191649544697, "ner": 0.04389374864033677, "ner_weight_coef": 1.0}}, "train": {"loss": [0.3206, 0.0473], "learning_rate": [6.240601503759399e-06, 2.481203007518797e-06], "epoch": [3.76, 7.52], "step": [500, 1000]}, "eval": {"f1_score_avg_ner": [0.896440948561193, 0.9668237218176863, 0.9808029282348818, 0.9842685253689498, 0.9864296561660372, 0.9872668509793232, 0.9883571512012772, 0.9887270744908687, 0.9887076048440482, 0.9887854834313305], "f1_score_macro_ner": [0.368484728250965, 0.7494457010317791, 0.8796462039775839, 0.9059031329611523, 0.9194911287112968, 0.9245534654124151, 0.9307846324498557, 0.9331161052881334, 0.9336935168824034, 0.9334202441675414], "f1_score_weighted_ner": [0.8739900861750994, 0.9637983913462138, 0.9803595905383872, 0.9841247861551156, 0.9863475392096935, 0.9871312333725243, 0.9882373539718968, 0.9886613538189637, 0.9886651866003338, 0.9887191649544697], "ner": [0.35007882163380133, 0.10950481349771674, 0.0685449166957176, 0.056680584947268166, 0.05106180539411126, 0.04810658639127558, 0.04593878624622117, 0.04430642117266402, 0.04410298148903883, 0.04389374864033677], "total_loss": [0.35007882163380133, 0.10950481349771674, 0.0685449166957176, 0.056680584947268166, 0.05106180539411126, 0.04810658639127558, 0.04593878624622117, 0.04430642117266402, 0.04410298148903883, 0.04389374864033677], "ner_weight_coef": [1.0, 1.0, 1.0, 1.0, 1.0, 1.0, 1.0, 1.0, 1.0, 1.0], "epoch": [0.99, 1.99, 2.99, 3.99, 4.99, 5.99, 6.99, 7.99, 8.99, 9.99], "step": [132, 265, 398, 531, 664, 797, 930, 1063, 1196, 1329]}, "test": {"f1_score_avg_ner": 0.978873694411543, "f1_score_macro_ner": 0.8755715541928317, "f1_score_weighted_ner": 0.9793767760537974, "ner": 0.09000453986227512, "total_loss": 0.09000453986227512, "ner_weight_coef": 1.0}, "info": {"tasks": ["ner"], "outputs": ["loss", "labels", "preds"], "map_out_to_task": {"ner_loss": "ner", "ner_labels": "ner", "ner_preds": "ner"}, "map_out_to_out": {"ner_loss": "loss", "ner_labels": "labels", "ner_preds": "preds"}, "map_task_index": {"ner": 0}, "map_index_task": {"0": "ner"}, "optimizer_weighting": "fixed", "epochs_to_avg_over": 2, "temp": 2, "init_task_weightings": {"aes": 1.0, "ged": 1.0, "ner": 1.0}, "metrics_to_track_by_task": {"aes": "pearson_aes", "ged": "f_0_5_ged", "ner": "f1_score_avg_ner"}, "regression_tasks": ["aes"], "classification_tasks": ["ner", "ged"], "fce_tasks": ["aes", "ged"], "task_priorities_priority_as_key": {"primary_task": "ner"}, "early_stopping_patience": 2, "early_stopping_metric": "loss", "pretrained_model": "distilroberta-base", "frozen_layers": 3, "scoring": "script", "learning_rate": 1e-05, "batch_size": 8, "weight_decay": 0.01, "adam_epsilon": 1e-08, "normalized_values": null, "model_name": "distilroberta-base_1630613449", "runtime": 670.2205295562744, "steps_per_sec": 0.5043043864230808}, "preds": {}}