{"best": {"aes": {"rmse_aes": 6.419371724190253, "pearson_aes": 0.6234927410968178, "spearman_aes": 0.6146530657891656, "kappa_aes": 0.36964681794915544, "aes": 5.06857044752254, "aes_weight_coef": 0.6000000238418579}, "ged": {"f1_score_avg_ged": 0.7687944725172734, "f1_score_macro_ged": 0.6466678069158911, "f1_score_weighted_ged": 0.7984567638642969, "f_0_5_ged": 0.5541513964362441, "ged": 0.044911032499269, "ged_weight_coef": 0.4000000059604645}, "ner": {"f1_score_avg_ner": 0.985845566761419, "f1_score_macro_ner": 0.9267783641608198, "f1_score_weighted_ner": 0.9857717401348375, "ner": 0.0018309018612557718, "ner_weight_coef": 0.03999999910593033}}, "train": {"loss": [22.8829, 6.0005], "learning_rate": [0.0004528301886792453, 0.0004056603773584906], "epoch": [1.89, 3.77], "step": [500, 1000]}, "eval": {"rmse_aes": [5.799904213768438, 5.786718509752407, 6.302556800396346, 6.419371724190253], "pearson_aes": [0.39134410759642163, 0.5802049093052318, 0.5872383290109685, 0.6234927410968178], "spearman_aes": [0.39053789574465936, 0.5713681499394594, 0.5785603646587022, 0.6146530657891656], "kappa_aes": [0.08835033670712511, 0.24749432045970854, 0.3138990364576949, 0.36964681794915544], "f1_score_avg_ged": [0.7417758069506033, 0.8069506032793647, 0.7687944725172734, 0.8218005568732598], "f1_score_macro_ged": [0.6166305047409548, 0.6653565539843693, 0.6466678069158911, 0.682246739003373], "f1_score_weighted_ged": [0.7766818668172739, 0.824415091524068, 0.7984567638642969, 0.8361185947251523], "f_0_5_ged": [0.5117460055323892, 0.5191842693553538, 0.5541513964362441, 0.5365672680053797], "f1_score_avg_ner": [0.9804135352984696, 0.984755266539465, 0.984657918305362, 0.985845566761419], "f1_score_macro_ner": [0.8910258349448138, 0.920334899832633, 0.9225721353953773, 0.9267783641608198], "f1_score_weighted_ner": [0.9802338117170842, 0.9847170306303507, 0.9847616549581466, 0.9857717401348375], "aes": [4.260311614635379, 4.203575688739155, 4.863553856694421, 5.06857044752254], "ged": [0.04817420971948047, 0.04723433699718742, 0.044911032499269, 0.04737485321455224], "ner": [0.00213121960540627, 0.001736863242999683, 0.0018849469711841626, 0.0018309018612557718], "total_loss": [4.310617043960265, 4.252546888979342, 4.910349836164874, 5.117776202598349], "aes_weight_coef": [0.6000000238418579, 0.6000000238418579, 0.6000000238418579, 0.6000000238418579], "ged_weight_coef": [0.4000000059604645, 0.4000000059604645, 0.4000000059604645, 0.4000000059604645], "ner_weight_coef": [0.03999999910593033, 0.03999999910593033, 0.03999999910593033, 0.03999999910593033], "epoch": [1.0, 2.0, 3.0, 4.0], "step": [264, 529, 794, 1059]}, "test": {"rmse_aes": 5.710917906373137, "pearson_aes": 0.7349290840897559, "spearman_aes": 0.7560662097777279, "kappa_aes": 0.4802304121693418, "f1_score_avg_ged": 0.7968203072812291, "f1_score_macro_ged": 0.6701348927853119, "f1_score_weighted_ged": 0.8126170657308559, "f_0_5_ged": 0.5303757761987069, "f1_score_avg_ner": 0.9763325078066114, "f1_score_macro_ner": 0.8722712845956786, "f1_score_weighted_ner": 0.9763619767325195, "aes": 5.561807473500569, "ged": 0.06950776704720088, "ner": 0.0032263675211219207, "total_loss": 5.634541608068893, "aes_weight_coef": 0.6000000238418579, "ged_weight_coef": 0.4000000059604645, "ner_weight_coef": 0.03999999910593033}, "info": {"tasks": ["aes", "ged", "ner"], "outputs": ["loss", "labels", "preds"], "map_out_to_task": {"aes_loss": "aes", "aes_labels": "aes", "aes_preds": "aes", "ged_loss": "ged", "ged_labels": "ged", "ged_preds": "ged", "ner_loss": "ner", "ner_labels": "ner", "ner_preds": "ner"}, "map_out_to_out": {"aes_loss": "loss", "aes_labels": "labels", "aes_preds": "preds", "ged_loss": "loss", "ged_labels": "labels", "ged_preds": "preds", "ner_loss": "loss", "ner_labels": "labels", "ner_preds": "preds"}, "map_task_index": {"aes": 0, "ged": 1, "ner": 2}, "map_index_task": {"0": "aes", "1": "ged", "2": "ner"}, "optimizer_weighting": "fixed", "epochs_to_avg_over": 2, "temp": 2, "init_task_weightings": {"aes": 0.6000000000000001, "ged": 0.3999999999999999, "ner": 0.039999999999999994}, "metrics_to_track_by_task": {"aes": "pearson_aes", "ged": "f_0_5_ged", "ner": "f1_score_avg_ner"}, "regression_tasks": ["aes"], "classification_tasks": ["ner", "ged"], "fce_tasks": ["aes", "ged"], "task_priorities_priority_as_key": {"primary_task": "aes", "secondary_task": "ged", "aux_task": "ner"}, "early_stopping_patience": 2, "early_stopping_metric": "loss", "pretrained_model": "distilroberta-base", "frozen_layers": "all", "scoring": "script", "learning_rate": 0.0005, "batch_size": 8, "weight_decay": 0.01, "adam_epsilon": 1e-08, "normalized_values": null, "model_name": "distilroberta-base_1630648336", "runtime": 239.14452147483826, "steps_per_sec": 0.2258210778799228}, "preds": {"aes": {"preds": [33.59675979614258, 29.993913650512695, 30.8292293548584, 33.96166229248047, 34.980865478515625, 32.658992767333984, 33.14290237426758, 32.63240051269531, 28.80910873413086, 32.0302619934082, 30.571025848388672, 32.30410385131836, 33.50739669799805, 33.881710052490234, 31.21392059326172, 23.058935165405273, 27.359567642211914, 33.070716857910156, 32.54429244995117, 27.34467124938965, 35.148345947265625, 34.05352783203125, 32.64530563354492, 28.58546257019043, 28.95037841796875, 32.206233978271484, 26.10112953186035, 35.97562789916992, 34.89289474487305, 33.160804748535156, 32.90516662597656, 33.421234130859375, 35.136165618896484, 29.966304779052734, 34.003997802734375, 28.347440719604492, 34.94147872924805, 26.818166732788086, 34.56385040283203, 32.00685501098633, 25.641292572021484, 26.438228607177734, 30.854665756225586, 34.99650192260742, 32.88471221923828, 32.76136779785156, 23.90365982055664, 30.89410972595215, 34.253963470458984, 28.04958724975586, 35.40492248535156, 31.47296142578125, 33.35334014892578, 29.77530860900879, 31.372909545898438, 32.55253219604492, 26.259490966796875, 36.04594039916992, 29.859209060668945, 34.46123123168945, 15.23507308959961, 30.818981170654297, 31.185163497924805, 32.67668533325195, 26.343647003173828, 29.420927047729492, 30.292552947998047, 33.62608337402344, 27.416349411010742, 35.094120025634766, 33.48164749145508, 32.137935638427734, 36.06430435180664, 35.92299270629883, 30.808961868286133, 35.554481506347656, 34.263187408447266, 30.53645896911621, 33.63719940185547, 24.61546516418457, 33.49061965942383, 29.975439071655273, 33.853271484375, 35.152137756347656, 32.67793273925781, 32.988006591796875, 27.818904876708984, 34.52561950683594, 30.95191192626953, 26.020843505859375, 32.21687698364258, 28.974105834960938, 27.055923461914062, 27.91245460510254, 32.75025177001953, 34.346519470214844], "labels": [30.0, 26.0, 23.0, 26.0, 26.0, 38.0, 27.0, 39.0, 25.0, 24.0, 25.0, 27.0, 30.0, 27.0, 20.0, 21.0, 21.0, 26.0, 22.0, 24.0, 38.0, 30.0, 34.0, 24.0, 23.0, 22.0, 23.0, 39.0, 34.0, 37.0, 31.0, 28.0, 26.0, 29.0, 34.0, 26.0, 34.0, 19.0, 26.0, 31.0, 18.0, 19.0, 25.0, 26.0, 29.0, 29.0, 18.0, 27.0, 35.0, 22.0, 36.0, 14.0, 24.0, 29.0, 28.0, 24.0, 25.0, 37.0, 24.0, 36.0, 13.0, 23.0, 29.0, 31.0, 23.0, 28.0, 26.0, 26.0, 21.0, 38.0, 32.0, 29.0, 36.0, 40.0, 29.0, 34.0, 36.0, 25.0, 37.0, 17.0, 32.0, 25.0, 25.0, 36.0, 31.0, 27.0, 19.0, 28.0, 24.0, 20.0, 25.0, 23.0, 22.0, 23.0, 27.0, 30.0]}}}