{"best": {"aes": {"rmse_aes": 5.873670062235365, "pearson_aes": 0.6727450340225037, "spearman_aes": 0.6473066100379687, "kappa_aes": 0.4531645569620253, "aes": 0.0009027466713992315, "aes_weight_coef": 0.20000000298023224}, "ged": {"f1_score_avg_ged": 0.7782131930837716, "f1_score_macro_ged": 0.6487114416464288, "f1_score_weighted_ged": 0.8045637164753704, "f_0_5_ged": 0.5366926959748047, "ged": 0.10124624607174895, "ged_weight_coef": 0.800000011920929}, "ner": {"f1_score_avg_ner": 0.9780187687395351, "f1_score_macro_ner": 0.8835834876628262, "f1_score_weighted_ner": 0.9780586906751411, "ner": 0.005050346239058431, "ner_weight_coef": 0.07999999821186066}}, "train": {"loss": [0.2879, 0.2215], "learning_rate": [0.0004371069182389937, 0.0003742138364779874], "epoch": [1.89, 3.77], "step": [500, 1000]}, "eval": {"rmse_aes": [5.716690962047498, 9.194654243997796, 6.431260460524913, 6.599663291074443, 5.873670062235365], "pearson_aes": [0.62002150520962, 0.6555204509106873, 0.6461726392716861, 0.5931828192559656, 0.6727450340225037], "spearman_aes": [0.5660779959298987, 0.6146500975172469, 0.5967995152193319, 0.5771092705842067, 0.6473066100379687], "kappa_aes": [0.45788603497659686, 0.24399780072087474, 0.408105981112277, 0.36027849177275395, 0.4531645569620253], "f1_score_avg_ged": [0.5498264067924787, 0.6897665944793923, 0.7350727028978035, 0.7746725791481902, 0.7782131930837716], "f1_score_macro_ged": [0.4920796224564701, 0.5831951643933108, 0.6185601141638043, 0.6441140017572371, 0.6487114416464288], "f1_score_weighted_ged": [0.6172221848614592, 0.7371984879378269, 0.7726034092700751, 0.801621588567651, 0.8045637164753704], "f_0_5_ged": [0.49834047626719946, 0.5123985917648859, 0.5356565982878372, 0.5292395142537248, 0.5366926959748047], "f1_score_avg_ner": [0.8526342432148281, 0.9629492621003855, 0.973813325026284, 0.9757602897083447, 0.9780187687395351], "f1_score_macro_ner": [0.18418617658257108, 0.785495162796448, 0.8579709186342698, 0.8632896020977319, 0.8835834876628262], "f1_score_weighted_ner": [0.8163283434336837, 0.9627431740456213, 0.9734296708775312, 0.9753540609967452, 0.9780586906751411], "aes": [0.0008444435445071999, 0.0021909436557528586, 0.0010508765997148531, 0.001127676031184058, 0.0009027466713992315], "ged": [0.10330379147862279, 0.09667737262193547, 0.09411881898724755, 0.0953238426252853, 0.10124624607174895], "ner": [0.029383345528743988, 0.007956613970617222, 0.006125173986304638, 0.005670469963576558, 0.005050346239058431], "total_loss": [0.13353158055187397, 0.10682493024830554, 0.10129486957326704, 0.10212198862004591, 0.10719933898220661], "aes_weight_coef": [0.20000000298023224, 0.20000000298023224, 0.20000000298023224, 0.20000000298023224, 0.20000000298023224], "ged_weight_coef": [0.800000011920929, 0.800000011920929, 0.800000011920929, 0.800000011920929, 0.800000011920929], "ner_weight_coef": [0.07999999821186066, 0.07999999821186066, 0.07999999821186066, 0.07999999821186066, 0.07999999821186066], "epoch": [1.0, 2.0, 3.0, 4.0, 5.0], "step": [264, 529, 794, 1059, 1324]}, "test": {"rmse_aes": 5.172040216394301, "pearson_aes": 0.7627863588546249, "spearman_aes": 0.7507303472867883, "kappa_aes": 0.5447095246767437, "f1_score_avg_ged": 0.7364595858383434, "f1_score_macro_ged": 0.6277883675867693, "f1_score_weighted_ged": 0.7679668231348016, "f_0_5_ged": 0.5363458334551193, "f1_score_avg_ner": 0.9679121352428125, "f1_score_macro_ner": 0.828777255266657, "f1_score_weighted_ner": 0.9688892247914489, "aes": 0.0009555572316804458, "ged": 0.14704346302009763, "ner": 0.007019001730008139, "total_loss": 0.1550180219817862, "aes_weight_coef": 0.20000000298023224, "ged_weight_coef": 0.800000011920929, "ner_weight_coef": 0.07999999821186066}, "info": {"tasks": ["aes", "ged", "ner"], "outputs": ["loss", "labels", "preds"], "map_out_to_task": {"aes_loss": "aes", "aes_labels": "aes", "aes_preds": "aes", "ged_loss": "ged", "ged_labels": "ged", "ged_preds": "ged", "ner_loss": "ner", "ner_labels": "ner", "ner_preds": "ner"}, "map_out_to_out": {"aes_loss": "loss", "aes_labels": "labels", "aes_preds": "preds", "ged_loss": "loss", "ged_labels": "labels", "ged_preds": "preds", "ner_loss": "loss", "ner_labels": "labels", "ner_preds": "preds"}, "map_task_index": {"aes": 0, "ged": 1, "ner": 2}, "map_index_task": {"0": "aes", "1": "ged", "2": "ner"}, "optimizer_weighting": "fixed", "epochs_to_avg_over": 2, "temp": 2, "init_task_weightings": {"aes": 0.2, "ged": 0.8, "ner": 0.08000000000000002}, "metrics_to_track_by_task": {"aes": "pearson_aes", "ged": "f_0_5_ged", "ner": "f1_score_avg_ner"}, "regression_tasks": ["aes"], "classification_tasks": ["ner", "ged"], "fce_tasks": ["aes", "ged"], "task_priorities_priority_as_key": {"primary_task": "aes", "secondary_task": "ged", "aux_task": "ner"}, "early_stopping_patience": 2, "early_stopping_metric": "loss", "pretrained_model": "distilroberta-base", "frozen_layers": "all", "scoring": "script", "learning_rate": 0.0005, "batch_size": 8, "weight_decay": 0.01, "adam_epsilon": 1e-08, "normalized_values": [40, 0], "model_name": "distilroberta-base_1630668510", "runtime": 290.56419801712036, "steps_per_sec": 0.21945936406126915}, "preds": {"aes": {"preds": [0.8569342494010925, 0.7223812937736511, 0.7456738352775574, 0.8151636123657227, 0.8462645411491394, 0.8297158479690552, 0.7951340675354004, 0.8064565062522888, 0.693709671497345, 0.7597938776016235, 0.7098512053489685, 0.7979187965393066, 0.7828711271286011, 0.8286861777305603, 0.7689400911331177, 0.602931559085846, 0.6479077339172363, 0.830937922000885, 0.8162914514541626, 0.6746524572372437, 0.8612287640571594, 0.8285915851593018, 0.8236669301986694, 0.6550054550170898, 0.742225170135498, 0.8044590950012207, 0.6405009031295776, 0.8997043967247009, 0.8864090442657471, 0.8329067230224609, 0.7882470488548279, 0.8330435156822205, 0.8472321033477783, 0.7030792236328125, 0.8127508759498596, 0.6968964338302612, 0.8526865243911743, 0.6468511819839478, 0.8415298461914062, 0.7644113302230835, 0.5937567949295044, 0.6401019096374512, 0.7835362553596497, 0.8528531789779663, 0.8076643347740173, 0.811503529548645, 0.5724199414253235, 0.7345512509346008, 0.85130774974823, 0.6750103235244751, 0.8760585784912109, 0.7234513163566589, 0.8109152317047119, 0.6994196772575378, 0.7659223675727844, 0.822568953037262, 0.6298810839653015, 0.8887707591056824, 0.7616278529167175, 0.8459656238555908, 0.43690627813339233, 0.7341195344924927, 0.7563774585723877, 0.8265969753265381, 0.6460608839988708, 0.7032983303070068, 0.7484804391860962, 0.8552350997924805, 0.6723400950431824, 0.8880297541618347, 0.8025530576705933, 0.742376983165741, 0.9113450646400452, 0.9184563755989075, 0.7653666138648987, 0.9060541391372681, 0.8427423238754272, 0.7581284046173096, 0.8174090385437012, 0.607959508895874, 0.8191452026367188, 0.7025688886642456, 0.8170565366744995, 0.8926711082458496, 0.7835660576820374, 0.8198418617248535, 0.6913906931877136, 0.8319060802459717, 0.7602711319923401, 0.6433290839195251, 0.7450411915779114, 0.72416090965271, 0.6705327033996582, 0.6782209277153015, 0.7993507981300354, 0.861112117767334],