{"best": {"aes": {"rmse_aes": 28.396253665267576, "pearson_aes": NaN, "spearman_aes": NaN, "kappa_aes": 0.0, "aes": 0.0, "aes_weight_coef": 0.0}, "ged": {"f1_score_avg_ged": 0.7204289986593791, "f1_score_macro_ged": 0.5961926456717667, "f1_score_weighted_ged": 0.7598572561983953, "f_0_5_ged": 0.4879381526754635, "ged": 0.1231549576271412, "ged_weight_coef": 1.0}, "ner": {"f1_score_avg_ner": 0.9415521202445387, "f1_score_macro_ner": 0.6340021409703435, "f1_score_weighted_ner": 0.9362443324704256, "ner": 0.017270555459829265, "ner_weight_coef": 0.10000000149011612}}, "train": {"loss": [0.3436], "learning_rate": [6.339622641509433e-05], "epoch": [1.89], "step": [500]}, "eval": {"rmse_aes": [28.396253665267576, 28.396253665267576, 28.396253665267576], "pearson_aes": [NaN, NaN, NaN], "spearman_aes": [NaN, NaN, NaN], "kappa_aes": [0.0, 0.0, 0.0], "f1_score_avg_ged": [0.6714104018424942, 0.6978103193427521, 0.7204289986593791], "f1_score_macro_ged": [0.558037433594271, 0.5803241335998528, 0.5961926456717667], "f1_score_weighted_ged": [0.7216026016445277, 0.7425775022547908, 0.7598572561983953], "f_0_5_ged": [0.45943772023900725, 0.4821218074656189, 0.4879381526754635], "f1_score_avg_ner": [0.8983489739496126, 0.9309022234336669, 0.9415521202445387], "f1_score_macro_ner": [0.39899098930498716, 0.5548841143682846, 0.6340021409703435], "f1_score_weighted_ner": [0.878719053905803, 0.9222494322734037, 0.9362443324704256], "aes": [0.0, 0.0, 0.0], "ged": [0.12928231788236041, 0.12520985686501793, 0.1231549576271412], "ner": [0.030112730599073476, 0.020676414525612842, 0.017270555459829265], "total_loss": [0.1593950484814339, 0.14588627139063076, 0.14042551308697046], "aes_weight_coef": [0.0, 0.0, 0.0], "ged_weight_coef": [1.0, 1.0, 1.0], "ner_weight_coef": [0.10000000149011612, 0.10000000149011612, 0.10000000149011612], "epoch": [1.0, 2.0, 3.0], "step": [264, 529, 794]}, "test": {"rmse_aes": 28.024171114712146, "pearson_aes": NaN, "spearman_aes": NaN, "kappa_aes": 0.0, "f1_score_avg_ged": 0.6685370741482966, "f1_score_macro_ged": 0.5746628806597367, "f1_score_weighted_ged": 0.7139364750829585, "f_0_5_ged": 0.5045722193579899, "f1_score_avg_ner": 0.9353074189727576, "f1_score_macro_ner": 0.6443948574121634, "f1_score_weighted_ner": 0.9321451223793005, "aes": 0.0, "ged": 0.1726414972827548, "ner": 0.016903357935093698, "total_loss": 0.1895448552178485, "aes_weight_coef": 0.0, "ged_weight_coef": 1.0, "ner_weight_coef": 0.10000000149011612}, "info": {"tasks": ["aes", "ged", "ner"], "outputs": ["loss", "labels", "preds"], "map_out_to_task": {"aes_loss": "aes", "aes_labels": "aes", "aes_preds": "aes", "ged_loss": "ged", "ged_labels": "ged", "ged_preds": "ged", "ner_loss": "ner", "ner_labels": "ner", "ner_preds": "ner"}, "map_out_to_out": {"aes_loss": "loss", "aes_labels": "labels", "aes_preds": "preds", "ged_loss": "loss", "ged_labels": "labels", "ged_preds": "preds", "ner_loss": "loss", "ner_labels": "labels", "ner_preds": "preds"}, "map_task_index": {"aes": 0, "ged": 1, "ner": 2}, "map_index_task": {"0": "aes", "1": "ged", "2": "ner"}, "optimizer_weighting": "fixed", "epochs_to_avg_over": 2, "temp": 2, "init_task_weightings": {"aes": 0, "ged": 1, "ner": 0.1}, "metrics_to_track_by_task": {"aes": "pearson_aes", "ged": "f_0_5_ged", "ner": "f1_score_avg_ner"}, "regression_tasks": ["aes"], "classification_tasks": ["ner", "ged"], "fce_tasks": ["aes", "ged"], "task_priorities_priority_as_key": {"primary_task": "aes", "secondary_task": "ged", "aux_task": "ner"}, "early_stopping_patience": 2, "early_stopping_metric": null, "pretrained_model": "distilroberta-base", "frozen_layers": "all", "scoring": "script", "learning_rate": 7e-05, "batch_size": 8, "weight_decay": 0.01, "adam_epsilon": 1e-08, "normalized_values": null, "model_name": "distilroberta-base_1630618974", "runtime": 115.81779503822327, "steps_per_sec": 0.1458662406022963}, "preds": {"aes": {"preds": [0.019967954605817795, 0.01118219643831253, 0.025400448590517044, 0.00967944785952568, 0.03302605450153351, 0.015132717788219452, 0.013489313423633575, 0.03445269539952278, 0.026976868510246277, 0.01812548190355301, 0.013314135372638702, 0.018771257251501083, 0.015603560954332352, 0.010779120028018951, 0.016256626695394516, 0.0236520916223526, 0.02676476538181305, 0.03468814119696617, 0.021388176828622818, 0.014211047440767288, 0.017550691962242126, 0.006094448268413544, 0.018627241253852844, 0.02149040251970291, 0.0291292704641819, 0.03359946981072426, 0.03438965603709221, 0.015454709529876709, 0.019144762307405472, 0.015457380563020706, 0.022604770958423615, 0.030216149985790253, 0.01924216002225876, 0.01841236650943756, 0.010695304721593857, 0.028619136661291122, 0.01942598819732666, 0.014217395335435867, 0.01952892541885376, 0.03064097836613655, 0.024211231619119644, 0.027432836592197418, 0.022745247930288315, 0.014199692755937576, 0.011017132550477982, 0.012014687061309814, 0.01780843734741211, 0.01900482177734375, 0.01777023822069168, 0.0072769783437252045, 0.017178654670715332, 0.027194220572710037, 0.024108007550239563, 0.02443423494696617, 0.020156100392341614, 0.014189667999744415, 0.025705639272928238, 0.02481825277209282, 0.022212602198123932, 0.010661832988262177, 0.028230242431163788, 0.013592243194580078, 0.014498133212327957, 0.023363269865512848, 0.01695261523127556, 0.01645072177052498, 0.021601833403110504, 0.01307716965675354, 0.03197456896305084, 0.016263246536254883, 0.013371039181947708, 0.01826798915863037, 0.01773490384221077, 0.01261136308312416, 0.024792000651359558, 0.030233655124902725, 0.023635882884263992, 0.02440793067216873, 0.02262546867132187, 0.01921820640563965, 0.022007804363965988, 0.011354755610227585, 0.02366829663515091, 0.016010694205760956, 0.018899813294410706, 0.031011320650577545, 0.022386185824871063, 0.015639621764421463, 0.028684720396995544, 0.018862005323171616, 0.012567788362503052, 0.02260935679078102, 0.013431031256914139, 0.017906852066516876, 0.02021363377571106, 0.01674773171544075], "labels": [30.0, 26.0, 23.0, 26.0, 26.0, 38.0, 27.0, 39.0, 25.0, 24.0, 25.0, 27.0, 30.0, 27.0, 20.0, 21.0, 21.0, 26.0, 22.0, 24.0, 38.0, 30.0, 34.0, 24.0, 23.0, 22.0, 23.0, 39.0, 34.0, 37.0, 31.0, 28.0, 26.0, 29.0, 34.0, 26.0, 34.0, 19.0, 26.0, 31.0, 18.0, 19.0, 25.0, 26.0, 29.0, 29.0, 18.0, 27.0, 35.0, 22.0, 36.0, 14.0, 24.0, 29.0, 28.0, 24.0, 25.0, 37.0, 24.0, 36.0, 13.0, 23.0, 29.0, 31.0, 23.0, 28.0, 26.0, 26.0, 21.0, 38.0, 32.0, 29.0, 36.0, 40.0, 29.0, 34.0, 36.0, 25.0, 37.0, 17.0, 32.0, 25.0, 25.0, 36.0, 31.0, 27.0, 19.0, 28.0, 24.0, 20.0, 25.0, 23.0, 22.0, 23.0, 27.0, 30.0]}}}