{"best": {"aes": {"rmse_aes": 224.3404530816698, "pearson_aes": 0.4904209930973051, "spearman_aes": 0.5007226961467223, "kappa_aes": 0.3903427672145132, "aes": 1.9751546660134958, "aes_weight_coef": 0.30000001192092896}, "ged": {"f1_score_avg_ged": 0.8312536523323365, "f1_score_macro_ged": 0.7016410578463215, "f1_score_weighted_ged": 0.8453343362957436, "f_0_5_ged": 0.5778105962709987, "ged": 0.07546960891679276, "ged_weight_coef": 0.699999988079071}, "ner": {"f1_score_avg_ner": 0.9899536622405669, "f1_score_macro_ner": 0.9426091940361457, "f1_score_weighted_ner": 0.9898872964008101, "ner": 0.002496875188689744, "ner_weight_coef": 0.07000000029802322}}, "train": {"loss": [51.8993, 5.222, 4.6971, 4.4981, 4.2303, 4.1581], "learning_rate": [6.339622641509433e-05, 5.679245283018868e-05, 5.0188679245283013e-05, 4.3584905660377356e-05, 3.69811320754717e-05, 3.0377358490566036e-05], "epoch": [1.89, 3.77, 5.66, 7.55, 9.43, 11.32], "step": [500, 1000, 1500, 2000, 2500, 3000]}, "eval": {"rmse_aes": [660.3319872104738, 247.01329811256002, 230.41707353791685, 229.66890419809894, 229.0185581999852, 229.07489071383523, 228.0882809108984, 227.34487996091852, 227.52374723433937, 224.54862131247506, 224.3584371788441, 224.3404530816698], "pearson_aes": [0.15377726085192162, 0.1637335899983882, 0.23602655227434516, 0.29066553372525117, 0.3324202717269249, 0.361401769472057, 0.39298349317021425, 0.4166082069171115, 0.44087040874628525, 0.46023635790867495, 0.4753777213624665, 0.4904209930973051], "spearman_aes": [0.18221729249842894, 0.1940317508110316, 0.2544821086096787, 0.2966322647782492, 0.3411033210258187, 0.36676628365964936, 0.39624590334515924, 0.4145696463171761, 0.43949574102438077, 0.4587361655856661, 0.48121872776287494, 0.5007226961467223], "kappa_aes": [-0.0031310877797565695, 0.05799215944989278, 0.2300712282595816, 0.25480743762250346, 0.27947991715583853, 0.3098205950260051, 0.32104804603125614, 0.33560720193911575, 0.34619644981257525, 0.3692897649121527, 0.3753156351454153, 0.3903427672145132], "f1_score_avg_ged": [0.6738166443229865, 0.7781444432986147, 0.6328761472620398, 0.8686191605651232, 0.8312536523323365, 0.8394005018734316, 0.8577566945103297, 0.8484067237289884, 0.8473067271664776, 0.8523942112680898, 0.8652847959850125, 0.8639098002818741], "f1_score_macro_ged": [0.5563734783116234, 0.6302879954285774, 0.5602103580581992, 0.7115460038893546, 0.7016410578463215, 0.7087290634394346, 0.7202647122260444, 0.7150075496348305, 0.7146024466749958, 0.7167090307887862, 0.7241617999543432, 0.7255317144823941], "f1_score_weighted_ged": [0.7231619189786161, 0.8011302258125194, 0.6908367158684351, 0.8670825991964219, 0.8453343362957436, 0.8512839911680193, 0.8635678290398249, 0.8574818622369264, 0.8568061513887847, 0.8599693437798236, 0.8683299817413451, 0.8679360023328756], "f_0_5_ged": [0.447746772822138, 0.47226553798173315, 0.5674259916600614, 0.49058064516129035, 0.5778105962709987, 0.5775623917216838, 0.5572944686262044, 0.570466593438082, 0.5727207807664841, 0.5630402240571732, 0.5445742238195069, 0.5543445952640443], "f1_score_avg_ner": [0.9777072543904054, 0.985495113118648, 0.986682761574705, 0.988318211907636, 0.989058058486819, 0.9898757836532845, 0.9897005568318991, 0.9894669210700517, 0.9898173747128227, 0.9897005568318991, 0.9897979050660021, 0.9899536622405669], "f1_score_macro_ner": [0.8673260487923611, 0.9230706530250884, 0.9289858431791297, 0.9347565900500316, 0.9396948590665686, 0.943610927390818, 0.9424810875609152, 0.9414291980447849, 0.9436173308434479, 0.9419814399073575, 0.9429646228901691, 0.9426091940361457], "f1_score_weighted_ner": [0.9772744046346732, 0.9853269437032226, 0.9865533361441016, 0.98826968000527, 0.9890142922113069, 0.989853937832232, 0.9896543550660677, 0.9894260268841, 0.9897907387229485, 0.9896379716775403, 0.9897471959847943, 0.9898872964008101], "aes": [17.112728030182595, 2.3937830259633617, 2.0830027835313665, 2.0695409719334092, 2.0591905394265817, 2.0590767583181693, 2.041508253230605, 2.0281788360240847, 2.0325215694516205, 1.978273070135782, 1.9740434302840122, 1.9751546660134958], "ged": [0.09225489649661751, 0.08687886734341466, 0.07899823368981827, 0.08558012025300847, 0.07546960891679276, 0.07788563190504562, 0.08507895885511886, 0.08597176851228226, 0.08853770341984062, 0.09439071181208589, 0.10484449392141298, 0.10916158764861351], "ner": [0.004466249136427461, 0.002916660552389573, 0.002702228439332874, 0.0024247512872449966, 0.002275064381497349, 0.0022307092024062133, 0.0023372732952296692, 0.0023848228571126994, 0.002338432857995517, 0.0023800929968359036, 0.002394631238340205, 0.002496875188689744], "total_loss": [17.20944917581564, 2.483578553859166, 2.1647032456605175, 2.1575458434736627, 2.1369352127248717, 2.139193099425621, 2.1289244853809537, 2.1165354273934796, 2.1233977057294564, 2.0750438749447038, 2.0812825554437655, 2.086813128850799], "aes_weight_coef": [0.30000001192092896, 0.30000001192092896, 0.30000001192092896, 0.30000001192092896, 0.30000001192092896, 0.30000001192092896, 0.30000001192092896, 0.30000001192092896, 0.30000001192092896, 0.30000001192092896, 0.30000001192092896, 0.30000001192092896], "ged_weight_coef": [0.699999988079071, 0.699999988079071, 0.699999988079071, 0.699999988079071, 0.699999988079071, 0.699999988079071, 0.699999988079071, 0.699999988079071, 0.699999988079071, 0.699999988079071, 0.699999988079071, 0.699999988079071], "ner_weight_coef": [0.07000000029802322, 0.07000000029802322, 0.07000000029802322, 0.07000000029802322, 0.07000000029802322, 0.07000000029802322, 0.07000000029802322, 0.07000000029802322, 0.07000000029802322, 0.07000000029802322, 0.07000000029802322, 0.07000000029802322], "epoch": [1.0, 2.0, 3.0, 4.0, 5.0, 6.0, 7.0, 8.0, 9.0, 10.0, 11.0, 12.0], "step": [264, 529, 794, 1059, 1324, 1589, 1854, 2119, 2384, 2649, 2914, 3179]}, "test": {"rmse_aes": 217.50361587032677, "pearson_aes": 0.660011922719999, "spearman_aes": 0.6779964631119879, "kappa_aes": 0.4432328560630395, "f1_score_avg_ged": 0.8479091516366065, "f1_score_macro_ged": 0.7141078576576219, "f1_score_weighted_ged": 0.8504280839374255, "f_0_5_ged": 0.5315274694783575, "f1_score_avg_ner": 0.9801658231937116, "f1_score_macro_ner": 0.888325483863674, "f1_score_weighted_ner": 0.9804074893529713, "aes": 2.5339405763716925, "ged": 0.16574219720704214, "ner": 0.005576062861586078, "total_loss": 2.7052588364403207, "aes_weight_coef": 0.30000001192092896, "ged_weight_coef": 0.699999988079071, "ner_weight_coef": 0.07000000029802322}, "info": {"tasks": ["aes", "ged", "ner"], "outputs": ["loss", "labels", "preds"], "map_out_to_task": {"aes_loss": "aes", "aes_labels": "aes", "aes_preds": "aes", "ged_loss": "ged", "ged_labels": "ged", "ged_preds": "ged", "ner_loss": "ner", "ner_labels": "ner", "ner_preds": "ner"}, "map_out_to_out": {"aes_loss": "loss", "aes_labels": "labels", "aes_preds": "preds", "ged_loss": "loss", "ged_labels": "labels", "ged_preds": "preds", "ner_loss": "loss", "ner_labels": "labels", "ner_preds": "preds"}, "map_task_index": {"aes": 0, "ged": 1, "ner": 2}, "map_index_task": {"0": "aes", "1": "ged", "2": "ner"}, "optimizer_weighting": "fixed", "epochs_to_avg_over": 2, "temp": 2, "init_task_weightings": {"aes": 0.3, "ged": 0.7, "ner": 0.06999999999999999}, "metrics_to_track_by_task": {"aes": "pearson_aes", "ged": "f_0_5_ged", "ner": "f1_score_avg_ner"}, "regression_tasks": ["aes"], "classification_tasks": ["ner", "ged"], "fce_tasks": ["aes", "ged"], "task_priorities_priority_as_key": {"primary_task": "aes", "secondary_task": "ged", "aux_task": "ner"}, "early_stopping_patience": 2, "early_stopping_metric": "loss", "pretrained_model": "distilroberta-base", "frozen_layers": "all", "scoring": "script", "learning_rate": 7e-05, "batch_size": 8, "weight_decay": 0.01, "adam_epsilon": 1e-08, "normalized_values": [40, 0], "model_name": "distilroberta-base_1630664035", "runtime": 692.0155277252197, "steps_per_sec": 0.21768339972482534},