{"best": {"aes": {"rmse_aes": 7.070085650903468, "pearson_aes": 0.6666281659302637, "spearman_aes": 0.6618505788801599, "kappa_aes": 0.32354681260168605, "aes": 0.0013131394137650034, "aes_weight_coef": 0.20000000298023224}, "ged": {"f1_score_avg_ged": 0.7926506479667251, "f1_score_macro_ged": 0.6786090288056215, "f1_score_weighted_ged": 0.8185006958670549, "f_0_5_ged": 0.6092374431165738, "ged": 0.07998062219730644, "ged_weight_coef": 0.800000011920929}, "ner": {"f1_score_avg_ner": 0.9813091390522176, "f1_score_macro_ner": 0.8937492181012642, "f1_score_weighted_ner": 0.9811488220331395, "ner": 0.00443856152272675, "ner_weight_coef": 0.07999999821186066}}, "train": {"loss": [0.2295, 0.1709], "learning_rate": [6.119496855345911e-05, 5.238993710691823e-05], "epoch": [1.89, 3.77], "step": [500, 1000]}, "eval": {"rmse_aes": [6.662498697102228, 6.331139971074193, 7.070085650903468, 6.294839156007086], "pearson_aes": [0.5146389780465664, 0.6369216561634532, 0.6666281659302637, 0.648635904607202], "spearman_aes": [0.4946720103076946, 0.6236554544507021, 0.6618505788801599, 0.6374358396266205], "kappa_aes": [0.2373264606482045, 0.3615673234626704, 0.32354681260168605, 0.3872129866747688], "f1_score_avg_ged": [0.7167508851534838, 0.7926506479667251, 0.825478670379155, 0.8321473995393764], "f1_score_macro_ged": [0.6203871039963865, 0.6786090288056215, 0.702181428629217, 0.7072833942321975], "f1_score_weighted_ged": [0.7601431861452859, 0.8185006958670549, 0.8422033042504603, 0.8469799290119188], "f_0_5_ged": [0.5913691044491121, 0.6092374431165738, 0.5984451274633882, 0.5960992583096786], "f1_score_avg_ner": [0.9578092753397454, 0.9730345391534597, 0.9788949028464624, 0.9813091390522176], "f1_score_macro_ner": [0.7138100676731725, 0.8315653688879865, 0.8732984650569104, 0.8937492181012642], "f1_score_weighted_ner": [0.9550128095173643, 0.9724379014586005, 0.9786056906866487, 0.9811488220331395], "aes": [0.0011439396848165711, 0.001055011891240124, 0.0013131394137650034, 0.0010415222279207652], "ged": [0.08431971696920174, 0.07998062219730644, 0.08300939756770466, 0.08727665349494579], "ner": [0.009162810241240401, 0.0059784136030303185, 0.0048688964777474485, 0.00443856152272675], "total_loss": [0.0946264668952587, 0.08701404769157688, 0.08919143345921712, 0.0927567372455933], "aes_weight_coef": [0.20000000298023224, 0.20000000298023224, 0.20000000298023224, 0.20000000298023224], "ged_weight_coef": [0.800000011920929, 0.800000011920929, 0.800000011920929, 0.800000011920929], "ner_weight_coef": [0.07999999821186066, 0.07999999821186066, 0.07999999821186066, 0.07999999821186066], "epoch": [1.0, 2.0, 3.0, 4.0], "step": [264, 529, 794, 1059]}, "test": {"rmse_aes": 5.539629951540085, "pearson_aes": 0.7432639879817464, "spearman_aes": 0.7430702214464228, "kappa_aes": 0.47296113595500433, "f1_score_avg_ged": 0.8092718770875084, "f1_score_macro_ged": 0.69424278578448, "f1_score_weighted_ged": 0.8249565233858519, "f_0_5_ged": 0.5822744599745869, "f1_score_avg_ner": 0.97364057284376, "f1_score_macro_ner": 0.849686544193751, "f1_score_weighted_ner": 0.9739415513188661, "aes": 0.0010914940420272095, "ged": 0.131808754943666, "ner": 0.005465565997708056, "total_loss": 0.13836581498340128, "aes_weight_coef": 0.20000000298023224, "ged_weight_coef": 0.800000011920929, "ner_weight_coef": 0.07999999821186066}, "info": {"tasks": ["aes", "ged", "ner"], "outputs": ["loss", "labels", "preds"], "map_out_to_task": {"aes_loss": "aes", "aes_labels": "aes", "aes_preds": "aes", "ged_loss": "ged", "ged_labels": "ged", "ged_preds": "ged", "ner_loss": "ner", "ner_labels": "ner", "ner_preds": "ner"}, "map_out_to_out": {"aes_loss": "loss", "aes_labels": "labels", "aes_preds": "preds", "ged_loss": "loss", "ged_labels": "labels", "ged_preds": "preds", "ner_loss": "loss", "ner_labels": "labels", "ner_preds": "preds"}, "map_task_index": {"aes": 0, "ged": 1, "ner": 2}, "map_index_task": {"0": "aes", "1": "ged", "2": "ner"}, "optimizer_weighting": "fixed", "epochs_to_avg_over": 2, "temp": 2, "init_task_weightings": {"aes": 0.2, "ged": 0.8, "ner": 0.08000000000000002}, "metrics_to_track_by_task": {"aes": "pearson_aes", "ged": "f_0_5_ged", "ner": "f1_score_avg_ner"}, "regression_tasks": ["aes"], "classification_tasks": ["ner", "ged"], "fce_tasks": ["aes", "ged"], "task_priorities_priority_as_key": {"primary_task": "aes", "secondary_task": "ged", "aux_task": "ner"}, "early_stopping_patience": 2, "early_stopping_metric": "loss", "pretrained_model": "distilroberta-base", "frozen_layers": "all", "scoring": "script", "learning_rate": 7e-05, "batch_size": 8, "weight_decay": 0.01, "adam_epsilon": 1e-08, "normalized_values": [40, 0], "model_name": "distilroberta-base_1630669646", "runtime": 233.68978071212769, "steps_per_sec": 0.2206702367442188}, "preds": {"aes": {"preds": [0.8448039889335632, 0.7434251308441162, 0.766091525554657, 0.8279764652252197, 0.8655608892440796, 0.8045399785041809, 0.8134791851043701, 0.7950606942176819, 0.6943379044532776, 0.7707157731056213, 0.7333692312240601, 0.8125279545783997, 0.8027373552322388, 0.8288161158561707, 0.7851024270057678, 0.6127108335494995, 0.6753197908401489, 0.8129386305809021, 0.8091026544570923, 0.6855507493019104, 0.8633145689964294, 0.843186616897583, 0.7976434230804443, 0.6885195970535278, 0.7254617810249329, 0.8058029413223267, 0.664190411567688, 0.890360414981842, 0.8799748420715332, 0.8261190056800842, 0.7888116836547852, 0.8433253169059753, 0.8491180539131165, 0.7177225947380066, 0.8243730068206787, 0.7207145690917969, 0.863355815410614, 0.6599345803260803, 0.8504801988601685, 0.7865841388702393, 0.6333276033401489, 0.6555533409118652, 0.7613226771354675, 0.8600764274597168, 0.8099436163902283, 0.8182726502418518, 0.6042238473892212, 0.7498971819877625, 0.8536291718482971, 0.6962607502937317, 0.8786165714263916, 0.7689668536186218, 0.8131630420684814, 0.7216697931289673, 0.7666913866996765, 0.7976917028427124, 0.6797119379043579, 0.8778164386749268, 0.7559654712677002, 0.8368464708328247, 0.4936014413833618, 0.7704572677612305, 0.8013176321983337, 0.8154300451278687, 0.6673663854598999, 0.7273554801940918, 0.7429435849189758, 0.8388175368309021, 0.6849218606948853, 0.8768945932388306, 0.8129078149795532, 0.7778395414352417, 0.8776446580886841, 0.8961998820304871, 0.7492189407348633, 0.8814054131507874, 0.8327270746231079, 0.7571197152137756, 0.8079234957695007, 0.6352024078369141, 0.8305068612098694, 0.7298839688301086, 0.8207228779792786, 0.871354877948761, 0.792716920375824, 0.8091982007026672, 0.7037888765335083, 0.8512119650840759, 0.7530433535575867, 0.6697947382926941, 0.7719078660011292, 0.7368034720420837, 0.6685695648193359, 0.6822929382324219, 0.8001797795295715, 0.8441599011421204],