{"best": {"aes": {"rmse_aes": 5.604022063762708, "pearson_aes": 0.24666017410344543, "spearman_aes": 0.2555925145982147, "kappa_aes": 0.06868226803306088, "aes": 2.6101307658442527e-09, "aes_weight_coef": 1.193777876551394e-07}, "ged": {"f1_score_avg_ged": 0.7319826883271655, "f1_score_macro_ged": 0.6293973576045202, "f1_score_weighted_ged": 0.7717302234784051, "f_0_5_ged": 0.5855486173059768, "ged": 0.5752501487731934, "ged_weight_coef": 0.9999998807907104}}, "train": {}, "eval": {"rmse_aes": [5.801571153411916, 5.683642975095676, 5.604022063762708], "pearson_aes": [0.14676898623923043, 0.08869062281908863, 0.24666017410344543], "spearman_aes": [0.15801567694643068, 0.08663967512227956, 0.2555925145982147], "kappa_aes": [0.03138381339929264, 0.018695562245765518, 0.06868226803306088], "f1_score_avg_ged": [0.6976415981935645, 0.7319826883271655, 0.7856739634949508], "f1_score_macro_ged": [0.6049535030869279, 0.6293973576045202, 0.667253918833975], "f1_score_weighted_ged": [0.7446367728636891, 0.7717302234784051, 0.812156923750854], "f_0_5_ged": [0.5790979697506472, 0.5855486173059768, 0.5847783079250553], "aes": [2.7647367481817593e-09, 2.6079732077614417e-09, 2.6101307658442527e-09], "ged": [0.5720648864905039, 0.5752501487731934, 0.6005937457084656], "total_loss": [0.5720648892552407, 0.5752501513811665, 0.6005937483185964], "aes_weight_coef": [1.193777876551394e-07, 1.193777876551394e-07, 1.193777876551394e-07], "ged_weight_coef": [0.9999998807907104, 0.9999998807907104, 0.9999998807907104], "epoch": [0.99, 1.99, 2.99], "step": [132, 265, 398]}, "test": {"rmse_aes": 5.653208194167091, "pearson_aes": 0.4278771122512985, "spearman_aes": 0.41964448503455676, "kappa_aes": 0.10709123184101466, "f1_score_avg_ged": 0.7617289485482213, "f1_score_macro_ged": 0.6534442182226915, "f1_score_weighted_ged": 0.7888614359401294, "f_0_5_ged": 0.5679501196773145, "aes": 2.604026586953504e-09, "ged": 0.6644811431566874, "total_loss": 0.664481145760714, "aes_weight_coef": 1.193777876551394e-07, "ged_weight_coef": 0.9999998807907104}, "info": {"tasks": ["aes", "ged"], "outputs": ["loss", "labels", "preds"], "map_out_to_task": {"aes_loss": "aes", "aes_labels": "aes", "aes_preds": "aes", "ged_loss": "ged", "ged_labels": "ged", "ged_preds": "ged"}, "map_out_to_out": {"aes_loss": "loss", "aes_labels": "labels", "aes_preds": "preds", "ged_loss": "loss", "ged_labels": "labels", "ged_preds": "preds"}, "map_task_index": {"aes": 0, "ged": 1}, "map_index_task": {"0": "aes", "1": "ged"}, "optimizer_weighting": "dynamic", "epochs_to_avg_over": 2, "temp": 2, "init_task_weightings": {"aes": 1.0, "ged": 1.0, "ner": 1.0}, "metrics_to_track_by_task": {"aes": "pearson_aes", "ged": "f_0_5_ged", "ner": "f1_score_avg_ner"}, "regression_tasks": ["aes"], "classification_tasks": ["ner", "ged"], "fce_tasks": ["aes", "ged"], "task_priorities_priority_as_key": {"primary_task": "aes", "secondary_task": "ged", "aux_task": "ner"}, "early_stopping_patience": 2, "early_stopping_metric": "loss", "pretrained_model": "distilroberta-base", "frozen_layers": "all", "scoring": "script", "learning_rate": 0.0005, "batch_size": 8, "weight_decay": 0.01, "adam_epsilon": 1e-08, "normalized_values": [40, 0], "model_name": "distilroberta-base_1630671857", "runtime": 87.08847117424011, "steps_per_sec": 0.21881525420663345}, "preds": {"aes": {"preds": [0.6951472759246826, 0.7096008062362671, 0.7111228704452515, 0.7049795389175415, 0.7168461084365845, 0.6982613801956177, 0.7013826370239258, 0.6843457221984863, 0.6932309865951538, 0.7081490755081177, 0.6973596811294556, 0.7113584280014038, 0.7008382081985474, 0.7031636238098145, 0.7061145305633545, 0.6410713195800781, 0.691891074180603, 0.7072031497955322, 0.7096869945526123, 0.6813929080963135, 0.7177183628082275, 0.6978234052658081, 0.6981089115142822, 0.7031980752944946, 0.6827009916305542, 0.7003661394119263, 0.663697361946106, 0.711067795753479, 0.7085574865341187, 0.7004170417785645, 0.693142294883728, 0.735037088394165, 0.704836368560791, 0.6833726167678833, 0.7038334608078003, 0.694175124168396, 0.7289289236068726, 0.6833382844924927, 0.7095639705657959, 0.690583348274231, 0.6733614206314087, 0.6717028617858887, 0.6863560676574707, 0.7044014930725098, 0.6994093656539917, 0.6813689470291138, 0.6805247068405151, 0.6786887645721436, 0.7038500308990479, 0.6806526184082031, 0.7096074819564819, 0.7170298099517822, 0.6994689702987671, 0.6922096014022827, 0.6950122117996216, 0.7132354974746704, 0.677742600440979, 0.7195231914520264, 0.6742055416107178, 0.7001519203186035, 0.6321709156036377, 0.6996914148330688, 0.6807971000671387, 0.7132844924926758, 0.6659992933273315, 0.6967419385910034, 0.6826294660568237, 0.7033548355102539, 0.6849861145019531, 0.7011008262634277, 0.6823803186416626, 0.6965415477752686, 0.7091631889343262, 0.7140523195266724, 0.6710875034332275, 0.7188948392868042, 0.6936578750610352, 0.7033880949020386, 0.6986557245254517, 0.6810874938964844, 0.7107889652252197, 0.6954439878463745, 0.696617841720581, 0.7109631299972534, 0.7173779010772705, 0.7058452367782593, 0.6966907978057861, 0.6928814649581909, 0.679816484451294, 0.6727465391159058, 0.6993004083633423, 0.7011001110076904, 0.6766366958618164, 0.6820907592773438, 0.715273380279541, 0.6852871179580688, 0.7018270492553711], "labels": [0.75, 0.6499999761581421, 0.574999988079071, 0.6499999761581421, 0.6499999761581421, 0.949999988079071, 0.675000011920929, 0.9750000238418579, 0.625, 0.6000000238418579, 0.625, 0.675000011920929, 0.75, 0.675000011920929, 0.5, 0.5249999761581421, 0.5249999761581421, 0.6499999761581421, 0.550000011920929, 0.6000000238418579, 0.949999988079071, 0.75, 0.8500000238418579, 0.6000000238418579, 0.574999988079071, 0.550000011920929, 0.574999988079071, 0.9750000238418579, 0.8500000238418579, 0.925000011920929, 0.7749999761581421, 0.699999988079071, 0.6499999761581421, 0.7250000238418579, 0.8500000238418579, 0.6499999761581421, 0.8500000238418579, 0.4749999940395355, 0.6499999761581421, 0.7749999761581421, 0.44999998807907104, 0.4749999940395355, 0.625, 0.6499999761581421, 0.7250000238418579, 0.7250000238418579, 0.44999998807907104, 0.675000011920929, 0.875, 0.550000011920929, 0.8999999761581421, 0.3499999940395355, 0.6000000238418579, 0.7250000238418579, 0.699999988079071, 0.6000000238418579, 0.625, 0.925000011920929, 0.6000000238418579, 0.8999999761581421, 0.32499998807907104, 0.574999988079071, 0.7250000238418579, 0.7749999761581421, 0.574999988079071, 0.699999988079071, 0.6499999761581421, 0.6499999761581421, 0.5249999761581421, 0.949999988079071, 0.800000011920929, 0.7250000238418579, 0.8999999761581421, 1.0, 0.7250000238418579, 0.8500000238418579, 0.8999999761581421, 0.625, 0.925000011920929, 0.42500001192092896, 0.800000011920929, 0.625, 0.625, 0.8999999761581421, 0.7749999761581421, 0.675000011920929, 0.4749999940395355, 0.699999988079071, 0.6000000238418579, 0.5, 0.625, 0.574999988079071, 0.550000011920929, 0.574999988079071, 0.675000011920929, 0.75, 0.8500000238418579]}}}