{"best": {"aes": {"rmse_aes": 28.396253665267576, "pearson_aes": NaN, "spearman_aes": NaN, "kappa_aes": 0.0, "aes": 0.0, "aes_weight_coef": 0.0}, "ged": {"f1_score_avg_ged": 0.7947131415214328, "f1_score_macro_ged": 0.6630922748745662, "f1_score_weighted_ged": 0.8169648350853369, "f_0_5_ged": 0.5445959662827132, "ged": 0.11826003706732462, "ged_weight_coef": 1.0}, "ner": {"f1_score_avg_ner": 0.9429344651688019, "f1_score_macro_ner": 0.756611017852821, "f1_score_weighted_ner": 0.9396909381823724, "ner": 0.014072199991016193, "ner_weight_coef": 0.10000000149011612}}, "train": {"loss": [0.349, 0.3041, 0.2909, 0.2814, 0.2728], "learning_rate": [6.339622641509433e-05, 5.679245283018868e-05, 5.0188679245283013e-05, 4.3584905660377356e-05, 3.69811320754717e-05], "epoch": [1.89, 3.77, 5.66, 7.55, 9.43], "step": [500, 1000, 1500, 2000, 2500]}, "eval": {"rmse_aes": [28.396253665267576, 28.396253665267576, 28.396253665267576, 28.396253665267576, 28.396253665267576, 28.396253665267576, 28.396253665267576, 28.396253665267576, 28.396253665267576, 28.396253665267576, 28.396253665267576], "pearson_aes": [NaN, NaN, NaN, NaN, NaN, NaN, NaN, NaN, NaN, NaN, NaN], "spearman_aes": [NaN, NaN, NaN, NaN, NaN, NaN, NaN, NaN, NaN, NaN, NaN], "kappa_aes": [0.0, 0.0, 0.0, 0.0, 0.0, 0.0, 0.0, 0.0, 0.0, 0.0, 0.0], "f1_score_avg_ged": [0.738097693444708, 0.8011068715410264, 0.772266336667698, 0.805403733113334, 0.8149599532501461, 0.8150287030353031, 0.8018287442851741, 0.8077068509160908, 0.8002818741191434, 0.8022068681035371, 0.7947131415214328], "f1_score_macro_ged": [0.6010114960286703, 0.6465518612799681, 0.6370546607300762, 0.6603793528464015, 0.6684031187241422, 0.6719013056328269, 0.6656439720155862, 0.6672346642333749, 0.6660159810537495, 0.6667996458764189, 0.6630922748745662], "f1_score_weighted_ged": [0.7719029632156698, 0.8173360715580427, 0.798926399601783, 0.8225457521801305, 0.8294868121842904, 0.8302472558037666, 0.8215676876320157, 0.8252166372673145, 0.820751144452561, 0.8220086684098163, 0.8169648350853369], "f_0_5_ged": [0.46448087431693985, 0.4707243693589446, 0.510049380576973, 0.5061377794063759, 0.5078597339782346, 0.5196966894766045, 0.5342072185311546, 0.5236771341324461, 0.5398044380943877, 0.5372920123783468, 0.5445959662827132], "f1_score_avg_ner": [0.8872318056150461, 0.9127370429500409, 0.9290136676920681, 0.9326934309411627, 0.9346209259764028, 0.937580312293135, 0.939955609205249, 0.9404812896694054, 0.9404812896694054, 0.9416494684786418, 0.9429344651688019], "f1_score_macro_ner": [0.3997064229520293, 0.5447457335172353, 0.6614625946955501, 0.6974428805623594, 0.7134563505566138, 0.7275169878642748, 0.7405763184426267, 0.7431079907281123, 0.7475052396985266, 0.7538013626633077, 0.756611017852821], "f1_score_weighted_ner": [0.8706811198473018, 0.9041895542596814, 0.9207457965075878, 0.9269625557609987, 0.9285498430762429, 0.9323352856722417, 0.9353400890346507, 0.936228371298687, 0.9373678612010757, 0.9383246871155693, 0.9396909381823724], "aes": [0.0, 0.0, 0.0, 0.0, 0.0, 0.0, 0.0, 0.0, 0.0, 0.0, 0.0], "ged": [0.1273730757624604, 0.12405559767124265, 0.11877761192099992, 0.11895693734634755, 0.11820395186890004, 0.11749327598616134, 0.11569273194601369, 0.11708823054335839, 0.11572279486545296, 0.11765715271927589, 0.11826003706732462], "ner": [0.03299038558332033, 0.021341727808291137, 0.01777093348548163, 0.01653428635624952, 0.016186906198082968, 0.015304149128496647, 0.014900009775924128, 0.014771123297599166, 0.014592454216421344, 0.014533432720358981, 0.014072199991016193], "total_loss": [0.16036346134578072, 0.1453973254795338, 0.13654854540648156, 0.13549122370259706, 0.134390858066983, 0.132797425114658, 0.13059274172193783, 0.13185935384095754, 0.1303152490818743, 0.13219058543963488, 0.13233223705834082], "aes_weight_coef": [0.0, 0.0, 0.0, 0.0, 0.0, 0.0, 0.0, 0.0, 0.0, 0.0, 0.0], "ged_weight_coef": [1.0, 1.0, 1.0, 1.0, 1.0, 1.0, 1.0, 1.0, 1.0, 1.0, 1.0], "ner_weight_coef": [0.10000000149011612, 0.10000000149011612, 0.10000000149011612, 0.10000000149011612, 0.10000000149011612, 0.10000000149011612, 0.10000000149011612, 0.10000000149011612, 0.10000000149011612, 0.10000000149011612, 0.10000000149011612], "epoch": [1.0, 2.0, 3.0, 4.0, 5.0, 6.0, 7.0, 8.0, 9.0, 10.0, 11.0], "step": [264, 529, 794, 1059, 1324, 1589, 1854, 2119, 2384, 2649, 2914]}, "test": {"rmse_aes": 28.024171114712146, "pearson_aes": NaN, "spearman_aes": NaN, "kappa_aes": 0.0, "f1_score_avg_ged": 0.7702338009352038, "f1_score_macro_ged": 0.648236451113863, "f1_score_weighted_ged": 0.7926239679055904, "f_0_5_ged": 0.5236919277666306, "f1_score_avg_ner": 0.9360396252826532, "f1_score_macro_ner": 0.735361999975172, "f1_score_weighted_ner": 0.9339741492604651, "aes": 0.0, "ged": 0.17393349891617185, "ner": 0.014624137586603561, "total_loss": 0.1885576365027754, "aes_weight_coef": 0.0, "ged_weight_coef": 1.0, "ner_weight_coef": 0.10000000149011612}, "info": {"tasks": ["aes", "ged", "ner"], "outputs": ["loss", "labels", "preds"], "map_out_to_task": {"aes_loss": "aes", "aes_labels": "aes", "aes_preds": "aes", "ged_loss": "ged", "ged_labels": "ged", "ged_preds": "ged", "ner_loss": "ner", "ner_labels": "ner", "ner_preds": "ner"}, "map_out_to_out": {"aes_loss": "loss", "aes_labels": "labels", "aes_preds": "preds", "ged_loss": "loss", "ged_labels": "labels", "ged_preds": "preds", "ner_loss": "loss", "ner_labels": "labels", "ner_preds": "preds"}, "map_task_index": {"aes": 0, "ged": 1, "ner": 2}, "map_index_task": {"0": "aes", "1": "ged", "2": "ner"}, "optimizer_weighting": "fixed", "epochs_to_avg_over": 2, "temp": 2, "init_task_weightings": {"aes": 0, "ged": 1, "ner": 0.1}, "metrics_to_track_by_task": {"aes": "pearson_aes", "ged": "f_0_5_ged", "ner": "f1_score_avg_ner"}, "regression_tasks": ["aes"], "classification_tasks": ["ner", "ged"], "fce_tasks": ["aes", "ged"], "task_priorities_priority_as_key": {"primary_task": "aes", "secondary_task": "ged", "aux_task": "ner"}, "early_stopping_patience": 2, "early_stopping_metric": "loss", "pretrained_model": "distilroberta-base", "frozen_layers": "all", "scoring": "script", "learning_rate": 7e-05, "batch_size": 8, "weight_decay": 0.01, "adam_epsilon": 1e-08, "normalized_values": null, "model_name": "distilroberta-base_1630623047", "runtime": 637.8012793064117, "steps_per_sec": 0.21887483847165812},