{"best": {"aes": {"rmse_aes": 6.765927710061479, "pearson_aes": 0.6310242962844479, "spearman_aes": 0.6285480513343803, "kappa_aes": 0.34685240698289543, "aes": 8.671614580376204, "aes_weight_coef": 0.8999999761581421}, "ged": {"f1_score_avg_ged": 0.839125502732804, "f1_score_macro_ged": 0.6560110809068836, "f1_score_weighted_ged": 0.8394015763016347, "f_0_5_ged": 0.40602538614467043, "ged": 0.013405369204837222, "ged_weight_coef": 0.10000000149011612}, "ner": {"f1_score_avg_ner": 0.950800202484327, "f1_score_macro_ner": 0.8099777084632547, "f1_score_weighted_ner": 0.9479500345411191, "ner": 0.0012375142040857395, "ner_weight_coef": 0.009999999776482582}}, "train": {"loss": [34.4157, 9.3472], "learning_rate": [0.0004528301886792453, 0.0004056603773584906], "epoch": [1.89, 3.77], "step": [500, 1000]}, "eval": {"rmse_aes": [5.798706752371601, 5.851163227180653, 5.830951894845301, 6.335525936249404, 6.765927710061479], "pearson_aes": [0.3905805894825428, 0.5591690636085428, 0.5909307827470792, 0.6094526267653838, 0.6310242962844479], "spearman_aes": [0.3754623560862642, 0.5562712753450572, 0.5847035567097046, 0.5969692010165304, 0.6285480513343803], "kappa_aes": [0.08657728961395572, 0.23325358851674638, 0.3610069776987276, 0.3547484141854217, 0.34685240698289543], "f1_score_avg_ged": [0.8087037228008662, 0.8248255474201643, 0.8344848922347118, 0.839125502732804, 0.8573785706919665], "f1_score_macro_ged": [0.614873658646402, 0.632729032681942, 0.6495760457548928, 0.6560110809068836, 0.6548606318742298], "f1_score_weighted_ged": [0.8145173098592834, 0.8268159956455045, 0.835578664987408, 0.8394015763016347, 0.8480451510560926], "f_0_5_ged": [0.3573549792120372, 0.3731757814472555, 0.3987823439878235, 0.40602538614467043, 0.35806660200452634], "f1_score_avg_ner": [0.9307464662591021, 0.9413574237763327, 0.9466921070051789, 0.9447256726762977, 0.950800202484327], "f1_score_macro_ner": [0.7041609142909726, 0.7513894329449023, 0.788577323736925, 0.790644054462114, 0.8099777084632547], "f1_score_weighted_ner": [0.9266801253001219, 0.9363265174229595, 0.9434373759088588, 0.942449007053549, 0.9479500345411191], "aes": [6.3915605545043945, 6.424828385197839, 6.342329601908839, 7.488003065419751, 8.671614580376204], "ged": [0.01401318384464397, 0.013528902603443279, 0.013454869302899339, 0.013405369204837222, 0.014325594053018925], "ner": [0.0017638052218095508, 0.0014541201472152458, 0.001365602380585272, 0.001368902385408102, 0.0012375142040857395], "total_loss": [6.407337543570848, 6.439811407948498, 6.357150073592323, 7.502777337009997, 8.687177688633309], "aes_weight_coef": [0.8999999761581421, 0.8999999761581421, 0.8999999761581421, 0.8999999761581421, 0.8999999761581421], "ged_weight_coef": [0.10000000149011612, 0.10000000149011612, 0.10000000149011612, 0.10000000149011612, 0.10000000149011612], "ner_weight_coef": [0.009999999776482582, 0.009999999776482582, 0.009999999776482582, 0.009999999776482582, 0.009999999776482582], "epoch": [1.0, 2.0, 3.0, 4.0, 5.0], "step": [264, 529, 794, 1059, 1324]}, "test": {"rmse_aes": 6.149186938124422, "pearson_aes": 0.7388589304528496, "spearman_aes": 0.7501856298422028, "kappa_aes": 0.4522707623455221, "f1_score_avg_ged": 0.8278957915831663, "f1_score_macro_ged": 0.6514976969726509, "f1_score_weighted_ged": 0.8243116494219597, "f_0_5_ged": 0.391779639684994, "f1_score_avg_ner": 0.9421772369979541, "f1_score_macro_ner": 0.7692408375233438, "f1_score_weighted_ner": 0.9400781145427043, "aes": 9.680117243812198, "ged": 0.019718027185826076, "ner": 0.0013772239991729812, "total_loss": 9.701212494997197, "aes_weight_coef": 0.8999999761581421, "ged_weight_coef": 0.10000000149011612, "ner_weight_coef": 0.009999999776482582}, "info": {"tasks": ["aes", "ged", "ner"], "outputs": ["loss", "labels", "preds"], "map_out_to_task": {"aes_loss": "aes", "aes_labels": "aes", "aes_preds": "aes", "ged_loss": "ged", "ged_labels": "ged", "ged_preds": "ged", "ner_loss": "ner", "ner_labels": "ner", "ner_preds": "ner"}, "map_out_to_out": {"aes_loss": "loss", "aes_labels": "labels", "aes_preds": "preds", "ged_loss": "loss", "ged_labels": "labels", "ged_preds": "preds", "ner_loss": "loss", "ner_labels": "labels", "ner_preds": "preds"}, "map_task_index": {"aes": 0, "ged": 1, "ner": 2}, "map_index_task": {"0": "aes", "1": "ged", "2": "ner"}, "optimizer_weighting": "fixed", "epochs_to_avg_over": 2, "temp": 2, "init_task_weightings": {"aes": 0.9, "ged": 0.09999999999999998, "ner": 0.009999999999999998}, "metrics_to_track_by_task": {"aes": "pearson_aes", "ged": "f_0_5_ged", "ner": "f1_score_avg_ner"}, "regression_tasks": ["aes"], "classification_tasks": ["ner", "ged"], "fce_tasks": ["aes", "ged"], "task_priorities_priority_as_key": {"primary_task": "aes", "secondary_task": "ged", "aux_task": "ner"}, "early_stopping_patience": 2, "early_stopping_metric": "loss", "pretrained_model": "distilroberta-base", "frozen_layers": "all", "scoring": "script", "learning_rate": 0.0005, "batch_size": 8, "weight_decay": 0.01, "adam_epsilon": 1e-08, "normalized_values": null, "model_name": "distilroberta-base_1630658770", "runtime": 247.58039212226868, "steps_per_sec": 0.186994253868783}, "preds": {"aes": {"preds": [34.697792053222656, 30.466798782348633, 31.634918212890625, 34.35871124267578, 35.686279296875, 33.52566146850586, 33.61744689941406, 33.37891387939453, 29.069995880126953, 32.250465393066406, 30.889291763305664, 33.18568420410156, 34.16366958618164, 34.66450119018555, 32.16264343261719, 23.930442810058594, 27.766691207885742, 33.736785888671875, 33.543182373046875, 27.7703800201416, 35.745384216308594, 34.64348220825195, 33.27927017211914, 28.813753128051758, 29.733407974243164, 33.015560150146484, 26.565771102905273, 36.76784133911133, 35.79072952270508, 34.0019645690918, 33.421443939208984, 34.42519760131836, 35.735321044921875, 30.34280776977539, 34.531593322753906, 28.93255043029785, 35.8929443359375, 27.267215728759766, 35.19279861450195, 32.40919876098633, 25.718116760253906, 26.892168045043945, 31.585325241088867, 35.66951370239258, 33.36647415161133, 33.415916442871094, 24.2038631439209, 31.536800384521484, 35.14983367919922, 28.356637954711914, 36.11341094970703, 32.005123138427734, 34.07613754272461, 30.48386573791504, 32.09119415283203, 33.33420944213867, 26.85032081604004, 36.712284088134766, 30.525835037231445, 35.04573440551758, 15.844466209411621, 31.433879852294922, 31.42503547668457, 33.5958366394043, 26.740413665771484, 30.02797508239746, 30.75666046142578, 34.76133728027344, 27.8692626953125, 35.795555114746094, 33.840694427490234, 32.981239318847656, 36.83755111694336, 37.026885986328125, 32.007286071777344, 36.46595764160156, 34.855506896972656, 31.333908081054688, 34.343231201171875, 24.800800323486328, 34.0385856628418, 30.5577335357666, 34.35557556152344, 36.050235748291016, 33.32611083984375, 33.687599182128906, 28.491683959960938, 35.10013198852539, 31.48063087463379, 26.745647430419922, 32.862464904785156, 29.87204360961914, 27.49629783630371, 28.181917190551758, 33.3251953125, 35.09958267211914], "labels": [30.0, 26.0, 23.0, 26.0, 26.0, 38.0, 27.0, 39.0, 25.0, 24.0, 25.0, 27.0, 30.0, 27.0, 20.0, 21.0, 21.0, 26.0, 22.0, 24.0, 38.0, 30.0, 34.0, 24.0, 23.0, 22.0, 23.0, 39.0, 34.0, 37.0, 31.0, 28.0, 26.0, 29.0, 34.0, 26.0, 34.0, 19.0, 26.0, 31.0, 18.0, 19.0, 25.0, 26.0, 29.0, 29.0, 18.0, 27.0, 35.0, 22.0, 36.0, 14.0, 24.0, 29.0, 28.0, 24.0, 25.0, 37.0, 24.0, 36.0, 13.0, 23.0, 29.0, 31.0, 23.0, 28.0, 26.0, 26.0, 21.0, 38.0, 32.0, 29.0, 36.0, 40.0, 29.0, 34.0, 36.0, 25.0, 37.0, 17.0, 32.0, 25.0, 25.0, 36.0, 31.0, 27.0, 19.0, 28.0, 24.0, 20.0, 25.0, 23.0, 22.0, 23.0, 27.0, 30.0]}}}