{"best": {"aes": {"rmse_aes": 28.396253665267576, "pearson_aes": NaN, "spearman_aes": NaN, "kappa_aes": 0.0, "aes": 0.0, "aes_weight_coef": 0.0}, "ged": {"f1_score_avg_ged": 0.8008318724003988, "f1_score_macro_ged": 0.661829255139093, "f1_score_weighted_ged": 0.8202539313024931, "f_0_5_ged": 0.5234103916001983, "ged": 0.1165899163068727, "ged_weight_coef": 1.0}, "ner": {"f1_score_avg_ner": 0.9441610529185, "f1_score_macro_ner": 0.7695406571985753, "f1_score_weighted_ner": 0.9408131438287496, "ner": 0.01411398364837433, "ner_weight_coef": 0.10000000149011612}}, "train": {"loss": [0.3611, 0.3053, 0.2942, 0.2881, 0.2827, 0.2775], "learning_rate": [0.0004528301886792453, 0.0004056603773584906, 0.0003584905660377358, 0.00031132075471698115, 0.0002641509433962264, 0.00021698113207547172], "epoch": [1.89, 3.77, 5.66, 7.55, 9.43, 11.32], "step": [500, 1000, 1500, 2000, 2500, 3000]}, "eval": {"rmse_aes": [28.396253665267576, 28.396253665267576, 28.396253665267576, 28.396253665267576, 28.396253665267576, 28.396253665267576, 28.396253665267576, 28.396253665267576, 28.396253665267576, 28.396253665267576, 28.396253665267576, 28.396253665267576, 28.396253665267576], "pearson_aes": [NaN, NaN, NaN, NaN, NaN, NaN, NaN, NaN, NaN, NaN, NaN, NaN, NaN], "spearman_aes": [NaN, NaN, NaN, NaN, NaN, NaN, NaN, NaN, NaN, NaN, NaN, NaN, NaN], "kappa_aes": [0.0, 0.0, 0.0, 0.0, 0.0, 0.0, 0.0, 0.0, 0.0, 0.0, 0.0, 0.0, 0.0], "f1_score_avg_ged": [0.7441132996459386, 0.7619194940015812, 0.7777663194802517, 0.7754632016774947, 0.8079131002715616, 0.8082568491973463, 0.7961568870097281, 0.8032037399883125, 0.8077068509160908, 0.804578735691451, 0.8008318724003988, 0.8047506101543432, 0.8345536420198687], "f1_score_macro_ged": [0.6078338338300633, 0.6289451915254203, 0.641335343165113, 0.6419340219670104, 0.6621293681323478, 0.6630550796652142, 0.656861179169698, 0.6621247343215276, 0.6652642401380853, 0.664229268425007, 0.661829255139093, 0.6634180037858246, 0.6782522940081098], "f1_score_weighted_ged": [0.7767587043675909, 0.7912555416681567, 0.8029735810165733, 0.8017105360737239, 0.8243003239167043, 0.8246801524486111, 0.8166134781476058, 0.8216585370377126, 0.8248206809510727, 0.8228537168343434, 0.8202539313024931, 0.8227892421061048, 0.8421158644700333], "f_0_5_ged": [0.4746127548220993, 0.5068937550689375, 0.511353711790393, 0.5193482688391039, 0.5054525376156075, 0.507702920211543, 0.5184471242210965, 0.5180547994919252, 0.5168076835124629, 0.5216937460288644, 0.5234103916001983, 0.5183938884088946, 0.48648254400466784], "f1_score_avg_ner": [0.8325026284023208, 0.8860830964526304, 0.9135158288228652, 0.9228223200031151, 0.9266773100735952, 0.9304154822631517, 0.936490012071181, 0.9392741715665278, 0.9410264397803824, 0.9419609828277715, 0.9420388614150539, 0.9441610529185, 0.9420972703555157], "f1_score_macro_ner": [0.10095515347265754, 0.38242781345131605, 0.5333100340539508, 0.6062263817995165, 0.6433987023945048, 0.6691903743107095, 0.7144509720455712, 0.7297584956595891, 0.7495314566515161, 0.7559666549919429, 0.7475173924415847, 0.7695406571985753, 0.7609139385493559], "f1_score_weighted_ner": [0.7564088755507238, 0.8678777999020797, 0.8951684687702999, 0.9087199433604678, 0.9140961428182064, 0.9190677810112493, 0.9282009008537049, 0.9328865803180648, 0.9357357143351778, 0.9366283439715624, 0.9378600309764075, 0.9408131438287496, 0.9389712771012784], "aes": [0.0, 0.0, 0.0, 0.0, 0.0, 0.0, 0.0, 0.0, 0.0, 0.0, 0.0, 0.0, 0.0], "ged": [0.12738093803095263, 0.12084996145825054, 0.11872229326603025, 0.11864413771518441, 0.11830082050589628, 0.11737044606097909, 0.11710348378780276, 0.11712062081625295, 0.11892406885014024, 0.11661235537639884, 0.1165899163068727, 0.11827871688576631, 0.12720623820327048], "ner": [0.06128332737919896, 0.028811539155106213, 0.021939439049293828, 0.01913502912015416, 0.018012554471402667, 0.017091887050070042, 0.016157625459654386, 0.015249819754687853, 0.01474922945246447, 0.014497934905595557, 0.014405124972379484, 0.01411398364837433, 0.014681408972327793], "total_loss": [0.1886642654101516, 0.14966150061335676, 0.14066173231532408, 0.13777916683533856, 0.13631337497729895, 0.13446233311104913, 0.13326110924745715, 0.1323704405709408, 0.13367329830260472, 0.1311102902819944, 0.13099504127925218, 0.13239270053414065, 0.1418876471755983], "aes_weight_coef": [0.0, 0.0, 0.0, 0.0, 0.0, 0.0, 0.0, 0.0, 0.0, 0.0, 0.0, 0.0, 0.0], "ged_weight_coef": [1.0, 1.0, 1.0, 1.0, 1.0, 1.0, 1.0, 1.0, 1.0, 1.0, 1.0, 1.0, 1.0], "ner_weight_coef": [0.10000000149011612, 0.10000000149011612, 0.10000000149011612, 0.10000000149011612, 0.10000000149011612, 0.10000000149011612, 0.10000000149011612, 0.10000000149011612, 0.10000000149011612, 0.10000000149011612, 0.10000000149011612, 0.10000000149011612, 0.10000000149011612], "epoch": [1.0, 2.0, 3.0, 4.0, 5.0, 6.0, 7.0, 8.0, 9.0, 10.0, 11.0, 12.0, 13.0], "step": [264, 529, 794, 1059, 1324, 1589, 1854, 2119, 2384, 2649, 2914, 3179, 3444]}, "test": {"rmse_aes": 28.024171114712146, "pearson_aes": NaN, "spearman_aes": NaN, "kappa_aes": 0.0, "f1_score_avg_ged": 0.8220708082832331, "f1_score_macro_ged": 0.6689186122940498, "f1_score_weighted_ged": 0.8258674231834129, "f_0_5_ged": 0.45823125496014633, "f1_score_avg_ner": 0.9337137934747497, "f1_score_macro_ner": 0.7257487182199786, "f1_score_weighted_ner": 0.9320053173716725, "aes": 0.0, "ged": 0.18893921091443017, "ner": 0.015929586276234614, "total_loss": 0.20486879719066478, "aes_weight_coef": 0.0, "ged_weight_coef": 1.0, "ner_weight_coef": 0.10000000149011612}, "info": {"tasks": ["aes", "ged", "ner"], "outputs": ["loss", "labels", "preds"], "map_out_to_task": {"aes_loss": "aes", "aes_labels": "aes", "aes_preds": "aes", "ged_loss": "ged", "ged_labels": "ged", "ged_preds": "ged", "ner_loss": "ner", "ner_labels": "ner", "ner_preds": "ner"}, "map_out_to_out": {"aes_loss": "loss", "aes_labels": "labels", "aes_preds": "preds", "ged_loss": "loss", "ged_labels": "labels", "ged_preds": "preds", "ner_loss": "loss", "ner_labels": "labels", "ner_preds": "preds"}, "map_task_index": {"aes": 0, "ged": 1, "ner": 2}, "map_index_task": {"0": "aes", "1": "ged", "2": "ner"}, "optimizer_weighting": "fixed", "epochs_to_avg_over": 2, "temp": 2, "init_task_weightings": {"aes": 0, "ged": 1, "ner": 0.1}, "metrics_to_track_by_task": {"aes": "pearson_aes", "ged": "f_0_5_ged", "ner": "f1_score_avg_ner"}, "regression_tasks": ["aes"], "classification_tasks": ["ner", "ged"], "fce_tasks": ["aes", "ged"], "task_priorities_priority_as_key": {"primary_task": "aes", "secondary_task": "ged", "aux_task": "ner"}, "early_stopping_patience": 2, "early_stopping_metric": "loss", "pretrained_model": "distilroberta-base", "frozen_layers": "all", "scoring": "script", "learning_rate": 0.0005, "batch_size": 8, "weight_decay": 0.01, "adam_epsilon": 1e-08, "normalized_values": null, "model_name": "distilroberta-base_1630625003", "runtime": 623.2232527732849, "steps_per_sec": 0.18095913262871222},