{"best": {"aes": {"rmse_aes": 28.396253665267576, "pearson_aes": NaN, "spearman_aes": NaN, "kappa_aes": 0.0, "aes": 0.0, "aes_weight_coef": 0.0}, "ged": {"f1_score_avg_ged": 0.7194665016671823, "f1_score_macro_ged": 0.6164596812404863, "f1_score_weighted_ged": 0.7616982048415926, "f_0_5_ged": 0.5679965846464333, "ged": 0.11488582921582599, "ged_weight_coef": 1.0}, "ner": {"f1_score_avg_ner": 0.9803551263580078, "f1_score_macro_ner": 0.8962883309649698, "f1_score_weighted_ner": 0.9801530742263976, "ner": 0.005500823059010991, "ner_weight_coef": 0.10000000149011612}}, "train": {"loss": [0.3136, 0.2395], "learning_rate": [0.0004528301886792453, 0.0004056603773584906], "epoch": [1.89, 3.77], "step": [500, 1000]}, "eval": {"rmse_aes": [28.396253665267576, 28.396253665267576, 28.396253665267576, 28.396253665267576, 28.396253665267576], "pearson_aes": [NaN, NaN, NaN, NaN, NaN], "spearman_aes": [NaN, NaN, NaN, NaN, NaN], "kappa_aes": [0.0, 0.0, 0.0, 0.0, 0.0], "f1_score_avg_ged": [0.6840259874187893, 0.7042384242549242, 0.7226977415695576, 0.7194665016671823, 0.7537382695679076], "f1_score_macro_ged": [0.5841455754034477, 0.6039118354418562, 0.6168550834923476, 0.6164596812404863, 0.6364619299964217], "f1_score_weighted_ged": [0.7330659596504925, 0.7495741739706033, 0.7640033753659417, 0.7616982048415926, 0.7873390800461146], "f_0_5_ged": [0.5305623471882641, 0.5578031372848364, 0.561012836568566, 0.5679965846464333, 0.5555327110489741], "f1_score_avg_ner": [0.9692379580234415, 0.9761886219383981, 0.9784471009695884, 0.9803551263580078, 0.9802772477707254], "f1_score_macro_ner": [0.8201425427656163, 0.8723050432256132, 0.8839145694716873, 0.8962883309649698, 0.8933086984160572], "f1_score_weighted_ner": [0.9677276744591451, 0.9759979622782053, 0.9780870631854978, 0.9801530742263976, 0.9801143764877696], "aes": [0.0, 0.0, 0.0, 0.0, 0.0], "ged": [0.1163399385851483, 0.1117199091024177, 0.11253636659577836, 0.11488582921582599, 0.12561984949333724], "ner": [0.008694366357007693, 0.007075923159285341, 0.006147693761429468, 0.005500823059010991, 0.005448451373986033], "total_loss": [0.125034304942156, 0.11879583226170304, 0.11868406035720783, 0.12038665227483698, 0.13106830086732327], "aes_weight_coef": [0.0, 0.0, 0.0, 0.0, 0.0], "ged_weight_coef": [1.0, 1.0, 1.0, 1.0, 1.0], "ner_weight_coef": [0.10000000149011612, 0.10000000149011612, 0.10000000149011612, 0.10000000149011612, 0.10000000149011612], "epoch": [1.0, 2.0, 3.0, 4.0, 5.0], "step": [264, 529, 794, 1059, 1324]}, "test": {"rmse_aes": 28.024171114712146, "pearson_aes": NaN, "spearman_aes": NaN, "kappa_aes": 0.0, "f1_score_avg_ged": 0.7330661322645291, "f1_score_macro_ged": 0.6280059091974828, "f1_score_weighted_ged": 0.7657954370120488, "f_0_5_ged": 0.5460834828923754, "f1_score_avg_ner": 0.9708624959620975, "f1_score_macro_ner": 0.8432908260498488, "f1_score_weighted_ner": 0.9710674996104809, "aes": 0.0, "ged": 0.1848376833257221, "ner": 0.007863105186039493, "total_loss": 0.1927007885117616, "aes_weight_coef": 0.0, "ged_weight_coef": 1.0, "ner_weight_coef": 0.10000000149011612}, "info": {"tasks": ["aes", "ged", "ner"], "outputs": ["loss", "labels", "preds"], "map_out_to_task": {"aes_loss": "aes", "aes_labels": "aes", "aes_preds": "aes", "ged_loss": "ged", "ged_labels": "ged", "ged_preds": "ged", "ner_loss": "ner", "ner_labels": "ner", "ner_preds": "ner"}, "map_out_to_out": {"aes_loss": "loss", "aes_labels": "labels", "aes_preds": "preds", "ged_loss": "loss", "ged_labels": "labels", "ged_preds": "preds", "ner_loss": "loss", "ner_labels": "labels", "ner_preds": "preds"}, "map_task_index": {"aes": 0, "ged": 1, "ner": 2}, "map_index_task": {"0": "aes", "1": "ged", "2": "ner"}, "optimizer_weighting": "fixed", "epochs_to_avg_over": 2, "temp": 2, "init_task_weightings": {"aes": 0, "ged": 1, "ner": 0.1}, "metrics_to_track_by_task": {"aes": "pearson_aes", "ged": "f_0_5_ged", "ner": "f1_score_avg_ner"}, "regression_tasks": ["aes"], "classification_tasks": ["ner", "ged"], "fce_tasks": ["aes", "ged"], "task_priorities_priority_as_key": {"primary_task": "aes", "secondary_task": "ged", "aux_task": "ner"}, "early_stopping_patience": 2, "early_stopping_metric": "loss", "pretrained_model": "distilroberta-base", "frozen_layers": "all", "scoring": "script", "learning_rate": 0.0005, "batch_size": 8, "weight_decay": 0.01, "adam_epsilon": 1e-08, "normalized_values": null, "model_name": "distilroberta-base_1630624078", "runtime": 242.33893656730652, "steps_per_sec": 0.18303545057953666}, "preds": {"aes": {"preds": [-0.22132332623004913, -0.2376740723848343, -0.2334495335817337, -0.23276671767234802, -0.2304839789867401, -0.2304571121931076, -0.23213288187980652, -0.23221144080162048, -0.22631080448627472, -0.23414413630962372, -0.23358580470085144, -0.23019422590732574, -0.22036248445510864, -0.22363555431365967, -0.22573359310626984, -0.22307084500789642, -0.22527854144573212, -0.22263719141483307, -0.23051245510578156, -0.22295549511909485, -0.2347358912229538, -0.22516925632953644, -0.2252112776041031, -0.22839006781578064, -0.2274640053510666, -0.22975929081439972, -0.23041285574436188, -0.22152267396450043, -0.22189825773239136, -0.22889946401119232, -0.22481299936771393, -0.23790580034255981, -0.24071794748306274, -0.2294381558895111, -0.23662778735160828, -0.22884728014469147, -0.2262503206729889, -0.22551321983337402, -0.23358400166034698, -0.2316383272409439, -0.2349582314491272, -0.23035913705825806, -0.22879697382450104, -0.22097426652908325, -0.2296288013458252, -0.21866630017757416, -0.23225471377372742, -0.21897628903388977, -0.23075826466083527, -0.2381647229194641, -0.22798027098178864, -0.22013229131698608, -0.22975556552410126, -0.2286645919084549, -0.22667467594146729, -0.2287158966064453, -0.24209806323051453, -0.2375524640083313, -0.22285707294940948, -0.22186782956123352, -0.2336244434118271, -0.2349713295698166, -0.21325460076332092, -0.2246764451265335, -0.2354535609483719, -0.2284328043460846, -0.21619048714637756, -0.2139413207769394, -0.23747967183589935, -0.22136716544628143, -0.21830525994300842, -0.22347384691238403, -0.22276578843593597, -0.23030877113342285, -0.20914486050605774, -0.22959110140800476, -0.2345559448003769, -0.23013056814670563, -0.2311883121728897, -0.22868794202804565, -0.23649124801158905, -0.22922153770923615, -0.234518900513649, -0.2283773124217987, -0.23496967554092407, -0.23570004105567932, -0.22632405161857605, -0.2238457053899765, -0.22152525186538696, -0.22535111010074615, -0.21715448796749115, -0.21414341032505035, -0.23004978895187378, -0.22804197669029236, -0.22898153960704803, -0.21628987789154053], "labels": [30.0, 26.0, 23.0, 26.0, 26.0, 38.0, 27.0, 39.0, 25.0, 24.0, 25.0, 27.0, 30.0, 27.0, 20.0, 21.0, 21.0, 26.0, 22.0, 24.0, 38.0, 30.0, 34.0, 24.0, 23.0, 22.0, 23.0, 39.0, 34.0, 37.0, 31.0, 28.0, 26.0, 29.0, 34.0, 26.0, 34.0, 19.0, 26.0, 31.0, 18.0, 19.0, 25.0, 26.0, 29.0, 29.0, 18.0, 27.0, 35.0, 22.0, 36.0, 14.0, 24.0, 29.0, 28.0, 24.0, 25.0, 37.0, 24.0, 36.0, 13.0, 23.0, 29.0, 31.0, 23.0, 28.0, 26.0, 26.0, 21.0, 38.0, 32.0, 29.0, 36.0, 40.0, 29.0, 34.0, 36.0, 25.0, 37.0, 17.0, 32.0, 25.0, 25.0, 36.0, 31.0, 27.0, 19.0, 28.0, 24.0, 20.0, 25.0, 23.0, 22.0, 23.0, 27.0, 30.0]}}}