{"best": {"ged": {"f1_score_avg_ged": 0.9015503076552885, "f1_score_macro_ged": 0.7403029325088921, "f1_score_weighted_ged": 0.8898311554067219, "f_0_5_ged": 0.4609632233941625, "ged": 0.06432201418765755, "ged_weight_coef": 1.0}, "ner": {"f1_score_avg_ner": 0.9898368443596434, "f1_score_macro_ner": 0.9416503205575708, "f1_score_weighted_ner": 0.989864080255378, "ner": 0.002978538732899916, "ner_weight_coef": 0.10000000149011612}}, "train": {"loss": [0.1513, 0.0992], "learning_rate": [6.339622641509433e-05, 5.679245283018868e-05], "epoch": [1.89, 3.77], "step": [500, 1000]}, "eval": {"f1_score_avg_ged": [0.8957065759169502, 0.9002440617373071, 0.901137808944347, 0.9015503076552885], "f1_score_macro_ged": [0.7086836549861243, 0.7264789561559106, 0.7224010731693877, 0.7403029325088921], "f1_score_weighted_ged": [0.8792420757775167, 0.8857804979398302, 0.8851653619226889, 0.8898311554067219], "f_0_5_ged": [0.3918325443449495, 0.42509204191447186, 0.41030916052345845, 0.4609632233941625], "f1_score_avg_ner": [0.9807055800007788, 0.9877535921498384, 0.9880456368521475, 0.9898368443596434], "f1_score_macro_ner": [0.8701886126527086, 0.9317770011945196, 0.9286054148766072, 0.9416503205575708], "f1_score_weighted_ner": [0.9802086637642108, 0.9877703569092657, 0.9880798390031266, 0.989864080255378], "ged": [0.057119274555250656, 0.05620335770207782, 0.06210931789043338, 0.06432201418765755], "ner": [0.005452393294247084, 0.0034591530281833783, 0.003292540193881926, 0.002978538732899916], "total_loss": [0.06257166784949773, 0.0596625107302612, 0.0654018580843153, 0.06730055292055748], "ged_weight_coef": [1.0, 1.0, 1.0, 1.0], "ner_weight_coef": [0.10000000149011612, 0.10000000149011612, 0.10000000149011612, 0.10000000149011612], "epoch": [1.0, 2.0, 3.0, 4.0], "step": [264, 529, 794, 1059]}, "test": {"f1_score_avg_ged": 0.8900467601870408, "f1_score_macro_ged": 0.7355892509426637, "f1_score_weighted_ged": 0.8764445204378244, "f_0_5_ged": 0.455460493205838, "f1_score_avg_ner": 0.980122752234306, "f1_score_macro_ner": 0.8884866994128253, "f1_score_weighted_ner": 0.980727095089865, "ged": 0.10276317099730174, "ner": 0.006273040908300096, "total_loss": 0.10903621190560184, "ged_weight_coef": 1.0, "ner_weight_coef": 0.10000000149011612}, "info": {"tasks": ["ged", "ner"], "outputs": ["loss", "labels", "preds"], "map_out_to_task": {"ged_loss": "ged", "ged_labels": "ged", "ged_preds": "ged", "ner_loss": "ner", "ner_labels": "ner", "ner_preds": "ner"}, "map_out_to_out": {"ged_loss": "loss", "ged_labels": "labels", "ged_preds": "preds", "ner_loss": "loss", "ner_labels": "labels", "ner_preds": "preds"}, "map_task_index": {"ged": 0, "ner": 1}, "map_index_task": {"0": "ged", "1": "ner"}, "optimizer_weighting": "fixed", "epochs_to_avg_over": 2, "temp": 2, "init_task_weightings": {"ged": 1.0, "ner": 0.1}, "metrics_to_track_by_task": {"aes": "pearson_aes", "ged": "f_0_5_ged", "ner": "f1_score_avg_ner"}, "regression_tasks": ["aes"], "classification_tasks": ["ner", "ged"], "fce_tasks": ["aes", "ged"], "task_priorities_priority_as_key": {"primary_task": "ged", "secondary_task": "ner"}, "early_stopping_patience": 2, "early_stopping_metric": "loss", "pretrained_model": "distilroberta-base", "frozen_layers": "all", "scoring": "script", "learning_rate": 7e-05, "batch_size": 8, "weight_decay": 0.01, "adam_epsilon": 1e-08, "normalized_values": [40, 0], "model_name": "distilroberta-base_1630667788", "runtime": 284.3953175544739, "steps_per_sec": 0.26855081922046636}, "preds": {}}