{"best": {"ged": {"f1_score_avg_ged": 0.8490246503167534, "f1_score_macro_ged": 0.7183735818651109, "f1_score_weighted_ged": 0.8583972612683908, "f_0_5_ged": 0.5798639691547893, "ged": 0.5969170497523414, "ged_weight_coef": 1.0}}, "train": {"loss": [0.5298], "learning_rate": [6.240601503759399e-06], "epoch": [3.76], "step": [500]}, "eval": {"f1_score_avg_ged": [0.7558176002007151, 0.8216772251144703, 0.8372953647368752, 0.8490246503167534, 0.8590290409584144], "f1_score_macro_ged": [0.6396924060381572, 0.6910829205159604, 0.7076009320736234, 0.7183735818651109, 0.726386690389131], "f1_score_weighted_ged": [0.7890090571997801, 0.8377023028155417, 0.8497542384717137, 0.8583972612683908, 0.8654517483527652], "f_0_5_ged": [0.5616315217798419, 0.5679504757156508, 0.5794610651389773, 0.5798639691547893, 0.5741150442477877], "ged": [0.6007775664329529, 0.5875515573554568, 0.5790036254458957, 0.5969170497523414, 0.6146786212921143], "total_loss": [0.6007775664329529, 0.5875515573554568, 0.5790036254458957, 0.5969170497523414, 0.6146786212921143], "ged_weight_coef": [1.0, 1.0, 1.0, 1.0, 1.0], "epoch": [0.99, 1.99, 2.99, 3.99, 4.99], "step": [132, 265, 398, 531, 664]}, "test": {"f1_score_avg_ged": 0.8430338352804663, "f1_score_macro_ged": 0.7156637223395796, "f1_score_weighted_ged": 0.8486949522432039, "f_0_5_ged": 0.5553307707869715, "ged": 0.6600208183129629, "total_loss": 0.6600208183129629, "ged_weight_coef": 1.0}, "info": {"tasks": ["ged"], "outputs": ["loss", "labels", "preds"], "map_out_to_task": {"ged_loss": "ged", "ged_labels": "ged", "ged_preds": "ged"}, "map_out_to_out": {"ged_loss": "loss", "ged_labels": "labels", "ged_preds": "preds"}, "map_task_index": {"ged": 0}, "map_index_task": {"0": "ged"}, "optimizer_weighting": "fixed", "epochs_to_avg_over": 2, "temp": 2, "init_task_weightings": {"aes": 1.0, "ged": 1.0, "ner": 1.0}, "metrics_to_track_by_task": {"aes": "pearson_aes", "ged": "f_0_5_ged", "ner": "f1_score_avg_ner"}, "regression_tasks": ["aes"], "classification_tasks": ["ner", "ged"], "fce_tasks": ["aes", "ged"], "task_priorities_priority_as_key": {"primary_task": "ged"}, "early_stopping_patience": 2, "early_stopping_metric": "loss", "pretrained_model": "distilroberta-base", "frozen_layers": null, "scoring": "script", "learning_rate": 1e-05, "batch_size": 8, "weight_decay": 0.01, "adam_epsilon": 1e-08, "normalized_values": null, "model_name": "distilroberta-base_1630611778", "runtime": 332.652724981308, "steps_per_sec": 0.5009830195501627}, "preds": {}}