{"best": {"aes": {"rmse_aes": 232.35034012360634, "pearson_aes": 0.6667148229864966, "spearman_aes": 0.6660695458406416, "kappa_aes": 0.506155885871967, "aes": 1.4124736896781034, "aes_weight_coef": 0.20000000298023224}, "ged": {"f1_score_avg_ged": 0.7371008215599326, "f1_score_macro_ged": 0.6303545482685642, "f1_score_weighted_ged": 0.7755029862750007, "f_0_5_ged": 0.5761831092070292, "ged": 0.09548916927603789, "ged_weight_coef": 0.800000011920929}, "ner": {"f1_score_avg_ner": 0.9871500330983995, "f1_score_macro_ner": 0.930638126013912, "f1_score_weighted_ner": 0.9871363640023875, "ner": 0.0037728273714175125, "ner_weight_coef": 0.07999999821186066}}, "train": {"loss": [7.7672, 2.2726, 2.0069, 1.9703], "learning_rate": [0.0004371069182389937, 0.0003742138364779874, 0.00031132075471698115, 0.00024842767295597487], "epoch": [1.89, 3.77, 5.66, 7.55], "step": [500, 1000, 1500, 2000]}, "eval": {"rmse_aes": [228.88798206400733, 220.95260929791155, 218.64507007171844, 226.7440737924588, 218.6838153844749, 218.85326134193204, 215.12770754962168, 216.871601798545, 232.35034012360634], "pearson_aes": [0.39882274534539713, 0.5693817525396243, 0.617529005790468, 0.6309552660314345, 0.6450739857747944, 0.6587239259615121, 0.6627204218395394, 0.6657343901233547, 0.6667148229864966], "spearman_aes": [0.40047976821724235, 0.5541214546617149, 0.5932432803909408, 0.6140398399130153, 0.6296652123835399, 0.6428094880313495, 0.6564382710129186, 0.664218601826369, 0.6660695458406416], "kappa_aes": [0.3186734289062285, 0.4339004959289655, 0.4777339295088793, 0.4763756465582957, 0.5067266792101979, 0.5110768760363624, 0.5231425723218658, 0.5295212864500352, 0.506155885871967], "f1_score_avg_ged": [0.6792822522429618, 0.7347289539720189, 0.8081537245196109, 0.7474820391186278, 0.7909662782303806, 0.7230758653879207, 0.7371008215599326, 0.81643807363102, 0.8165068234161769], "f1_score_macro_ged": [0.5748691124111234, 0.6241757252097665, 0.6560934854036927, 0.6326880757147814, 0.6574019054725264, 0.6186503768716939, 0.6303545482685642, 0.6845335734907536, 0.6821682009567258], "f1_score_weighted_ged": [0.7288200115860828, 0.7731191897679612, 0.8231915262890873, 0.782732672657262, 0.813709870222235, 0.7644674043557268, 0.7755029862750007, 0.8335896555428316, 0.8331562037918419], "f_0_5_ged": [0.5055818353831599, 0.5581710820300031, 0.4844636710391665, 0.5575898124415152, 0.5342181850251344, 0.5671571880245131, 0.5761831092070292, 0.5605737370069448, 0.5517807469560856], "f1_score_avg_ner": [0.9761302129979362, 0.9773957400412756, 0.9835481484365873, 0.9831587555001752, 0.9854367041781862, 0.986390716872396, 0.9868190491024493, 0.9871110938047584, 0.9871500330983995], "f1_score_macro_ner": [0.8656453450708246, 0.8810401588755525, 0.9098068788916448, 0.9100889400270221, 0.9211392016996377, 0.9289611330375094, 0.9264496214058658, 0.9294507862840903, 0.930638126013912], "f1_score_weighted_ner": [0.975934514108465, 0.9770822164977914, 0.9833780523567748, 0.9831519667790646, 0.9854316742111693, 0.9863345997476181, 0.986810808749692, 0.9870874176245338, 0.9871363640023875], "aes": [1.3696675688721414, 1.2770909375922626, 1.251012897768686, 1.3449728267137395, 1.250520950139955, 1.2533415888631068, 1.210576331892679, 1.230699669483096, 1.4124736896781034], "ged": [0.09727972537972206, 0.08987267627272495, 0.09683081992836885, 0.088660960280618, 0.09172207463619321, 0.09020516969436823, 0.09548916927603789, 0.09919920910236447, 0.11162448483844135], "ner": [0.0054144685665622, 0.00514317900592158, 0.004035312463096235, 0.004347456156189532, 0.0037623006345563416, 0.003994296186943376, 0.003630988226071823, 0.003940543104003747, 0.0037728273714175125], "total_loss": [1.4723617628184256, 1.372106792870909, 1.351879030160151, 1.437981243150547, 1.3460053254107045, 1.3475410547444182, 1.3096964893947887, 1.3338394216894642, 1.5278710018879622], "aes_weight_coef": [0.20000000298023224, 0.20000000298023224, 0.20000000298023224, 0.20000000298023224, 0.20000000298023224, 0.20000000298023224, 0.20000000298023224, 0.20000000298023224, 0.20000000298023224], "ged_weight_coef": [0.800000011920929, 0.800000011920929, 0.800000011920929, 0.800000011920929, 0.800000011920929, 0.800000011920929, 0.800000011920929, 0.800000011920929, 0.800000011920929], "ner_weight_coef": [0.07999999821186066, 0.07999999821186066, 0.07999999821186066, 0.07999999821186066, 0.07999999821186066, 0.07999999821186066, 0.07999999821186066, 0.07999999821186066, 0.07999999821186066], "epoch": [1.0, 2.0, 3.0, 4.0, 5.0, 6.0, 7.0, 8.0, 9.0], "step": [264, 529, 794, 1059, 1324, 1589, 1854, 2119, 2384]}, "test": {"rmse_aes": 209.87205924086226, "pearson_aes": 0.7621513423169723, "spearman_aes": 0.784064086862841, "kappa_aes": 0.5759649705514986, "f1_score_avg_ged": 0.7960187040748163, "f1_score_macro_ged": 0.6726868498009243, "f1_score_weighted_ged": 0.8127256526884216, "f_0_5_ged": 0.5417646684889708, "f1_score_avg_ner": 0.9772369979541294, "f1_score_macro_ner": 0.8748518252804577, "f1_score_weighted_ner": 0.9775542282243963, "aes": 1.5724372977302188, "ged": 0.16399725491092318, "ner": 0.006966656506327646, "total_loss": 1.7434012091474695, "aes_weight_coef": 0.20000000298023224, "ged_weight_coef": 0.800000011920929, "ner_weight_coef": 0.07999999821186066}, "info": {"tasks": ["aes", "ged", "ner"], "outputs": ["loss", "labels", "preds"], "map_out_to_task": {"aes_loss": "aes", "aes_labels": "aes", "aes_preds": "aes", "ged_loss": "ged", "ged_labels": "ged", "ged_preds": "ged", "ner_loss": "ner", "ner_labels": "ner", "ner_preds": "ner"}, "map_out_to_out": {"aes_loss": "loss", "aes_labels": "labels", "aes_preds": "preds", "ged_loss": "loss", "ged_labels": "labels", "ged_preds": "preds", "ner_loss": "loss", "ner_labels": "labels", "ner_preds": "preds"}, "map_task_index": {"aes": 0, "ged": 1, "ner": 2}, "map_index_task": {"0": "aes", "1": "ged", "2": "ner"}, "optimizer_weighting": "fixed", "epochs_to_avg_over": 2, "temp": 2, "init_task_weightings": {"aes": 0.2, "ged": 0.8, "ner": 0.08000000000000002}, "metrics_to_track_by_task": {"aes": "pearson_aes", "ged": "f_0_5_ged", "ner": "f1_score_avg_ner"}, "regression_tasks": ["aes"], "classification_tasks": ["ner", "ged"], "fce_tasks": ["aes", "ged"], "task_priorities_priority_as_key": {"primary_task": "aes", "secondary_task": "ged", "aux_task": "ner"}, "early_stopping_patience": 2, "early_stopping_metric": "loss", "pretrained_model": "distilroberta-base", "frozen_layers": "all", "scoring": "script", "learning_rate": 0.0005, "batch_size": 8, "weight_decay": 0.01, "adam_epsilon": 1e-08, "normalized_values": [40, 0], "model_name": "distilroberta-base_1630672246", "runtime": 520.5000767707825, "steps_per_sec": 0.2183305691152611},