{"best": {"aes": {"rmse_aes": 5.515130702591432, "pearson_aes": 0.4955602049635182, "spearman_aes": 0.48285236803485676, "kappa_aes": 0.17109614206981016, "aes": 1.90556104793105, "aes_weight_coef": 0.30000001192092896}, "ged": {"f1_score_avg_ged": 0.8374067581038809, "f1_score_macro_ged": 0.7052115815837682, "f1_score_weighted_ged": 0.8494584306822763, "f_0_5_ged": 0.5711343101914704, "ged": 0.07651098037874976, "ged_weight_coef": 0.699999988079071}, "ner": {"f1_score_avg_ner": 0.9904014641174409, "f1_score_macro_ner": 0.9451284241269546, "f1_score_weighted_ner": 0.9904088473303571, "ner": 0.002153147052943728, "ner_weight_coef": 0.07000000029802322}}, "train": {"loss": [53.595, 5.176, 4.6368, 4.4906, 4.3589, 4.3603, 4.1183, 4.0824, 3.9298, 3.9693], "learning_rate": [6.339622641509433e-05, 5.679245283018868e-05, 5.0188679245283013e-05, 4.3584905660377356e-05, 3.69811320754717e-05, 3.0377358490566036e-05, 2.3773584905660375e-05, 1.7169811320754714e-05, 1.0566037735849056e-05, 3.9622641509433956e-06], "epoch": [1.89, 3.77, 5.66, 7.55, 9.43, 11.32, 13.21, 15.09, 16.98, 18.87], "step": [500, 1000, 1500, 2000, 2500, 3000, 3500, 4000, 4500, 5000]}, "eval": {"rmse_aes": [16.951728853161587, 6.453896325304411, 5.7506038330287055, 5.777110004145672, 5.742144392317405, 5.740934883216612, 5.710613899670605, 5.677685365631942, 5.66176258382101, 5.608772890154613, 5.6075346137535735, 5.576488341440536, 5.570258322356135, 5.57150488348226, 5.57150488348226, 5.580223014261069, 5.576488341440536, 5.565269285688, 5.515130702591432, 5.515130702591432], "pearson_aes": [0.031083656216822027, 0.11179219032689457, 0.2464539084782921, 0.24586000521915577, 0.29019714725809076, 0.2806447040143582, 0.36013251211492164, 0.3914078637959355, 0.4078035339988487, 0.4437214178060915, 0.44206419235707706, 0.47567738360292494, 0.4712917547122245, 0.4594654037943117, 0.4594654037943117, 0.4469656612146526, 0.45029419183653413, 0.452898652322963, 0.4955602049635182, 0.4955602049635182], "spearman_aes": [0.07846001234210827, 0.1631334952734511, 0.23575998807666754, 0.2757065251204125, 0.2851491042424278, 0.2844752553801398, 0.37003322845402775, 0.39758835503368145, 0.3865994234258721, 0.41690856907723634, 0.4147054005464948, 0.4626305583093582, 0.4614005403032553, 0.4573638064579486, 0.4573638064579486, 0.44803931621300647, 0.45614906453650456, 0.46129552253173634, 0.48285236803485676, 0.48285236803485676], "kappa_aes": [0.0014467764631268532, 0.026447731260967666, 0.05928987096230076, 0.06228026117528884, 0.06310863791577082, 0.0641274121513441, 0.08630715809730993, 0.09200907486765819, 0.10061550056525559, 0.12064208678204158, 0.1207394086403748, 0.14278623428193238, 0.15141061968707636, 0.1513708750615662, 0.1513708750615662, 0.15157954963423115, 0.15426052889324193, 0.1591140841049069, 0.17109614206981016, 0.17109614206981016], "f1_score_avg_ged": [0.6507854662954178, 0.7408476848509848, 0.762056993571895, 0.7943006428104912, 0.7951943900175312, 0.8280567873225396, 0.8306692791585026, 0.8296036574885703, 0.8399848750472655, 0.8374067581038809, 0.8440067374789454, 0.861434808016225, 0.8549723282114743, 0.8608160599498127, 0.8658004193736895, 0.8699254064831048, 0.8700629060534186, 0.8647347977037572, 0.8607129352720773, 0.8579973187583789], "f1_score_macro_ged": [0.5182636673870671, 0.5793864219748965, 0.6204028013686679, 0.6539915385930526, 0.6634070696700587, 0.6886234283519752, 0.6945237826847989, 0.695839356620856, 0.7037901698117667, 0.7052115815837682, 0.7066318828984416, 0.7177546351222864, 0.7154090766927639, 0.7191816241204292, 0.7221602752514821, 0.7222856585815582, 0.7251622993347508, 0.7232028404702097, 0.7224890923041747, 0.721028718159487], "f1_score_weighted_ged": [0.7028891674129429, 0.7698093061824537, 0.7898442038594675, 0.8149929220397512, 0.8173049474169258, 0.8408777516497246, 0.843540044388188, 0.8432283128485673, 0.850555395868291, 0.8494584306822763, 0.853322860133473, 0.8649029023802576, 0.8610352320792369, 0.8649087878389774, 0.8681352498465846, 0.8702455907461507, 0.8709821259227697, 0.8678305116034432, 0.8656006908609282, 0.8638633699908569], "f_0_5_ged": [0.3590134459036899, 0.38653694451748616, 0.47657232022885876, 0.5132858359098444, 0.5444145059410751, 0.5405847953216374, 0.5536622940105504, 0.5617169373549884, 0.5576340215949991, 0.5711343101914704, 0.5548125149271556, 0.535696505028378, 0.5495847581827064, 0.5428104251313051, 0.535759096612296, 0.521623962100759, 0.5309599878289974, 0.5431636726546906, 0.5548717443749691, 0.5591944471600353], "f1_score_avg_ner": [0.9338810793972198, 0.966239632413068, 0.9789922510805654, 0.9835870877302286, 0.9849889023013123, 0.9852809470036213, 0.986780109808808, 0.9872863206261439, 0.9887076048440482, 0.9883960904949184, 0.9891554067209221, 0.9891359370741015, 0.9893890424827694, 0.9897394961255402, 0.9900704801214906, 0.99005101047467, 0.9899926015342082, 0.9901872980024142, 0.9903625248237997, 0.9904014641174409], "f1_score_macro_ner": [0.6813789150220892, 0.8384420656022133, 0.8951481843231076, 0.9137825050546619, 0.9183622355315431, 0.922125033513658, 0.9287029535718516, 0.9293015026067236, 0.9363790120414954, 0.9358941676246992, 0.9398028980579181, 0.9367499651127064, 0.9398822451341192, 0.9407571117202926, 0.9440123685567163, 0.9432734190722649, 0.9427196927676322, 0.9441459274386997, 0.9453433325083318, 0.9451284241269546], "f1_score_weighted_ner": [0.9316600262713356, 0.9655239695363074, 0.9787507819684493, 0.9834839610989954, 0.9849902781810478, 0.9853363400307558, 0.9869314797850822, 0.9874670441471096, 0.9887995079634804, 0.9884747207555188, 0.9891732879390002, 0.9891895751210905, 0.9893955058969068, 0.9897489954902384, 0.9900630079950246, 0.9900373579558042, 0.9899984525803729, 0.9901820438329985, 0.9903565744236619, 0.9904088473303571], "aes": [18.027340645013854, 2.601643817369328, 2.0909221726794573, 2.0951686071795086, 2.0643593544183774, 2.05147002464117, 2.057432069334873, 2.0322059309759806, 2.0171916041263316, 1.9963890230932901, 1.9770659568697908, 1.9707997510599535, 1.961808903272762, 1.9424498192099637, 1.9335194354833558, 1.9264666812364446, 1.9218467335368312, 1.9125156180803167, 1.90556104793105, 1.9018819276676622], "ged": [0.09965706703274749, 0.09548180740933086, 0.0875063531620558, 0.0824536008890285, 0.07798139854919078, 0.078790650118229, 0.07783862324648125, 0.07650501783504042, 0.07843724170396495, 0.07651098037874976, 0.07924395314482756, 0.08514713755873747, 0.0832467307878095, 0.08710774987242943, 0.09026524979014729, 0.09459910559099774, 0.09440772270047387, 0.0911367584106534, 0.08853221563405769, 0.08849007168481517], "ner": [0.01129889445985819, 0.006051861090845493, 0.004067992439580171, 0.0031926030371619693, 0.0029070424470985525, 0.0028186657731313, 0.0025216485630872466, 0.002395964486843928, 0.002271816655614435, 0.0022855658794152228, 0.0022710413979312276, 0.0022833351449239566, 0.002291101502758169, 0.0022254137482716116, 0.0021750602473878454, 0.002199902625613694, 0.002168866986108316, 0.002175124792577049, 0.002160021583116505, 0.002153147052943728], "total_loss": [18.138296606506458, 2.7031774858695043, 2.1824965182810936, 2.1808148111056993, 2.145247795414667, 2.1330793405325306, 2.1377923411444413, 2.111106913297865, 2.0979006624859107, 2.075185569351455, 2.0585809514125497, 2.058230223763615, 2.0473467355633295, 2.0317829828306646, 2.025959745520891, 2.023265689453056, 2.0184233232234132, 2.005827501283547, 1.9962532851482244, 1.992525146405421], "aes_weight_coef": [0.30000001192092896, 0.30000001192092896, 0.30000001192092896, 0.30000001192092896, 0.30000001192092896, 0.30000001192092896, 0.30000001192092896, 0.30000001192092896, 0.30000001192092896, 0.30000001192092896, 0.30000001192092896, 0.30000001192092896, 0.30000001192092896, 0.30000001192092896, 0.30000001192092896, 0.30000001192092896, 0.30000001192092896, 0.30000001192092896, 0.30000001192092896, 0.30000001192092896],