{"best": {"aes": {"rmse_aes": 229.0834697465339, "pearson_aes": 0.3131111255733885, "spearman_aes": 0.324366959383006, "kappa_aes": 0.2714478009078103, "aes": 0.20600647219391757, "aes_weight_coef": 0.029999999329447746}, "ged": {"f1_score_avg_ged": 0.820700560310749, "f1_score_macro_ged": 0.7005979428138032, "f1_score_weighted_ged": 0.839160837800646, "f_0_5_ged": 0.6077976535664896, "ged": 0.10941121536631916, "ged_weight_coef": 0.9700000286102295}, "ner": {"f1_score_avg_ner": 0.9872668509793232, "f1_score_macro_ner": 0.9311397549273716, "f1_score_weighted_ner": 0.9871679537001102, "ner": 0.0035841212293869535, "ner_weight_coef": 0.09700000286102295}}, "train": {"loss": [5.4912, 0.7389], "learning_rate": [6.339622641509433e-05, 5.679245283018868e-05], "epoch": [1.89, 3.77], "step": [500, 1000]}, "eval": {"rmse_aes": [663.0632511306897, 253.92070065715836, 230.50918877804222, 229.82357363856303, 229.0834697465339], "pearson_aes": [0.15622929849850764, 0.1662578405934613, 0.22685729323988654, 0.2724302760903087, 0.3131111255733885], "spearman_aes": [0.18573707964326588, 0.19957005740385428, 0.2472860946701006, 0.2840508011002443, 0.324366959383006], "kappa_aes": [-0.0029726131431841996, 0.055103498826301944, 0.22402797461334645, 0.2541603903776595, 0.2714478009078103], "f1_score_avg_ged": [0.7616101199683751, 0.8126912103399677, 0.815475576638823, 0.833831769275721, 0.820700560310749], "f1_score_macro_ged": [0.640173676260794, 0.6835962778807637, 0.6921862544876881, 0.7082747238073629, 0.7005979428138032], "f1_score_weighted_ged": [0.7929177285620987, 0.8312752671868286, 0.8345338250143666, 0.8481209965619287, 0.839160837800646], "f_0_5_ged": [0.5488263302982207, 0.5682839173405211, 0.5920378048236816, 0.5942914923932529, 0.6077976535664896], "f1_score_avg_ner": [0.9773762703944551, 0.9848915540672092, 0.9862154900510105, 0.9871110938047584, 0.9872668509793232], "f1_score_macro_ner": [0.8664563426107003, 0.917890204950432, 0.9257725111699346, 0.931056609242825, 0.9311397549273716], "f1_score_weighted_ner": [0.9769732795529957, 0.9847533530885352, 0.9860538860308553, 0.9870296399402948, 0.9871679537001102], "aes": [1.7255224183548328, 0.25308758990709174, 0.20868339996005214, 0.20722155792768612, 0.20600647219391757], "ged": [0.10847882475963859, 0.10481235731479734, 0.1035995670529299, 0.10756698320078295, 0.10941121536631916], "ner": [0.00624165186376939, 0.004155688326221046, 0.003863783000946738, 0.0035940853846367707, 0.0035841212293869535], "total_loss": [1.8402428949782408, 0.3620556355481101, 0.3161467500139288, 0.31838262651310584, 0.3190018087896237], "aes_weight_coef": [0.029999999329447746, 0.029999999329447746, 0.029999999329447746, 0.029999999329447746, 0.029999999329447746], "ged_weight_coef": [0.9700000286102295, 0.9700000286102295, 0.9700000286102295, 0.9700000286102295, 0.9700000286102295], "ner_weight_coef": [0.09700000286102295, 0.09700000286102295, 0.09700000286102295, 0.09700000286102295, 0.09700000286102295], "epoch": [1.0, 2.0, 3.0, 4.0, 5.0], "step": [264, 529, 794, 1059, 1324]}, "test": {"rmse_aes": 225.3228933109106, "pearson_aes": 0.5744375046821557, "spearman_aes": 0.5549802243804212, "kappa_aes": 0.31403284676724197, "f1_score_avg_ged": 0.7916900467601871, "f1_score_macro_ged": 0.6829588257230765, "f1_score_weighted_ged": 0.8123676818965048, "f_0_5_ged": 0.5929023925210652, "f1_score_avg_ner": 0.9782276300204588, "f1_score_macro_ner": 0.8808308730636963, "f1_score_weighted_ner": 0.9785012923134526, "aes": 0.27197580678122385, "ged": 0.16078148711295354, "ner": 0.006491091141166787, "total_loss": 0.4392483850353442, "aes_weight_coef": 0.029999999329447746, "ged_weight_coef": 0.9700000286102295, "ner_weight_coef": 0.09700000286102295}, "info": {"tasks": ["aes", "ged", "ner"], "outputs": ["loss", "labels", "preds"], "map_out_to_task": {"aes_loss": "aes", "aes_labels": "aes", "aes_preds": "aes", "ged_loss": "ged", "ged_labels": "ged", "ged_preds": "ged", "ner_loss": "ner", "ner_labels": "ner", "ner_preds": "ner"}, "map_out_to_out": {"aes_loss": "loss", "aes_labels": "labels", "aes_preds": "preds", "ged_loss": "loss", "ged_labels": "labels", "ged_preds": "preds", "ner_loss": "loss", "ner_labels": "labels", "ner_preds": "preds"}, "map_task_index": {"aes": 0, "ged": 1, "ner": 2}, "map_index_task": {"0": "aes", "1": "ged", "2": "ner"}, "optimizer_weighting": "fixed", "epochs_to_avg_over": 2, "temp": 2, "init_task_weightings": {"aes": 0.03, "ged": 0.97, "ner": 0.097}, "metrics_to_track_by_task": {"aes": "pearson_aes", "ged": "f_0_5_ged", "ner": "f1_score_avg_ner"}, "regression_tasks": ["aes"], "classification_tasks": ["ner", "ged"], "fce_tasks": ["aes", "ged"], "task_priorities_priority_as_key": {"primary_task": "aes", "secondary_task": "ged", "aux_task": "ner"}, "early_stopping_patience": 2, "early_stopping_metric": "loss", "pretrained_model": "distilroberta-base", "frozen_layers": "all", "scoring": "script", "learning_rate": 7e-05, "batch_size": 8, "weight_decay": 0.01, "adam_epsilon": 1e-08, "normalized_values": [40, 0], "model_name": "distilroberta-base_1630662406", "runtime": 291.3450081348419, "steps_per_sec": 0.22004909979972956}, "preds": {"aes": {"preds": [28.192073822021484, 28.09284782409668, 28.338275909423828, 28.266815185546875, 28.465160369873047, 28.12349510192871, 28.219345092773438, 28.022123336791992, 27.6851806640625, 28.42074203491211, 28.027801513671875, 28.618694305419922, 28.340240478515625, 28.436668395996094, 28.509416580200195, 26.330556869506836, 27.772480010986328, 28.272380828857422, 28.531822204589844, 27.6674747467041, 28.917522430419922, 28.157554626464844, 28.2686710357666, 28.17265510559082, 28.025196075439453, 28.122514724731445, 26.53651237487793, 28.550933837890625, 28.822463989257812, 28.38030433654785, 27.95938491821289, 28.848630905151367, 28.045799255371094, 27.379785537719727, 28.458723068237305, 28.021976470947266, 29.026968002319336, 27.677927017211914, 28.739906311035156, 28.068830490112305, 27.079092025756836, 26.945941925048828, 28.173524856567383, 28.55799102783203, 28.407379150390625, 28.180171966552734, 27.33402442932129, 27.53131866455078, 28.722782135009766, 27.479028701782227, 28.862173080444336, 28.29180145263672, 28.16139030456543, 27.570737838745117, 28.150096893310547, 28.29863929748535, 27.292104721069336, 28.87600326538086, 27.630220413208008, 28.43324089050293, 25.515426635742188, 28.391447067260742, 27.88751220703125, 28.698888778686523, 27.188077926635742, 28.35808563232422, 27.718061447143555, 28.410144805908203, 27.42768096923828, 28.54451560974121, 27.83287811279297, 28.299848556518555, 28.56444549560547, 28.851240158081055, 27.159818649291992, 28.837482452392578, 28.270109176635742, 28.271682739257812, 28.2500057220459, 27.7218074798584, 28.594505310058594, 28.184436798095703, 28.25868797302246, 28.633804321289062, 28.47093391418457, 28.388469696044922, 28.10883140563965, 28.25424575805664, 27.57001304626465, 27.723934173583984, 28.408039093017578, 28.030702590942383, 27.648706436157227, 27.461374282836914, 28.519527435302734, 28.14052391052246], "labels": [30.0, 26.0, 23.0, 26.0, 26.0, 38.0, 27.0, 39.0, 25.0, 24.0, 25.0, 27.0, 30.0, 27.0, 20.0, 21.0, 21.0, 26.0, 22.0, 24.0, 38.0, 30.0, 34.0, 24.0, 23.0, 22.0, 23.0, 39.0, 34.0, 37.0, 31.0, 28.0, 26.0, 29.0, 34.0, 26.0, 34.0, 19.0, 26.0, 31.0, 18.0, 19.0, 25.0, 26.0, 29.0, 29.0, 18.0, 27.0, 35.0, 22.0, 36.0, 14.0, 24.0, 29.0, 28.0, 24.0, 25.0, 37.0, 24.0, 36.0, 13.0, 23.0, 29.0, 31.0, 23.0, 28.0, 26.0, 26.0, 21.0, 38.0, 32.0, 29.0, 36.0, 40.0, 29.0, 34.0, 36.0, 25.0, 37.0, 17.0, 32.0, 25.0, 25.0, 36.0, 31.0, 27.0, 19.0, 28.0, 24.0, 20.0, 25.0, 23.0, 22.0, 23.0, 27.0, 30.0]}}}