{"best": {"aes": {"rmse_aes": 6.362869722940358, "pearson_aes": 0.6408663941321021, "spearman_aes": 0.6446327618921427, "kappa_aes": 0.38605240912933214, "aes": 2.523007398427919, "aes_weight_coef": 0.30000001192092896}, "ged": {"f1_score_avg_ged": 0.2806366230105531, "f1_score_macro_ged": 0.2796141096162905, "f1_score_weighted_ged": 0.2994458315340273, "f_0_5_ged": 0.44457303879635685, "ged": 0.10103941379591476, "ged_weight_coef": 0.699999988079071}, "ner": {"f1_score_avg_ner": 0.9089794011136638, "f1_score_macro_ner": 0.45714814127012726, "f1_score_weighted_ner": 0.8930400329897742, "ner": 0.01700642934545528, "ner_weight_coef": 0.07000000029802322}}, "train": {"loss": [11.6906, 3.1816], "learning_rate": [0.0004528301886792453, 0.0004056603773584906], "epoch": [1.89, 3.77], "step": [500, 1000]}, "eval": {"rmse_aes": [5.799904213768438, 5.7566386797235145, 6.306962642808167, 6.362869722940358], "pearson_aes": [0.39134410759642163, 0.5687583726390499, 0.5990164094472917, 0.6408663941321021], "spearman_aes": [0.39053789574465936, 0.574943094224337, 0.591315804540704, 0.6446327618921427], "kappa_aes": [0.08835033670712511, 0.2584832004270794, 0.32104536536924466, 0.38605240912933214], "f1_score_avg_ged": [0.2902615929325221, 0.2806366230105531, 0.7043759238252381, 0.7912069024784297], "f1_score_macro_ged": [0.28631242731990675, 0.2796141096162905, 0.5664805751283608, 0.6256223104361535], "f1_score_weighted_ged": [0.3251051322308884, 0.2994458315340273, 0.7451385520436726, 0.8075539625291221], "f_0_5_ged": [0.40591550752365685, 0.44457303879635685, 0.4178432576222631, 0.42684345196557344], "f1_score_avg_ner": [0.8325026284023208, 0.876056228340018, 0.8776916786729488, 0.9089794011136638], "f1_score_macro_ner": [0.10095515347265754, 0.29569332656475555, 0.31958645275642505, 0.45714814127012726], "f1_score_weighted_ner": [0.7564088755507238, 0.8468844106490382, 0.8535232555197741, 0.8930400329897742], "aes": [2.122759225756623, 2.0725966719693916, 2.467193514801735, 2.523007398427919], "ged": [0.10194760075835295, 0.10103941379591476, 0.09716856826183408, 0.09571726100389348], "ner": [0.03180240714099518, 0.020308533726736556, 0.019829173810606778, 0.01700642934545528], "total_loss": [2.2565092336559713, 2.193944619492043, 2.584191256874176, 2.6357310887772676], "aes_weight_coef": [0.30000001192092896, 0.30000001192092896, 0.30000001192092896, 0.30000001192092896], "ged_weight_coef": [0.699999988079071, 0.699999988079071, 0.699999988079071, 0.699999988079071], "ner_weight_coef": [0.07000000029802322, 0.07000000029802322, 0.07000000029802322, 0.07000000029802322], "epoch": [1.0, 2.0, 3.0, 4.0], "step": [264, 529, 794, 1059]}, "test": {"rmse_aes": 5.716387262365395, "pearson_aes": 0.7369425594835624, "spearman_aes": 0.7607287337623393, "kappa_aes": 0.4813412053024396, "f1_score_avg_ged": 0.7490447561790247, "f1_score_macro_ged": 0.6147746880457884, "f1_score_weighted_ged": 0.7732917610150335, "f_0_5_ged": 0.4590290661719233, "f1_score_avg_ner": 0.9045116829977388, "f1_score_macro_ner": 0.46427941542617845, "f1_score_weighted_ner": 0.8912122706574436, "aes": 2.7742792765299478, "ged": 0.13113362732387723, "ner": 0.016043815163097212, "total_loss": 2.9214567190169225, "aes_weight_coef": 0.30000001192092896, "ged_weight_coef": 0.699999988079071, "ner_weight_coef": 0.07000000029802322}, "info": {"tasks": ["aes", "ged", "ner"], "outputs": ["loss", "labels", "preds"], "map_out_to_task": {"aes_loss": "aes", "aes_labels": "aes", "aes_preds": "aes", "ged_loss": "ged", "ged_labels": "ged", "ged_preds": "ged", "ner_loss": "ner", "ner_labels": "ner", "ner_preds": "ner"}, "map_out_to_out": {"aes_loss": "loss", "aes_labels": "labels", "aes_preds": "preds", "ged_loss": "loss", "ged_labels": "labels", "ged_preds": "preds", "ner_loss": "loss", "ner_labels": "labels", "ner_preds": "preds"}, "map_task_index": {"aes": 0, "ged": 1, "ner": 2}, "map_index_task": {"0": "aes", "1": "ged", "2": "ner"}, "optimizer_weighting": "fixed", "epochs_to_avg_over": 2, "temp": 2, "init_task_weightings": {"aes": 0.30000000000000004, "ged": 0.7, "ner": 0.06999999999999999}, "metrics_to_track_by_task": {"aes": "pearson_aes", "ged": "f_0_5_ged", "ner": "f1_score_avg_ner"}, "regression_tasks": ["aes"], "classification_tasks": ["ner", "ged"], "fce_tasks": ["aes", "ged"], "task_priorities_priority_as_key": {"primary_task": "aes", "secondary_task": "ged", "aux_task": "ner"}, "early_stopping_patience": 2, "early_stopping_metric": "loss", "pretrained_model": "distilroberta-base", "frozen_layers": "all", "scoring": "script", "learning_rate": 0.0005, "batch_size": 8, "weight_decay": 0.01, "adam_epsilon": 1e-08, "normalized_values": null, "model_name": "distilroberta-base_1630638189", "runtime": 236.8721625804901, "steps_per_sec": 0.22367531877288963}, "preds": {"aes": {"preds": [33.63997268676758, 29.961776733398438, 30.789926528930664, 34.006011962890625, 34.970603942871094, 32.6801872253418, 33.17444610595703, 32.64834213256836, 28.78032875061035, 32.01616668701172, 30.522783279418945, 32.3094482421875, 33.54930877685547, 33.92303466796875, 31.225948333740234, 23.00829315185547, 27.320159912109375, 33.109275817871094, 32.534332275390625, 27.303823471069336, 35.224281311035156, 34.094303131103516, 32.64491271972656, 28.527559280395508, 28.932947158813477, 32.23130798339844, 26.09432601928711, 36.00175094604492, 34.950626373291016, 33.18994140625, 32.942169189453125, 33.43232345581055, 35.13733673095703, 29.922657012939453, 34.02408981323242, 28.351608276367188, 34.97893524169922, 26.79121208190918, 34.61815643310547, 32.035057067871094, 25.611371994018555, 26.372812271118164, 30.825950622558594, 35.01264190673828, 32.93440628051758, 32.79743957519531, 23.814531326293945, 30.819408416748047, 34.31649398803711, 28.06003189086914, 35.458702087402344, 31.446025848388672, 33.36650466918945, 29.81118392944336, 31.35637092590332, 32.5894775390625, 26.2008056640625, 36.124088287353516, 29.876598358154297, 34.4649658203125, 15.207480430603027, 30.816911697387695, 31.185691833496094, 32.72154998779297, 26.31035614013672, 29.40569305419922, 30.23074722290039, 33.65559387207031, 27.37314224243164, 35.160701751708984, 33.50497055053711, 32.13877868652344, 36.12096405029297, 35.988040924072266, 30.917634963989258, 35.593841552734375, 34.25056076049805, 30.55248260498047, 33.6848258972168, 24.518272399902344, 33.53117752075195, 29.949207305908203, 33.87294387817383, 35.21945571899414, 32.67544174194336, 32.98908233642578, 27.80178451538086, 34.567203521728516, 30.957399368286133, 25.953323364257812, 32.21531295776367, 28.964988708496094, 26.998727798461914, 27.809446334838867, 32.73554229736328, 34.40687561035156], "labels": [30.0, 26.0, 23.0, 26.0, 26.0, 38.0, 27.0, 39.0, 25.0, 24.0, 25.0, 27.0, 30.0, 27.0, 20.0, 21.0, 21.0, 26.0, 22.0, 24.0, 38.0, 30.0, 34.0, 24.0, 23.0, 22.0, 23.0, 39.0, 34.0, 37.0, 31.0, 28.0, 26.0, 29.0, 34.0, 26.0, 34.0, 19.0, 26.0, 31.0, 18.0, 19.0, 25.0, 26.0, 29.0, 29.0, 18.0, 27.0, 35.0, 22.0, 36.0, 14.0, 24.0, 29.0, 28.0, 24.0, 25.0, 37.0, 24.0, 36.0, 13.0, 23.0, 29.0, 31.0, 23.0, 28.0, 26.0, 26.0, 21.0, 38.0, 32.0, 29.0, 36.0, 40.0, 29.0, 34.0, 36.0, 25.0, 37.0, 17.0, 32.0, 25.0, 25.0, 36.0, 31.0, 27.0, 19.0, 28.0, 24.0, 20.0, 25.0, 23.0, 22.0, 23.0, 27.0, 30.0]}}}