{"best": {"aes": {"rmse_aes": 19.59494897458158, "pearson_aes": NaN, "spearman_aes": NaN, "kappa_aes": 0.0, "aes": 406.45372178819446, "aes_weight_coef": 1.0}}, "train": {}, "eval": {"rmse_aes": [19.59494897458158, 16.74756736538856, 14.882663433877552], "pearson_aes": [NaN, NaN, NaN], "spearman_aes": [NaN, NaN, NaN], "kappa_aes": [0.0, 0.0, 0.0], "aes": [406.45372178819446, 305.9409993489583, 256.351806640625], "total_loss": [406.45372178819446, 305.9409993489583, 256.351806640625], "aes_weight_coef": [1.0, 1.0, 1.0], "epoch": [0.99, 1.99, 2.99], "step": [132, 265, 398]}, "test": {"rmse_aes": 14.703250219264762, "pearson_aes": NaN, "spearman_aes": NaN, "kappa_aes": 0.0, "aes": 258.10718472798663, "total_loss": 258.10718472798663, "aes_weight_coef": 1.0}, "info": {"tasks": ["aes"], "outputs": ["loss", "labels", "preds"], "map_out_to_task": {"aes_loss": "aes", "aes_labels": "aes", "aes_preds": "aes"}, "map_out_to_out": {"aes_loss": "loss", "aes_labels": "labels", "aes_preds": "preds"}, "map_task_index": {"aes": 0}, "map_index_task": {"0": "aes"}, "optimizer_weighting": "fixed", "epochs_to_avg_over": 2, "temp": 2, "init_task_weightings": {"aes": 1.0, "ged": 1.0, "ner": 1.0}, "metrics_to_track_by_task": {"aes": "pearson_aes", "ged": "f_0_5_ged", "ner": "f1_score_avg_ner"}, "regression_tasks": ["aes"], "classification_tasks": ["ner", "ged"], "fce_tasks": ["aes", "ged"], "task_priorities_priority_as_key": {"primary_task": "aes"}, "early_stopping_patience": 2, "early_stopping_metric": null, "pretrained_model": "distilroberta-base", "frozen_layers": null, "scoring": "script", "learning_rate": 1e-05, "batch_size": 8, "weight_decay": 0.01, "adam_epsilon": 1e-08, "normalized_values": null, "model_name": "distilroberta-base_1630608143", "runtime": 196.04552149772644, "steps_per_sec": 0.4925766871802172}, "preds": {"aes": {"preds": [13.657441139221191, 13.654129028320312, 13.654874801635742, 13.656625747680664, 13.651618003845215, 13.656648635864258, 13.657089233398438, 13.654582977294922, 13.656099319458008, 13.654584884643555, 13.655928611755371, 13.655915260314941, 13.656194686889648, 13.654834747314453, 13.657374382019043, 13.655630111694336, 13.656954765319824, 13.656437873840332, 13.65555191040039, 13.656641006469727, 13.657170295715332, 13.655094146728516, 13.65634536743164, 13.656341552734375, 13.657197952270508, 13.655876159667969, 13.655153274536133, 13.653623580932617, 13.656353950500488, 13.656947135925293, 13.657098770141602, 13.65585708618164, 13.652958869934082, 13.655664443969727, 13.655763626098633, 13.654062271118164, 13.656195640563965, 13.656841278076172, 13.656990051269531, 13.656230926513672, 13.655548095703125, 13.654901504516602, 13.657812118530273, 13.654753684997559, 13.656389236450195, 13.657349586486816, 13.655338287353516, 13.654142379760742, 13.657208442687988, 13.656293869018555, 13.656331062316895, 13.655851364135742, 13.65546989440918, 13.656344413757324, 13.655906677246094, 13.655524253845215, 13.655851364135742, 13.655424118041992, 13.656410217285156, 13.654823303222656, 13.651188850402832, 13.656876564025879, 13.652700424194336, 13.655933380126953, 13.656187057495117, 13.657811164855957, 13.655322074890137, 13.654714584350586, 13.656864166259766, 13.65578842163086, 13.655202865600586, 13.655481338500977, 13.656257629394531, 13.656915664672852, 13.651487350463867, 13.656410217285156, 13.656698226928711, 13.656328201293945, 13.655768394470215, 13.657005310058594, 13.65556526184082, 13.655953407287598, 13.654329299926758, 13.655866622924805, 13.654842376708984, 13.656013488769531, 13.656665802001953, 13.655566215515137, 13.655363082885742, 13.656412124633789, 13.655570983886719, 13.655747413635254, 13.657033920288086, 13.65609359741211, 13.655715942382812, 13.65606689453125, 13.654012680053711], "labels": [30.0, 26.0, 23.0, 26.0, 26.0, 38.0, 27.0, 39.0, 25.0, 24.0, 25.0, 27.0, 30.0, 27.0, 20.0, 21.0, 21.0, 26.0, 22.0, 24.0, 38.0, 30.0, 34.0, 24.0, 23.0, 22.0, 23.0, 39.0, 34.0, 37.0, 31.0, 28.0, 26.0, 29.0, 34.0, 26.0, 34.0, 19.0, 26.0, 31.0, 18.0, 19.0, 25.0, 26.0, 29.0, 29.0, 18.0, 27.0, 35.0, 22.0, 36.0, 14.0, 24.0, 29.0, 28.0, 24.0, 25.0, 37.0, 24.0, 36.0, 13.0, 23.0, 29.0, 31.0, 23.0, 28.0, 26.0, 26.0, 21.0, 38.0, 32.0, 29.0, 36.0, 40.0, 29.0, 34.0, 36.0, 25.0, 37.0, 17.0, 32.0, 25.0, 25.0, 36.0, 31.0, 27.0, 19.0, 28.0, 24.0, 20.0, 25.0, 23.0, 22.0, 23.0, 27.0, 30.0, 34.0]}}}