{"best": {"aes": {"rmse_aes": 0.9646530752325188, "pearson_aes": NaN, "spearman_aes": NaN, "kappa_aes": 0.0, "aes": 0.00011553521657925706, "aes_weight_coef": 0.800000011920929}, "ged": {"f1_score_avg_ged": 0.8137568320099, "f1_score_macro_ged": 0.6972808557843464, "f1_score_weighted_ged": 0.8344894912305417, "f_0_5_ged": 0.617186471904198, "ged": 0.020899596775687018, "ged_weight_coef": 0.20000000298023224}, "ner": {"f1_score_avg_ner": 0.9803161870643666, "f1_score_macro_ner": 0.8817470656872455, "f1_score_weighted_ner": 0.9800021296620242, "ner": 0.0011168757756782133, "ner_weight_coef": 0.019999999552965164}}, "train": {"loss": [0.0579, 0.0437], "learning_rate": [6.119496855345911e-05, 5.238993710691823e-05], "epoch": [1.89, 3.77], "step": [500, 1000]}, "eval": {"rmse_aes": [0.9646530752325188, 0.26352313834736496, 0.26352313834736496, 0.9646530752325188, 0.9646530752325188], "pearson_aes": [NaN, NaN, NaN, NaN, NaN], "spearman_aes": [NaN, NaN, NaN, NaN, NaN], "kappa_aes": [0.0, 0.0, 0.0, 0.0, 0.0], "f1_score_avg_ged": [0.7811006840603623, 0.8221786806916228, 0.7952287649101096, 0.8137568320099, 0.8422192430648654], "f1_score_macro_ged": [0.6634732248913804, 0.6988623965711941, 0.6823832578160249, 0.6972808557843464, 0.7155955867543675], "f1_score_weighted_ged": [0.8088541714321704, 0.8396732179908306, 0.8207198751343038, 0.8344894912305417, 0.8542612434537777], "f_0_5_ged": [0.5841052319925559, 0.5963736164851975, 0.6163305250616968, 0.617186471904198, 0.5937660398488172], "f1_score_avg_ner": [0.9515011097698688, 0.9686928079124645, 0.9750593824228029, 0.9784276313227678, 0.9803161870643666], "f1_score_macro_ner": [0.6591652969312468, 0.7962439061363095, 0.8455982740049027, 0.8692065648877201, 0.8817470656872455], "f1_score_weighted_ner": [0.9457108738334596, 0.9673878935249147, 0.974531464385366, 0.9780345904349946, 0.9800021296620242], "aes": [0.00011553521657925706, 2.729467448875238e-06, 3.596625529733205e-05, 2.3523658117398534e-05, 0.00013247065024103884], "ged": [0.02116336015074752, 0.020543631945931635, 0.020106983392737632, 0.020899596775687018, 0.023881277026132096], "ner": [0.0026736721872936847, 0.0017170113373309547, 0.0013869833850929903, 0.0012225017579662245, 0.0011168757756782133], "total_loss": [0.02395256755462046, 0.022263372750711465, 0.021529933033127956, 0.02214562219177064, 0.02513062345205135], "aes_weight_coef": [0.800000011920929, 0.800000011920929, 0.800000011920929, 0.800000011920929, 0.800000011920929], "ged_weight_coef": [0.20000000298023224, 0.20000000298023224, 0.20000000298023224, 0.20000000298023224, 0.20000000298023224], "ner_weight_coef": [0.019999999552965164, 0.019999999552965164, 0.019999999552965164, 0.019999999552965164, 0.019999999552965164], "epoch": [1.0, 2.0, 3.0, 4.0, 5.0], "step": [264, 529, 794, 1059, 1324]}, "test": {"rmse_aes": 0.9574271077563381, "pearson_aes": NaN, "spearman_aes": NaN, "kappa_aes": 0.0, "f1_score_avg_ged": 0.8222044088176352, "f1_score_macro_ged": 0.7032164820307797, "f1_score_weighted_ged": 0.8341950898813569, "f_0_5_ged": 0.5753464766738239, "f1_score_avg_ner": 0.9740066759987078, "f1_score_macro_ner": 0.8572156152365115, "f1_score_weighted_ner": 0.9741020897105663, "aes": 0.00017640936476666304, "ged": 0.03597900785860561, "ner": 0.0013347856223671919, "total_loss": 0.037490202845739465, "aes_weight_coef": 0.800000011920929, "ged_weight_coef": 0.20000000298023224, "ner_weight_coef": 0.019999999552965164}, "info": {"tasks": ["aes", "ged", "ner"], "outputs": ["loss", "labels", "preds"], "map_out_to_task": {"aes_loss": "aes", "aes_labels": "aes", "aes_preds": "aes", "ged_loss": "ged", "ged_labels": "ged", "ged_preds": "ged", "ner_loss": "ner", "ner_labels": "ner", "ner_preds": "ner"}, "map_out_to_out": {"aes_loss": "loss", "aes_labels": "labels", "aes_preds": "preds", "ged_loss": "loss", "ged_labels": "labels", "ged_preds": "preds", "ner_loss": "loss", "ner_labels": "labels", "ner_preds": "preds"}, "map_task_index": {"aes": 0, "ged": 1, "ner": 2}, "map_index_task": {"0": "aes", "1": "ged", "2": "ner"}, "optimizer_weighting": "fixed", "epochs_to_avg_over": 2, "temp": 2, "init_task_weightings": {"aes": 0.8, "ged": 0.19999999999999996, "ner": 0.019999999999999997}, "metrics_to_track_by_task": {"aes": "pearson_aes", "ged": "f_0_5_ged", "ner": "f1_score_avg_ner"}, "regression_tasks": ["aes"], "classification_tasks": ["ner", "ged"], "fce_tasks": ["aes", "ged"], "task_priorities_priority_as_key": {"primary_task": "aes", "secondary_task": "ged", "aux_task": "ner"}, "early_stopping_patience": 2, "early_stopping_metric": "loss", "pretrained_model": "distilroberta-base", "frozen_layers": null, "scoring": "script", "learning_rate": 7e-05, "batch_size": 8, "weight_decay": 0.01, "adam_epsilon": 1e-08, "normalized_values": [40, 0], "model_name": "distilroberta-base_1630671535", "runtime": 372.07418394088745, "steps_per_sec": 0.2810227975384346}, "preds": {"aes": {"preds": [-0.010056919418275356, -0.010678937658667564, -0.010186121799051762, -0.009462629444897175, -0.010595490224659443, -0.010843128897249699, -0.009985394775867462, -0.011276472359895706, -0.010433572344481945, -0.010290024802088737, -0.010433465242385864, -0.010178827680647373, -0.009753020480275154, -0.010195327922701836, -0.009871723130345345, -0.011584971100091934, -0.009729915298521519, -0.009804111905395985, -0.011026507243514061, -0.010467025451362133, -0.010073414072394371, -0.009932108223438263, -0.010087362490594387, -0.010441332124173641, -0.011007489636540413, -0.011288400739431381, -0.010947519913315773, -0.010021505877375603, -0.009531116113066673, -0.009538986720144749, -0.01037906575948, -0.009382079355418682, -0.010181164368987083, -0.011479511857032776, -0.010597065091133118, -0.01047715824097395, -0.009338187985122204, -0.009965312667191029, -0.009603746235370636, -0.0105336494743824, -0.011574323289096355, -0.011447306722402573, -0.011162308976054192, -0.011591214686632156, -0.009332100860774517, -0.010182974860072136, -0.011136125773191452, -0.01121110562235117, -0.009342688135802746, -0.010663428343832493, -0.010322317481040955, -0.010131544433534145, -0.010587051510810852, -0.009337807074189186, -0.010582766495645046, -0.011073515750467777, -0.010763701051473618, -0.00983448326587677, -0.01103505864739418, -0.011354143731296062, -0.011887769214808941, -0.01005775947123766, -0.010163513943552971, -0.010363159701228142, -0.011186424642801285, -0.010778164491057396, -0.010787409730255604, -0.0097733736038208, -0.01098865270614624, -0.010271641425788403, -0.009640813805162907, -0.010116911493241787, -0.009770862758159637, -0.009390591643750668, -0.01139979250729084, -0.009524261578917503, -0.009524913504719734, -0.010486512444913387, -0.010262740775942802, -0.010296368971467018, -0.009925419464707375, -0.010571496561169624, -0.010387890040874481, -0.010224353522062302, -0.011219598352909088, -0.0107193598523736, -0.011286333203315735, -0.010137902572751045, -0.011059684678912163, -0.010809075087308884, -0.01046727690845728, -0.010856512002646923, -0.011392711661756039, -0.011249834671616554, -0.010990075767040253, -0.010155203752219677],