{"best": {"aes": {"rmse_aes": 5.5113519212621505, "pearson_aes": 0.5002221602685948, "spearman_aes": 0.47454967323086056, "kappa_aes": 0.177635316075631, "aes": 3.797577225884726, "aes_weight_coef": 0.6000000238418579}, "ged": {"f1_score_avg_ged": 0.7900725310233405, "f1_score_macro_ged": 0.6639468386676881, "f1_score_weighted_ged": 0.8143819100628235, "f_0_5_ged": 0.5605994787141616, "ged": 0.044140243599581165, "ged_weight_coef": 0.4000000059604645}, "ner": {"f1_score_avg_ner": 0.9881429850862505, "f1_score_macro_ner": 0.9348437182120701, "f1_score_weighted_ner": 0.9880856977628979, "ner": 0.0016106816137623757, "ner_weight_coef": 0.03999999910593033}}, "train": {"loss": [103.0361, 10.2365, 8.988, 8.7346, 8.3499, 8.2674, 7.8049, 7.9102, 7.5918, 7.6162], "learning_rate": [6.339622641509433e-05, 5.679245283018868e-05, 5.0188679245283013e-05, 4.3584905660377356e-05, 3.69811320754717e-05, 3.0377358490566036e-05, 2.3773584905660375e-05, 1.7169811320754714e-05, 1.0566037735849056e-05, 3.9622641509433956e-06], "epoch": [1.89, 3.77, 5.66, 7.55, 9.43, 11.32, 13.21, 15.09, 16.98, 18.87], "step": [500, 1000, 1500, 2000, 2500, 3000, 3500, 4000, 4500, 5000]}, "eval": {"rmse_aes": [16.53447576698121, 6.306962642808167, 5.803495115493384, 5.7566386797235145, 5.744562646538029, 5.678908345800274, 5.689903338370521, 5.710613899670605, 5.678908345800274, 5.632248416238601, 5.57150488348226, 5.5665169640549115, 5.576488341440536, 5.569011482201208, 5.559026693385973, 5.547772325697746, 5.547772325697746, 5.5113519212621505, 5.5113519212621505, 5.5113519212621505], "pearson_aes": [0.17492034546816693, 0.13213398359010115, 0.18704917839304744, 0.2570855000703394, 0.3025612917290786, 0.4059839948839608, 0.3918618782031494, 0.3612741230569227, 0.37506251474077074, 0.4220512043723294, 0.47601514621134156, 0.46842591139177636, 0.4646959490212402, 0.44966445745223077, 0.46742339347758805, 0.4696184852986423, 0.4696184852986423, 0.5002221602685948, 0.5002221602685948, 0.5002221602685948], "spearman_aes": [0.20204737395364117, 0.17507022248242127, 0.20124996923466185, 0.24972619970401108, 0.30418072556415465, 0.40017537975834194, 0.37965004360510385, 0.3717420317845653, 0.36262689946565685, 0.42166582603324426, 0.46372657812854223, 0.46952949915470477, 0.46436188173036497, 0.4532101630707299, 0.4655975133736655, 0.4704200352312923, 0.4704200352312923, 0.47454967323086056, 0.47454967323086056, 0.47454967323086056], "kappa_aes": [0.006670633115178792, 0.029478757468722083, 0.04948004025494812, 0.05799115603284899, 0.07046149976945981, 0.09100844928328222, 0.08689075630252108, 0.0880621320305649, 0.09099307159353354, 0.11603683179867497, 0.1472407819846573, 0.15090145714991354, 0.15419149457187176, 0.1564414672003922, 0.16350614470578662, 0.16834099320779283, 0.16834099320779283, 0.177635316075631, 0.177635316075631, 0.177635316075631], "f1_score_avg_ged": [0.6699666563541989, 0.6607541851431714, 0.7790038156130762, 0.7681413495582826, 0.7786256917947132, 0.7694475954762642, 0.8008662472929772, 0.7900725310233405, 0.8191880650372968, 0.8190849403595614, 0.8223505551545152, 0.8299474064143549, 0.8380942559554502, 0.8574129455845451, 0.8549035784263174, 0.8562441992368773, 0.8536660822934928, 0.8480973496957822, 0.8373036334261456, 0.8355161390120656], "f1_score_macro_ged": [0.5352123608490927, 0.5542872421026646, 0.6370291639163406, 0.6404141956910182, 0.6498737575254905, 0.6480353248803787, 0.6677434022339643, 0.6639468386676881, 0.6804871568242903, 0.6817041842263708, 0.6843034944858063, 0.688479027504556, 0.6941579140449218, 0.7009270919343714, 0.7014004910540149, 0.6994780104033317, 0.6998880508864587, 0.6968558291107612, 0.6936189527304547, 0.6926455577899894], "f1_score_weighted_ged": [0.7180821297173282, 0.713463484064407, 0.8029055611416628, 0.7970121948694956, 0.8050168824481628, 0.7990865150979098, 0.8214195354706016, 0.8143819100628235, 0.834312231477803, 0.8345036156371718, 0.83684632177877, 0.8418759531567492, 0.847470276624072, 0.8590043523554969, 0.8578399928410048, 0.8580796417409492, 0.8568636374029458, 0.853315874033663, 0.8469321370266248, 0.8457664585179149], "f_0_5_ged": [0.37989514655651757, 0.46987680288461536, 0.4932002825856588, 0.5326752893124574, 0.5398474203698117, 0.5575433574675871, 0.5444087747458535, 0.5605994787141616, 0.5379469434832757, 0.5425678785089738, 0.5422355936125897, 0.5344194368584613, 0.5295666746468757, 0.4924491135915956, 0.5019015212169737, 0.4914023498562856, 0.5007992806474174, 0.5080319306198876, 0.530114722753346, 0.5321782178217822], "f1_score_avg_ner": [0.9744168840777229, 0.9824578482146333, 0.9849304933608505, 0.9855145827654687, 0.9863323079319342, 0.9868969276897317, 0.9868385187492699, 0.9872473813325027, 0.9873641992134262, 0.9871110938047584, 0.9870137455706554, 0.9869553366301935, 0.9875978349752735, 0.9876367742689147, 0.987773061796659, 0.9878509403839414, 0.9879482886180445, 0.9878509403839414, 0.9881429850862505, 0.9880456368521475], "f1_score_macro_ner": [0.8428380309260824, 0.9041794249876379, 0.9187595179993218, 0.9235505604690645, 0.9258442562966557, 0.9275638783309701, 0.9264979613858393, 0.9298634822343573, 0.9307883840022971, 0.9292695096805801, 0.9300251229839278, 0.9290216092242558, 0.9322587402937691, 0.9326846499597673, 0.9331961768602048, 0.9349642735120008, 0.933998104301393, 0.9329681915136216, 0.9348437182120701, 0.9345041010796081], "f1_score_weighted_ner": [0.9735487730414366, 0.9822413494676124, 0.9848808832077626, 0.9855036196702786, 0.9862709793664505, 0.9868226276383929, 0.9867620889095604, 0.9871724879186313, 0.9872952474282407, 0.9870359380936282, 0.9869462222669907, 0.9869001382972673, 0.9875574015509591, 0.9876022262726984, 0.9876980216093684, 0.9878080339341434, 0.9878956665050094, 0.9877790574325804, 0.9880856977628979, 0.9879922891316488], "aes": [34.46327049787654, 5.0070045382477515, 4.213589635006217, 4.1660278564275695, 4.154461417087289, 4.119430508724479, 4.088724269423374, 4.077820434126743, 3.99507560286411, 3.9789004214974337, 3.953408119290374, 3.9107655702635298, 3.9100249423537146, 3.8513047417929007, 3.8631271650624828, 3.8247299083443576, 3.8109768601351006, 3.797577225884726, 3.7898435925328453, 3.779328002486118], "ged": [0.05576403889545174, 0.05153283650098845, 0.04832961462264837, 0.046535147483958754, 0.0453330936820008, 0.04443671848884849, 0.045223887230074686, 0.044140243599581165, 0.046479104563247324, 0.046614797655926195, 0.04725618972334751, 0.04831261274426482, 0.049944406678510266, 0.055041847880496535, 0.05463493736677392, 0.05610650500585867, 0.05596384440743646, 0.05495869039103042, 0.05233247058336125, 0.05261770826439525], "ner": [0.00291207623343135, 0.0020173377070446, 0.001703963455267597, 0.0016622322348899445, 0.001597145880940695, 0.0015260529498634643, 0.0015750996711620584, 0.001537668568807719, 0.0015744869312986213, 0.0016228398125412938, 0.0016110342491396465, 0.0016425812375314838, 0.0015898666867098317, 0.0016161755054274055, 0.0016145930486070642, 0.0016096426951726032, 0.0016011966627259024, 0.0016190510075322765, 0.0016106816137623757, 0.0016163735275514163], "total_loss": [34.521946613005426, 5.060554712455785, 4.263623213084133, 4.214225236146419, 4.20139165665023, 4.16539328016319, 4.1355232563246105, 4.123498346295132, 4.043129194358656, 4.027138058965901, 4.002275343262861, 3.9607207642453264, 3.9615592157189345, 3.9079627651788247, 3.919376695477864, 3.8824460560453886, 3.868541901205263, 3.8541549672832884, 3.843786744729969, 3.8335620842780647], "aes_weight_coef": [0.6000000238418579, 0.6000000238418579, 0.6000000238418579, 0.6000000238418579, 0.6000000238418579, 0.6000000238418579, 0.6000000238418579, 0.6000000238418579, 0.6000000238418579, 0.6000000238418579, 0.6000000238418579, 0.6000000238418579, 0.6000000238418579, 0.6000000238418579, 0.6000000238418579, 0.6000000238418579, 0.6000000238418579, 0.6000000238418579, 0.6000000238418579, 0.6000000238418579],