{"best": {"aes": {"rmse_aes": 28.396253665267576, "pearson_aes": NaN, "spearman_aes": NaN, "kappa_aes": 0.0, "aes": 0.0, "aes_weight_coef": 0.0}, "ged": {"f1_score_avg_ged": 0.45972981334433327, "f1_score_macro_ged": 0.40997176916532896, "f1_score_weighted_ged": 0.5351737986531481, "f_0_5_ged": 0.380162993146879, "ged": 0.14348916952000107, "ged_weight_coef": 1.0}, "ner": {"f1_score_avg_ner": 0.8957595109224719, "f1_score_macro_ner": 0.3536531103325908, "f1_score_weighted_ner": 0.8769223300343327, "ner": 0.0277797840968814, "ner_weight_coef": 0.10000000149011612}}, "train": {"loss": [0.3992, 0.389, 0.3845, 0.3838, 0.3809, 0.3777, 0.3717, 0.3675, 0.3634, 0.3581], "learning_rate": [0.0004528301886792453, 0.0004056603773584906, 0.0003584905660377358, 0.00031132075471698115, 0.0002641509433962264, 0.00021698113207547172, 0.00016981132075471697, 0.00012264150943396227, 7.547169811320755e-05, 2.830188679245283e-05], "epoch": [1.89, 3.77, 5.66, 7.55, 9.43, 11.32, 13.21, 15.09, 16.98, 18.87], "step": [500, 1000, 1500, 2000, 2500, 3000, 3500, 4000, 4500, 5000]}, "eval": {"rmse_aes": [28.396253665267576, 28.396253665267576, 28.396253665267576, 28.396253665267576, 28.396253665267576, 28.396253665267576, 28.396253665267576, 28.396253665267576, 28.396253665267576, 28.396253665267576, 28.396253665267576, 28.396253665267576, 28.396253665267576, 28.396253665267576, 28.396253665267576, 28.396253665267576, 28.396253665267576, 28.396253665267576, 28.396253665267576, 28.396253665267576], "pearson_aes": [NaN, NaN, NaN, NaN, NaN, NaN, NaN, NaN, NaN, NaN, NaN, NaN, NaN, NaN, NaN, NaN, NaN, NaN, NaN, NaN], "spearman_aes": [NaN, NaN, NaN, NaN, NaN, NaN, NaN, NaN, NaN, NaN, NaN, NaN, NaN, NaN, NaN, NaN, NaN, NaN, NaN, NaN], "kappa_aes": [0.0, 0.0, 0.0, 0.0, 0.0, 0.0, 0.0, 0.0, 0.0, 0.0, 0.0, 0.0, 0.0, 0.0, 0.0, 0.0, 0.0, 0.0, 0.0, 0.0], "f1_score_avg_ged": [0.8115224639923, 0.7514351517651507, 0.37654257330445845, 0.6605135608951223, 0.7242446117355883, 0.7171977587570039, 0.6820322436492386, 0.6605479357877007, 0.6766010106218419, 0.6054106080918498, 0.5729607094977828, 0.5277921006496855, 0.6805884981609432, 0.5766731978962566, 0.584166924478361, 0.4527860850434842, 0.43920800247499225, 0.45972981334433327, 0.5967481351620776, 0.5629232408648723], "f1_score_macro_ged": [0.49493585381692823, 0.5074778026179508, 0.35106660085705454, 0.4869903262253566, 0.4937662628736361, 0.49560312088439695, 0.48916716044258934, 0.4860787830264435, 0.48998905529040215, 0.47270673131023727, 0.45477938329734613, 0.4390271800868413, 0.4915908572591365, 0.45333619312185974, 0.45803808022269, 0.40126011638977405, 0.3940572845566571, 0.40997176916532896, 0.48044081332402233, 0.46484296989066587], "f1_score_weighted_ged": [0.7871241819038454, 0.7607649654010918, 0.4450191939025896, 0.7050045941711696, 0.7433601424272823, 0.739895062449484, 0.7185228568746871, 0.704880598970163, 0.7154144308930852, 0.665997556906149, 0.6402622872432027, 0.6020824787737044, 0.7180960640387332, 0.6430723858045455, 0.6490827462012277, 0.5296040952592278, 0.5149197465627079, 0.5351737986531481, 0.66006481363727, 0.6322504148961828], "f_0_5_ged": [0.08085345311622684, 0.17011979575805186, 0.36988995951878667, 0.23993646281820843, 0.16970725498515063, 0.18344155844155843, 0.214002699525406, 0.23710865561694294, 0.22434932243493225, 0.28745047241694605, 0.28610154590079856, 0.32302699009224467, 0.22311188054533654, 0.273645648312611, 0.27603700387943897, 0.35888943914819854, 0.3674660344670375, 0.380162993146879, 0.33200384075633355, 0.3453924193321121], "f1_score_avg_ner": [0.8325026284023208, 0.8325026284023208, 0.8325026284023208, 0.8325026284023208, 0.8325026284023208, 0.8325026284023208, 0.8320548265254468, 0.8325026284023208, 0.8325026284023208, 0.8325026284023208, 0.8324636891086795, 0.846306607998131, 0.8529262879171372, 0.8685020053736225, 0.8808457614578872, 0.8901911919317783, 0.8950196643432888, 0.8942992874109263, 0.8909894474514233, 0.8957595109224719], "f1_score_macro_ner": [0.10095515347265754, 0.10095515347265754, 0.10095515347265754, 0.10095515347265754, 0.10095515347265754, 0.10095515347265754, 0.10299377971240678, 0.10095515347265754, 0.10095515347265754, 0.10095515347265754, 0.10095364920159328, 0.16918365462530258, 0.19051068862697818, 0.2432624899530666, 0.30113370308896237, 0.331836118206758, 0.34824177310751264, 0.3503765901458773, 0.3504180327555606, 0.3536531103325908], "f1_score_weighted_ner": [0.7564088755507238, 0.7564088755507238, 0.7564088755507238, 0.7564088755507238, 0.7564088755507238, 0.7564088755507238, 0.7567925356835392, 0.7564088755507238, 0.7564088755507238, 0.7564088755507238, 0.7563976047641903, 0.8112331348124739, 0.8212733177261816, 0.8378633947218148, 0.847947228548086, 0.8619292948011247, 0.8746952133089249, 0.8753771541204893, 0.8784471866097957, 0.8769223300343327], "aes": [0.0, 0.0, 0.0, 0.0, 0.0, 0.0, 0.0, 0.0, 0.0, 0.0, 0.0, 0.0, 0.0, 0.0, 0.0, 0.0, 0.0, 0.0, 0.0, 0.0], "ged": [0.14640557350114333, 0.14541434964468314, 0.14524147954098013, 0.1452070530070815, 0.1453002275422562, 0.14524275618930196, 0.14514143661011097, 0.145193197006403, 0.14515244267707647, 0.14528732244358505, 0.14513707022334255, 0.14491947029912194, 0.14512869923613791, 0.14511533947878105, 0.1449402321216672, 0.14477972374405973, 0.14401570724886517, 0.14348916952000107, 0.14395262058391128, 0.1432367812755496], "ner": [0.06242172316063282, 0.063326244264148, 0.06161881974616716, 0.06082915514707565, 0.06138649816776431, 0.05948726650933887, 0.061890915902548055, 0.058405607765497164, 0.05409039453018543, 0.050836375199778135, 0.046505476326443425, 0.04112932376217011, 0.03818072404625804, 0.0341842454359975, 0.031973263465387876, 0.02923798764687638, 0.027962591152551564, 0.028208161682583565, 0.02888787373207336, 0.0277797840968814], "total_loss": [0.20882729666177616, 0.20874059390883112, 0.2068602992871473, 0.20603620815415716, 0.2066867257100205, 0.20473002269864082, 0.20703235251265903, 0.20359880477190018, 0.1992428372072619, 0.1961236976433632, 0.19164254654978596, 0.18604879406129204, 0.18330942328239597, 0.17929958491477854, 0.17691349558705508, 0.1740177113909361, 0.17197829840141673, 0.17169733120258465, 0.17284049431598464, 0.171016565372431], "aes_weight_coef": [0.0, 0.0, 0.0, 0.0, 0.0, 0.0, 0.0, 0.0, 0.0, 0.0, 0.0, 0.0, 0.0, 0.0, 0.0, 0.0, 0.0, 0.0, 0.0, 0.0], "ged_weight_coef": [1.0, 1.0, 1.0, 1.0, 1.0, 1.0, 1.0, 1.0, 1.0, 1.0, 1.0, 1.0, 1.0, 1.0, 1.0, 1.0, 1.0, 1.0, 1.0, 1.0], "ner_weight_coef": [0.10000000149011612, 0.10000000149011612, 0.10000000149011612, 0.10000000149011612, 0.10000000149011612, 0.10000000149011612, 0.10000000149011612, 0.10000000149011612, 0.10000000149011612, 0.10000000149011612, 0.10000000149011612, 0.10000000149011612, 0.10000000149011612, 0.10000000149011612, 0.10000000149011612, 0.10000000149011612, 0.10000000149011612, 0.10000000149011612, 0.10000000149011612, 0.10000000149011612], "epoch": [1.0, 2.0, 3.0, 4.0, 5.0, 6.0, 7.0, 8.0, 9.0, 10.0, 11.0, 12.0, 13.0, 14.0, 15.0, 16.0, 17.0, 18.0, 19.0, 20.0], "step": [264, 529, 794, 1059, 1324, 1589, 1854, 2119, 2384, 2649, 2914, 3179, 3444, 3709, 3974, 4239, 4504, 4769, 5034, 5299]}, "test": {"rmse_aes": 28.024171114712146, "pearson_aes": NaN, "spearman_aes": NaN, "kappa_aes": 0.0, "f1_score_avg_ged": 0.5389178356713427, "f1_score_macro_ged": 0.46212556088106627, "f1_score_weighted_ged": 0.6037793681015148, "f_0_5_ged": 0.3740010919739911, "f1_score_avg_ner": 0.8856681382577797, "f1_score_macro_ner": 0.3484029699040344, "f1_score_weighted_ner": 0.8670265658720216, "aes": 0.0, "ged": 0.1969537947859083, "ner": 0.026475548034622556, "total_loss": 0.22342934282053084, "aes_weight_coef": 0.0, "ged_weight_coef": 1.0, "ner_weight_coef": 0.10000000149011612}, "info": {"tasks": ["aes", "ged", "ner"], "outputs": ["loss", "labels", "preds"], "map_out_to_task": {"aes_loss": "aes", "aes_labels": "aes", "aes_preds": "aes", "ged_loss": "ged", "ged_labels": "ged", "ged_preds": "ged", "ner_loss": "ner", "ner_labels": "ner",