{"best": {"aes": {"rmse_aes": 6.091888960832355, "pearson_aes": 0.6071646143640043, "spearman_aes": 0.5859760290968941, "kappa_aes": 0.40556293790770714, "aes": 0.002956499101940629, "aes_weight_coef": 0.6000000238418579}, "ged": {"f1_score_avg_ged": 0.8008318724003988, "f1_score_macro_ged": 0.6846206090044644, "f1_score_weighted_ged": 0.8245097774742177, "f_0_5_ged": 0.6079886123452529, "ged": 0.040125713445419486, "ged_weight_coef": 0.4000000059604645}, "ner": {"f1_score_avg_ner": 0.982477317861454, "f1_score_macro_ner": 0.8999599604164195, "f1_score_weighted_ner": 0.9822238885237119, "ner": 0.002044038408500857, "ner_weight_coef": 0.03999999910593033}}, "train": {"loss": [0.123, 0.0919], "learning_rate": [6.119496855345911e-05, 5.238993710691823e-05], "epoch": [1.89, 3.77], "step": [500, 1000]}, "eval": {"rmse_aes": [5.923118547972287, 6.69991708074726, 5.532730890899277, 5.7506038330287055, 6.091888960832355], "pearson_aes": [0.2150231386739805, 0.4261738431951205, 0.5759300869276692, 0.5744899518570002, 0.6071646143640043], "spearman_aes": [0.18549253613780967, 0.461030297134236, 0.5785362692329642, 0.5364885912689531, 0.5859760290968941], "kappa_aes": [0.030827650973827003, 0.1344456966931472, 0.41335601871544025, 0.46204091693369487, 0.40556293790770714], "f1_score_avg_ged": [0.7967756350761404, 0.8330411467464164, 0.8008318724003988, 0.8218349317658382, 0.8459661063559176], "f1_score_macro_ged": [0.6739952290850755, 0.7039944735965298, 0.6846206090044644, 0.6993095131093698, 0.7172475421807283], "f1_score_weighted_ged": [0.8201859583827882, 0.8468071105783677, 0.8245097774742177, 0.8395638386010527, 0.8566489340022078], "f_0_5_ged": [0.5791900474139806, 0.5807987427197929, 0.6079886123452529, 0.59918283045977, 0.5871122843405299], "f1_score_avg_ner": [0.9563490518281998, 0.9731902963280246, 0.9781161169736381, 0.981289669405397, 0.982477317861454], "f1_score_macro_ner": [0.6982225885749875, 0.8342209947096804, 0.8707701466912938, 0.891845383267701, 0.8999599604164195], "f1_score_weighted_ner": [0.9521096138444136, 0.9726464739954273, 0.9778022487222323, 0.9810518325440557, 0.9822238885237119], "aes": [0.0027265922967777694, 0.003500595791698542, 0.002433064388284503, 0.0026147100088987933, 0.002956499101940629], "ged": [0.04266955963400907, 0.04186152441557064, 0.040125713445419486, 0.0429912154064622, 0.048656507286914556], "ner": [0.004856806838625046, 0.0030573471665902192, 0.002453063251883831, 0.0022061931451262777, 0.002044038408500857], "total_loss": [0.05025295876941189, 0.048419467373859396, 0.045011841085587825, 0.047812118560487275, 0.05365704479735604], "aes_weight_coef": [0.6000000238418579, 0.6000000238418579, 0.6000000238418579, 0.6000000238418579, 0.6000000238418579], "ged_weight_coef": [0.4000000059604645, 0.4000000059604645, 0.4000000059604645, 0.4000000059604645, 0.4000000059604645], "ner_weight_coef": [0.03999999910593033, 0.03999999910593033, 0.03999999910593033, 0.03999999910593033, 0.03999999910593033], "epoch": [1.0, 2.0, 3.0, 4.0, 5.0], "step": [264, 529, 794, 1059, 1324]}, "test": {"rmse_aes": 5.4743721101145475, "pearson_aes": 0.7434665728235279, "spearman_aes": 0.751153894299132, "kappa_aes": 0.5044999226057537, "f1_score_avg_ged": 0.8257314629258518, "f1_score_macro_ged": 0.7041607914757066, "f1_score_weighted_ged": 0.8363424831424581, "f_0_5_ged": 0.5675995270003943, "f1_score_avg_ner": 0.975471088618499, "f1_score_macro_ner": 0.8633297555932223, "f1_score_weighted_ner": 0.9756477762748673, "aes": 0.003224531343827645, "ged": 0.07378593548422768, "ner": 0.002587446258292489, "total_loss": 0.07959791308634781, "aes_weight_coef": 0.6000000238418579, "ged_weight_coef": 0.4000000059604645, "ner_weight_coef": 0.03999999910593033}, "info": {"tasks": ["aes", "ged", "ner"], "outputs": ["loss", "labels", "preds"], "map_out_to_task": {"aes_loss": "aes", "aes_labels": "aes", "aes_preds": "aes", "ged_loss": "ged", "ged_labels": "ged", "ged_preds": "ged", "ner_loss": "ner", "ner_labels": "ner", "ner_preds": "ner"}, "map_out_to_out": {"aes_loss": "loss", "aes_labels": "labels", "aes_preds": "preds", "ged_loss": "loss", "ged_labels": "labels", "ged_preds": "preds", "ner_loss": "loss", "ner_labels": "labels", "ner_preds": "preds"}, "map_task_index": {"aes": 0, "ged": 1, "ner": 2}, "map_index_task": {"0": "aes", "1": "ged", "2": "ner"}, "optimizer_weighting": "fixed", "epochs_to_avg_over": 2, "temp": 2, "init_task_weightings": {"aes": 0.6, "ged": 0.4, "ner": 0.04000000000000001}, "metrics_to_track_by_task": {"aes": "pearson_aes", "ged": "f_0_5_ged", "ner": "f1_score_avg_ner"}, "regression_tasks": ["aes"], "classification_tasks": ["ner", "ged"], "fce_tasks": ["aes", "ged"], "task_priorities_priority_as_key": {"primary_task": "aes", "secondary_task": "ged", "aux_task": "ner"}, "early_stopping_patience": 2, "early_stopping_metric": "loss", "pretrained_model": "distilroberta-base", "frozen_layers": null, "scoring": "script", "learning_rate": 7e-05, "batch_size": 8, "weight_decay": 0.01, "adam_epsilon": 1e-08, "normalized_values": [40, 0], "model_name": "distilroberta-base_1630671155", "runtime": 372.5713939666748, "steps_per_sec": 0.28139833381168794}, "preds": {"aes": {"preds": [0.902881383895874, 0.7112483978271484, 0.6679883599281311, 0.816843569278717, 0.7337468266487122, 0.8095489740371704, 0.7552638053894043, 0.8115258812904358, 0.7170100808143616, 0.7886316776275635, 0.7893180251121521, 0.8307250738143921, 0.8431043028831482, 0.8672977685928345, 0.7633398771286011, 0.6859398484230042, 0.6143015027046204, 0.7674683928489685, 0.8083359599113464, 0.6880499720573425, 0.8126742243766785, 0.8824166655540466, 0.9110912084579468, 0.7385136485099792, 0.7257645726203918, 0.7241492867469788, 0.6609720587730408, 0.9022952914237976, 0.8561697006225586, 0.8129708766937256, 0.7507723569869995, 0.8611340522766113, 0.8313643336296082, 0.7161651253700256, 0.877977192401886, 0.7350714206695557, 0.8746152520179749, 0.7123149633407593, 0.8018419146537781, 0.7905942797660828, 0.6215579509735107, 0.7464625835418701, 0.772174060344696, 0.9020441770553589, 0.7169545292854309, 0.827613890171051, 0.6295351386070251, 0.8399266004562378, 0.8379800915718079, 0.6731962561607361, 0.9061095714569092, 0.6578776836395264, 0.7570739388465881, 0.7368452548980713, 0.8139318823814392, 0.775001585483551, 0.688962459564209, 0.9436057209968567, 0.7301779985427856, 0.8987947702407837, 0.5495701432228088, 0.7557559013366699, 0.6463662981987, 0.8831532597541809, 0.6701900959014893, 0.7089006304740906, 0.6972418427467346, 0.9600976705551147, 0.640699565410614, 0.8015151023864746, 0.8355160355567932, 0.7183093428611755, 0.9169719815254211, 0.9193959832191467, 0.7501489520072937, 0.8378784656524658, 0.8806957602500916, 0.7097275853157043, 0.8608561754226685, 0.6509183049201965, 0.8691333532333374, 0.7136294841766357, 0.7933662533760071, 0.8644552826881409, 0.8968568444252014, 0.7648014426231384, 0.7295650243759155, 0.8178912997245789, 0.6856436729431152, 0.7046658992767334, 0.7842200398445129, 0.6786268949508667, 0.6979808211326599, 0.6960680484771729, 0.7837002873420715, 0.8585232496261597],