{"best": {"aes": {"rmse_aes": 28.396253665267576, "pearson_aes": NaN, "spearman_aes": NaN, "kappa_aes": 0.0, "aes": 0.0, "aes_weight_coef": 0.0}, "ged": {"f1_score_avg_ged": 0.7823725550857653, "f1_score_macro_ged": 0.6629560360361845, "f1_score_weighted_ged": 0.8095509162300483, "f_0_5_ged": 0.5785088837881494, "ged": 0.10846073682918105, "ged_weight_coef": 1.0}, "ner": {"f1_score_avg_ner": 0.9758381682956271, "f1_score_macro_ner": 0.859498480884327, "f1_score_weighted_ner": 0.9753048525061963, "ner": 0.007029442197838148, "ner_weight_coef": 0.10000000149011612}}, "train": {"loss": [0.3027, 0.2458], "learning_rate": [6.339622641509433e-05, 5.679245283018868e-05], "epoch": [1.89, 3.77], "step": [500, 1000]}, "eval": {"rmse_aes": [28.396253665267576, 28.396253665267576, 28.396253665267576, 28.396253665267576, 28.396253665267576], "pearson_aes": [NaN, NaN, NaN, NaN, NaN], "spearman_aes": [NaN, NaN, NaN, NaN, NaN], "kappa_aes": [0.0, 0.0, 0.0, 0.0, 0.0], "f1_score_avg_ged": [0.7395414389330033, 0.7602351242652367, 0.7706850916090887, 0.7823725550857653, 0.8029287408476848], "f1_score_macro_ged": [0.6236739221510395, 0.6435991721829113, 0.6525705182436701, 0.6629560360361845, 0.6771441777740913], "f1_score_weighted_ged": [0.7762569852308443, 0.7925794890567242, 0.8005932446927152, 0.8095509162300483, 0.8243962130894001], "f_0_5_ged": [0.5437246963562754, 0.5654958677685951, 0.5713986599664992, 0.5785088837881494, 0.5730911655792629], "f1_score_avg_ner": [0.9419025738873097, 0.9641369105564425, 0.9707760601222694, 0.9738522643199252, 0.9758381682956271], "f1_score_macro_ner": [0.5582288802718982, 0.7550920977782538, 0.8170000141448195, 0.8439664182014526, 0.859498480884327], "f1_score_weighted_ner": [0.9334503867456079, 0.9618086592903609, 0.9697816783336011, 0.9731836670770122, 0.9753048525061963], "aes": [0.0, 0.0, 0.0, 0.0, 0.0], "ged": [0.11339978007383125, 0.10849125094191972, 0.10728631601777187, 0.10846073682918105, 0.11227720906568128], "ner": [0.015704358148193636, 0.010347677438065063, 0.00847300934756911, 0.007600461132824421, 0.007029442197838148], "total_loss": [0.12910413822202488, 0.11883892837998479, 0.11575932536534099, 0.11606119796200547, 0.11930665126351943], "aes_weight_coef": [0.0, 0.0, 0.0, 0.0, 0.0], "ged_weight_coef": [1.0, 1.0, 1.0, 1.0, 1.0], "ner_weight_coef": [0.10000000149011612, 0.10000000149011612, 0.10000000149011612, 0.10000000149011612, 0.10000000149011612], "epoch": [1.0, 2.0, 3.0, 4.0, 5.0], "step": [264, 529, 794, 1059, 1324]}, "test": {"rmse_aes": 28.024171114712146, "pearson_aes": NaN, "spearman_aes": NaN, "kappa_aes": 0.0, "f1_score_avg_ged": 0.7639545758183033, "f1_score_macro_ged": 0.6540072071122021, "f1_score_weighted_ged": 0.7899496213274294, "f_0_5_ged": 0.5619713240146378, "f1_score_avg_ner": 0.9687520189512221, "f1_score_macro_ner": 0.8260600240855136, "f1_score_weighted_ner": 0.9690182978617949, "aes": 0.0, "ged": 0.1663926825636909, "ner": 0.00804070241394497, "total_loss": 0.17443338497763589, "aes_weight_coef": 0.0, "ged_weight_coef": 1.0, "ner_weight_coef": 0.10000000149011612}, "info": {"tasks": ["aes", "ged", "ner"], "outputs": ["loss", "labels", "preds"], "map_out_to_task": {"aes_loss": "aes", "aes_labels": "aes", "aes_preds": "aes", "ged_loss": "ged", "ged_labels": "ged", "ged_preds": "ged", "ner_loss": "ner", "ner_labels": "ner", "ner_preds": "ner"}, "map_out_to_out": {"aes_loss": "loss", "aes_labels": "labels", "aes_preds": "preds", "ged_loss": "loss", "ged_labels": "labels", "ged_preds": "preds", "ner_loss": "loss", "ner_labels": "labels", "ner_preds": "preds"}, "map_task_index": {"aes": 0, "ged": 1, "ner": 2}, "map_index_task": {"0": "aes", "1": "ged", "2": "ner"}, "optimizer_weighting": "fixed", "epochs_to_avg_over": 2, "temp": 2, "init_task_weightings": {"aes": 0, "ged": 1, "ner": 0.1}, "metrics_to_track_by_task": {"aes": "pearson_aes", "ged": "f_0_5_ged", "ner": "f1_score_avg_ner"}, "regression_tasks": ["aes"], "classification_tasks": ["ner", "ged"], "fce_tasks": ["aes", "ged"], "task_priorities_priority_as_key": {"primary_task": "aes", "secondary_task": "ged", "aux_task": "ner"}, "early_stopping_patience": 2, "early_stopping_metric": "loss", "pretrained_model": "distilroberta-base", "frozen_layers": "all", "scoring": "script", "learning_rate": 7e-05, "batch_size": 8, "weight_decay": 0.01, "adam_epsilon": 1e-08, "normalized_values": null, "model_name": "distilroberta-base_1630620690", "runtime": 241.3134126663208, "steps_per_sec": 0.18226088569963805}, "preds": {"aes": {"preds": [0.10766783356666565, 0.10835923999547958, 0.1226382628083229, 0.10387642681598663, 0.10214459151029587, 0.11276967078447342, 0.0998416393995285, 0.10930822789669037, 0.10218197852373123, 0.11060255765914917, 0.1011747494339943, 0.10809127986431122, 0.1089792251586914, 0.09905068576335907, 0.11726364493370056, 0.10995320230722427, 0.11868658661842346, 0.11589489877223969, 0.10614068806171417, 0.11267414689064026, 0.12000472098588943, 0.09768939763307571, 0.11499828100204468, 0.0973593220114708, 0.11642169952392578, 0.11031375825405121, 0.12130346149206161, 0.09809402376413345, 0.10771575570106506, 0.11639901250600815, 0.10299694538116455, 0.1034407839179039, 0.11199876666069031, 0.10617757588624954, 0.10573649406433105, 0.11708797514438629, 0.11229782551527023, 0.1181822121143341, 0.11695501953363419, 0.11238822340965271, 0.11681509763002396, 0.10416106879711151, 0.11220641434192657, 0.09425412863492966, 0.1091732531785965, 0.10571575164794922, 0.10623954981565475, 0.10134235769510269, 0.10768955200910568, 0.11183854192495346, 0.10584776848554611, 0.11647412180900574, 0.09920017421245575, 0.11297687888145447, 0.11531729996204376, 0.09520474076271057, 0.11282344162464142, 0.09738705307245255, 0.11203870922327042, 0.09810656309127808, 0.11480901390314102, 0.11325269937515259, 0.12061666697263718, 0.10539133101701736, 0.11337579041719437, 0.11062320321798325, 0.10317078232765198, 0.1022714301943779, 0.12437530606985092, 0.10173898935317993, 0.10062483698129654, 0.10907135158777237, 0.09887801855802536, 0.10703035444021225, 0.11041143536567688, 0.09899771958589554, 0.1179354339838028, 0.10745489597320557, 0.11010599136352539, 0.11264355480670929, 0.11408029496669769, 0.10763828456401825, 0.10438995808362961, 0.10054677724838257, 0.1039782240986824, 0.11568541079759598, 0.116006039083004, 0.09922047704458237, 0.11031690239906311, 0.11355997622013092, 0.10966208577156067, 0.10804560780525208, 0.11659000813961029, 0.10893066227436066, 0.10001208633184433, 0.10339099913835526], "labels": [30.0, 26.0, 23.0, 26.0, 26.0, 38.0, 27.0, 39.0, 25.0, 24.0, 25.0, 27.0, 30.0, 27.0, 20.0, 21.0, 21.0, 26.0, 22.0, 24.0, 38.0, 30.0, 34.0, 24.0, 23.0, 22.0, 23.0, 39.0, 34.0, 37.0, 31.0, 28.0, 26.0, 29.0, 34.0, 26.0, 34.0, 19.0, 26.0, 31.0, 18.0, 19.0, 25.0, 26.0, 29.0, 29.0, 18.0, 27.0, 35.0, 22.0, 36.0, 14.0, 24.0, 29.0, 28.0, 24.0, 25.0, 37.0, 24.0, 36.0, 13.0, 23.0, 29.0, 31.0, 23.0, 28.0, 26.0, 26.0, 21.0, 38.0, 32.0, 29.0, 36.0, 40.0, 29.0, 34.0, 36.0, 25.0, 37.0, 17.0, 32.0, 25.0, 25.0, 36.0, 31.0, 27.0, 19.0, 28.0, 24.0, 20.0, 25.0, 23.0, 22.0, 23.0, 27.0, 30.0]}}}