{"best": {"aes": {"rmse_aes": 5.49873722877454, "pearson_aes": 0.5139619393832018, "spearman_aes": 0.4953905709129018, "kappa_aes": 0.18017578125, "aes": 5.716473435246667, "aes_weight_coef": 0.8999999761581421}, "ged": {"f1_score_avg_ged": 0.8092537210821216, "f1_score_macro_ged": 0.6589589559874638, "f1_score_weighted_ged": 0.824390595466396, "f_0_5_ged": 0.49117510450534135, "ged": 0.012260143840035726, "ged_weight_coef": 0.10000000149011612}, "ner": {"f1_score_avg_ner": 0.9726840855106889, "f1_score_macro_ner": 0.874961713364714, "f1_score_weighted_ner": 0.9727767034830076, "ner": 0.0006941302285562161, "ner_weight_coef": 0.009999999776482582}}, "train": {"loss": [154.7362, 15.1361, 13.2589, 13.0254, 12.5764, 12.2647, 12.0885, 11.785, 11.3179, 11.3484], "learning_rate": [6.339622641509433e-05, 5.679245283018868e-05, 5.0188679245283013e-05, 4.3584905660377356e-05, 3.69811320754717e-05, 3.0377358490566036e-05, 2.3773584905660375e-05, 1.7169811320754714e-05, 1.0566037735849056e-05, 3.9622641509433956e-06], "epoch": [1.89, 3.77, 5.66, 7.55, 9.43, 11.32, 13.21, 15.09, 16.98, 18.87], "step": [500, 1000, 1500, 2000, 2500, 3000, 3500, 4000, 4500, 5000]}, "eval": {"rmse_aes": [16.53447576698121, 6.2882164933044935, 5.793914431922898, 5.7566386797235145, 5.743353646704259, 5.678908345800274, 5.678908345800274, 5.7130455003342036, 5.66176258382101, 5.65194165260439, 5.598859010746942, 5.576488341440536, 5.570258322356135, 5.57150488348226, 5.614960175974339, 5.597618541248888, 5.547772325697746, 5.49873722877454, 5.49873722877454, 5.49873722877454], "pearson_aes": [0.17492034546816693, 0.15323614355031176, 0.21810161753312207, 0.2570855000703394, 0.3095554920322272, 0.4059839948839608, 0.4059839948839608, 0.3667341994203632, 0.4078035339988487, 0.4215340031287195, 0.45528094824310716, 0.4701474710654391, 0.4712917547122245, 0.4594654037943117, 0.4277348552128595, 0.4321729318469716, 0.4696184852986423, 0.5139619393832018, 0.5139619393832018, 0.5139619393832018], "spearman_aes": [0.20204737395364117, 0.20247986851069374, 0.2330017271178083, 0.24972619970401108, 0.31582737468778727, 0.40017537975834194, 0.40017537975834194, 0.36654443139908865, 0.3865994234258721, 0.41589250586736815, 0.44436383316150035, 0.45950432467617874, 0.4614005403032553, 0.4573638064579486, 0.43922392221810347, 0.4411946241361459, 0.4704200352312923, 0.4953905709129018, 0.4953905709129018, 0.4953905709129018], "kappa_aes": [0.006670633115178792, 0.034268324953691476, 0.05524861878453036, 0.05799115603284899, 0.07139265962795371, 0.09100844928328222, 0.09100844928328222, 0.08438376816449611, 0.10061550056525559, 0.10635630406619578, 0.1263351134846462, 0.14526107399158628, 0.15141061968707636, 0.1513708750615662, 0.1433117121527353, 0.15265405735204396, 0.16834099320779283, 0.18017578125, 0.18017578125, 0.18017578125], "f1_score_avg_ged": [0.544842047368602, 0.7386133168333849, 0.7530507717163384, 0.7699288439723626, 0.7946787666288543, 0.765700732185212, 0.8100443436114262, 0.8259599188752536, 0.8265442920490873, 0.8350692654085456, 0.8420129937093946, 0.8425286170980716, 0.8472723522738992, 0.8458973565707607, 0.8462067306039669, 0.84300986559417, 0.8302224055549826, 0.8188786910040906, 0.8092537210821216, 0.824275549138909], "f1_score_macro_ged": [0.4576902887654225, 0.5539804049434677, 0.5994969526853066, 0.6182264278821777, 0.6334381095270891, 0.6240951690221271, 0.6462561383986334, 0.6536165755295485, 0.6525290178249337, 0.6597192089594192, 0.6617497694877144, 0.664115901554626, 0.6639664192379702, 0.6632701874230059, 0.6647986826531996, 0.6631961373771197, 0.6649396858222849, 0.6598262091533154, 0.6589589559874638, 0.6632344049829532], "f1_score_weighted_ged": [0.6165468256053974, 0.7636690200016485, 0.7807046099962842, 0.7940764801686354, 0.8110836287564983, 0.7926815289301469, 0.8221412547516689, 0.832149833302436, 0.8322075860564795, 0.8382096629142668, 0.8421827570697766, 0.8429914366129706, 0.8453186587681174, 0.8444737784692076, 0.8449860979744208, 0.8430183250281282, 0.8368961645496711, 0.8297929599426744, 0.824390595466396, 0.8334015074993897], "f_0_5_ged": [0.3588074023303633, 0.31299435028248584, 0.42643129353015896, 0.45103092783505144, 0.4436606645628364, 0.480706486274851, 0.44780728844966033, 0.4315520125971853, 0.4268081955072821, 0.4271256074953656, 0.41545524100994646, 0.4210794297352342, 0.4084004959702418, 0.40992893191883817, 0.41355897330384234, 0.41713468804247933, 0.45565899069083776, 0.46897374701670647, 0.49117510450534135, 0.4658624849215924], "f1_score_avg_ner": [0.9267746583076983, 0.9434406759861376, 0.950449748841556, 0.9550445854912192, 0.9619368404657139, 0.9647599392547019, 0.9660838752385031, 0.9672131147540983, 0.9646820606674195, 0.967232584400919, 0.9683423542696935, 0.9689459133211323, 0.9686343989720027, 0.969802577781239, 0.9708149994159105, 0.9705229547136015, 0.972275222927456, 0.9726062069234064, 0.9725477979829446, 0.9726840855106889], "f1_score_macro_ner": [0.5818778844981372, 0.7223504729322348, 0.769699789792836, 0.7952162573883049, 0.8186701388587472, 0.8358167361349761, 0.8429644591502856, 0.8497483328086164, 0.8456583723115374, 0.8539515074315238, 0.8593406674600959, 0.8603241059624661, 0.8625662869186821, 0.8674745046707634, 0.8705750456983042, 0.869535035903171, 0.8737726710809366, 0.8735473861935881, 0.8736455163210375, 0.874961713364714], "f1_score_weighted_ner": [0.9190482439191844, 0.941329456170405, 0.9504600266032428, 0.9552572536026521, 0.9612496218754095, 0.9643920480828378, 0.9660148119509959, 0.9673526038708569, 0.9653410800594651, 0.967659774156401, 0.9687731270020411, 0.9694237464593121, 0.9691171819793606, 0.9701178664826924, 0.9710926955032789, 0.9707650270949051, 0.9723890692047268, 0.9726337659055204, 0.972594250294223, 0.9727767034830076], "aes": [51.69316988213118, 7.4686210987179775, 6.3331386654876, 6.255259114642476, 6.236008400140807, 6.175844857859057, 6.1241007738335185, 6.1096182978430456, 6.044032850930857, 6.004572757454806, 5.928332772365836, 5.914016280063363, 5.868742366169775, 5.8238052545591845, 5.821661793908407, 5.798466205596924, 5.748443193213884, 5.716473435246667, 5.708168262659117, 5.701268185016721], "ged": [0.014471526929112367, 0.014185635676217634, 0.01319702177546745, 0.012853988901127216, 0.012837993197662885, 0.01247037349398746, 0.012743067256239958, 0.01299272503617198, 0.012974379800779874, 0.013083812888971594, 0.013294061862452085, 0.013263795698104902, 0.013490865570168162, 0.01342062816716904, 0.013401975985183272, 0.013271532779516176, 0.012734130804621897, 0.012497947746238042, 0.012260143840035726, 0.012601609406776206], "ner": [0.0019235567942391648, 0.0014189510162226683, 0.0012642156189242595, 0.0011368443157935386, 0.0009595977154636192, 0.0008982702856883407, 0.0008671780084368101, 0.0008382861655432904, 0.000879932199009196, 0.0008207506819649838, 0.000797203614723024, 0.0007870513553254653, 0.0007962387334013921, 0.0007743691026536358, 0.00074681609484562, 0.0007465815376003034, 0.0007112049592420632, 0.0007017063786448955, 0.0006965231441427022, 0.0006941302285562161], "total_loss": [51.709564965854526, 7.4842256854104185, 6.347599902881992, 6.269249947859397, 6.249805991053933, 6.189213501638733, 6.137711019098195, 6.123449309044761, 6.057887162930646, 6.018477321025742, 5.942424037843011, 5.928067127116793, 5.8830294704733435, 5.838000251829007, 5.835810585988437, 5.812484319914041, 5.761888528977749, 5.72967308937155, 5.721124929643295, 5.714563924652054], "aes_weight_coef": [0.8999999761581421, 0.8999999761581421, 0.8999999761581421, 0.8999999761581421, 0.8999999761581421, 0.8999999761581421, 0.8999999761581421, 0.8999999761581421, 0.8999999761581421, 0.8999999761581421, 0.8999999761581421, 0.8999999761581421, 0.8999999761581421, 0.8999999761581421, 0.8999999761581421, 0.8999999761581421, 0.8999999761581421, 0.8999999761581421, 0.8999999761581421, 0.8999999761581421],