{"best": {"aes": {"rmse_aes": 5.49873722877454, "pearson_aes": 0.5139619393832018, "spearman_aes": 0.4953905709129018, "kappa_aes": 0.18017578125, "aes": 1.9029364474984103, "aes_weight_coef": 0.30000001192092896}, "ged": {"f1_score_avg_ged": 0.8312536523323365, "f1_score_macro_ged": 0.6728703107614694, "f1_score_weighted_ged": 0.8391955104340275, "f_0_5_ged": 0.47815533980582525, "ged": 0.08701377206070479, "ged_weight_coef": 0.699999988079071}, "ner": {"f1_score_avg_ner": 0.9477629375803123, "f1_score_macro_ner": 0.7945062652169931, "f1_score_weighted_ner": 0.9452824797776738, "ner": 0.009093596004382816, "ner_weight_coef": 0.07000000029802322}}, "train": {"loss": [51.8188, 5.2634, 4.627, 4.5443, 4.39, 4.283, 4.2217, 4.1189, 3.9608, 3.9701], "learning_rate": [6.339622641509433e-05, 5.679245283018868e-05, 5.0188679245283013e-05, 4.3584905660377356e-05, 3.69811320754717e-05, 3.0377358490566036e-05, 2.3773584905660375e-05, 1.7169811320754714e-05, 1.0566037735849056e-05, 3.9622641509433956e-06], "epoch": [1.89, 3.77, 5.66, 7.55, 9.43, 11.32, 13.21, 15.09, 16.98, 18.87], "step": [500, 1000, 1500, 2000, 2500, 3000, 3500, 4000, 4500, 5000]}, "eval": {"rmse_aes": [16.53447576698121, 6.2882164933044935, 5.793914431922898, 5.7566386797235145, 5.743353646704259, 5.678908345800274, 5.678908345800274, 5.7130455003342036, 5.6531702020488765, 5.65194165260439, 5.598859010746942, 5.576488341440536, 5.570258322356135, 5.57150488348226, 5.614960175974339, 5.597618541248888, 5.547772325697746, 5.497474167490214, 5.49873722877454, 5.49873722877454], "pearson_aes": [0.17492034546816693, 0.15323614355031176, 0.21810161753312207, 0.2570855000703394, 0.3095554920322272, 0.4059839948839608, 0.4059839948839608, 0.3667341994203632, 0.4255882332564228, 0.4215340031287195, 0.45528094824310716, 0.4701474710654391, 0.4712917547122245, 0.4594654037943117, 0.4277348552128595, 0.4321729318469716, 0.4696184852986423, 0.5109229709322151, 0.5139619393832018, 0.5139619393832018], "spearman_aes": [0.20204737395364117, 0.20247986851069374, 0.2330017271178083, 0.24972619970401108, 0.31582737468778727, 0.40017537975834194, 0.40017537975834194, 0.36654443139908865, 0.41364171876451455, 0.41589250586736815, 0.44436383316150035, 0.45950432467617874, 0.4614005403032553, 0.4573638064579486, 0.43922392221810347, 0.4411946241361459, 0.4704200352312923, 0.4915448073377406, 0.4953905709129018, 0.4953905709129018], "kappa_aes": [0.006670633115178792, 0.034268324953691476, 0.05524861878453036, 0.05799115603284899, 0.07139265962795371, 0.09100844928328222, 0.09100844928328222, 0.08438376816449611, 0.10454507407717428, 0.10635630406619578, 0.1263351134846462, 0.14526107399158628, 0.15141061968707636, 0.1513708750615662, 0.1433117121527353, 0.15265405735204396, 0.16834099320779283, 0.18029717077142282, 0.18017578125, 0.18017578125], "f1_score_avg_ged": [0.7845037984256299, 0.7987693788456911, 0.8175380701935306, 0.7993881269121034, 0.8255817950568904, 0.8214568079474751, 0.8379223814925578, 0.812794335017703, 0.8384036299886563, 0.8260974184455674, 0.8306349042659241, 0.8389536282699117, 0.8289505345295796, 0.8413254958578255, 0.8378536317074009, 0.8535973325083359, 0.8513285895981575, 0.8491629713657145, 0.8312536523323365, 0.8354473892269086], "f1_score_macro_ged": [0.5826285535682433, 0.6143533268329827, 0.6361170778332033, 0.6370693131096624, 0.6533656655771647, 0.6542949035796789, 0.6630277245304397, 0.6544993793490274, 0.6648560824405745, 0.6643667500215427, 0.6665793356119383, 0.671107482182744, 0.6684362609891885, 0.6763732105266049, 0.6725944160672797, 0.6751928216228739, 0.6759977854808132, 0.6774044341467413, 0.6728703107614694, 0.6749414838091066], "f1_score_weighted_ged": [0.7947312660995535, 0.8092199579228142, 0.8238618825945818, 0.8144227453892044, 0.8318976462818967, 0.829951663733233, 0.8404175385892116, 0.8253833300193355, 0.8410813723149212, 0.8346108234438212, 0.8374765826411346, 0.8427899731544948, 0.8370075723200563, 0.8452013066932837, 0.8425632155090281, 0.8510900705974689, 0.8501569865612986, 0.849405716742667, 0.8391955104340275, 0.8418465826969952], "f_0_5_ged": [0.3141678796700631, 0.376357056694813, 0.3992414166789814, 0.4441950717725721, 0.4317254265624232, 0.44486489108814825, 0.4297425065379199, 0.46735378941894, 0.43399638336347207, 0.4646939170864006, 0.4597279311019768, 0.4516450648055832, 0.4701228095723509, 0.46156528670353214, 0.4592544859720432, 0.4242298516751374, 0.4328258409628639, 0.44302829467244453, 0.47815533980582525, 0.47328431372549024], "f1_score_avg_ner": [0.9051633503368249, 0.9247887543319964, 0.9324597951793154, 0.9349519099723531, 0.9388458393364745, 0.9406565164907909, 0.9419025738873097, 0.9415715898913594, 0.9423698454110042, 0.9436353724543437, 0.9447451423231182, 0.9448035512635801, 0.945154004906351, 0.9457575639577898, 0.9466142284178966, 0.9469646820606674, 0.9469646820606674, 0.9477239982866711, 0.9477629375803123, 0.9474514232311826], "f1_score_macro_ner": [0.5256503359533622, 0.6769887231940815, 0.7187461912178922, 0.7306576165440803, 0.7434664406754803, 0.7541640076519862, 0.7623235626623185, 0.7658416748203764, 0.7665981736348092, 0.7755152227574429, 0.7768975139572577, 0.779448159447726, 0.7821999471929534, 0.7851890873923222, 0.7888944920435503, 0.7929768232369715, 0.7907966180533355, 0.7930418414636556, 0.7945062652169931, 0.792651346405605], "f1_score_weighted_ner": [0.8904204779994107, 0.9202686189321295, 0.929711656808108, 0.9328048660335352, 0.9360952495064788, 0.9376478879804314, 0.939150470571545, 0.9397726850711038, 0.9402212632430842, 0.941705588374209, 0.9425780842308155, 0.9427472122146967, 0.9433037323897635, 0.9437771211960587, 0.9443482549139676, 0.944958951758535, 0.9446262559849895, 0.9453599505755926, 0.9452824797776738, 0.9451791763022857], "aes": [17.231075375579124, 2.4898324345433434, 2.110846014909966, 2.0853545998418053, 2.079062500665354, 2.0589234939841337, 2.041587325029595, 2.0367347473321957, 2.014985356219979, 2.0016520522361576, 1.976322429124699, 1.971587103466655, 1.9565267174742942, 1.9415809054707371, 1.9407571360122327, 1.9330209077790725, 1.9163071388422057, 1.9057032895642658, 1.9029364474984103, 1.9006240478781766], "ged": [0.0982561513435009, 0.09537853265917579, 0.09346672060877778, 0.08943308231442473, 0.09085082106812056, 0.08997699618339539, 0.09118600986724676, 0.08754267595535101, 0.09094791495522787, 0.08763274342514747, 0.08846714330274005, 0.08961539143739744, 0.08715035263882127, 0.08885627084000167, 0.08851975410483605, 0.0935597489046496, 0.09234559743903405, 0.0913416493770688, 0.08701377206070479, 0.0877309268297151], "ner": [0.018821267974238064, 0.013839431431924188, 0.012262588496818098, 0.011555577346751856, 0.010903313712671746, 0.01053301090114685, 0.01028076084980438, 0.010184960613070532, 0.009954664466339488, 0.009841970027272785, 0.009597315799531549, 0.009512413618003214, 0.009478136268985827, 0.009458972888370587, 0.009258153880838045, 0.009224567248291054, 0.009165268683762745, 0.009115233086049557, 0.009093596004382816, 0.009116756274949673], "total_loss": [17.348152794896862, 2.5990503986344433, 2.216575324015562, 2.186343259502982, 2.1808166354461465, 2.159433501068676, 2.143054095746646, 2.1344623839006176, 2.1158879356415468, 2.099126765688578, 2.0743868882269707, 2.0707149085220555, 2.0531552063821015, 2.039896149199109, 2.0385350439979066, 2.0358052239320132, 2.0178180049650023, 2.0061601720273843, 1.9990438155634978, 1.9974717309828414], "aes_weight_coef": [0.30000001192092896, 0.30000001192092896, 0.30000001192092896, 0.30000001192092896, 0.30000001192092896, 0.30000001192092896, 0.30000001192092896, 0.30000001192092896, 0.30000001192092896, 0.30000001192092896, 0.30000001192092896, 0.30000001192092896, 0.30000001192092896, 0.30000001192092896, 0.30000001192092896, 0.30000001192092896, 0.30000001192092896, 0.30000001192092896, 0.30000001192092896, 0.30000001192092896],