{"best": {"aes": {"rmse_aes": 5.497474167490214, "pearson_aes": 0.5109229709322151, "spearman_aes": 0.4915448073377406, "kappa_aes": 0.18029717077142282, "aes": 1.9034845496332922, "aes_weight_coef": 0.30000001192092896}, "ged": {"f1_score_avg_ged": 0.8323536488948472, "f1_score_macro_ged": 0.6915765604345233, "f1_score_weighted_ged": 0.8438355697660133, "f_0_5_ged": 0.5380404002265433, "ged": 0.08141327666681866, "ged_weight_coef": 0.699999988079071}, "ner": {"f1_score_avg_ner": 0.9636891086795686, "f1_score_macro_ner": 0.8686186803548437, "f1_score_weighted_ner": 0.9628455764737552, "ner": 0.006231512072994266, "ner_weight_coef": 0.07000000029802322}}, "train": {"loss": [51.99, 5.1211, 4.6387, 4.5037, 4.3702, 4.3505, 4.1335, 4.1001, 3.9434, 3.9975], "learning_rate": [6.339622641509433e-05, 5.679245283018868e-05, 5.0188679245283013e-05, 4.3584905660377356e-05, 3.69811320754717e-05, 3.0377358490566036e-05, 2.3773584905660375e-05, 1.7169811320754714e-05, 1.0566037735849056e-05, 3.9622641509433956e-06], "epoch": [1.89, 3.77, 5.66, 7.55, 9.43, 11.32, 13.21, 15.09, 16.98, 18.87], "step": [500, 1000, 1500, 2000, 2500, 3000, 3500, 4000, 4500, 5000]}, "eval": {"rmse_aes": [16.489474757486295, 6.280481227138924, 5.7506038330287055, 5.784317879692759, 5.742144392317405, 5.740934883216612, 5.749396103553447, 5.6984403324262525, 5.675238614660474, 5.632248416238601, 5.606296063851387, 5.565269285688, 5.570258322356135, 5.57150488348226, 5.586441920698123, 5.576488341440536, 5.557777333511022, 5.546520430764579, 5.497474167490214, 5.49621081594705], "pearson_aes": [0.2022429214610555, 0.15945259287844268, 0.2464539084782921, 0.23938958050492243, 0.29019714725809076, 0.2806447040143582, 0.3065961619512512, 0.37044924691961173, 0.4012297751257851, 0.4220512043723294, 0.4444515537407323, 0.4808968488610508, 0.4712917547122245, 0.4594654037943117, 0.4410552748035876, 0.45029419183653413, 0.46427219960078453, 0.4666724631203406, 0.5109229709322151, 0.5080306591109547], "spearman_aes": [0.2348655089248729, 0.20227079528054237, 0.23575998807666754, 0.25297931419715225, 0.2851491042424278, 0.2844752553801398, 0.32713691619023183, 0.3583065012769657, 0.4017560518811167, 0.42166582603324426, 0.431536741815202, 0.47363540252350017, 0.4614005403032553, 0.4573638064579486, 0.43719757498308226, 0.45614906453650456, 0.461286061057493, 0.4664189701017138, 0.4915448073377406, 0.48792737355959354], "kappa_aes": [0.00788532484722193, 0.03356239418384621, 0.05928987096230076, 0.05832076420311716, 0.06310863791577082, 0.0641274121513441, 0.07510971786833853, 0.08470736312145999, 0.0973406924234822, 0.11603683179867497, 0.12501041059382023, 0.1509410650302705, 0.15141061968707636, 0.1513708750615662, 0.14790865187852986, 0.15426052889324193, 0.16362007898058062, 0.16845703125, 0.18029717077142282, 0.18041866905595827], "f1_score_avg_ged": [0.6412979959437627, 0.7910694029081159, 0.842184868172287, 0.8464817297445946, 0.8119005878106631, 0.8375098827816163, 0.8357567632601148, 0.8252380461311059, 0.834278642879241, 0.833831769275721, 0.8220068062287306, 0.8308755285139734, 0.832044274861641, 0.8305661544807672, 0.8357911381526932, 0.848303599051253, 0.8499192190024406, 0.8466879791000653, 0.8323536488948472, 0.8338661441682995], "f1_score_macro_ged": [0.5232456894854953, 0.6036302494825125, 0.6371497461466316, 0.6545102429946958, 0.6547445392509766, 0.6701412668012132, 0.668915304392466, 0.6716250772498542, 0.6757808211231958, 0.6809667012526435, 0.6760454831001916, 0.6826662367194603, 0.6851367003726206, 0.6878076512374691, 0.6898349269423321, 0.6976774611738323, 0.6997053847176831, 0.6957801496298271, 0.6915765604345233, 0.6925696732061799], "f1_score_weighted_ged": [0.6965972975528751, 0.8028001612229799, 0.8364561111045316, 0.8426927605802433, 0.8249522186840665, 0.8418310008951919, 0.8406526968262276, 0.8357378017565018, 0.8414242919721758, 0.8423339729895736, 0.8349382902770928, 0.8411333618980712, 0.8422910615478562, 0.8420684027341541, 0.8453065235397789, 0.8536071296680532, 0.8548983604353545, 0.8523445369131916, 0.8438355697660133, 0.8448635117236617], "f_0_5_ged": [0.3963437760752485, 0.36089648221912946, 0.34679034468219666, 0.3836717648901185, 0.47042187131746405, 0.452534791252485, 0.45341984052300527, 0.49057054189544036, 0.4792215393620135, 0.49746438058439985, 0.5144264602392681, 0.5116645198225276, 0.5166658719183636, 0.5302314596126593, 0.5216412908168151, 0.5101437857002167, 0.5119159224354863, 0.508770205866457, 0.5380404002265433, 0.5369318181818182], "f1_score_avg_ner": [0.9200381605077684, 0.9335695650480901, 0.9366068299521046, 0.94287605622834, 0.9464974105369729, 0.9507028542502239, 0.9531365601027998, 0.9552782212530665, 0.9575951092247187, 0.9568942019391768, 0.9577898056929247, 0.9588411666212375, 0.9599704061368327, 0.9608270705969394, 0.9616447957634049, 0.9632997157431564, 0.9622872941084849, 0.9635528211518243, 0.9636891086795686, 0.9636501693859273], "f1_score_macro_ner": [0.6264427295485303, 0.7155179668870467, 0.734758195845544, 0.7666588711193923, 0.7784179162856456, 0.8001829271473494, 0.8123072410524184, 0.8286641600204913, 0.8379759134833105, 0.8395505717666379, 0.8449831809565147, 0.8492147222868365, 0.8525547620276872, 0.8571059028365707, 0.8591201369735991, 0.8659343000097576, 0.8623070302543292, 0.8688096246901296, 0.8686186803548437, 0.869028472554466], "f1_score_weighted_ner": [0.9121253257196984, 0.9295532786945148, 0.9336071787014649, 0.9403087520534246, 0.9435033323742466, 0.9481506925704858, 0.9501860291526447, 0.9534523063457159, 0.9560571530215032, 0.9563093639591456, 0.9574000992065842, 0.9584203202783202, 0.9592433575875028, 0.9601342708132551, 0.9609937357942732, 0.9622625683579639, 0.961690629321352, 0.962764458759202, 0.9628455764737552, 0.9628680168699204], "aes": [17.172402404075445, 2.4840351370877998, 2.090379227039426, 2.092235803604126, 2.0627250560494357, 2.049449599066446, 2.054857891659404, 2.029765628104986, 2.0142677162968834, 1.9944407163664353, 1.9747207497441492, 1.9671263306639915, 1.959338626196218, 1.9390973434891812, 1.9305785922117011, 1.922778040863747, 1.918832124665726, 1.910443244978439, 1.9034845496332922, 1.8997654415840326], "ged": [0.09730862947397453, 0.09609654892322629, 0.09558204925337503, 0.09428203937619231, 0.08643409263255984, 0.08841861611188845, 0.08813060924064281, 0.08455140507498453, 0.08588720615520033, 0.08449936328932296, 0.08254257676213286, 0.08329182586004567, 0.08295767598373946, 0.08190149484678756, 0.08279373202213021, 0.0854827200257501, 0.0855523687462474, 0.08543232499166976, 0.08141327666681866, 0.08272985663524894], "ner": [0.014249058960135593, 0.011455669533461332, 0.010708031038818665, 0.00974058948977049, 0.009222592205502266, 0.008513684449500816, 0.008225806815506415, 0.007716500601016505, 0.007347958617258904, 0.007304902794922507, 0.00700911890368822, 0.006905052269440751, 0.006807351127526787, 0.006605597424082631, 0.006497004887002499, 0.006357467262247621, 0.0063809357301960155, 0.00618563078040647, 0.006231512072994266, 0.006177481003971987], "total_loss": [17.283960092509556, 2.5915873555444873, 2.1966693073316197, 2.196258432470089, 2.158381740887498, 2.146381899627835, 2.151214307715553, 2.122033533780987, 2.1075028810693426, 2.0862449824506806, 2.06427244540997, 2.057323208793478, 2.0491036533074842, 2.0276044357600513, 2.019869329120834, 2.0146182281517446, 2.0107654291421695, 2.002061200750515, 1.9911293383731052, 1.9886727792232535], "aes_weight_coef": [0.30000001192092896, 0.30000001192092896, 0.30000001192092896, 0.30000001192092896, 0.30000001192092896, 0.30000001192092896, 0.30000001192092896, 0.30000001192092896, 0.30000001192092896, 0.30000001192092896, 0.30000001192092896, 0.30000001192092896, 0.30000001192092896, 0.30000001192092896, 0.30000001192092896, 0.30000001192092896, 0.30000001192092896, 0.30000001192092896, 0.30000001192092896, 0.30000001192092896],