{"best": {"aes": {"rmse_aes": 0.31180478223116176, "pearson_aes": 0.4067021167891904, "spearman_aes": 0.4005139054214864, "kappa_aes": 0.3793103448275863, "aes": 1.2940586985191764e-05, "aes_weight_coef": 0.4000000059604645}, "ged": {"f1_score_avg_ged": 0.8177443195490014, "f1_score_macro_ged": 0.6974177296993631, "f1_score_weighted_ged": 0.8368444029309664, "f_0_5_ged": 0.604969551495755, "ged": 0.06176989092383274, "ged_weight_coef": 0.6000000238418579}, "ner": {"f1_score_avg_ner": 0.9804914138857521, "f1_score_macro_ner": 0.8845455929802905, "f1_score_weighted_ner": 0.9802260680368317, "ner": 0.0034443075595380263, "ner_weight_coef": 0.05999999865889549}}, "train": {"loss": [0.1713, 0.128], "learning_rate": [6.119496855345911e-05, 5.238993710691823e-05], "epoch": [1.89, 3.77], "step": [500, 1000]}, "eval": {"rmse_aes": [2.725904538966021, 0.31180478223116176, 0.5400617248673217, 1.6541194367732672], "pearson_aes": [0.2303742625240391, 0.4067021167891904, 0.10162059168841177, -0.06632209069983015], "spearman_aes": [0.23037426252403906, 0.4005139054214864, 0.13382992102364114, -0.0726890414925816], "kappa_aes": [0.018262586377097656, 0.3793103448275863, 0.07804878048780495, -0.006528526823729841], "f1_score_avg_ged": [0.71527276477261, 0.7957443882987866, 0.8177443195490014, 0.8273349145783919], "f1_score_macro_ged": [0.6184238275522425, 0.6794345994569687, 0.6974177296993631, 0.7049033266688227], "f1_score_weighted_ged": [0.7588931137485684, 0.8205290000396614, 0.8368444029309664, 0.8437937239467452], "f_0_5_ged": [0.5873367448254793, 0.6031562245379303, 0.604969551495755, 0.6028320665942816], "f1_score_avg_ner": [0.955102994431681, 0.9715743156419142, 0.9777656633308672, 0.9804914138857521], "f1_score_macro_ner": [0.668656217932032, 0.8168181940002502, 0.8639322760877874, 0.8845455929802905], "f1_score_weighted_ner": [0.9496411775913446, 0.9704990220303631, 0.9773642207643382, 0.9802260680368317], "aes": [0.00045558086293208047, 1.2940586985191764e-05, 7.259603609232134e-06, 0.00016615149662505056], "ged": [0.06348452110623204, 0.06077478236930315, 0.06176989092383274, 0.06535230057184087], "ner": [0.007413867254589879, 0.004777434206199508, 0.0038603775766353275, 0.0034443075595380263], "total_loss": [0.071353969223754, 0.06556515716248784, 0.0656375281040773, 0.06896275962800394], "aes_weight_coef": [0.4000000059604645, 0.4000000059604645, 0.4000000059604645, 0.4000000059604645], "ged_weight_coef": [0.6000000238418579, 0.6000000238418579, 0.6000000238418579, 0.6000000238418579], "ner_weight_coef": [0.05999999865889549, 0.05999999865889549, 0.05999999865889549, 0.05999999865889549], "epoch": [1.0, 2.0, 3.0, 4.0], "step": [264, 529, 794, 1059]}, "test": {"rmse_aes": 1.14564392373896, "pearson_aes": 0.32777738867854417, "spearman_aes": 0.3242244908665479, "kappa_aes": 0.03324808184143224, "f1_score_avg_ged": 0.8054776219104877, "f1_score_macro_ged": 0.6903985069638621, "f1_score_weighted_ged": 0.8219600055562594, "f_0_5_ged": 0.5794167879056233, "f1_score_avg_ner": 0.973317540648218, "f1_score_macro_ner": 0.8525155999564564, "f1_score_weighted_ner": 0.9735340088219464, "aes": 0.00013096129779504345, "ged": 0.10062049045449212, "ner": 0.004203755186781997, "total_loss": 0.10495520693906915, "aes_weight_coef": 0.4000000059604645, "ged_weight_coef": 0.6000000238418579, "ner_weight_coef": 0.05999999865889549}, "info": {"tasks": ["aes", "ged", "ner"], "outputs": ["loss", "labels", "preds"], "map_out_to_task": {"aes_loss": "aes", "aes_labels": "aes", "aes_preds": "aes", "ged_loss": "ged", "ged_labels": "ged", "ged_preds": "ged", "ner_loss": "ner", "ner_labels": "ner", "ner_preds": "ner"}, "map_out_to_out": {"aes_loss": "loss", "aes_labels": "labels", "aes_preds": "preds", "ged_loss": "loss", "ged_labels": "labels", "ged_preds": "preds", "ner_loss": "loss", "ner_labels": "labels", "ner_preds": "preds"}, "map_task_index": {"aes": 0, "ged": 1, "ner": 2}, "map_index_task": {"0": "aes", "1": "ged", "2": "ner"}, "optimizer_weighting": "fixed", "epochs_to_avg_over": 2, "temp": 2, "init_task_weightings": {"aes": 0.4, "ged": 0.6, "ner": 0.06}, "metrics_to_track_by_task": {"aes": "pearson_aes", "ged": "f_0_5_ged", "ner": "f1_score_avg_ner"}, "regression_tasks": ["aes"], "classification_tasks": ["ner", "ged"], "fce_tasks": ["aes", "ged"], "task_priorities_priority_as_key": {"primary_task": "aes", "secondary_task": "ged", "aux_task": "ner"}, "early_stopping_patience": 2, "early_stopping_metric": "loss", "pretrained_model": "distilroberta-base", "frozen_layers": "all", "scoring": "script", "learning_rate": 7e-05, "batch_size": 8, "weight_decay": 0.01, "adam_epsilon": 1e-08, "normalized_values": [40, 0], "model_name": "distilroberta-base_1630669888", "runtime": 233.70124506950378, "steps_per_sec": 0.2206810623885777}, "preds": {"aes": {"preds": [0.057157453149557114, 0.058198727667331696, 0.04854017123579979, 0.05235505476593971, 0.04584048315882683, 0.0561055988073349, 0.05059128254652023, 0.043752070516347885, 0.03818107768893242, 0.05095314979553223, 0.054187219589948654, 0.05301733314990997, 0.05270766094326973, 0.051522474735975266, 0.05249558761715889, 0.03824096918106079, 0.04382871836423874, 0.056941449642181396, 0.05875920131802559, 0.04677619785070419, 0.056505076587200165, 0.05761558189988136, 0.05139778554439545, 0.04639311507344246, 0.05126345530152321, 0.042334575206041336, 0.04518836364150047, 0.04949457570910454, 0.06395577639341354, 0.06598963588476181, 0.05286180227994919, 0.07251736521720886, 0.04946036636829376, 0.04551747068762779, 0.05490429326891899, 0.06031951680779457, 0.061970360577106476, 0.03842777758836746, 0.05618535354733467, 0.04200463369488716, 0.04668998718261719, 0.036891259253025055, 0.06092273071408272, 0.04990966245532036, 0.050257522612810135, 0.05275160074234009, 0.04217180982232094, 0.04497455805540085, 0.050943467766046524, 0.046014804393053055, 0.050019603222608566, 0.05729547515511513, 0.05796520784497261, 0.045526616275310516, 0.045965518802404404, 0.05103236064314842, 0.04647508263587952, 0.04522441327571869, 0.05046963691711426, 0.05470546707510948, 0.034811053425073624, 0.05162897706031799, 0.054229218512773514, 0.04930168390274048, 0.04743693768978119, 0.04861538112163544, 0.03924315795302391, 0.05235251039266586, 0.040606122463941574, 0.051164839416742325, 0.05758894979953766, 0.051056358963251114, 0.04743936285376549, 0.0655263289809227, 0.05029471218585968, 0.056384384632110596, 0.05543060228228569, 0.04882181063294411, 0.051359809935092926, 0.04758221656084061, 0.055223915725946426, 0.04614819586277008, 0.048247333616018295, 0.05384799838066101, 0.04916290566325188, 0.04890260472893715, 0.05443347617983818, 0.047885164618492126, 0.054021190851926804, 0.0483819916844368, 0.04296683147549629, 0.04755118489265442, 0.043725088238716125, 0.045758139342069626, 0.043312061578035355, 0.049382928758859634],