{"best": {"aes": {"rmse_aes": 6.362869722940358, "pearson_aes": 0.6408663941321021, "spearman_aes": 0.6446327618921427, "kappa_aes": 0.38605240912933214, "aes": 5.046444648920104, "aes_weight_coef": 0.6000000238418579}, "ged": {"f1_score_avg_ged": 0.3831769275721013, "f1_score_macro_ged": 0.35737646844358645, "f1_score_weighted_ged": 0.4514647099421009, "f_0_5_ged": 0.3797161054465484, "ged": 0.05822297099024751, "ged_weight_coef": 0.4000000059604645}, "ner": {"f1_score_avg_ner": 0.8325026284023208, "f1_score_macro_ner": 0.10095515347265754, "f1_score_weighted_ner": 0.7564088755507238, "ner": 0.025343277903143748, "ner_weight_coef": 0.03999999910593033}}, "train": {"loss": [23.0022, 6.0326], "learning_rate": [0.0004528301886792453, 0.0004056603773584906], "epoch": [1.89, 3.77], "step": [500, 1000]}, "eval": {"rmse_aes": [5.799904213768438, 5.7566386797235145, 6.306962642808167, 6.362869722940358], "pearson_aes": [0.39134410759642163, 0.5687583726390499, 0.5990164094472917, 0.6408663941321021], "spearman_aes": [0.39053789574465936, 0.574943094224337, 0.591315804540704, 0.6446327618921427], "kappa_aes": [0.08835033670712511, 0.2584832004270794, 0.32104536536924466, 0.38605240912933214], "f1_score_avg_ged": [0.7422226805541232, 0.3831769275721013, 0.7692757210133718, 0.8183630676154137], "f1_score_macro_ged": [0.4999048229330716, 0.35737646844358645, 0.5029170290223507, 0.4971270223289085], "f1_score_weighted_ged": [0.7542727587084145, 0.4514647099421009, 0.76880041552872, 0.7908139439518599], "f_0_5_ged": [0.16292735042735043, 0.3797161054465484, 0.13864020054228268, 0.07901767949519642], "f1_score_avg_ner": [0.8325026284023208, 0.8325026284023208, 0.8325026284023208, 0.8325026284023208], "f1_score_macro_ner": [0.10095515347265754, 0.10095515347265754, 0.10095515347265754, 0.10095515347265754], "f1_score_weighted_ner": [0.7564088755507238, 0.7564088755507238, 0.7564088755507238, 0.7564088755507238], "aes": [4.245538290156874, 4.145107091859329, 4.934229684430499, 5.046444648920104], "ged": [0.0586775049220684, 0.05822297099024751, 0.05857961607533832, 0.058657348849052604], "ner": [0.025343277903143748, 0.024697992777408556, 0.024555363540732584, 0.025288683080742527], "total_loss": [4.329559072982087, 4.228028055626986, 5.01736466404657, 5.1303906808498985], "aes_weight_coef": [0.6000000238418579, 0.6000000238418579, 0.6000000238418579, 0.6000000238418579], "ged_weight_coef": [0.4000000059604645, 0.4000000059604645, 0.4000000059604645, 0.4000000059604645], "ner_weight_coef": [0.03999999910593033, 0.03999999910593033, 0.03999999910593033, 0.03999999910593033], "epoch": [1.0, 2.0, 3.0, 4.0], "step": [264, 529, 794, 1059]}, "test": {"rmse_aes": 5.716387262365395, "pearson_aes": 0.7369425594835624, "spearman_aes": 0.7607287337623393, "kappa_aes": 0.4813412053024396, "f1_score_avg_ged": 0.8049699398797595, "f1_score_macro_ged": 0.4962450251132478, "f1_score_weighted_ged": 0.7711132550840466, "f_0_5_ged": 0.08234872896527033, "f1_score_avg_ner": 0.8253041886508022, "f1_score_macro_ner": 0.10047691335593363, "f1_score_weighted_ner": 0.7463161570982018, "aes": 5.548842430114746, "ged": 0.08079806041149866, "ner": 0.02373907896911814, "total_loss": 5.653379569495363, "aes_weight_coef": 0.6000000238418579, "ged_weight_coef": 0.4000000059604645, "ner_weight_coef": 0.03999999910593033}, "info": {"tasks": ["aes", "ged", "ner"], "outputs": ["loss", "labels", "preds"], "map_out_to_task": {"aes_loss": "aes", "aes_labels": "aes", "aes_preds": "aes", "ged_loss": "ged", "ged_labels": "ged", "ged_preds": "ged", "ner_loss": "ner", "ner_labels": "ner", "ner_preds": "ner"}, "map_out_to_out": {"aes_loss": "loss", "aes_labels": "labels", "aes_preds": "preds", "ged_loss": "loss", "ged_labels": "labels", "ged_preds": "preds", "ner_loss": "loss", "ner_labels": "labels", "ner_preds": "preds"}, "map_task_index": {"aes": 0, "ged": 1, "ner": 2}, "map_index_task": {"0": "aes", "1": "ged", "2": "ner"}, "optimizer_weighting": "fixed", "epochs_to_avg_over": 2, "temp": 2, "init_task_weightings": {"aes": 0.6000000000000001, "ged": 0.3999999999999999, "ner": 0.039999999999999994}, "metrics_to_track_by_task": {"aes": "pearson_aes", "ged": "f_0_5_ged", "ner": "f1_score_avg_ner"}, "regression_tasks": ["aes"], "classification_tasks": ["ner", "ged"], "fce_tasks": ["aes", "ged"], "task_priorities_priority_as_key": {"primary_task": "aes", "secondary_task": "ged", "aux_task": "ner"}, "early_stopping_patience": 2, "early_stopping_metric": "loss", "pretrained_model": "distilroberta-base", "frozen_layers": "all", "scoring": "script", "learning_rate": 0.0005, "batch_size": 8, "weight_decay": 0.01, "adam_epsilon": 1e-08, "normalized_values": null, "model_name": "distilroberta-base_1630648581", "runtime": 239.40683960914612, "steps_per_sec": 0.22606878150061013}, "preds": {"aes": {"preds": [33.64048385620117, 29.962282180786133, 30.789308547973633, 34.006622314453125, 34.970394134521484, 32.680511474609375, 33.17475891113281, 32.648414611816406, 28.78066635131836, 32.016639709472656, 30.522964477539062, 32.3094482421875, 33.550148010253906, 33.923118591308594, 31.226207733154297, 23.00834083557129, 27.320310592651367, 33.109989166259766, 32.53443145751953, 27.304065704345703, 35.22512435913086, 34.09492874145508, 32.64522171020508, 28.52773094177246, 28.932979583740234, 32.231014251708984, 26.093639373779297, 36.00191116333008, 34.9512825012207, 33.190773010253906, 32.94272994995117, 33.432838439941406, 35.13727951049805, 29.922849655151367, 34.02465057373047, 28.353158950805664, 34.979209899902344, 26.79124641418457, 34.619083404541016, 32.035423278808594, 25.611177444458008, 26.3724422454834, 30.82621192932129, 35.01294708251953, 32.93544006347656, 32.79816436767578, 23.814308166503906, 30.819337844848633, 34.316864013671875, 28.05976104736328, 35.45957946777344, 31.44643783569336, 33.3663444519043, 29.81121253967285, 31.35598373413086, 32.5897331237793, 26.200668334960938, 36.124935150146484, 29.877328872680664, 34.46539306640625, 15.206533432006836, 30.817689895629883, 31.185935974121094, 32.72200012207031, 26.310556411743164, 29.40605926513672, 30.230777740478516, 33.6559944152832, 27.372692108154297, 35.16131591796875, 33.505401611328125, 32.13899230957031, 36.1214485168457, 35.98830795288086, 30.91893768310547, 35.594234466552734, 34.25067901611328, 30.553152084350586, 33.68537902832031, 24.518348693847656, 33.53200149536133, 29.94961166381836, 33.87293243408203, 35.219669342041016, 32.67593765258789, 32.98911666870117, 27.80255889892578, 34.56772994995117, 30.9572696685791, 25.953567504882812, 32.215641021728516, 28.966108322143555, 26.998836517333984, 27.80889320373535, 32.73551940917969, 34.407718658447266], "labels": [30.0, 26.0, 23.0, 26.0, 26.0, 38.0, 27.0, 39.0, 25.0, 24.0, 25.0, 27.0, 30.0, 27.0, 20.0, 21.0, 21.0, 26.0, 22.0, 24.0, 38.0, 30.0, 34.0, 24.0, 23.0, 22.0, 23.0, 39.0, 34.0, 37.0, 31.0, 28.0, 26.0, 29.0, 34.0, 26.0, 34.0, 19.0, 26.0, 31.0, 18.0, 19.0, 25.0, 26.0, 29.0, 29.0, 18.0, 27.0, 35.0, 22.0, 36.0, 14.0, 24.0, 29.0, 28.0, 24.0, 25.0, 37.0, 24.0, 36.0, 13.0, 23.0, 29.0, 31.0, 23.0, 28.0, 26.0, 26.0, 21.0, 38.0, 32.0, 29.0, 36.0, 40.0, 29.0, 34.0, 36.0, 25.0, 37.0, 17.0, 32.0, 25.0, 25.0, 36.0, 31.0, 27.0, 19.0, 28.0, 24.0, 20.0, 25.0, 23.0, 22.0, 23.0, 27.0, 30.0]}}}