{"best": {"aes": {"rmse_aes": 6.2182527020592095, "pearson_aes": 0.6086374933214695, "spearman_aes": 0.5904924837441256, "kappa_aes": 0.35828575456403744, "aes": 7.340880105661792, "aes_weight_coef": 0.8999999761581421}, "ged": {"f1_score_avg_ged": 0.8134474579766938, "f1_score_macro_ged": 0.6224192660391844, "f1_score_weighted_ged": 0.8186635283635435, "f_0_5_ged": 0.36873449131513647, "ged": 0.013662248330060826, "ged_weight_coef": 0.10000000149011612}, "ner": {"f1_score_avg_ner": 0.9464584712433316, "f1_score_macro_ner": 0.7875239043613466, "f1_score_weighted_ner": 0.9432183811064059, "ner": 0.0013505367719200115, "ner_weight_coef": 0.009999999776482582}}, "train": {"loss": [34.459], "learning_rate": [0.0004528301886792453], "epoch": [1.89], "step": [500]}, "eval": {"rmse_aes": [5.753018531364402, 5.802298395176403, 6.2182527020592095], "pearson_aes": [0.4204882270905782, 0.5510568028148608, 0.6086374933214695], "spearman_aes": [0.4306896725233792, 0.5699520241670701, 0.5904924837441256], "kappa_aes": [0.08962457898628118, 0.25275161130391666, 0.35828575456403744], "f1_score_avg_ged": [0.8134474579766938, 0.8530473342270806, 0.863084802859991], "f1_score_macro_ged": [0.6224192660391844, 0.632510289105549, 0.6282176821384275], "f1_score_weighted_ged": [0.8186635283635435, 0.8405310544653464, 0.844140629339287], "f_0_5_ged": [0.36873449131513647, 0.3113733202228778, 0.28019187358916475], "f1_score_avg_ner": [0.9313500253105409, 0.9414547720104357, 0.9464584712433316], "f1_score_macro_ner": [0.7074944543255456, 0.7548930102833348, 0.7875239043613466], "f1_score_weighted_ner": [0.9267849480944664, 0.9374418562192214, 0.9432183811064059], "aes": [6.325251468392306, 6.382398971291476, 7.340880105661792], "ged": [0.013662248330060826, 0.014308113171610721, 0.014885373933370723], "ner": [0.001711301080514352, 0.001469180102969065, 0.0013505367719200115], "total_loss": [6.340625017802881, 6.398176264566056, 7.357116016367082], "aes_weight_coef": [0.8999999761581421, 0.8999999761581421, 0.8999999761581421], "ged_weight_coef": [0.10000000149011612, 0.10000000149011612, 0.10000000149011612], "ner_weight_coef": [0.009999999776482582, 0.009999999776482582, 0.009999999776482582], "epoch": [1.0, 2.0, 3.0], "step": [264, 529, 794]}, "test": {"rmse_aes": 5.451490621839131, "pearson_aes": 0.7254124290958822, "spearman_aes": 0.7437889039831409, "kappa_aes": 0.47945880975128674, "f1_score_avg_ged": 0.840187040748163, "f1_score_macro_ged": 0.6282462144785738, "f1_score_weighted_ged": 0.82388909271632, "f_0_5_ged": 0.30427474500515717, "f1_score_avg_ner": 0.938107031334123, "f1_score_macro_ner": 0.7468350431720943, "f1_score_weighted_ner": 0.9356837597130816, "aes": 7.574115866706485, "ged": 0.020452503469728288, "ner": 0.0014283655549488252, "total_loss": 7.595996735731162, "aes_weight_coef": 0.8999999761581421, "ged_weight_coef": 0.10000000149011612, "ner_weight_coef": 0.009999999776482582}, "info": {"tasks": ["aes", "ged", "ner"], "outputs": ["loss", "labels", "preds"], "map_out_to_task": {"aes_loss": "aes", "aes_labels": "aes", "aes_preds": "aes", "ged_loss": "ged", "ged_labels": "ged", "ged_preds": "ged", "ner_loss": "ner", "ner_labels": "ner", "ner_preds": "ner"}, "map_out_to_out": {"aes_loss": "loss", "aes_labels": "labels", "aes_preds": "preds", "ged_loss": "loss", "ged_labels": "labels", "ged_preds": "preds", "ner_loss": "loss", "ner_labels": "labels", "ner_preds": "preds"}, "map_task_index": {"aes": 0, "ged": 1, "ner": 2}, "map_index_task": {"0": "aes", "1": "ged", "2": "ner"}, "optimizer_weighting": "fixed", "epochs_to_avg_over": 2, "temp": 2, "init_task_weightings": {"aes": 0.9, "ged": 0.09999999999999998, "ner": 0.009999999999999998}, "metrics_to_track_by_task": {"aes": "pearson_aes", "ged": "f_0_5_ged", "ner": "f1_score_avg_ner"}, "regression_tasks": ["aes"], "classification_tasks": ["ner", "ged"], "fce_tasks": ["aes", "ged"], "task_priorities_priority_as_key": {"primary_task": "aes", "secondary_task": "ged", "aux_task": "ner"}, "early_stopping_patience": 2, "early_stopping_metric": "loss", "pretrained_model": "distilroberta-base", "frozen_layers": "all", "scoring": "script", "learning_rate": 0.0005, "batch_size": 8, "weight_decay": 0.01, "adam_epsilon": 1e-08, "normalized_values": null, "model_name": "distilroberta-base_1630658010", "runtime": 120.3076844215393, "steps_per_sec": 0.15152101312536437}, "preds": {"aes": {"preds": [32.841251373291016, 29.85342788696289, 30.43637466430664, 33.2020149230957, 34.02677917480469, 31.6295108795166, 32.53256607055664, 31.896289825439453, 28.642684936523438, 31.632516860961914, 30.27664566040039, 31.74814796447754, 32.81924057006836, 33.24530029296875, 31.137418746948242, 23.056312561035156, 27.10527992248535, 32.271644592285156, 31.894371032714844, 27.055992126464844, 34.46305847167969, 33.017547607421875, 31.968961715698242, 28.401844024658203, 28.72339630126953, 31.668109893798828, 26.033098220825195, 34.8518180847168, 34.04265213012695, 32.37360763549805, 32.087310791015625, 32.74338912963867, 34.254878997802734, 29.34425926208496, 33.35251998901367, 28.035266876220703, 34.3908576965332, 26.868305206298828, 33.970123291015625, 31.418869018554688, 25.633148193359375, 26.21457290649414, 29.990285873413086, 34.13054656982422, 32.30255126953125, 32.15121841430664, 24.134735107421875, 30.172088623046875, 33.56175231933594, 27.916873931884766, 34.509254455566406, 30.858047485351562, 32.506404876708984, 29.348939895629883, 30.963022232055664, 31.771827697753906, 26.375267028808594, 35.1617546081543, 29.19485855102539, 33.59109115600586, 15.824076652526855, 30.638538360595703, 30.79483413696289, 32.183128356933594, 26.359132766723633, 29.32443618774414, 29.646472930908203, 32.91124725341797, 27.338924407958984, 34.069190979003906, 32.604408264160156, 31.746129989624023, 34.87948226928711, 34.967899322509766, 30.149023056030273, 34.631988525390625, 33.61075210571289, 30.363603591918945, 32.920875549316406, 24.694547653198242, 32.97471618652344, 29.72435760498047, 33.1529655456543, 34.05283737182617, 32.15401077270508, 32.3289680480957, 27.876934051513672, 33.51780700683594, 29.969850540161133, 26.28776741027832, 31.734207153320312, 28.8456974029541, 26.837356567382812, 27.563495635986328, 32.089969635009766, 33.387542724609375], "labels": [30.0, 26.0, 23.0, 26.0, 26.0, 38.0, 27.0, 39.0, 25.0, 24.0, 25.0, 27.0, 30.0, 27.0, 20.0, 21.0, 21.0, 26.0, 22.0, 24.0, 38.0, 30.0, 34.0, 24.0, 23.0, 22.0, 23.0, 39.0, 34.0, 37.0, 31.0, 28.0, 26.0, 29.0, 34.0, 26.0, 34.0, 19.0, 26.0, 31.0, 18.0, 19.0, 25.0, 26.0, 29.0, 29.0, 18.0, 27.0, 35.0, 22.0, 36.0, 14.0, 24.0, 29.0, 28.0, 24.0, 25.0, 37.0, 24.0, 36.0, 13.0, 23.0, 29.0, 31.0, 23.0, 28.0, 26.0, 26.0, 21.0, 38.0, 32.0, 29.0, 36.0, 40.0, 29.0, 34.0, 36.0, 25.0, 37.0, 17.0, 32.0, 25.0, 25.0, 36.0, 31.0, 27.0, 19.0, 28.0, 24.0, 20.0, 25.0, 23.0, 22.0, 23.0, 27.0, 30.0]}}}