{"best": {"aes": {"rmse_aes": 1.2527746981977423, "pearson_aes": NaN, "spearman_aes": NaN, "kappa_aes": 0.0, "aes": 0.00011514928422023564, "aes_weight_coef": 0.6000000238418579}, "ged": {"f1_score_avg_ged": 0.6984634423017428, "f1_score_macro_ged": 0.6011223009905705, "f1_score_weighted_ged": 0.7451053669464254, "f_0_5_ged": 0.5617468172717313, "ged": 0.047896216428557105, "ged_weight_coef": 0.4000000059604645}, "ner": {"f1_score_avg_ner": 0.9771231649857871, "f1_score_macro_ner": 0.878028525129288, "f1_score_weighted_ner": 0.9767782528837146, "ner": 0.0027492055534060265, "ner_weight_coef": 0.03999999910593033}}, "train": {"loss": [0.145, 0.1146, 0.0981], "learning_rate": [0.0004371069182389937, 0.0003742138364779874, 0.00031132075471698115], "epoch": [1.89, 3.77, 5.66], "step": [500, 1000, 1500]}, "eval": {"rmse_aes": [1.2527746981977423, 0.8660254037844386, 1.1055415967851334, 0.8249579113843054, 1.0137937550497031, 0.16666666666666666, 0.0], "pearson_aes": [NaN, NaN, NaN, NaN, NaN, NaN, NaN], "spearman_aes": [NaN, NaN, NaN, NaN, NaN, NaN, NaN], "kappa_aes": [0.0, 0.0, 0.0, 0.0, 0.0, 0.0, NaN], "f1_score_avg_ged": [0.6455604826234917, 0.6524354611391839, 0.7569007596851259, 0.7609913719019628, 0.7100134062081056, 0.6116668385411296, 0.6984634423017428], "f1_score_macro_ged": [0.5433317898034264, 0.5598547286919211, 0.6280318439512622, 0.635035930010387, 0.6059629326061047, 0.5434074976553199, 0.6011223009905705], "f1_score_weighted_ged": [0.7012128798409251, 0.707357998788718, 0.7880135376821937, 0.7917026841525302, 0.7539193790144085, 0.6724072139790802, 0.7451053669464254], "f_0_5_ged": [0.4631065809882562, 0.5125454545454545, 0.5160419916522619, 0.5313236780060626, 0.5509210983663537, 0.5529837129147801, 0.5617468172717313], "f1_score_avg_ner": [0.8820528795607647, 0.937677660527238, 0.9612943421206339, 0.9690432615552353, 0.9726451462170477, 0.9761886219383981, 0.9771231649857871], "f1_score_macro_ner": [0.27604006519716656, 0.5700535482349259, 0.7816543105172323, 0.8315537477889734, 0.8571027230638655, 0.8755420235697543, 0.878028525129288], "f1_score_weighted_ner": [0.8637361013652585, 0.9296970662396069, 0.959783717175845, 0.9687699879901658, 0.9725994995680367, 0.9760763165562182, 0.9767782528837146], "aes": [0.00011514928422023564, 4.991992927687026e-05, 9.297220128436768e-05, 2.8189039027025966e-05, 6.7974520958202e-05, 5.677731297869603e-06, 2.286220224896381e-06], "ged": [0.05303195222865704, 0.04991895930711613, 0.04780015418695849, 0.04752035023168076, 0.04700934020585792, 0.04797299656757088, 0.047896216428557105], "ner": [0.011372908213457395, 0.006187308103192684, 0.004443356745638127, 0.003446853966019008, 0.0031862981823208027, 0.0028849919516116727, 0.0027492055534060265], "total_loss": [0.06452000972633466, 0.05615618733958569, 0.052336483133880986, 0.05099539323672679, 0.050263612909136925, 0.05086366625048043, 0.05064770820218803], "aes_weight_coef": [0.6000000238418579, 0.6000000238418579, 0.6000000238418579, 0.6000000238418579, 0.6000000238418579, 0.6000000238418579, 0.6000000238418579], "ged_weight_coef": [0.4000000059604645, 0.4000000059604645, 0.4000000059604645, 0.4000000059604645, 0.4000000059604645, 0.4000000059604645, 0.4000000059604645], "ner_weight_coef": [0.03999999910593033, 0.03999999910593033, 0.03999999910593033, 0.03999999910593033, 0.03999999910593033, 0.03999999910593033, 0.03999999910593033], "epoch": [1.0, 2.0, 3.0, 4.0, 5.0, 6.0, 7.0], "step": [264, 529, 794, 1059, 1324, 1589, 1854]}, "test": {"rmse_aes": 0.0, "pearson_aes": NaN, "spearman_aes": NaN, "kappa_aes": NaN, "f1_score_avg_ged": 0.6587842351369405, "f1_score_macro_ged": 0.5802631674446866, "f1_score_weighted_ged": 0.7067981678000608, "f_0_5_ged": 0.5534929930976783, "f1_score_avg_ner": 0.9687089479918165, "f1_score_macro_ner": 0.8329436848923084, "f1_score_weighted_ner": 0.9688435733712852, "aes": 4.208226993709797e-06, "ged": 0.06980347952672414, "ner": 0.00332547421567142, "total_loss": 0.07313316196938927, "aes_weight_coef": 0.6000000238418579, "ged_weight_coef": 0.4000000059604645, "ner_weight_coef": 0.03999999910593033}, "info": {"tasks": ["aes", "ged", "ner"], "outputs": ["loss", "labels", "preds"], "map_out_to_task": {"aes_loss": "aes", "aes_labels": "aes", "aes_preds": "aes", "ged_loss": "ged", "ged_labels": "ged", "ged_preds": "ged", "ner_loss": "ner", "ner_labels": "ner", "ner_preds": "ner"}, "map_out_to_out": {"aes_loss": "loss", "aes_labels": "labels", "aes_preds": "preds", "ged_loss": "loss", "ged_labels": "labels", "ged_preds": "preds", "ner_loss": "loss", "ner_labels": "labels", "ner_preds": "preds"}, "map_task_index": {"aes": 0, "ged": 1, "ner": 2}, "map_index_task": {"0": "aes", "1": "ged", "2": "ner"}, "optimizer_weighting": "fixed", "epochs_to_avg_over": 2, "temp": 2, "init_task_weightings": {"aes": 0.6, "ged": 0.4, "ner": 0.04000000000000001}, "metrics_to_track_by_task": {"aes": "pearson_aes", "ged": "f_0_5_ged", "ner": "f1_score_avg_ner"}, "regression_tasks": ["aes"], "classification_tasks": ["ner", "ged"], "fce_tasks": ["aes", "ged"], "task_priorities_priority_as_key": {"primary_task": "aes", "secondary_task": "ged", "aux_task": "ner"}, "early_stopping_patience": 2, "early_stopping_metric": "loss", "pretrained_model": "distilroberta-base", "frozen_layers": "all", "scoring": "script", "learning_rate": 0.0005, "batch_size": 8, "weight_decay": 0.01, "adam_epsilon": 1e-08, "normalized_values": [40, 0], "model_name": "distilroberta-base_1630669223", "runtime": 405.6712272167206, "steps_per_sec": 0.21880864466921282}, "preds": {"aes": {"preds": [0.0026969562750309706, 0.007302227895706892, 0.0048483810387551785, 0.005951091181486845, 0.006289774086326361, -0.0016987852286547422, 0.0023770928382873535, 0.005959132220596075, 0.01194822508841753, 0.005669072736054659, 0.0010850087273865938, -0.0012098082806915045, 0.008759894408285618, -0.001979498891159892, 0.001819689990952611, 0.007714906241744757, 0.0013516910839825869, 0.008452476933598518, 0.0011095108930021524, 0.004899359308183193, 0.0027744534891098738, 0.007741441484540701, 0.0097391651943326, 0.006453369278460741, 0.00045258254976943135, -0.001921972492709756, 0.003440787782892585, 0.0038639709819108248, 0.0060546197928488255, 0.003675335319712758, 0.003258202690631151, 0.003779719350859523, 0.009176359511911869, 0.006835477892309427, 0.0030690247658640146, -0.0006732066976837814, -0.001320674316957593, 6.398075493052602e-05, 0.0016762216109782457, 0.003116440260782838, 0.0057348511181771755, 0.007658943999558687, 0.010536354966461658, 0.009037322364747524, 0.001249001594260335, 0.004869800992310047, 0.0004903984372504056, 0.007295588031411171, -0.0006615945021621883, 0.002510233549401164, 0.0008986604516394436, 0.002334988908842206, 0.007554727140814066, 0.009894057177007198, 0.0057636434212327, 0.0067184073850512505, 0.00033588596852496266, 0.00021318421931937337, 0.003315679030492902, 0.006099235732108355, 0.001043342286720872, 0.001741017447784543, -0.0023256384301930666, 0.007901981472969055, 0.005965566728264093, 0.0011666242498904467, 0.007177035789936781, -0.0012963504996150732, 0.006745785474777222, 0.0011819845531135798, 0.0057605295442044735, 0.0066164168529212475, 0.002440051408484578, 0.0036016316153109074, 0.001466758782044053, 0.00594059145078063, 0.005612225737422705, 0.0015679050702601671, 0.006169184576719999, 0.0052674394100904465, 0.0014727090019732714, 0.0024181620683521032, 0.004324393346905708, -9.281624807044864e-05, 0.005130407866090536, 0.0072753820568323135, 0.001537061994895339, 0.0068864766508340836, 0.004635155666619539, 0.0018543433398008347, 0.0010117094498127699, -0.0012979346793144941, 0.010576990433037281, 0.009809189476072788, 0.008928525261580944, 0.0031203238759189844],