{"best": {"aes": {"rmse_aes": 6.765927710061479, "pearson_aes": 0.6310242962844479, "spearman_aes": 0.6285480513343803, "kappa_aes": 0.34685240698289543, "aes": 2.890201823655949, "aes_weight_coef": 0.30000001192092896}, "ged": {"f1_score_avg_ged": 0.8403286239730501, "f1_score_macro_ged": 0.679485817600856, "f1_score_weighted_ged": 0.8453939860331992, "f_0_5_ged": 0.47420183848967085, "ged": 0.08932584316231483, "ged_weight_coef": 0.699999988079071}, "ner": {"f1_score_avg_ner": 0.9784471009695884, "f1_score_macro_ner": 0.8969355610671259, "f1_score_weighted_ner": 0.9784008609150453, "ner": 0.0040270367334055346, "ner_weight_coef": 0.07000000029802322}}, "train": {"loss": [11.7036, 3.3084], "learning_rate": [0.0004528301886792453, 0.0004056603773584906], "epoch": [1.89, 3.77], "step": [500, 1000]}, "eval": {"rmse_aes": [5.798706752371601, 5.851163227180653, 5.830951894845301, 6.335525936249404, 6.765927710061479], "pearson_aes": [0.3905805894825428, 0.5591690636085428, 0.5909307827470792, 0.6094526267653838, 0.6310242962844479], "spearman_aes": [0.3754623560862642, 0.5562712753450572, 0.5847035567097046, 0.5969692010165304, 0.6285480513343803], "kappa_aes": [0.08657728961395572, 0.23325358851674638, 0.3610069776987276, 0.3547484141854217, 0.34685240698289543], "f1_score_avg_ged": [0.6269292908459662, 0.8201505620294937, 0.8334536454573579, 0.8403286239730501, 0.8736378948815785], "f1_score_macro_ged": [0.533659654736454, 0.6530490375721785, 0.666986397388585, 0.679485817600856, 0.6756282083496776], "f1_score_weighted_ged": [0.6860526335819498, 0.8289902483993193, 0.8390300716494712, 0.8453939860331992, 0.8608141781067552], "f_0_5_ged": [0.46960333429146306, 0.4442453880792137, 0.45353654927493336, 0.47420183848967085, 0.37072820626069675], "f1_score_avg_ner": [0.9476266500525681, 0.9653829679529613, 0.9719052996378645, 0.9755071842996768, 0.9784471009695884], "f1_score_macro_ner": [0.7230152703877544, 0.8393729502770074, 0.8649003745456496, 0.8827911784475688, 0.8969355610671259], "f1_score_weighted_ner": [0.9440431486805118, 0.9654933479686794, 0.9714516354367759, 0.9755398520201211, 0.9784008609150453], "aes": [2.1304741182992624, 2.141638104305711, 2.113916882248812, 2.49590495575306, 2.890201823655949], "ged": [0.09244981685350108, 0.08985284594602364, 0.08678134998609853, 0.08932584316231483, 0.1070460413777551], "ner": [0.009088677126740994, 0.006250434831261288, 0.005199764784815353, 0.004627596928066639, 0.0040270367334055346], "total_loss": [2.2320126122795045, 2.237741385082996, 2.2058979970197257, 2.5898583958434416, 3.00127490176711], "aes_weight_coef": [0.30000001192092896, 0.30000001192092896, 0.30000001192092896, 0.30000001192092896, 0.30000001192092896], "ged_weight_coef": [0.699999988079071, 0.699999988079071, 0.699999988079071, 0.699999988079071, 0.699999988079071], "ner_weight_coef": [0.07000000029802322, 0.07000000029802322, 0.07000000029802322, 0.07000000029802322, 0.07000000029802322], "epoch": [1.0, 2.0, 3.0, 4.0, 5.0], "step": [264, 529, 794, 1059, 1324]}, "test": {"rmse_aes": 6.149186938124422, "pearson_aes": 0.7388589304528496, "spearman_aes": 0.7501856298422028, "kappa_aes": 0.4522707623455221, "f1_score_avg_ged": 0.8558183032732131, "f1_score_macro_ged": 0.671516972819431, "f1_score_weighted_ged": 0.8430112904053799, "f_0_5_ged": 0.3783804257253238, "f1_score_avg_ner": 0.9699795412942823, "f1_score_macro_ner": 0.8507995445724733, "f1_score_weighted_ner": 0.9707200491734297, "aes": 3.2262034756796703, "ged": 0.1504278594539279, "ner": 0.005536577198654413, "total_loss": 3.3821679123322523, "aes_weight_coef": 0.30000001192092896, "ged_weight_coef": 0.699999988079071, "ner_weight_coef": 0.07000000029802322}, "info": {"tasks": ["aes", "ged", "ner"], "outputs": ["loss", "labels", "preds"], "map_out_to_task": {"aes_loss": "aes", "aes_labels": "aes", "aes_preds": "aes", "ged_loss": "ged", "ged_labels": "ged", "ged_preds": "ged", "ner_loss": "ner", "ner_labels": "ner", "ner_preds": "ner"}, "map_out_to_out": {"aes_loss": "loss", "aes_labels": "labels", "aes_preds": "preds", "ged_loss": "loss", "ged_labels": "labels", "ged_preds": "preds", "ner_loss": "loss", "ner_labels": "labels", "ner_preds": "preds"}, "map_task_index": {"aes": 0, "ged": 1, "ner": 2}, "map_index_task": {"0": "aes", "1": "ged", "2": "ner"}, "optimizer_weighting": "fixed", "epochs_to_avg_over": 2, "temp": 2, "init_task_weightings": {"aes": 0.30000000000000004, "ged": 0.7, "ner": 0.06999999999999999}, "metrics_to_track_by_task": {"aes": "pearson_aes", "ged": "f_0_5_ged", "ner": "f1_score_avg_ner"}, "regression_tasks": ["aes"], "classification_tasks": ["ner", "ged"], "fce_tasks": ["aes", "ged"], "task_priorities_priority_as_key": {"primary_task": "aes", "secondary_task": "ged", "aux_task": "ner"}, "early_stopping_patience": 2, "early_stopping_metric": "loss", "pretrained_model": "distilroberta-base", "frozen_layers": "all", "scoring": "script", "learning_rate": 0.0005, "batch_size": 8, "weight_decay": 0.01, "adam_epsilon": 1e-08, "normalized_values": null, "model_name": "distilroberta-base_1630637212", "runtime": 243.1717131137848, "steps_per_sec": 0.1836644358865444}, "preds": {"aes": {"preds": [34.696922302246094, 30.46611976623535, 31.634544372558594, 34.35774230957031, 35.6844367980957, 33.524173736572266, 33.616790771484375, 33.37807083129883, 29.06882095336914, 32.250450134277344, 30.888946533203125, 33.18586730957031, 34.163143157958984, 34.6639518737793, 32.16227722167969, 23.929656982421875, 27.76559066772461, 33.73578643798828, 33.54283142089844, 27.768966674804688, 35.74428939819336, 34.64266586303711, 33.278160095214844, 28.813068389892578, 29.73308753967285, 33.0158805847168, 26.565092086791992, 36.76570510864258, 35.79035186767578, 34.000892639160156, 33.420501708984375, 34.42433166503906, 35.73293685913086, 30.34182357788086, 34.531227111816406, 28.93260955810547, 35.89277648925781, 27.26628875732422, 35.191856384277344, 32.40846252441406, 25.71816635131836, 26.890722274780273, 31.585405349731445, 35.66871643066406, 33.36589813232422, 33.415462493896484, 24.20339584350586, 31.535980224609375, 35.14897918701172, 28.35569953918457, 36.11265182495117, 32.00381851196289, 34.07530212402344, 30.483314514160156, 32.09027099609375, 33.33350372314453, 26.849130630493164, 36.71147155761719, 30.52416229248047, 35.04492950439453, 15.843206405639648, 31.434146881103516, 31.42558479309082, 33.59579086303711, 26.740278244018555, 30.028345108032227, 30.75568389892578, 34.761348724365234, 27.868494033813477, 35.79519271850586, 33.83989715576172, 32.98028564453125, 36.835933685302734, 37.025909423828125, 32.00666046142578, 36.46440887451172, 34.854801177978516, 31.333768844604492, 34.34303665161133, 24.800662994384766, 34.03812026977539, 30.5574951171875, 34.355106353759766, 36.04911804199219, 33.32489776611328, 33.686561584472656, 28.491840362548828, 35.09880447387695, 31.47947883605957, 26.746065139770508, 32.86158752441406, 29.872314453125, 27.495609283447266, 28.181198120117188, 33.324501037597656, 35.098751068115234], "labels": [30.0, 26.0, 23.0, 26.0, 26.0, 38.0, 27.0, 39.0, 25.0, 24.0, 25.0, 27.0, 30.0, 27.0, 20.0, 21.0, 21.0, 26.0, 22.0, 24.0, 38.0, 30.0, 34.0, 24.0, 23.0, 22.0, 23.0, 39.0, 34.0, 37.0, 31.0, 28.0, 26.0, 29.0, 34.0, 26.0, 34.0, 19.0, 26.0, 31.0, 18.0, 19.0, 25.0, 26.0, 29.0, 29.0, 18.0, 27.0, 35.0, 22.0, 36.0, 14.0, 24.0, 29.0, 28.0, 24.0, 25.0, 37.0, 24.0, 36.0, 13.0, 23.0, 29.0, 31.0, 23.0, 28.0, 26.0, 26.0, 21.0, 38.0, 32.0, 29.0, 36.0, 40.0, 29.0, 34.0, 36.0, 25.0, 37.0, 17.0, 32.0, 25.0, 25.0, 36.0, 31.0, 27.0, 19.0, 28.0, 24.0, 20.0, 25.0, 23.0, 22.0, 23.0, 27.0, 30.0]}}}