{"best": {"aes": {"rmse_aes": 201.189863340853, "pearson_aes": 0.6992279962613959, "spearman_aes": 0.6997651600728967, "kappa_aes": 0.6028241960664458, "aes": 0.15889834179434664, "aes_weight_coef": 0.029999999329447746}, "ged": {"f1_score_avg_ged": 0.6976384448798597, "f1_score_macro_ged": 0.5888317176848865, "f1_score_weighted_ged": 0.7433859843059053, "f_0_5_ged": 0.5149360435908336, "ged": 0.1212183722229891, "ged_weight_coef": 0.9700000286102295}, "ner": {"f1_score_avg_ner": 0.9677387952182548, "f1_score_macro_ner": 0.8234432301727004, "f1_score_weighted_ner": 0.9671986566015478, "ner": 0.009844430559856255, "ner_weight_coef": 0.09700000286102295}}, "train": {"loss": [1.4776, 0.623, 0.5632, 0.5272], "learning_rate": [0.0004528301886792453, 0.0004056603773584906, 0.0003584905660377358, 0.00031132075471698115], "epoch": [1.89, 3.77, 5.66, 7.55], "step": [500, 1000, 1500, 2000]}, "eval": {"rmse_aes": [227.90409776433987, 205.9387044729572, 200.8625843151924, 202.93834586450689, 198.08254452233908, 200.84114784243457, 197.186565634342, 206.9213484501888, 201.189863340853], "pearson_aes": [0.4021421113218628, 0.5856443777228874, 0.6144381799298123, 0.6470919354706827, 0.6726419908586853, 0.683399584645085, 0.6901605678560255, 0.6946792692610799, 0.6992279962613959], "spearman_aes": [0.4066149489643651, 0.5738170370538046, 0.5927113681982251, 0.6280029362573466, 0.6614864854167019, 0.6777720312448605, 0.6859737325388046, 0.6930679558528228, 0.6997651600728967], "kappa_aes": [0.3237134222638499, 0.4899654710025444, 0.5203904948258784, 0.5426484065541627, 0.5759028042362121, 0.5822555813093508, 0.5985589109540339, 0.5829474549436311, 0.6028241960664458], "f1_score_avg_ged": [0.13963081365370733, 0.4562235743013303, 0.5427108040287374, 0.5908700285311609, 0.6565260733560208, 0.6955415764325736, 0.6976384448798597, 0.7494757828881785, 0.7517445257983569], "f1_score_macro_ged": [0.12501376782209908, 0.42514597417424504, 0.48742543326050863, 0.5182156789382397, 0.5622391421999404, 0.5841548108991603, 0.5888317176848865, 0.6181341152232956, 0.6207054937830387], "f1_score_weighted_ged": [0.04237692121505217, 0.5228125244257902, 0.610431621916594, 0.6549257355281948, 0.7106916490946001, 0.7414175948353829, 0.7433859843059053, 0.7817780885866632, 0.7836095644041055], "f_0_5_ged": [0.4384332541141653, 0.4774341217207583, 0.498114293019688, 0.49856151633102047, 0.5118686222157199, 0.5020165981540371, 0.5149360435908336, 0.4985072116395441, 0.5022532957082088], "f1_score_avg_ner": [0.8618044468673338, 0.905358046805031, 0.927086172656828, 0.9500019469646821, 0.9587243487403139, 0.96148903858884, 0.9641174409096219, 0.9669794789922511, 0.9677387952182548], "f1_score_macro_ner": [0.17545599511539045, 0.37780638541030315, 0.49497003023237457, 0.6558972236011377, 0.7554065072864485, 0.779158270525159, 0.7991225054111609, 0.8192035831983264, 0.8234432301727004], "f1_score_weighted_ner": [0.8424502613830074, 0.8915236947893592, 0.9163529374706136, 0.9456586991089911, 0.9572686555134751, 0.9594337566437798, 0.9629265422741644, 0.9660923461089592, 0.9671986566015478], "aes": [0.20390435082967892, 0.16642194016035214, 0.15828561817490777, 0.16159112595541533, 0.15387880126404208, 0.15824511335339658, 0.152583883945332, 0.1680634895036387, 0.15889834179434664], "ged": [0.14553627995557564, 0.1290185811907746, 0.125391285086787, 0.12357288183167923, 0.1204091421393461, 0.11812565077182859, 0.1212183722229891, 0.11959436189296634, 0.12600877811742384], "ner": [0.031897754993203076, 0.023276103357242985, 0.019292477366709433, 0.014659980929261723, 0.012148776578955179, 0.012089820058886395, 0.011021158473869396, 0.009912524838000536, 0.009844430559856255], "total_loss": [0.38133838577845763, 0.3187166247083697, 0.30296938062840423, 0.2998239887163563, 0.2864367199823434, 0.2884605841841115, 0.2848234146421905, 0.2975703762346056, 0.29475155047162677], "aes_weight_coef": [0.029999999329447746, 0.029999999329447746, 0.029999999329447746, 0.029999999329447746, 0.029999999329447746, 0.029999999329447746, 0.029999999329447746, 0.029999999329447746, 0.029999999329447746], "ged_weight_coef": [0.9700000286102295, 0.9700000286102295, 0.9700000286102295, 0.9700000286102295, 0.9700000286102295, 0.9700000286102295, 0.9700000286102295, 0.9700000286102295, 0.9700000286102295], "ner_weight_coef": [0.09700000286102295, 0.09700000286102295, 0.09700000286102295, 0.09700000286102295, 0.09700000286102295, 0.09700000286102295, 0.09700000286102295, 0.09700000286102295, 0.09700000286102295], "epoch": [1.0, 2.0, 3.0, 4.0, 5.0, 6.0, 7.0, 8.0, 9.0], "step": [264, 529, 794, 1059, 1324, 1589, 1854, 2119, 2384]}, "test": {"rmse_aes": 186.1387531296658, "pearson_aes": 0.7601607466865734, "spearman_aes": 0.7716198631587303, "kappa_aes": 0.6232782821616067, "f1_score_avg_ged": 0.7328256513026052, "f1_score_macro_ged": 0.615717306627234, "f1_score_weighted_ged": 0.7635765114121836, "f_0_5_ged": 0.5008142116950407, "f1_score_avg_ner": 0.960030149671584, "f1_score_macro_ner": 0.7932844238646803, "f1_score_weighted_ner": 0.95997095882376, "aes": 0.1856664837825866, "ged": 0.18255514757973806, "ner": 0.01010525256528386, "total_loss": 0.37832688392760855, "aes_weight_coef": 0.029999999329447746, "ged_weight_coef": 0.9700000286102295, "ner_weight_coef": 0.09700000286102295}, "info": {"tasks": ["aes", "ged", "ner"], "outputs": ["loss", "labels", "preds"], "map_out_to_task": {"aes_loss": "aes", "aes_labels": "aes", "aes_preds": "aes", "ged_loss": "ged", "ged_labels": "ged", "ged_preds": "ged", "ner_loss": "ner", "ner_labels": "ner", "ner_preds": "ner"}, "map_out_to_out": {"aes_loss": "loss", "aes_labels": "labels", "aes_preds": "preds", "ged_loss": "loss", "ged_labels": "labels", "ged_preds": "preds", "ner_loss": "loss", "ner_labels": "labels", "ner_preds": "preds"}, "map_task_index": {"aes": 0, "ged": 1, "ner": 2}, "map_index_task": {"0": "aes", "1": "ged", "2": "ner"}, "optimizer_weighting": "fixed", "epochs_to_avg_over": 2, "temp": 2, "init_task_weightings": {"aes": 0.03, "ged": 0.97, "ner": 0.097}, "metrics_to_track_by_task": {"aes": "pearson_aes", "ged": "f_0_5_ged", "ner": "f1_score_avg_ner"}, "regression_tasks": ["aes"], "classification_tasks": ["ner", "ged"], "fce_tasks": ["aes", "ged"], "task_priorities_priority_as_key": {"primary_task": "aes", "secondary_task": "ged", "aux_task": "ner"}, "early_stopping_patience": 2, "early_stopping_metric": "loss", "pretrained_model": "distilroberta-base", "frozen_layers": "all", "scoring": "script", "learning_rate": 0.0005, "batch_size": 8, "weight_decay": 0.01, "adam_epsilon": 1e-08, "normalized_values": [40, 0], "model_name": "distilroberta-base_1630662933", "runtime": 521.0661823749542, "steps_per_sec": 0.21856802951969556},