{"best": {"aes": {"rmse_aes": 202.8204254999974, "pearson_aes": 0.6855633799017671, "spearman_aes": 0.6823466319464665, "kappa_aes": 0.5847024068875831, "aes": 2.151887516642726, "aes_weight_coef": 0.4000000059604645}, "ged": {"f1_score_avg_ged": 0.7298820941184558, "f1_score_macro_ged": 0.6261650259625984, "f1_score_weighted_ged": 0.7700476675986397, "f_0_5_ged": 0.5789803675692621, "ged": 0.07003518176633258, "ged_weight_coef": 0.6000000238418579}, "ner": {"f1_score_avg_ner": 0.9879872279116857, "f1_score_macro_ner": 0.9362930521502246, "f1_score_weighted_ner": 0.9879240455198255, "ner": 0.002632632023833562, "ner_weight_coef": 0.05999999865889549}}, "train": {"loss": [15.185, 4.3343, 3.8009], "learning_rate": [0.0004371069182389937, 0.0003742138364779874, 0.00031132075471698115], "epoch": [1.89, 3.77, 5.66], "step": [500, 1000, 1500]}, "eval": {"rmse_aes": [227.86920590549306, 206.3830715495392, 203.06840664608018, 206.95910089784513, 199.9792350331515, 205.5162537502948, 202.8204254999974], "pearson_aes": [0.40549112220784345, 0.5875379625025227, 0.6158890058292088, 0.6425120659756348, 0.6673260088785685, 0.6785022058228791, 0.6855633799017671], "spearman_aes": [0.4072443011775311, 0.576692175053607, 0.5912588406902716, 0.6208704773095681, 0.6469365178071771, 0.6635953084327757, 0.6823466319464665], "kappa_aes": [0.3304161737738932, 0.4832315256849179, 0.5141965467531048, 0.528330050073331, 0.5617747219355372, 0.5618745061988092, 0.5847024068875831], "f1_score_avg_ged": [0.36348011412464337, 0.6827197415008078, 0.7141727682100993, 0.7445601732494586, 0.7864287924100237, 0.7298820941184558, 0.8123474614141831], "f1_score_macro_ged": [0.35554520031090564, 0.5904349740038786, 0.6128202141382875, 0.6344520711860214, 0.661388188917503, 0.6261650259625984, 0.6803037927653409], "f1_score_weighted_ged": [0.4077981318284464, 0.732494305069287, 0.7575696929010196, 0.7810490851884317, 0.8117438913974506, 0.7700476675986397, 0.8304349579594166], "f_0_5_ged": [0.48824905620247777, 0.5596863093256391, 0.5674551198089222, 0.5722383019778099, 0.5612156795026767, 0.5789803675692621, 0.5572112345344531], "f1_score_avg_ner": [0.9791480082551303, 0.9839375413729995, 0.9860792025232662, 0.9855340524122892, 0.986780109808808, 0.9866048829874227, 0.9879872279116857], "f1_score_macro_ner": [0.8846997781495223, 0.9131113183516274, 0.925320989959631, 0.919646262779507, 0.9308082305158629, 0.9289974787032177, 0.9362930521502246], "f1_score_weighted_ner": [0.9788757499954522, 0.9838561399582857, 0.9859516582593646, 0.9854490096096766, 0.9866470057089869, 0.9864819975004242, 0.9879240455198255], "aes": [2.717925082805545, 2.229572296142578, 2.1579588623934014, 2.2407439808512843, 2.0911484596341157, 2.2101177919742674, 2.151887516642726], "ged": [0.08622782798700554, 0.06738587382227876, 0.06721225103666616, 0.06731489785881929, 0.07025766095449758, 0.07003518176633258, 0.08014547824859619], "ner": [0.003756898336199134, 0.002855466904800905, 0.002454561916407371, 0.002844925965101263, 0.0027113360268886874, 0.002803900980980807, 0.002632632023833562], "total_loss": [2.8079098091287493, 2.299813636869658, 2.227625675346475, 2.310903804675205, 2.164117456615502, 2.2829568747215805, 2.2346656269151555], "aes_weight_coef": [0.4000000059604645, 0.4000000059604645, 0.4000000059604645, 0.4000000059604645, 0.4000000059604645, 0.4000000059604645, 0.4000000059604645], "ged_weight_coef": [0.6000000238418579, 0.6000000238418579, 0.6000000238418579, 0.6000000238418579, 0.6000000238418579, 0.6000000238418579, 0.6000000238418579], "ner_weight_coef": [0.05999999865889549, 0.05999999865889549, 0.05999999865889549, 0.05999999865889549, 0.05999999865889549, 0.05999999865889549, 0.05999999865889549], "epoch": [1.0, 2.0, 3.0, 4.0, 5.0, 6.0, 7.0], "step": [264, 529, 794, 1059, 1324, 1589, 1854]}, "test": {"rmse_aes": 185.57458630785987, "pearson_aes": 0.7561186997052068, "spearman_aes": 0.7652576137769429, "kappa_aes": 0.6221005023433822, "f1_score_avg_ged": 0.7966065464261857, "f1_score_macro_ged": 0.6753353570249254, "f1_score_weighted_ged": 0.8136363658795521, "f_0_5_ged": 0.5497116786008491, "f1_score_avg_ner": 0.9780984171422419, "f1_score_macro_ner": 0.8821866165652152, "f1_score_weighted_ner": 0.9783099775516189, "aes": 2.4599678346088956, "ged": 0.11596576585656121, "ner": 0.005287544557913428, "total_loss": 2.58122114502337, "aes_weight_coef": 0.4000000059604645, "ged_weight_coef": 0.6000000238418579, "ner_weight_coef": 0.05999999865889549}, "info": {"tasks": ["aes", "ged", "ner"], "outputs": ["loss", "labels", "preds"], "map_out_to_task": {"aes_loss": "aes", "aes_labels": "aes", "aes_preds": "aes", "ged_loss": "ged", "ged_labels": "ged", "ged_preds": "ged", "ner_loss": "ner", "ner_labels": "ner", "ner_preds": "ner"}, "map_out_to_out": {"aes_loss": "loss", "aes_labels": "labels", "aes_preds": "preds", "ged_loss": "loss", "ged_labels": "labels", "ged_preds": "preds", "ner_loss": "loss", "ner_labels": "labels", "ner_preds": "preds"}, "map_task_index": {"aes": 0, "ged": 1, "ner": 2}, "map_index_task": {"0": "aes", "1": "ged", "2": "ner"}, "optimizer_weighting": "fixed", "epochs_to_avg_over": 2, "temp": 2, "init_task_weightings": {"aes": 0.4, "ged": 0.6, "ner": 0.06}, "metrics_to_track_by_task": {"aes": "pearson_aes", "ged": "f_0_5_ged", "ner": "f1_score_avg_ner"}, "regression_tasks": ["aes"], "classification_tasks": ["ner", "ged"], "fce_tasks": ["aes", "ged"], "task_priorities_priority_as_key": {"primary_task": "aes", "secondary_task": "ged", "aux_task": "ner"}, "early_stopping_patience": 2, "early_stopping_metric": "loss", "pretrained_model": "distilroberta-base", "frozen_layers": "all", "scoring": "script", "learning_rate": 0.0005, "batch_size": 8, "weight_decay": 0.01, "adam_epsilon": 1e-08, "normalized_values": [40, 0], "model_name": "distilroberta-base_1630665904", "runtime": 406.1678092479706, "steps_per_sec": 0.2190764882675138}, "preds": {"aes": {"preds": [32.62907409667969, 28.173362731933594, 29.241907119750977, 32.37721252441406, 33.78184509277344, 31.647579193115234, 31.61103630065918, 31.6293888092041, 26.71027374267578, 29.89943504333496, 28.757104873657227, 30.817607879638672, 31.910734176635742, 32.33352279663086, 29.21265983581543, 22.1236629486084, 25.38788604736328, 31.80682945251465, 31.01028060913086, 25.195938110351562, 33.52568817138672, 33.210060119628906, 31.278766632080078, 26.080459594726562, 27.314943313598633, 30.990772247314453, 24.900463104248047, 34.78546905517578, 33.68776321411133, 31.825410842895508, 31.356685638427734, 31.702590942382812, 33.875553131103516, 28.1514892578125, 32.6432991027832, 26.687734603881836, 33.21468734741211, 24.849870681762695, 32.66618347167969, 30.846500396728516, 23.829648971557617, 24.962936401367188, 29.669208526611328, 33.606624603271484, 30.87297248840332, 31.438579559326172, 21.66789436340332, 29.439292907714844, 32.60490417480469, 26.291370391845703, 34.08319854736328, 29.15106201171875, 31.98312759399414, 28.318958282470703, 29.495197296142578, 31.25464630126953, 25.110334396362305, 34.31914520263672, 28.769107818603516, 33.06022644042969, 14.571917533874512, 28.977399826049805, 29.154380798339844, 30.595802307128906, 24.638389587402344, 27.033329010009766, 28.790042877197266, 32.43054962158203, 25.67137336730957, 33.7410888671875, 32.42089080810547, 30.261804580688477, 34.672550201416016, 34.95365905761719, 30.101165771484375, 34.26615524291992, 33.172855377197266, 28.437549591064453, 31.8647403717041, 22.50258445739746, 31.8720645904541, 27.767803192138672, 32.179298400878906, 33.59488296508789, 30.425880432128906, 31.424306869506836, 25.827543258666992, 33.25363540649414, 29.486282348632812, 24.342283248901367, 30.252336502075195, 27.310400009155273, 25.13163948059082, 26.51544761657715, 30.68650245666504, 33.07998275756836],