{"best": {"ged": {"f1_score_avg_ged": 0.24587593301135294, "f1_score_macro_ged": 0.2457524423389904, "f1_score_weighted_ged": 0.2527974641279878, "f_0_5_ged": 0.41853445363007685, "ged": 0.7816066079669528, "ged_weight_coef": 1.0}}, "train": {"loss": [0.7084, 0.7082], "learning_rate": [3.120300751879699e-05, 1.2406015037593984e-05], "epoch": [3.76, 7.52], "step": [500, 1000]}, "eval": {"f1_score_avg_ged": [0.2427083986702628, 0.24462146396537665, 0.2430533776579063, 0.24587593301135294, 0.24126575926739008, 0.2435865270024462, 0.24418239979928497, 0.24280248384871103, 0.2434297183716992], "f1_score_macro_ged": [0.24260915434189045, 0.24450844306943292, 0.24293304422313267, 0.2457524423389904, 0.24117897359535106, 0.24348848126631295, 0.24409132350840507, 0.24272429515440908, 0.2433416506765807], "f1_score_weighted_ged": [0.2489379515670835, 0.25125376197709004, 0.24990040996390392, 0.2527974641279878, 0.24710279559646645, 0.24977529271049426, 0.25014815706989146, 0.24834133234136238, 0.24930055669861115], "f_0_5_ged": [0.4148663246016743, 0.41712638760667403, 0.41374805738867987, 0.41853445363007685, 0.41340530814215026, 0.41653539763265673, 0.4182133135362534, 0.4169570789396766, 0.41714465663450073], "ged": [0.7824600140253702, 0.7817826403511895, 0.7822467022471957, 0.7816066079669528, 0.7827316125233968, 0.781598342789544, 0.7812599672211541, 0.7818407813707987, 0.781454947259691], "total_loss": [0.7824600140253702, 0.7817826403511895, 0.7822467022471957, 0.7816066079669528, 0.7827316125233968, 0.781598342789544, 0.7812599672211541, 0.7818407813707987, 0.781454947259691], "ged_weight_coef": [1.0, 1.0, 1.0, 1.0, 1.0, 1.0, 1.0, 1.0, 1.0], "epoch": [0.99, 1.99, 2.99, 3.99, 4.99, 5.99, 6.99, 7.99, 8.99], "step": [132, 265, 398, 531, 664, 797, 930, 1063, 1196]}, "test": {"f1_score_avg_ged": 0.310029272923864, "f1_score_macro_ged": 0.3060315975512924, "f1_score_weighted_ged": 0.34285104894140894, "f_0_5_ged": 0.42552579612339186, "ged": 0.7578219274679819, "total_loss": 0.7578219274679819, "ged_weight_coef": 1.0}, "info": {"tasks": ["ged"], "outputs": ["loss", "labels", "preds"], "map_out_to_task": {"ged_loss": "ged", "ged_labels": "ged", "ged_preds": "ged"}, "map_out_to_out": {"ged_loss": "loss", "ged_labels": "labels", "ged_preds": "preds"}, "map_task_index": {"ged": 0}, "map_index_task": {"0": "ged"}, "optimizer_weighting": "fixed", "epochs_to_avg_over": 2, "temp": 2, "init_task_weightings": {"aes": 1.0, "ged": 1.0, "ner": 1.0}, "metrics_to_track_by_task": {"aes": "pearson_aes", "ged": "f_0_5_ged", "ner": "f1_score_avg_ner"}, "regression_tasks": ["aes"], "classification_tasks": ["ner", "ged"], "fce_tasks": ["aes", "ged"], "task_priorities_priority_as_key": {"primary_task": "ged"}, "early_stopping_patience": 2, "early_stopping_metric": "loss", "pretrained_model": "distilroberta-base", "frozen_layers": "all", "scoring": "script", "learning_rate": 5e-05, "batch_size": 8, "weight_decay": 0.01, "adam_epsilon": 1e-08, "normalized_values": null, "model_name": "distilroberta-base_1630615915", "runtime": 116.08258128166199, "steps_per_sec": 0.09705901444955016}, "preds": {}}