{"best": {"aes": {"rmse_aes": 5.518667973572214, "pearson_aes": 0.6413317034548008, "spearman_aes": 0.6531734659282532, "kappa_aes": 0.43401521722268055, "aes": 33.4087348514133, "aes_weight_coef": 1.0}}, "train": {"loss": [60.5653, 19.0225], "learning_rate": [0.0003120300751879699, 0.00012406015037593984], "epoch": [3.76, 7.52], "step": [500, 1000]}, "eval": {"rmse_aes": [5.661327839949953, 5.447098867833167, 5.478380986007463, 5.462182991989072, 5.5779856624621145, 5.464499930796128, 5.576850887623302, 5.531268996248579, 5.654616127050871, 5.518667973572214], "pearson_aes": [0.3310641742111744, 0.47613550094829543, 0.5483060584332684, 0.5734916752991218, 0.6215809643261633, 0.6323296092455066, 0.6346812578990114, 0.6401511120012229, 0.6407569909058578, 0.6413317034548008], "spearman_aes": [0.35076418300887896, 0.48751363777758594, 0.5645615500240069, 0.5725903700512948, 0.6252136589107948, 0.6366746368979744, 0.6427431732234155, 0.651296760539728, 0.643436231357991, 0.6531734659282532], "kappa_aes": [0.08391769043112962, 0.1742486221150532, 0.2855592796421198, 0.36014890685094914, 0.39503426049805235, 0.4192789823541392, 0.42430179226767506, 0.4311418611946243, 0.42117054237172724, 0.43401521722268055], "aes": [35.67229906717936, 32.92287392086453, 32.35953823725382, 31.97204981909858, 34.43625577290853, 32.26854472690158, 34.44102621078491, 33.539201736450195, 35.41051663292779, 33.4087348514133], "total_loss": [35.67229906717936, 32.92287392086453, 32.35953823725382, 31.97204981909858, 34.43625577290853, 32.26854472690158, 34.44102621078491, 33.539201736450195, 35.41051663292779, 33.4087348514133], "aes_weight_coef": [1.0, 1.0, 1.0, 1.0, 1.0, 1.0, 1.0, 1.0, 1.0, 1.0], "epoch": [0.99, 1.99, 2.99, 3.99, 4.99, 5.99, 6.99, 7.99, 8.99, 9.99], "step": [132, 265, 398, 531, 664, 797, 930, 1063, 1196, 1329]}, "test": {"rmse_aes": 5.140299642274868, "pearson_aes": 0.724704283397389, "spearman_aes": 0.7332992348328153, "kappa_aes": 0.5145221977361119, "aes": 26.436819950739544, "total_loss": 26.436819950739544, "aes_weight_coef": 1.0}, "info": {"tasks": ["aes"], "outputs": ["loss", "labels", "preds"], "map_out_to_task": {"aes_loss": "aes", "aes_labels": "aes", "aes_preds": "aes"}, "map_out_to_out": {"aes_loss": "loss", "aes_labels": "labels", "aes_preds": "preds"}, "map_task_index": {"aes": 0}, "map_index_task": {"0": "aes"}, "optimizer_weighting": "fixed", "epochs_to_avg_over": 2, "temp": 2, "init_task_weightings": {"aes": 1.0, "ged": 1.0, "ner": 1.0}, "metrics_to_track_by_task": {"aes": "pearson_aes", "ged": "f_0_5_ged", "ner": "f1_score_avg_ner"}, "regression_tasks": ["aes"], "classification_tasks": ["ner", "ged"], "fce_tasks": ["aes", "ged"], "task_priorities_priority_as_key": {"primary_task": "aes"}, "early_stopping_patience": 2, "early_stopping_metric": null, "pretrained_model": "distilroberta-base", "frozen_layers": "all", "scoring": "script", "learning_rate": 0.0005, "batch_size": 8, "weight_decay": 0.01, "adam_epsilon": 1e-08, "normalized_values": null, "model_name": "distilroberta-base_1630607353", "runtime": 242.5585789680481, "steps_per_sec": 0.1825120985463116}, "preds": {"aes": {"preds": [32.42943572998047, 29.347257614135742, 30.017812728881836, 33.0140495300293, 33.79290008544922, 31.49538230895996, 32.001346588134766, 31.650976181030273, 28.1915340423584, 31.309412002563477, 29.739538192749023, 31.39003562927246, 32.67388153076172, 33.07245635986328, 30.264068603515625, 22.57933235168457, 26.54892921447754, 31.862497329711914, 31.501943588256836, 26.475751876831055, 34.25187683105469, 33.07475662231445, 31.49335289001465, 27.720123291015625, 27.839038848876953, 31.384065628051758, 25.444705963134766, 34.78629684448242, 33.74441146850586, 31.933992385864258, 31.810306549072266, 32.379539489746094, 34.08305358886719, 28.93553924560547, 33.0745735168457, 27.541128158569336, 33.72307586669922, 26.079065322875977, 33.45649719238281, 31.14317512512207, 25.099645614624023, 25.636722564697266, 29.500015258789062, 33.861961364746094, 31.890546798706055, 31.52516746520996, 23.505598068237305, 29.9774169921875, 33.2004280090332, 27.431093215942383, 34.34017562866211, 30.5207576751709, 32.024471282958984, 28.79460906982422, 30.3290958404541, 31.572507858276367, 25.599706649780273, 35.04549026489258, 28.941068649291992, 33.360496520996094, 14.963966369628906, 29.81449317932129, 29.72954750061035, 31.476369857788086, 25.304819107055664, 28.688682556152344, 29.309059143066406, 32.7567024230957, 26.506004333496094, 34.025360107421875, 32.42363357543945, 31.130624771118164, 35.03664779663086, 34.7318115234375, 30.1557559967041, 34.5641975402832, 33.10806655883789, 29.76250648498535, 32.46339797973633, 23.81280517578125, 32.397377014160156, 29.15471076965332, 32.503021240234375, 34.20102310180664, 31.74847412109375, 32.00569152832031, 27.05316162109375, 33.39735412597656, 29.673097610473633, 25.3416805267334, 31.553428649902344, 28.299856185913086, 26.20465087890625, 27.02354621887207, 31.76111602783203, 33.32429122924805, 31.98162841796875], "labels": [30.0, 26.0, 23.0, 26.0, 26.0, 38.0, 27.0, 39.0, 25.0, 24.0, 25.0, 27.0, 30.0, 27.0, 20.0, 21.0, 21.0, 26.0, 22.0, 24.0, 38.0, 30.0, 34.0, 24.0, 23.0, 22.0, 23.0, 39.0, 34.0, 37.0, 31.0, 28.0, 26.0, 29.0, 34.0, 26.0, 34.0, 19.0, 26.0, 31.0, 18.0, 19.0, 25.0, 26.0, 29.0, 29.0, 18.0, 27.0, 35.0, 22.0, 36.0, 14.0, 24.0, 29.0, 28.0, 24.0, 25.0, 37.0, 24.0, 36.0, 13.0, 23.0, 29.0, 31.0, 23.0, 28.0, 26.0, 26.0, 21.0, 38.0, 32.0, 29.0, 36.0, 40.0, 29.0, 34.0, 36.0, 25.0, 37.0, 17.0, 32.0, 25.0, 25.0, 36.0, 31.0, 27.0, 19.0, 28.0, 24.0, 20.0, 25.0, 23.0, 22.0, 23.0, 27.0, 30.0, 34.0]}}}