{"best": {"aes": {"rmse_aes": 5.618684922040438, "pearson_aes": 0.2906251882558186, "spearman_aes": 0.3015791762272341, "kappa_aes": 0.06544825324300785, "aes": 35.109011226230194, "aes_weight_coef": 1.0}}, "train": {"loss": [276.7337, 31.2876], "learning_rate": [4.3684210526315785e-05, 1.7368421052631577e-05], "epoch": [3.76, 7.52], "step": [500, 1000]}, "eval": {"rmse_aes": [20.74742625490043, 12.854590865877991, 6.981893399575646, 5.627689230576735, 5.616431589316152, 5.619811249589496, 5.618684922040438, 5.632185986572334, 5.613049894123876], "pearson_aes": [0.04390754243348068, 0.13263116167078073, 0.09490893892083763, 0.17325424561186492, 0.2651640741545594, 0.267233625762256, 0.2906251882558186, 0.2496439609375913, 0.2631878790298754], "spearman_aes": [0.08030401121913612, 0.17673793015626085, 0.13382007728029258, 0.20975225607282727, 0.27570550231194346, 0.2809007690688766, 0.3015791762272341, 0.2511790209449973, 0.2807275981044224], "kappa_aes": [0.001047854867151643, 0.006711582700777763, 0.019606951301007314, 0.05280750188231542, 0.06499875416223089, 0.06516540116354685, 0.06544825324300785, 0.05890612614652935, 0.06667383711385744], "aes": [479.93750339084204, 183.88338640001086, 52.861467361450195, 34.78006023830838, 35.084801779852974, 35.097244050767685, 35.109011226230194, 34.872060245937774, 34.75841744740804], "total_loss": [479.93750339084204, 183.88338640001086, 52.861467361450195, 34.78006023830838, 35.084801779852974, 35.097244050767685, 35.109011226230194, 34.872060245937774, 34.75841744740804], "aes_weight_coef": [1.0, 1.0, 1.0, 1.0, 1.0, 1.0, 1.0, 1.0, 1.0], "epoch": [0.99, 1.99, 2.99, 3.99, 4.99, 5.99, 6.99, 7.99, 8.99], "step": [132, 265, 398, 531, 664, 797, 930, 1063, 1196]}, "test": {"rmse_aes": 5.623038031263076, "pearson_aes": 0.4966671679079578, "spearman_aes": 0.47258342381602325, "kappa_aes": 0.11763339005870732, "aes": 34.667031606038414, "total_loss": 34.667031606038414, "aes_weight_coef": 1.0}, "info": {"tasks": ["aes"], "outputs": ["loss", "labels", "preds"], "map_out_to_task": {"aes_loss": "aes", "aes_labels": "aes", "aes_preds": "aes"}, "map_out_to_out": {"aes_loss": "loss", "aes_labels": "labels", "aes_preds": "preds"}, "map_task_index": {"aes": 0}, "map_index_task": {"0": "aes"}, "optimizer_weighting": "fixed", "epochs_to_avg_over": 2, "temp": 2, "init_task_weightings": {"aes": 1.0, "ged": 1.0, "ner": 1.0}, "metrics_to_track_by_task": {"aes": "pearson_aes", "ged": "f_0_5_ged", "ner": "f1_score_avg_ner"}, "regression_tasks": ["aes"], "classification_tasks": ["ner", "ged"], "fce_tasks": ["aes", "ged"], "task_priorities_priority_as_key": {"primary_task": "aes"}, "early_stopping_patience": 2, "early_stopping_metric": null, "pretrained_model": "distilroberta-base", "frozen_layers": "all", "scoring": "script", "learning_rate": 7e-05, "batch_size": 8, "weight_decay": 0.01, "adam_epsilon": 1e-08, "normalized_values": null, "model_name": "distilroberta-base_1630607109", "runtime": 217.2665753364563, "steps_per_sec": 0.1816610161676056}, "preds": {"aes": {"preds": [28.123998641967773, 28.05887794494629, 28.314958572387695, 28.186864852905273, 28.378530502319336, 28.050504684448242, 28.144214630126953, 27.937381744384766, 27.623945236206055, 28.378108978271484, 27.97037124633789, 28.604263305664062, 28.280038833618164, 28.38605308532715, 28.493669509887695, 26.246871948242188, 27.747812271118164, 28.22421646118164, 28.505590438842773, 27.633275985717773, 28.881938934326172, 28.077754974365234, 28.205947875976562, 28.163957595825195, 27.994029998779297, 28.050445556640625, 26.41566276550293, 28.468271255493164, 28.779970169067383, 28.322032928466797, 27.862276077270508, 28.831235885620117, 27.92891502380371, 27.282840728759766, 28.404924392700195, 28.014015197753906, 29.007444381713867, 27.65361213684082, 28.698823928833008, 27.991111755371094, 27.011646270751953, 26.861886978149414, 28.13845443725586, 28.492198944091797, 28.366609573364258, 28.10723876953125, 27.325315475463867, 27.431241989135742, 28.6826114654541, 27.413150787353516, 28.81206512451172, 28.26271629333496, 28.0839900970459, 27.483211517333984, 28.08817481994629, 28.259450912475586, 27.229970932006836, 28.828792572021484, 27.561418533325195, 28.367677688598633, 25.473562240600586, 28.369421005249023, 27.810897827148438, 28.681947708129883, 27.106008529663086, 28.36151695251465, 27.63906478881836, 28.358421325683594, 27.354211807250977, 28.479381561279297, 27.702463150024414, 28.251806259155273, 28.48357582092285, 28.80126190185547, 27.049253463745117, 28.79604148864746, 28.175701141357422, 28.23540687561035, 28.170557022094727, 27.721765518188477, 28.557462692260742, 28.16396141052246, 28.16271209716797, 28.57443618774414, 28.4344539642334, 28.342735290527344, 28.106595993041992, 28.16353988647461, 27.462526321411133, 27.708818435668945, 28.37625503540039, 28.005353927612305, 27.60247039794922, 27.38628578186035, 28.490163803100586, 28.045269012451172, 28.08978843688965], "labels": [30.0, 26.0, 23.0, 26.0, 26.0, 38.0, 27.0, 39.0, 25.0, 24.0, 25.0, 27.0, 30.0, 27.0, 20.0, 21.0, 21.0, 26.0, 22.0, 24.0, 38.0, 30.0, 34.0, 24.0, 23.0, 22.0, 23.0, 39.0, 34.0, 37.0, 31.0, 28.0, 26.0, 29.0, 34.0, 26.0, 34.0, 19.0, 26.0, 31.0, 18.0, 19.0, 25.0, 26.0, 29.0, 29.0, 18.0, 27.0, 35.0, 22.0, 36.0, 14.0, 24.0, 29.0, 28.0, 24.0, 25.0, 37.0, 24.0, 36.0, 13.0, 23.0, 29.0, 31.0, 23.0, 28.0, 26.0, 26.0, 21.0, 38.0, 32.0, 29.0, 36.0, 40.0, 29.0, 34.0, 36.0, 25.0, 37.0, 17.0, 32.0, 25.0, 25.0, 36.0, 31.0, 27.0, 19.0, 28.0, 24.0, 20.0, 25.0, 23.0, 22.0, 23.0, 27.0, 30.0, 34.0]}}}