{"best": {"ner": {"f1_score_avg_ner": 0.020715704217125503, "f1_score_macro_ner": 0.020702115320453598, "f1_score_weighted_ner": 0.006089838247563343, "ner": 2.772403623118545, "ner_weight_coef": 1.0}}, "train": {"loss": [2.6976], "learning_rate": [4.3684210526315785e-05], "epoch": [3.76], "step": [500]}, "eval": {"f1_score_avg_ner": [0.019683812935633347, 0.019936918344301235, 0.020598886336201862, 0.020715704217125503], "f1_score_macro_ner": [0.020014513903613043, 0.020915004189658287, 0.020457703329544056, 0.020702115320453598], "f1_score_weighted_ner": [0.005645225383858344, 0.005915851992376326, 0.006335359577244047, 0.006089838247563343], "ner": [2.7719533876939253, 2.771799101974025, 2.7718199238632666, 2.772403623118545], "total_loss": [2.7719533876939253, 2.771799101974025, 2.7718199238632666, 2.772403623118545], "ner_weight_coef": [1.0, 1.0, 1.0, 1.0], "epoch": [0.99, 1.99, 2.99, 3.99], "step": [132, 265, 398, 531]}, "test": {"f1_score_avg_ner": 0.019898783245396793, "f1_score_macro_ner": 0.019011521625516826, "f1_score_weighted_ner": 0.006081895759370326, "ner": 2.7730496803919475, "total_loss": 2.7730496803919475, "ner_weight_coef": 1.0}, "info": {"tasks": ["ner"], "outputs": ["loss", "labels", "preds"], "map_out_to_task": {"ner_loss": "ner", "ner_labels": "ner", "ner_preds": "ner"}, "map_out_to_out": {"ner_loss": "loss", "ner_labels": "labels", "ner_preds": "preds"}, "map_task_index": {"ner": 0}, "map_index_task": {"0": "ner"}, "optimizer_weighting": "fixed", "epochs_to_avg_over": 2, "temp": 2, "init_task_weightings": {"aes": 1.0, "ged": 1.0, "ner": 1.0}, "metrics_to_track_by_task": {"aes": "pearson_aes", "ged": "f_0_5_ged", "ner": "f1_score_avg_ner"}, "regression_tasks": ["aes"], "classification_tasks": ["ner", "ged"], "fce_tasks": ["aes", "ged"], "task_priorities_priority_as_key": {"primary_task": "ner"}, "early_stopping_patience": 2, "early_stopping_metric": "loss", "pretrained_model": "distilroberta-base", "frozen_layers": "all", "scoring": "script", "learning_rate": 7e-05, "batch_size": 8, "weight_decay": 0.01, "adam_epsilon": 1e-08, "normalized_values": null, "model_name": "distilroberta-base_1630612661", "runtime": 115.01135015487671, "steps_per_sec": 0.21659387976436292}, "preds": {}}