{"best": {"aes": {"rmse_aes": 6.2182527020592095, "pearson_aes": 0.6086374933214695, "spearman_aes": 0.5904924837441256, "kappa_aes": 0.35828575456403744, "aes": 4.893869344578233, "aes_weight_coef": 0.6000000238418579}, "ged": {"f1_score_avg_ged": 0.6431198652504211, "f1_score_macro_ged": 0.5446709201208071, "f1_score_weighted_ged": 0.699378484741211, "f_0_5_ged": 0.4742815302947098, "ged": 0.052018581781276434, "ged_weight_coef": 0.4000000059604645}, "ner": {"f1_score_avg_ner": 0.9747478680736732, "f1_score_macro_ner": 0.8859949257127778, "f1_score_weighted_ner": 0.974549370054539, "ner": 0.0025855501204036, "ner_weight_coef": 0.03999999910593033}}, "train": {"loss": [23.0857], "learning_rate": [0.0004528301886792453], "epoch": [1.89], "step": [500]}, "eval": {"rmse_aes": [5.753018531364402, 5.802298395176403, 6.2182527020592095], "pearson_aes": [0.4204882270905782, 0.5510568028148608, 0.6086374933214695], "spearman_aes": [0.4306896725233792, 0.5699520241670701, 0.5904924837441256], "kappa_aes": [0.08962457898628118, 0.25275161130391666, 0.35828575456403744], "f1_score_avg_ged": [0.6431198652504211, 0.8353786394417517, 0.8387473789144408], "f1_score_macro_ged": [0.5446709201208071, 0.6593509218888118, 0.6682193361757633], "f1_score_weighted_ged": [0.699378484741211, 0.8382826927391774, 0.8420261353940252], "f_0_5_ged": [0.4742815302947098, 0.42523833416959356, 0.44331031722205544], "f1_score_avg_ner": [0.9595615435535999, 0.9697831081344185, 0.9747478680736732], "f1_score_macro_ner": [0.812558501698484, 0.8599255952274321, 0.8859949257127778], "f1_score_weighted_ner": [0.9581990548047528, 0.9695388607318605, 0.974549370054539], "aes": [4.216883426488832, 4.254977364872778, 4.893869344578233], "ged": [0.052018581781276434, 0.051846099800841754, 0.050791369967682416], "ner": [0.004099005949683487, 0.003088756957156367, 0.0025855501204036], "total_loss": [4.273001014219792, 4.309912221630776, 4.947246264666319], "aes_weight_coef": [0.6000000238418579, 0.6000000238418579, 0.6000000238418579], "ged_weight_coef": [0.4000000059604645, 0.4000000059604645, 0.4000000059604645], "ner_weight_coef": [0.03999999910593033, 0.03999999910593033, 0.03999999910593033], "epoch": [1.0, 2.0, 3.0], "step": [264, 529, 794]}, "test": {"rmse_aes": 5.451490621839131, "pearson_aes": 0.7254124290958822, "spearman_aes": 0.7437889039831409, "kappa_aes": 0.47945880975128674, "f1_score_avg_ged": 0.8083099532398129, "f1_score_macro_ged": 0.6658380898811931, "f1_score_weighted_ged": 0.8179180733370018, "f_0_5_ged": 0.48453230215347676, "f1_score_avg_ner": 0.9676967804457844, "f1_score_macro_ner": 0.84446153657283, "f1_score_weighted_ner": 0.967848168987201, "aes": 5.0492752847217375, "ged": 0.07004629075527191, "ner": 0.0032212206805568365, "total_loss": 5.122542796157567, "aes_weight_coef": 0.6000000238418579, "ged_weight_coef": 0.4000000059604645, "ner_weight_coef": 0.03999999910593033}, "info": {"tasks": ["aes", "ged", "ner"], "outputs": ["loss", "labels", "preds"], "map_out_to_task": {"aes_loss": "aes", "aes_labels": "aes", "aes_preds": "aes", "ged_loss": "ged", "ged_labels": "ged", "ged_preds": "ged", "ner_loss": "ner", "ner_labels": "ner", "ner_preds": "ner"}, "map_out_to_out": {"aes_loss": "loss", "aes_labels": "labels", "aes_preds": "preds", "ged_loss": "loss", "ged_labels": "labels", "ged_preds": "preds", "ner_loss": "loss", "ner_labels": "labels", "ner_preds": "preds"}, "map_task_index": {"aes": 0, "ged": 1, "ner": 2}, "map_index_task": {"0": "aes", "1": "ged", "2": "ner"}, "optimizer_weighting": "fixed", "epochs_to_avg_over": 2, "temp": 2, "init_task_weightings": {"aes": 0.6000000000000001, "ged": 0.3999999999999999, "ner": 0.039999999999999994}, "metrics_to_track_by_task": {"aes": "pearson_aes", "ged": "f_0_5_ged", "ner": "f1_score_avg_ner"}, "regression_tasks": ["aes"], "classification_tasks": ["ner", "ged"], "fce_tasks": ["aes", "ged"], "task_priorities_priority_as_key": {"primary_task": "aes", "secondary_task": "ged", "aux_task": "ner"}, "early_stopping_patience": 2, "early_stopping_metric": "loss", "pretrained_model": "distilroberta-base", "frozen_layers": "all", "scoring": "script", "learning_rate": 0.0005, "batch_size": 8, "weight_decay": 0.01, "adam_epsilon": 1e-08, "normalized_values": null, "model_name": "distilroberta-base_1630647205", "runtime": 119.40531611442566, "steps_per_sec": 0.15038452911136732}, "preds": {"aes": {"preds": [32.84093475341797, 29.853246688842773, 30.436365127563477, 33.20195388793945, 34.026615142822266, 31.629098892211914, 32.53247833251953, 31.896169662475586, 28.642608642578125, 31.63252067565918, 30.276765823364258, 31.748075485229492, 32.81908416748047, 33.2452278137207, 31.13719367980957, 23.056385040283203, 27.1050968170166, 32.27138900756836, 31.89414405822754, 27.055822372436523, 34.46285629272461, 33.017303466796875, 31.968854904174805, 28.401994705200195, 28.723220825195312, 31.668020248413086, 26.0329647064209, 34.85162353515625, 34.04249954223633, 32.37349319458008, 32.087074279785156, 32.7431755065918, 34.254608154296875, 29.344079971313477, 33.352447509765625, 28.03526496887207, 34.39055252075195, 26.868030548095703, 33.96997833251953, 31.41872215270996, 25.633047103881836, 26.21462631225586, 29.99012565612793, 34.13041305541992, 32.302284240722656, 32.15095138549805, 24.134788513183594, 30.172260284423828, 33.56153869628906, 27.916807174682617, 34.50912094116211, 30.8577880859375, 32.50632858276367, 29.348880767822266, 30.963029861450195, 31.771587371826172, 26.37525749206543, 35.16161346435547, 29.194610595703125, 33.5910530090332, 15.824371337890625, 30.63832664489746, 30.794677734375, 32.182952880859375, 26.358932495117188, 29.324193954467773, 29.646501541137695, 32.91115188598633, 27.339017868041992, 34.069007873535156, 32.60431671142578, 31.745838165283203, 34.87935256958008, 34.967567443847656, 30.148971557617188, 34.631771087646484, 33.61057662963867, 30.363584518432617, 32.92081069946289, 24.694555282592773, 32.97443389892578, 29.724273681640625, 33.15266799926758, 34.05266571044922, 32.154075622558594, 32.32882308959961, 27.87676429748535, 33.51763916015625, 29.969572067260742, 26.2877254486084, 31.734224319458008, 28.845369338989258, 26.83711051940918, 27.563528060913086, 32.08998489379883, 33.387481689453125], "labels": [30.0, 26.0, 23.0, 26.0, 26.0, 38.0, 27.0, 39.0, 25.0, 24.0, 25.0, 27.0, 30.0, 27.0, 20.0, 21.0, 21.0, 26.0, 22.0, 24.0, 38.0, 30.0, 34.0, 24.0, 23.0, 22.0, 23.0, 39.0, 34.0, 37.0, 31.0, 28.0, 26.0, 29.0, 34.0, 26.0, 34.0, 19.0, 26.0, 31.0, 18.0, 19.0, 25.0, 26.0, 29.0, 29.0, 18.0, 27.0, 35.0, 22.0, 36.0, 14.0, 24.0, 29.0, 28.0, 24.0, 25.0, 37.0, 24.0, 36.0, 13.0, 23.0, 29.0, 31.0, 23.0, 28.0, 26.0, 26.0, 21.0, 38.0, 32.0, 29.0, 36.0, 40.0, 29.0, 34.0, 36.0, 25.0, 37.0, 17.0, 32.0, 25.0, 25.0, 36.0, 31.0, 27.0, 19.0, 28.0, 24.0, 20.0, 25.0, 23.0, 22.0, 23.0, 27.0, 30.0]}}}