{"best": {"aes": {"rmse_aes": 28.396253665267576, "pearson_aes": NaN, "spearman_aes": NaN, "kappa_aes": 0.0, "aes": 0.0, "aes_weight_coef": 0.0}, "ged": {"f1_score_avg_ged": 0.7670757278883503, "f1_score_macro_ged": 0.6371209525545228, "f1_score_weighted_ged": 0.795800294232458, "f_0_5_ged": 0.5234071608415484, "ged": 0.1178321173024732, "ged_weight_coef": 1.0}, "ner": {"f1_score_avg_ner": 0.9318951754215179, "f1_score_macro_ner": 0.7073706074146877, "f1_score_weighted_ner": 0.9273044359035502, "ner": 0.01792952697724104, "ner_weight_coef": 0.10000000149011612}}, "train": {"loss": [0.3472, 0.3133, 0.3012, 0.2934], "learning_rate": [6.339622641509433e-05, 5.679245283018868e-05, 5.0188679245283013e-05, 4.3584905660377356e-05], "epoch": [1.89, 3.77, 5.66, 7.55], "step": [500, 1000, 1500, 2000]}, "eval": {"rmse_aes": [28.396253665267576, 28.396253665267576, 28.396253665267576, 28.396253665267576, 28.396253665267576, 28.396253665267576, 28.396253665267576, 28.396253665267576], "pearson_aes": [NaN, NaN, NaN, NaN, NaN, NaN, NaN, NaN], "spearman_aes": [NaN, NaN, NaN, NaN, NaN, NaN, NaN, NaN], "kappa_aes": [0.0, 0.0, 0.0, 0.0, 0.0, 0.0, 0.0, 0.0], "f1_score_avg_ged": [0.8012099962187618, 0.7433914269017909, 0.7530163968237599, 0.7626413667457289, 0.8231411776838198, 0.7670757278883503, 0.8127255852325461, 0.8197380633185521], "f1_score_macro_ged": [0.6318219157632929, 0.6134193783414734, 0.6229976927824408, 0.6306620868991021, 0.6646251489859264, 0.6371209525545228, 0.6631005771156272, 0.6691865096957565], "f1_score_weighted_ged": [0.8143012602920738, 0.7772097409361302, 0.7847752385449275, 0.7919894906771208, 0.8331039100874823, 0.795800294232458, 0.8271578731150777, 0.8322578154465726], "f_0_5_ged": [0.42349597347228807, 0.49616250938516726, 0.5074080309790386, 0.5112570356472795, 0.47332309759140195, 0.5234071608415484, 0.49592169657422513, 0.49747843710232365], "f1_score_avg_ner": [0.8536856041431409, 0.9012499513258829, 0.9146645379852809, 0.922238230598497, 0.9262100385499007, 0.9292667731007359, 0.9309606323741287, 0.9318951754215179], "f1_score_macro_ner": [0.21912897767189765, 0.45749755057109565, 0.5659680460792759, 0.6265373019583974, 0.6585291317571782, 0.6765208886886249, 0.6957357252866389, 0.7073706074146877], "f1_score_weighted_ner": [0.8016177519465725, 0.8803449735520146, 0.9003738928296117, 0.9111473647051862, 0.9179455208929366, 0.9218869252577964, 0.9256361206638256, 0.9273044359035502], "aes": [0.0, 0.0, 0.0, 0.0, 0.0, 0.0, 0.0, 0.0], "ged": [0.13201827781144962, 0.12310930324155231, 0.12056779029757478, 0.1196434733479522, 0.12502997836401297, 0.1178321173024732, 0.12161278586054958, 0.12275028090144313], "ner": [0.04317384784997896, 0.028706898652883464, 0.023416008670316187, 0.020986739567719227, 0.019682819435242995, 0.018704828286413535, 0.018276173599757427, 0.01792952697724104], "total_loss": [0.17519212566142858, 0.15181620189443576, 0.14398379896789096, 0.14063021291567143, 0.14471279779925597, 0.13653694558888674, 0.139888959460307, 0.14067980787868417], "aes_weight_coef": [0.0, 0.0, 0.0, 0.0, 0.0, 0.0, 0.0, 0.0], "ged_weight_coef": [1.0, 1.0, 1.0, 1.0, 1.0, 1.0, 1.0, 1.0], "ner_weight_coef": [0.10000000149011612, 0.10000000149011612, 0.10000000149011612, 0.10000000149011612, 0.10000000149011612, 0.10000000149011612, 0.10000000149011612, 0.10000000149011612], "epoch": [1.0, 2.0, 3.0, 4.0, 5.0, 6.0, 7.0, 8.0], "step": [264, 529, 794, 1059, 1324, 1589, 1854, 2119]}, "test": {"rmse_aes": 28.024171114712146, "pearson_aes": NaN, "spearman_aes": NaN, "kappa_aes": 0.0, "f1_score_avg_ged": 0.7943620574482297, "f1_score_macro_ged": 0.6582441043729873, "f1_score_weighted_ged": 0.8085737883548537, "f_0_5_ged": 0.4956840602284528, "f1_score_avg_ner": 0.9280068913535049, "f1_score_macro_ner": 0.7080785354361133, "f1_score_weighted_ner": 0.9250667763506558, "aes": 0.0, "ged": 0.17579279910950435, "ner": 0.017521937311227833, "total_loss": 0.19331473642073216, "aes_weight_coef": 0.0, "ged_weight_coef": 1.0, "ner_weight_coef": 0.10000000149011612}, "info": {"tasks": ["aes", "ged", "ner"], "outputs": ["loss", "labels", "preds"], "map_out_to_task": {"aes_loss": "aes", "aes_labels": "aes", "aes_preds": "aes", "ged_loss": "ged", "ged_labels": "ged", "ged_preds": "ged", "ner_loss": "ner", "ner_labels": "ner", "ner_preds": "ner"}, "map_out_to_out": {"aes_loss": "loss", "aes_labels": "labels", "aes_preds": "preds", "ged_loss": "loss", "ged_labels": "labels", "ged_preds": "preds", "ner_loss": "loss", "ner_labels": "labels", "ner_preds": "preds"}, "map_task_index": {"aes": 0, "ged": 1, "ner": 2}, "map_index_task": {"0": "aes", "1": "ged", "2": "ner"}, "optimizer_weighting": "fixed", "epochs_to_avg_over": 2, "temp": 2, "init_task_weightings": {"aes": 0, "ged": 1, "ner": 0.1}, "metrics_to_track_by_task": {"aes": "pearson_aes", "ged": "f_0_5_ged", "ner": "f1_score_avg_ner"}, "regression_tasks": ["aes"], "classification_tasks": ["ner", "ged"], "fce_tasks": ["aes", "ged"], "task_priorities_priority_as_key": {"primary_task": "aes", "secondary_task": "ged", "aux_task": "ner"}, "early_stopping_patience": 2, "early_stopping_metric": "loss", "pretrained_model": "distilroberta-base", "frozen_layers": "all", "scoring": "script", "learning_rate": 7e-05, "batch_size": 8, "weight_decay": 0.01, "adam_epsilon": 1e-08, "normalized_values": null, "model_name": "distilroberta-base_1630620442", "runtime": 302.95043659210205, "steps_per_sec": 0.14296858734879758}, "preds": {"aes": {"preds": [-0.12039227783679962, -0.1311262845993042, -0.12122613936662674, -0.13025541603565216, -0.13177047669887543, -0.12141004204750061, -0.11715403199195862, -0.12887592613697052, -0.12170495092868805, -0.1333748698234558, -0.1260709911584854, -0.11496134102344513, -0.12497438490390778, -0.1164650097489357, -0.1126527339220047, -0.11293236166238785, -0.11692847311496735, -0.11777463555335999, -0.12241027504205704, -0.11557657271623611, -0.12607786059379578, -0.11707543581724167, -0.12487704306840897, -0.12160594761371613, -0.11798076331615448, -0.11594730615615845, -0.11910315603017807, -0.13600651919841766, -0.1142418161034584, -0.11785582453012466, -0.12392188608646393, -0.12288685142993927, -0.13051210343837738, -0.12055265158414841, -0.12616141140460968, -0.11222236603498459, -0.11840896308422089, -0.11654733866453171, -0.12052075564861298, -0.11110769212245941, -0.12478656321763992, -0.12347043305635452, -0.12271648645401001, -0.12980547547340393, -0.12633848190307617, -0.11572985351085663, -0.1180897057056427, -0.13346493244171143, -0.12481990456581116, -0.12065185606479645, -0.11802119016647339, -0.12713569402694702, -0.12735706567764282, -0.11483034491539001, -0.12234465032815933, -0.12392473965883255, -0.1235433965921402, -0.12618032097816467, -0.1219952329993248, -0.13178370893001556, -0.12156946957111359, -0.11140796542167664, -0.10458657145500183, -0.12280680239200592, -0.11631268262863159, -0.1133786141872406, -0.1327245831489563, -0.11824101209640503, -0.12462382018566132, -0.11735329031944275, -0.13052520155906677, -0.11572057753801346, -0.12804019451141357, -0.11863190680742264, -0.11697147786617279, -0.1285962462425232, -0.1314498633146286, -0.11477755010128021, -0.11552900075912476, -0.11690832674503326, -0.12060580402612686, -0.11404532194137573, -0.12913505733013153, -0.12009962648153305, -0.12674763798713684, -0.12659893929958344, -0.11225838959217072, -0.12704867124557495, -0.13167455792427063, -0.11401857435703278, -0.13371023535728455, -0.11489787697792053, -0.11625503748655319, -0.12731407582759857, -0.12936079502105713, -0.11560426652431488],