{"best": {"aes": {"rmse_aes": 5.5113519212621505, "pearson_aes": 0.5002221602685948, "spearman_aes": 0.47454967323086056, "kappa_aes": 0.177635316075631, "aes": 5.696332388145979, "aes_weight_coef": 0.8999999761581421}, "ged": {"f1_score_avg_ged": 0.8340380186311918, "f1_score_macro_ged": 0.6701713506910822, "f1_score_weighted_ged": 0.840047661854355, "f_0_5_ged": 0.4619658750061464, "ged": 0.012627385729967161, "ged_weight_coef": 0.10000000149011612}, "ner": {"f1_score_avg_ner": 0.9553171605467077, "f1_score_macro_ner": 0.8333770388012746, "f1_score_weighted_ner": 0.9535619287735129, "ner": 0.0011218841645195213, "ner_weight_coef": 0.009999999776482582}}, "train": {"loss": [154.3817, 15.21, 13.3516, 12.9807, 12.4117, 12.2955, 11.6076, 11.7709, 11.2981, 11.338], "learning_rate": [6.339622641509433e-05, 5.679245283018868e-05, 5.0188679245283013e-05, 4.3584905660377356e-05, 3.69811320754717e-05, 3.0377358490566036e-05, 2.3773584905660375e-05, 1.7169811320754714e-05, 1.0566037735849056e-05, 3.9622641509433956e-06], "epoch": [1.89, 3.77, 5.66, 7.55, 9.43, 11.32, 13.21, 15.09, 16.98, 18.87], "step": [500, 1000, 1500, 2000, 2500, 3000, 3500, 4000, 4500, 5000]}, "eval": {"rmse_aes": [16.53447576698121, 6.306962642808167, 5.803495115493384, 5.7566386797235145, 5.744562646538029, 5.678908345800274, 5.689903338370521, 5.710613899670605, 5.678908345800274, 5.632248416238601, 5.57150488348226, 5.5665169640549115, 5.576488341440536, 5.569011482201208, 5.559026693385973, 5.547772325697746, 5.547772325697746, 5.5113519212621505, 5.5113519212621505, 5.5113519212621505], "pearson_aes": [0.17492034546816693, 0.13213398359010115, 0.18704917839304744, 0.2570855000703394, 0.3025612917290786, 0.4059839948839608, 0.3918618782031494, 0.3612741230569227, 0.37506251474077074, 0.4220512043723294, 0.47601514621134156, 0.46842591139177636, 0.4646959490212402, 0.44966445745223077, 0.46742339347758805, 0.4696184852986423, 0.4696184852986423, 0.5002221602685948, 0.5002221602685948, 0.5002221602685948], "spearman_aes": [0.20204737395364117, 0.17507022248242127, 0.20124996923466185, 0.24972619970401108, 0.30418072556415465, 0.40017537975834194, 0.37965004360510385, 0.3717420317845653, 0.36262689946565685, 0.42166582603324426, 0.46372657812854223, 0.46952949915470477, 0.46436188173036497, 0.4532101630707299, 0.4655975133736655, 0.4704200352312923, 0.4704200352312923, 0.47454967323086056, 0.47454967323086056, 0.47454967323086056], "kappa_aes": [0.006670633115178792, 0.029478757468722083, 0.04948004025494812, 0.05799115603284899, 0.07046149976945981, 0.09100844928328222, 0.08689075630252108, 0.0880621320305649, 0.09099307159353354, 0.11603683179867497, 0.1472407819846573, 0.15090145714991354, 0.15419149457187176, 0.1564414672003922, 0.16350614470578662, 0.16834099320779283, 0.16834099320779283, 0.177635316075631, 0.177635316075631, 0.177635316075631], "f1_score_avg_ged": [0.616926197105634, 0.5574232580523186, 0.8037881131621464, 0.8245161733869582, 0.8090130968340724, 0.8209068096662198, 0.8402598741878932, 0.8162661991681276, 0.8293286583479427, 0.8316317761506995, 0.8211130590216905, 0.8340036437386134, 0.8362380117562133, 0.8389536282699117, 0.8410504967171978, 0.8494723453989206, 0.8530473342270806, 0.8499192190024406, 0.8340380186311918, 0.8355161390120656], "f1_score_macro_ged": [0.49632630758862606, 0.4849571812121242, 0.618030148753354, 0.6340994399777952, 0.6359718642642063, 0.6446903778630835, 0.6514913355574616, 0.6507110365743372, 0.6578732823898954, 0.6582425475342845, 0.6590348419062148, 0.6639582860821002, 0.6637039478841293, 0.6655161227711622, 0.6674393044914666, 0.6716628802071918, 0.6690951624239034, 0.6682691358395635, 0.6701713506910822, 0.670405278844538], "f1_score_weighted_ged": [0.6764170593598264, 0.6261239146608056, 0.8126699205006651, 0.8269750952755451, 0.8193660648294776, 0.8275298707531733, 0.8389108977091236, 0.8264253411107961, 0.8348484657802135, 0.8361169181099871, 0.8308101154378332, 0.8386298898176998, 0.8397156864131348, 0.8415119722263329, 0.8430163116346403, 0.848218177366225, 0.8493750755645276, 0.8476408930650607, 0.840047661854355, 0.8408648006794643], "f_0_5_ged": [0.3487803961363551, 0.44303374540594714, 0.37655071758696185, 0.3777195809830782, 0.4183305268222276, 0.4168508965856055, 0.39033552902428986, 0.4465744210627462, 0.4360924535756618, 0.43139008995576755, 0.460668751503488, 0.4427238435576732, 0.43614096475881026, 0.43455313159746656, 0.434848408414468, 0.42502830091592053, 0.4080513784461153, 0.4139269997411338, 0.4619658750061464, 0.4587201264072684], "f1_score_avg_ner": [0.9109653050893657, 0.9296951053307893, 0.936743117479849, 0.938475916046883, 0.940695455784432, 0.940598107550329, 0.9462637747751256, 0.9477045286398504, 0.9485417234531366, 0.9493399789727814, 0.9495152057941669, 0.9506833846034033, 0.9519489116467428, 0.9497683112028348, 0.9510533078929948, 0.9523967135236167, 0.9535454226860325, 0.9542268603247537, 0.9553171605467077, 0.9552198123126047], "f1_score_macro_ner": [0.5046144087132144, 0.6890606581879619, 0.7294341040726571, 0.7463988619724264, 0.7607991076519469, 0.7643263280586934, 0.7900839217031917, 0.7972144851458888, 0.7990115191095162, 0.8004921051596525, 0.8066231171185311, 0.811800990945227, 0.8169353671382076, 0.8159358826869948, 0.8178389487573766, 0.8217733268650811, 0.8253907707250826, 0.8306842540385978, 0.8333770388012746, 0.834007060781915], "f1_score_weighted_ner": [0.89738426445495, 0.9252128275867407, 0.9323277276474388, 0.9348989436206209, 0.9378567316127839, 0.9382562357110109, 0.9439429517117458, 0.9454406409294964, 0.9457000130273324, 0.9463692477492135, 0.9471645678405399, 0.9488647097445392, 0.9501927914618855, 0.9487822258810661, 0.9499293628948224, 0.9512199610004985, 0.9520064692348075, 0.9527901451102554, 0.9535619287735129, 0.9535259472248854], "aes": [51.69491541662882, 7.510476600292117, 6.320396977801655, 6.249037897864054, 6.231682089872138, 6.17913541128469, 6.133077089176622, 6.1167152316071265, 5.992603523786678, 5.968322509943053, 5.930093543474064, 5.866122689358024, 5.865020995916322, 5.776930454165437, 5.794659703276878, 5.737061522727789, 5.71643281537433, 5.696332388145979, 5.684734654981036, 5.6689620239790095], "ged": [0.014361173261043638, 0.01372214432719142, 0.013507369299267614, 0.013451408941385358, 0.012975430679182673, 0.013028575843849848, 0.013316165136043416, 0.012668072310991065, 0.012802433569070905, 0.012846167177654976, 0.012503285220889159, 0.012717311465462972, 0.012836468687584235, 0.01285102772851323, 0.012900583532660506, 0.01318979999700258, 0.013410202985586123, 0.013297870755195618, 0.012627385729967161, 0.01269609792981037], "ner": [0.0023289304822250163, 0.0017526113769299415, 0.0015628384453309483, 0.0014905036402714635, 0.001431205105523817, 0.0014410716911972782, 0.0013113780810800923, 0.0012868458451161724, 0.0012610829502972232, 0.0012597484570971236, 0.001227175210450971, 0.0012073594803358753, 0.0011810570627689189, 0.0012274643008293974, 0.0011999138988294574, 0.0011713338195519566, 0.0011567660650714886, 0.0011364169131834493, 0.0011218841645195213, 0.0011242433440286754], "total_loss": [51.71160552037208, 7.525951355996239, 6.335467185546254, 6.2639798104457105, 6.246088725656845, 6.193605058819738, 6.147704632393745, 6.130670149763234, 6.006667040306046, 5.982428425577805, 5.943824003905404, 5.880047360303823, 5.879038521666676, 5.791008946194779, 5.8087602007083685, 5.751422656544343, 5.730999784424988, 5.710766675814358, 5.698483924875523, 5.682782365252849], "aes_weight_coef": [0.8999999761581421, 0.8999999761581421, 0.8999999761581421, 0.8999999761581421, 0.8999999761581421, 0.8999999761581421, 0.8999999761581421, 0.8999999761581421, 0.8999999761581421, 0.8999999761581421, 0.8999999761581421, 0.8999999761581421, 0.8999999761581421, 0.8999999761581421, 0.8999999761581421, 0.8999999761581421, 0.8999999761581421, 0.8999999761581421, 0.8999999761581421, 0.8999999761581421],