{"best": {"aes": {"rmse_aes": 5.49873722877454, "pearson_aes": 0.5139619393832018, "spearman_aes": 0.4953905709129018, "kappa_aes": 0.18017578125, "aes": 3.811016371083814, "aes_weight_coef": 0.6000000238418579}, "ged": {"f1_score_avg_ged": 0.8285724107112166, "f1_score_macro_ged": 0.6687772980623036, "f1_score_weighted_ged": 0.8368840341594007, "f_0_5_ged": 0.4722329908897073, "ged": 0.049807840655016346, "ged_weight_coef": 0.4000000059604645}, "ner": {"f1_score_avg_ner": 0.9481912698103656, "f1_score_macro_ner": 0.7994728910195535, "f1_score_weighted_ner": 0.9458991797661498, "ner": 0.005135021816809164, "ner_weight_coef": 0.03999999910593033}}, "train": {"loss": [103.2793, 10.2004, 8.9439, 8.7861, 8.4847, 8.2755, 8.157, 7.954, 7.6415, 7.6615], "learning_rate": [6.339622641509433e-05, 5.679245283018868e-05, 5.0188679245283013e-05, 4.3584905660377356e-05, 3.69811320754717e-05, 3.0377358490566036e-05, 2.3773584905660375e-05, 1.7169811320754714e-05, 1.0566037735849056e-05, 3.9622641509433956e-06], "epoch": [1.89, 3.77, 5.66, 7.55, 9.43, 11.32, 13.21, 15.09, 16.98, 18.87], "step": [500, 1000, 1500, 2000, 2500, 3000, 3500, 4000, 4500, 5000]}, "eval": {"rmse_aes": [16.53447576698121, 6.2882164933044935, 5.793914431922898, 5.7566386797235145, 5.743353646704259, 5.678908345800274, 5.678908345800274, 5.7130455003342036, 5.66176258382101, 5.65194165260439, 5.598859010746942, 5.576488341440536, 5.570258322356135, 5.57150488348226, 5.614960175974339, 5.597618541248888, 5.547772325697746, 5.49873722877454, 5.49873722877454, 5.49873722877454], "pearson_aes": [0.17492034546816693, 0.15323614355031176, 0.21810161753312207, 0.2570855000703394, 0.3095554920322272, 0.4059839948839608, 0.4059839948839608, 0.3667341994203632, 0.4078035339988487, 0.4215340031287195, 0.45528094824310716, 0.4701474710654391, 0.4712917547122245, 0.4594654037943117, 0.4277348552128595, 0.4321729318469716, 0.4696184852986423, 0.5139619393832018, 0.5139619393832018, 0.5139619393832018], "spearman_aes": [0.20204737395364117, 0.20247986851069374, 0.2330017271178083, 0.24972619970401108, 0.31582737468778727, 0.40017537975834194, 0.40017537975834194, 0.36654443139908865, 0.3865994234258721, 0.41589250586736815, 0.44436383316150035, 0.45950432467617874, 0.4614005403032553, 0.4573638064579486, 0.43922392221810347, 0.4411946241361459, 0.4704200352312923, 0.4953905709129018, 0.4953905709129018, 0.4953905709129018], "kappa_aes": [0.006670633115178792, 0.034268324953691476, 0.05524861878453036, 0.05799115603284899, 0.07139265962795371, 0.09100844928328222, 0.09100844928328222, 0.08438376816449611, 0.10061550056525559, 0.10635630406619578, 0.1263351134846462, 0.14526107399158628, 0.15141061968707636, 0.1513708750615662, 0.1433117121527353, 0.15265405735204396, 0.16834099320779283, 0.18017578125, 0.18017578125, 0.18017578125], "f1_score_avg_ged": [0.6946822041181121, 0.7623319927125227, 0.7653913581520058, 0.7771131965212609, 0.8186724416486199, 0.8011412464336048, 0.8334536454573579, 0.8040974871953526, 0.8282630366780104, 0.8186380667560413, 0.8235536763947613, 0.8364786360042625, 0.8323880237874257, 0.8394692516585885, 0.8380255061702933, 0.8537348320786498, 0.8491973462582929, 0.8460004812484961, 0.8285724107112166, 0.8336255199202502], "f1_score_macro_ged": [0.5358675181368692, 0.5930382885498258, 0.6157018613588461, 0.6253011042802521, 0.647827013391547, 0.642995953767316, 0.6576050975809316, 0.6480139672565426, 0.6572403109930719, 0.6579531994112353, 0.6610165190996632, 0.6651118592908392, 0.6667638098495726, 0.6714020339714282, 0.6703682539289234, 0.6721555105943808, 0.6714255547854939, 0.6723263638234223, 0.6687772980623036, 0.6716245238174], "f1_score_weighted_ged": [0.7342528845294933, 0.7848347107310574, 0.7909579548448671, 0.7995771557338961, 0.8270620972164705, 0.816619261597463, 0.8369034754689397, 0.8192852548540692, 0.8341554932347739, 0.8292595951757442, 0.8325342093608775, 0.8401596042498608, 0.8384286358126593, 0.843120603852513, 0.8421468344897176, 0.8504387270743394, 0.8480259366593741, 0.8466401045148996, 0.8368840341594007, 0.8401585214760056], "f_0_5_ged": [0.3349422875131165, 0.3865664205806422, 0.4529225072732081, 0.45800671892497197, 0.43172983479105925, 0.4590316573556797, 0.4248774632389717, 0.4680950163018165, 0.4368501453703247, 0.46356982251351486, 0.4606725287467388, 0.4397963258785942, 0.45566320759356715, 0.45116534411339027, 0.45185369494899225, 0.4150166736140058, 0.4250668586710553, 0.43635254030412446, 0.4722329908897073, 0.4676858248811798], "f1_score_avg_ner": [0.9047544877535921, 0.9243798917487637, 0.9324208558856742, 0.9348740313850706, 0.9379697052295471, 0.9409290915462794, 0.9419025738873097, 0.941883104240489, 0.943070752696546, 0.9436937813948055, 0.9453876406681982, 0.9453876406681982, 0.9456212764300456, 0.9460690783069196, 0.9467310462988201, 0.9466921070051789, 0.9476071804057474, 0.9481523305167244, 0.9481912698103656, 0.9481133912230832], "f1_score_macro_ner": [0.5219603143241067, 0.6770323026663077, 0.7183768162396037, 0.7335720543333282, 0.7444059006772152, 0.7589371495098658, 0.7623255564335237, 0.7682701987107458, 0.7728458482659313, 0.7768902918746055, 0.7832774228367777, 0.784371238690687, 0.7865258761790493, 0.7894533089518534, 0.7925191975768305, 0.7937858861386364, 0.7970681635074528, 0.7976731234391558, 0.7994728910195535, 0.7976972308342974], "f1_score_weighted_ner": [0.889816422312051, 0.9200369114771726, 0.9296287425968087, 0.933082722228724, 0.9358699570753513, 0.9382689979615676, 0.9393135430382457, 0.9401231591457158, 0.9409867499084997, 0.9419121867269562, 0.9432642212461358, 0.9433981119127592, 0.9438573132820339, 0.9441963838702543, 0.9446680107763551, 0.9449720300184115, 0.9454059289902845, 0.9459415881740317, 0.9458991797661498, 0.9459367014154866], "aes": [34.46211916901345, 4.979107701501181, 4.222070084061733, 4.170200647309769, 4.157402970070063, 4.117270159166913, 4.082775138145269, 4.07311195550963, 4.02939112241878, 4.003058311551116, 3.9522474089334176, 3.942717663077421, 3.9125389387441234, 3.8825885306957155, 3.8811453109563785, 3.865678299305051, 3.832321599472401, 3.811016371083814, 3.805481422779172, 3.800878569137218], "ged": [0.05668190676112508, 0.054667908091877784, 0.052046233138372734, 0.05098805871120719, 0.05199413590652998, 0.05063100401745286, 0.05211471540983333, 0.05009773512219274, 0.05145119892996411, 0.05013008554314458, 0.05044168996256451, 0.05139850114667138, 0.05059390012608018, 0.05114174270352652, 0.05099075062330379, 0.053771432055983434, 0.05282020256962887, 0.05220487991044687, 0.049807840655016346, 0.05027860437714776], "ner": [0.01079097654410573, 0.007945190043037021, 0.006994680209128663, 0.006616476018978066, 0.006301660366832863, 0.006013803682181724, 0.005861676363057868, 0.005791504114736305, 0.005652841267197631, 0.005608802033198434, 0.005451753107441026, 0.005393888860897616, 0.005379155635573837, 0.005365898875996124, 0.005250519666777447, 0.005240222520389875, 0.005184778819120554, 0.005148038376382617, 0.005135021816809164, 0.005144506259713062], "total_loss": [34.52959205231868, 5.041720799636096, 4.281110997409235, 4.227805182039955, 4.215698766343426, 4.173914966866548, 4.140751529918161, 4.129001194746558, 4.086495162615942, 4.05879719912746, 4.008140852003423, 3.99951005308499, 3.9685119945057776, 3.9390961722752382, 3.9373865812464595, 3.9246899538814244, 3.8903265808611502, 3.8683692893706434, 3.8604242852509976, 3.856301679774079], "aes_weight_coef": [0.6000000238418579, 0.6000000238418579, 0.6000000238418579, 0.6000000238418579, 0.6000000238418579, 0.6000000238418579, 0.6000000238418579, 0.6000000238418579, 0.6000000238418579, 0.6000000238418579, 0.6000000238418579, 0.6000000238418579, 0.6000000238418579, 0.6000000238418579, 0.6000000238418579, 0.6000000238418579, 0.6000000238418579, 0.6000000238418579, 0.6000000238418579, 0.6000000238418579],