{"best": {"aes": {"rmse_aes": 28.396253665267576, "pearson_aes": NaN, "spearman_aes": NaN, "kappa_aes": 0.0, "aes": 0.0, "aes_weight_coef": 0.0}, "ged": {"f1_score_avg_ged": 0.710185280670998, "f1_score_macro_ged": 0.6028793798311336, "f1_score_weighted_ged": 0.7537193172833885, "f_0_5_ged": 0.5382970451010887, "ged": 0.12112949892531993, "ged_weight_coef": 1.0}, "ner": {"f1_score_avg_ner": 0.970347727892216, "f1_score_macro_ner": 0.8426753953653282, "f1_score_weighted_ner": 0.9695763971603527, "ner": 0.008217098007281853, "ner_weight_coef": 0.10000000149011612}}, "train": {"loss": [0.314, 0.2605], "learning_rate": [0.0004528301886792453, 0.0004056603773584906], "epoch": [1.89, 3.77], "step": [500, 1000]}, "eval": {"rmse_aes": [28.396253665267576, 28.396253665267576, 28.396253665267576, 28.396253665267576, 28.396253665267576], "pearson_aes": [NaN, NaN, NaN, NaN, NaN], "spearman_aes": [NaN, NaN, NaN, NaN, NaN], "kappa_aes": [0.0, 0.0, 0.0, 0.0, 0.0], "f1_score_avg_ged": [0.6361073871644151, 0.6674572891959712, 0.6870509779656938, 0.710185280670998, 0.7336289574095081], "f1_score_macro_ged": [0.5477758626140188, 0.5727054119888311, 0.5871731156400829, 0.6028793798311336, 0.6144931692380035], "f1_score_weighted_ged": [0.693817957765903, 0.7197337099516151, 0.7355485240862016, 0.7537193172833885, 0.7710891035171077], "f_0_5_ged": [0.5045560121493657, 0.5266551228677744, 0.5349941582180682, 0.5382970451010887, 0.5239156870693149], "f1_score_avg_ner": [0.9540516335033683, 0.9645068338460341, 0.9674078112223045, 0.9692963669639033, 0.970347727892216], "f1_score_macro_ner": [0.7287702575043927, 0.8060417240585576, 0.8277184602824273, 0.8387116252975076, 0.8426753953653282], "f1_score_weighted_ner": [0.9515695645221811, 0.9634280051811654, 0.9665045233929661, 0.9682673866865168, 0.9695763971603527], "aes": [0.0, 0.0, 0.0, 0.0, 0.0], "ged": [0.12210516458333925, 0.118121019629545, 0.11781237846197085, 0.12112949892531993, 0.13043547785559365], "ner": [0.01285553035911086, 0.0100711083451156, 0.009100521319047657, 0.00857774525079443, 0.008217098007281853], "total_loss": [0.1349606949424501, 0.1281921279746606, 0.1269128997810185, 0.12970724417611437, 0.13865257586287552], "aes_weight_coef": [0.0, 0.0, 0.0, 0.0, 0.0], "ged_weight_coef": [1.0, 1.0, 1.0, 1.0, 1.0], "ner_weight_coef": [0.10000000149011612, 0.10000000149011612, 0.10000000149011612, 0.10000000149011612, 0.10000000149011612], "epoch": [1.0, 2.0, 3.0, 4.0, 5.0], "step": [264, 529, 794, 1059, 1324]}, "test": {"rmse_aes": 28.024171114712146, "pearson_aes": NaN, "spearman_aes": NaN, "kappa_aes": 0.0, "f1_score_avg_ged": 0.6710754843019372, "f1_score_macro_ged": 0.5819656696957486, "f1_score_weighted_ged": 0.7164890514888169, "f_0_5_ged": 0.5272365163096134, "f1_score_avg_ner": 0.96183912996662, "f1_score_macro_ner": 0.8125138313980786, "f1_score_weighted_ner": 0.9615990184036708, "aes": 0.0, "ged": 0.19237094549905687, "ner": 0.009313733993275534, "total_loss": 0.2016846794923324, "aes_weight_coef": 0.0, "ged_weight_coef": 1.0, "ner_weight_coef": 0.10000000149011612}, "info": {"tasks": ["aes", "ged", "ner"], "outputs": ["loss", "labels", "preds"], "map_out_to_task": {"aes_loss": "aes", "aes_labels": "aes", "aes_preds": "aes", "ged_loss": "ged", "ged_labels": "ged", "ged_preds": "ged", "ner_loss": "ner", "ner_labels": "ner", "ner_preds": "ner"}, "map_out_to_out": {"aes_loss": "loss", "aes_labels": "labels", "aes_preds": "preds", "ged_loss": "loss", "ged_labels": "labels", "ged_preds": "preds", "ner_loss": "loss", "ner_labels": "labels", "ner_preds": "preds"}, "map_task_index": {"aes": 0, "ged": 1, "ner": 2}, "map_index_task": {"0": "aes", "1": "ged", "2": "ner"}, "optimizer_weighting": "fixed", "epochs_to_avg_over": 2, "temp": 2, "init_task_weightings": {"aes": 0, "ged": 1, "ner": 0.1}, "metrics_to_track_by_task": {"aes": "pearson_aes", "ged": "f_0_5_ged", "ner": "f1_score_avg_ner"}, "regression_tasks": ["aes"], "classification_tasks": ["ner", "ged"], "fce_tasks": ["aes", "ged"], "task_priorities_priority_as_key": {"primary_task": "aes", "secondary_task": "ged", "aux_task": "ner"}, "early_stopping_patience": 2, "early_stopping_metric": "loss", "pretrained_model": "distilroberta-base", "frozen_layers": "all", "scoring": "script", "learning_rate": 0.0005, "batch_size": 8, "weight_decay": 0.01, "adam_epsilon": 1e-08, "normalized_values": null, "model_name": "distilroberta-base_1630623245", "runtime": 192.61612343788147, "steps_per_sec": 0.14548045576879265}, "preds": {"aes": {"preds": [-0.07674391567707062, -0.07957077026367188, -0.07451175898313522, -0.07461312413215637, -0.07192672789096832, -0.06704722344875336, -0.07561905682086945, -0.08850080519914627, -0.07956124097108841, -0.07748033106327057, -0.06633474677801132, -0.06452469527721405, -0.08856792747974396, -0.07272891700267792, -0.06525624543428421, -0.08317568153142929, -0.0737966001033783, -0.06716611981391907, -0.07050402462482452, -0.07707479596138, -0.0767744928598404, -0.08290041983127594, -0.0733993798494339, -0.08116002380847931, -0.06952806562185287, -0.08332286030054092, -0.0781649649143219, -0.07239090651273727, -0.08190061897039413, -0.07321000099182129, -0.08075942099094391, -0.06748258322477341, -0.08004648983478546, -0.07074160873889923, -0.07539352774620056, -0.07166889309883118, -0.06681914627552032, -0.07416529953479767, -0.07175237685441971, -0.0905938446521759, -0.08246920257806778, -0.07137012481689453, -0.07325868308544159, -0.07280221581459045, -0.07202277332544327, -0.07852241396903992, -0.07900690287351608, -0.07764691114425659, -0.07127607613801956, -0.06821473687887192, -0.08317802846431732, -0.07490010559558868, -0.0724341943860054, -0.0748632401227951, -0.07797032594680786, -0.06210391968488693, -0.07439252734184265, -0.07565620541572571, -0.07558777928352356, -0.07053929567337036, -0.07276548445224762, -0.07505235075950623, -0.07541915774345398, -0.07560324668884277, -0.08736976981163025, -0.0739283561706543, -0.0772673711180687, -0.07027992606163025, -0.07445750385522842, -0.07797382026910782, -0.08052714169025421, -0.06777234375476837, -0.07684416323900223, -0.06992416083812714, -0.0970044732093811, -0.06878530234098434, -0.07312358915805817, -0.07629447430372238, -0.07948824763298035, -0.0700681060552597, -0.07041176408529282, -0.07553990185260773, -0.08024249225854874, -0.06367743760347366, -0.07699861377477646, -0.06986337155103683, -0.07063432037830353, -0.07165145874023438, -0.07321549952030182, -0.0712752565741539, -0.0739373117685318, -0.07452914118766785, -0.0686969980597496, -0.07266354560852051, -0.07735178619623184, -0.07916492968797684], "labels": [30.0, 26.0, 23.0, 26.0, 26.0, 38.0, 27.0, 39.0, 25.0, 24.0, 25.0, 27.0, 30.0, 27.0, 20.0, 21.0, 21.0, 26.0, 22.0, 24.0, 38.0, 30.0, 34.0, 24.0, 23.0, 22.0, 23.0, 39.0, 34.0, 37.0, 31.0, 28.0, 26.0, 29.0, 34.0, 26.0, 34.0, 19.0, 26.0, 31.0, 18.0, 19.0, 25.0, 26.0, 29.0, 29.0, 18.0, 27.0, 35.0, 22.0, 36.0, 14.0, 24.0, 29.0, 28.0, 24.0, 25.0, 37.0, 24.0, 36.0, 13.0, 23.0, 29.0, 31.0, 23.0, 28.0, 26.0, 26.0, 21.0, 38.0, 32.0, 29.0, 36.0, 40.0, 29.0, 34.0, 36.0, 25.0, 37.0, 17.0, 32.0, 25.0, 25.0, 36.0, 31.0, 27.0, 19.0, 28.0, 24.0, 20.0, 25.0, 23.0, 22.0, 23.0, 27.0, 30.0]}}}