{"best": {"aes": {"rmse_aes": 5.497474167490214, "pearson_aes": 0.5109229709322151, "spearman_aes": 0.4915448073377406, "kappa_aes": 0.18029717077142282, "aes": 5.7066083952438, "aes_weight_coef": 0.8999999761581421}, "ged": {"f1_score_avg_ged": 0.700938434567392, "f1_score_macro_ged": 0.589019107292297, "f1_score_weighted_ged": 0.745732705862002, "f_0_5_ged": 0.5075795954951093, "ged": 0.012132984780988027, "ged_weight_coef": 0.10000000149011612}, "ner": {"f1_score_avg_ner": 0.9773568007476344, "f1_score_macro_ner": 0.88601698183381, "f1_score_weighted_ner": 0.9771439783547655, "ner": 0.0006425408913813488, "ner_weight_coef": 0.009999999776482582}}, "train": {"loss": [158.7727, 15.2802, 13.316, 13.0366, 12.6029, 12.2581, 12.1278, 11.7591, 11.303, 11.3476], "learning_rate": [6.339622641509433e-05, 5.679245283018868e-05, 5.0188679245283013e-05, 4.3584905660377356e-05, 3.69811320754717e-05, 3.0377358490566036e-05, 2.3773584905660375e-05, 1.7169811320754714e-05, 1.0566037735849056e-05, 3.9622641509433956e-06], "epoch": [1.89, 3.77, 5.66, 7.55, 9.43, 11.32, 13.21, 15.09, 16.98, 18.87], "step": [500, 1000, 1500, 2000, 2500, 3000, 3500, 4000, 4500, 5000]}, "eval": {"rmse_aes": [16.920566053047857, 6.454972243679028, 5.793914431922898, 5.7698931243712535, 5.778311941119905, 5.678908345800274, 5.678908345800274, 5.70939771098688, 5.650712836054895, 5.6531702020488765, 5.598859010746942, 5.582711408148075, 5.570258322356135, 5.57150488348226, 5.57773351022717, 5.597618541248888, 5.546520430764579, 5.497474167490214, 5.497474167490214, 5.497474167490214], "pearson_aes": [0.06277481475182482, 0.07915708290542593, 0.21810161753312207, 0.23424094224270814, 0.2544792342694916, 0.4059839948839608, 0.4059839948839608, 0.367339183878243, 0.4203560417574811, 0.4255882332564228, 0.45528094824310716, 0.465275419278455, 0.4712917547122245, 0.4594654037943117, 0.45341681994139726, 0.4321729318469716, 0.4666724631203406, 0.5109229709322151, 0.5109229709322151, 0.5109229709322151], "spearman_aes": [0.107423111323591, 0.1100104503762993, 0.2330017271178083, 0.23053999675099343, 0.27609290850766993, 0.40017537975834194, 0.40017537975834194, 0.37156161727974973, 0.40553354015581766, 0.41364171876451455, 0.44436383316150035, 0.4496810634705653, 0.4614005403032553, 0.4573638064579486, 0.4604545249619514, 0.4411946241361459, 0.4664189701017138, 0.4915448073377406, 0.4915448073377406, 0.4915448073377406], "kappa_aes": [0.002402831229290303, 0.018970360784065998, 0.05524861878453036, 0.058675396625535226, 0.06126722224548786, 0.09100844928328222, 0.09100844928328222, 0.0854700854700855, 0.10472520107238614, 0.10454507407717428, 0.1263351134846462, 0.14154723059766228, 0.15141061968707636, 0.1513708750615662, 0.15415052008974106, 0.15265405735204396, 0.16845703125, 0.18029717077142282, 0.18029717077142282, 0.18029717077142282], "f1_score_avg_ged": [0.5023203052490461, 0.5643326114605892, 0.7322539617063697, 0.730638341755182, 0.7441820494310956, 0.7445601732494586, 0.761747619538689, 0.753394520642123, 0.7455914200268124, 0.7473445395483139, 0.7610257467945413, 0.7577601319995875, 0.7626069918531505, 0.7402289367845726, 0.7498195318139631, 0.7364476986009418, 0.7067134165205734, 0.695266577291946, 0.700938434567392, 0.7276821009934344], "f1_score_macro_ged": [0.43191955794392345, 0.47259093178162087, 0.5660980387175436, 0.5794908667771757, 0.5910087317274537, 0.5952209843159157, 0.6029346793244694, 0.6044049007876067, 0.6009044312951627, 0.6031647004004691, 0.6118946041067901, 0.6120639937920028, 0.6139279101148718, 0.6069995615602559, 0.6110341249964415, 0.6068123097789275, 0.5918420926234529, 0.5851470802270906, 0.589019107292297, 0.6028643976903093], "f1_score_weighted_ged": [0.5780487138334842, 0.6333222335978106, 0.762297152981152, 0.7637086223879481, 0.7738995486923649, 0.7748759440872979, 0.7864267257498234, 0.7818021084976526, 0.7764931113287705, 0.7779483240540611, 0.7876879108285515, 0.7857830205969515, 0.7889941728141788, 0.774200932982106, 0.7808080441263291, 0.7717823445124978, 0.7500627711746802, 0.7413260333300815, 0.745732705862002, 0.7655506395883124], "f_0_5_ged": [0.35717787000424817, 0.3730537462119892, 0.3612084063047286, 0.40746121960599974, 0.4173358218672686, 0.4304764370792336, 0.41904295134557124, 0.44195049806429165, 0.44735488296321696, 0.4511520144162698, 0.450041650225788, 0.4579820978534805, 0.4532888674360437, 0.48067269076305214, 0.47261879394843387, 0.4888557461264396, 0.504348852768704, 0.506498027384544, 0.5075795954951093, 0.4952512941751926], "f1_score_avg_ner": [0.9470230910011292, 0.9610412367119661, 0.966044935944862, 0.9687122775592851, 0.9705034850667809, 0.9720221175187882, 0.9732876445621277, 0.9740664304349519, 0.9749230948950586, 0.9756240021806004, 0.9759744558233714, 0.9762470308788599, 0.9764611969938866, 0.9766364238152719, 0.9770258167516841, 0.9770842256921459, 0.9771231649857871, 0.9773373311008138, 0.9772010435730696, 0.9773568007476344], "f1_score_macro_ner": [0.6649115414101952, 0.7752866006552049, 0.8114280727053651, 0.8321168742398765, 0.8450657015555607, 0.8523894318810636, 0.861991013383401, 0.8671601661089064, 0.870704005194269, 0.8766754599532772, 0.876878265011491, 0.8790978922223696, 0.8802881426452989, 0.8808374555060957, 0.8837814089256835, 0.8835775253584143, 0.8835787346499883, 0.8850585536853555, 0.8846613958163096, 0.88601698183381], "f1_score_weighted_ner": [0.9436350158602069, 0.9599774370665387, 0.9651908568213005, 0.9682405178921152, 0.9701424342496304, 0.9715918919683743, 0.9729038953675225, 0.9736888837434009, 0.9745186721416432, 0.9752550967203004, 0.9756908919618779, 0.9759345485043095, 0.9761644393067302, 0.976376550607005, 0.9767104862594049, 0.9768169996504129, 0.9768623144946129, 0.9770864688469297, 0.9769254992590981, 0.9771439783547655], "aes": [53.83458408089571, 7.719126679176508, 6.32674485583638, 6.253943465476812, 6.233438757962959, 6.175150449885878, 6.1246286436568855, 6.10746767354566, 6.0362948484198995, 5.995548780574355, 5.931608843248944, 5.90649198931317, 5.862270244332247, 5.823013660519622, 5.81365707308747, 5.790949721669042, 5.738228587217109, 5.7066083952438, 5.699117449826972, 5.69437761084978], "ged": [0.014616125025028405, 0.01426561315392339, 0.013722286667934683, 0.013351473957300186, 0.013140447524397872, 0.012975092110938804, 0.01297163876683213, 0.012772210808687432, 0.012735492701447287, 0.012661686210438262, 0.012680090097493903, 0.012581316710904587, 0.012591703773237938, 0.012381711238345434, 0.012414187279551528, 0.01231972093498984, 0.012201980795971182, 0.012182082461063252, 0.012132984780988027, 0.01220946005263994], "ner": [0.001486719139245187, 0.0010799660176840113, 0.0009276731011490229, 0.0008482892962367555, 0.000810438216810093, 0.0007612559677718944, 0.0007334488104259985, 0.0007188215433500794, 0.000699905030223606, 0.0006898892562847238, 0.0006787333066228691, 0.0006695263558825434, 0.0006647357306995451, 0.000659801519400072, 0.0006543828968397277, 0.0006496049524663926, 0.0006461033731601526, 0.0006417994787456295, 0.000641265950709863, 0.0006425408913813488], "total_loss": [53.85068692505999, 7.734472258348116, 6.341394815605464, 6.26814322873035, 6.2473896437041665, 6.188886797964589, 6.138333731234144, 6.1209587058976975, 6.04973024615157, 6.008900356041078, 5.944967666653061, 5.919742832379957, 5.875526683836185, 5.836055173277368, 5.826725643263861, 5.803919047556498, 5.75107667138624, 5.719432277183609, 5.71189170055867, 5.707229611793801], "aes_weight_coef": [0.8999999761581421, 0.8999999761581421, 0.8999999761581421, 0.8999999761581421, 0.8999999761581421, 0.8999999761581421, 0.8999999761581421, 0.8999999761581421, 0.8999999761581421, 0.8999999761581421, 0.8999999761581421, 0.8999999761581421, 0.8999999761581421, 0.8999999761581421, 0.8999999761581421, 0.8999999761581421, 0.8999999761581421, 0.8999999761581421, 0.8999999761581421, 0.8999999761581421],