{"best": {"ged": {"f1_score_avg_ged": 0.8522862698362917, "f1_score_macro_ged": 0.7391373521305596, "f1_score_weighted_ged": 0.8645494572981129, "f_0_5_ged": 0.6487122389815553, "ged": 0.5711090995205773, "ged_weight_coef": 1.0}}, "train": {"loss": [0.4215], "learning_rate": [4.3684210526315785e-05], "epoch": [3.76], "step": [500]}, "eval": {"f1_score_avg_ged": [0.761588157812206, 0.8286708900457881, 0.8640782788684689, 0.8522862698362917], "f1_score_macro_ged": [0.6592222912876282, 0.7156430150969058, 0.7443715332379452, 0.7391373521305596], "f1_score_weighted_ged": [0.7955617230355151, 0.846510886425075, 0.8720660433798365, 0.8645494572981129], "f_0_5_ged": [0.6228728270814273, 0.6397279131913516, 0.623558591880249, 0.6487122389815553], "ged": [0.5160766277048323, 0.5131288237041898, 0.6005546417501237, 0.5711090995205773], "total_loss": [0.5160766277048323, 0.5131288237041898, 0.6005546417501237, 0.5711090995205773], "ged_weight_coef": [1.0, 1.0, 1.0, 1.0], "epoch": [0.99, 1.99, 2.99, 3.99], "step": [132, 265, 398, 531]}, "test": {"f1_score_avg_ged": 0.8404230069358369, "f1_score_macro_ged": 0.7306391245601258, "f1_score_weighted_ged": 0.8508490291426182, "f_0_5_ged": 0.6211683804210322, "ged": 0.6404805307586988, "total_loss": 0.6404805307586988, "ged_weight_coef": 1.0}, "info": {"tasks": ["ged"], "outputs": ["loss", "labels", "preds"], "map_out_to_task": {"ged_loss": "ged", "ged_labels": "ged", "ged_preds": "ged"}, "map_out_to_out": {"ged_loss": "loss", "ged_labels": "labels", "ged_preds": "preds"}, "map_task_index": {"ged": 0}, "map_index_task": {"0": "ged"}, "optimizer_weighting": "fixed", "epochs_to_avg_over": 2, "temp": 2, "init_task_weightings": {"aes": 1.0, "ged": 1.0, "ner": 1.0}, "metrics_to_track_by_task": {"aes": "pearson_aes", "ged": "f_0_5_ged", "ner": "f1_score_avg_ner"}, "regression_tasks": ["aes"], "classification_tasks": ["ner", "ged"], "fce_tasks": ["aes", "ged"], "task_priorities_priority_as_key": {"primary_task": "ged"}, "early_stopping_patience": 2, "early_stopping_metric": "loss", "pretrained_model": "distilroberta-base", "frozen_layers": null, "scoring": "script", "learning_rate": 7e-05, "batch_size": 8, "weight_decay": 0.01, "adam_epsilon": 1e-08, "normalized_values": null, "model_name": "distilroberta-base_1630612047", "runtime": 267.0899727344513, "steps_per_sec": 0.5029942989349365}, "preds": {}}