{"best": {"aes": {"rmse_aes": 5.497474167490214, "pearson_aes": 0.5109229709322151, "spearman_aes": 0.4915448073377406, "kappa_aes": 0.18029717077142282, "aes": 5.710784590521524, "aes_weight_coef": 0.8999999761581421}, "ged": {"f1_score_avg_ged": 0.8473754769516345, "f1_score_macro_ged": 0.708247835034445, "f1_score_weighted_ged": 0.8554645349315877, "f_0_5_ged": 0.5495590998891727, "ged": 0.011616631302722665, "ged_weight_coef": 0.10000000149011612}, "ner": {"f1_score_avg_ner": 0.9906545695261088, "f1_score_macro_ner": 0.9465728574261294, "f1_score_weighted_ner": 0.9906417380048171, "ner": 0.00030746486268177505, "ner_weight_coef": 0.009999999776482582}}, "train": {"loss": [155.248, 14.7083, 13.3034, 12.9209, 12.5386, 12.4933, 11.8595, 11.7727, 11.3156, 11.4865], "learning_rate": [6.339622641509433e-05, 5.679245283018868e-05, 5.0188679245283013e-05, 4.3584905660377356e-05, 3.69811320754717e-05, 3.0377358490566036e-05, 2.3773584905660375e-05, 1.7169811320754714e-05, 1.0566037735849056e-05, 3.9622641509433956e-06], "epoch": [1.89, 3.77, 5.66, 7.55, 9.43, 11.32, 13.21, 15.09, 16.98, 18.87], "step": [500, 1000, 1500, 2000, 2500, 3000, 3500, 4000, 4500, 5000]}, "eval": {"rmse_aes": [16.489474757486295, 6.280481227138924, 5.7506038330287055, 5.784317879692759, 5.742144392317405, 5.740934883216612, 5.749396103553447, 5.6984403324262525, 5.675238614660474, 5.632248416238601, 5.606296063851387, 5.565269285688, 5.570258322356135, 5.57150488348226, 5.586441920698123, 5.576488341440536, 5.557777333511022, 5.546520430764579, 5.497474167490214, 5.49621081594705], "pearson_aes": [0.2022429214610555, 0.15945259287844268, 0.2464539084782921, 0.23938958050492243, 0.29019714725809076, 0.2806447040143582, 0.3065961619512512, 0.37044924691961173, 0.4012297751257851, 0.4220512043723294, 0.4444515537407323, 0.4808968488610508, 0.4712917547122245, 0.4594654037943117, 0.4410552748035876, 0.45029419183653413, 0.46427219960078453, 0.4666724631203406, 0.5109229709322151, 0.5080306591109547], "spearman_aes": [0.2348655089248729, 0.20227079528054237, 0.23575998807666754, 0.25297931419715225, 0.2851491042424278, 0.2844752553801398, 0.32713691619023183, 0.3583065012769657, 0.4017560518811167, 0.42166582603324426, 0.431536741815202, 0.47363540252350017, 0.4614005403032553, 0.4573638064579486, 0.43719757498308226, 0.45614906453650456, 0.461286061057493, 0.4664189701017138, 0.4915448073377406, 0.48792737355959354], "kappa_aes": [0.00788532484722193, 0.03356239418384621, 0.05928987096230076, 0.05832076420311716, 0.06310863791577082, 0.0641274121513441, 0.07510971786833853, 0.08470736312145999, 0.0973406924234822, 0.11603683179867497, 0.12501041059382023, 0.1509410650302705, 0.15141061968707636, 0.1513708750615662, 0.14790865187852986, 0.15426052889324193, 0.16362007898058062, 0.16845703125, 0.18029717077142282, 0.18041866905595827], "f1_score_avg_ged": [0.6908322161493246, 0.6536042074868516, 0.8026537417070572, 0.7493039084252862, 0.7919975250077343, 0.8260630435529889, 0.827781788181912, 0.8181911931525214, 0.831219277439758, 0.8304630298030319, 0.8291911587776288, 0.8515004640610498, 0.8414629954281393, 0.8450723591488777, 0.8462411054965453, 0.8604723110240281, 0.8603004365611358, 0.8591660651060465, 0.8473754769516345, 0.847787975662576], "f1_score_macro_ged": [0.5127516009275157, 0.5223895769575269, 0.6098627455357857, 0.6126248720117289, 0.6431027480493623, 0.669899503550139, 0.6765190390855691, 0.6761001389854041, 0.6846992872596683, 0.6873229286178735, 0.6899279763897412, 0.7031003183313044, 0.6992876861835042, 0.7019758501109364, 0.7032988668245419, 0.711807237425589, 0.7105363609141034, 0.7129613001231907, 0.708247835034445, 0.7066887639803283], "f1_score_weighted_ged": [0.7279935204004213, 0.7053138556276378, 0.8102616797955764, 0.780760651933198, 0.811546402855329, 0.8358032653493583, 0.8381533957708834, 0.8328589898485147, 0.8417551811257449, 0.8419095836446941, 0.8417702757341876, 0.8564791240772662, 0.8503760503595382, 0.852873880303392, 0.853780402455028, 0.863055130097266, 0.8626766216562285, 0.8626518255658536, 0.8554645349315877, 0.8553404933122183], "f_0_5_ged": [0.26983444420554714, 0.3678596546065484, 0.3555315810121617, 0.47937356760886174, 0.4818157083257754, 0.4826477223635579, 0.49978519261062593, 0.5254009455826458, 0.517586026367141, 0.5288529703672197, 0.5417876885599175, 0.5183723797780518, 0.5369739430874801, 0.5349545542448269, 0.5358353510895884, 0.5185983557248848, 0.5148867801375709, 0.5268924302788844, 0.5495590998891727, 0.542705056859424], "f1_score_avg_ner": [0.935847513726101, 0.9658891787702971, 0.9793816440169776, 0.9832755733810988, 0.9847747361862855, 0.9860986721700868, 0.9870916241579378, 0.988318211907636, 0.9893695728359487, 0.9899341925937464, 0.9893111638954869, 0.9894669210700517, 0.9900315408278494, 0.9900315408278494, 0.9901094194151319, 0.9901872980024142, 0.9904598730579027, 0.9905961605856469, 0.9905377516451852, 0.9906545695261088], "f1_score_macro_ner": [0.6898257998297368, 0.8423081201421456, 0.8994289093268139, 0.9150310265592384, 0.9223068007804512, 0.9250299765081351, 0.9290119528199386, 0.9366162540607187, 0.9413990692324177, 0.9451505154013287, 0.9418120643462681, 0.9382782643985621, 0.9432592535722857, 0.94331776707227, 0.9429549374379653, 0.9454056179554371, 0.9457373190148091, 0.946242382026878, 0.9459122291203195, 0.9465728574261294], "f1_score_weighted_ner": [0.9323934806232448, 0.9654484479787893, 0.9791664114355018, 0.9832516333030613, 0.9848328293742589, 0.9861451838171356, 0.9872365746721624, 0.9883372875664398, 0.9894248719579078, 0.9899403619917655, 0.9893339946163089, 0.9895284406433982, 0.9899913389252365, 0.9900455771783537, 0.9901060068773907, 0.9901827952968414, 0.9904566287209041, 0.9905698315214575, 0.9905234467415077, 0.9906417380048171], "aes": [51.51759196436682, 7.447745500608932, 6.27032927579658, 6.276694164719692, 6.187825402548147, 6.148233480231706, 6.164645949075388, 6.088911766229674, 6.042618618455044, 5.983179314191951, 5.924273601798124, 5.901524565940679, 5.8783142400342365, 5.817517147507778, 5.792110598364542, 5.768600153368573, 5.756763336270354, 5.731667052867801, 5.710784590521524, 5.699684187423351], "ged": [0.014690811724163765, 0.014071524489757627, 0.013524214715458626, 0.012460792567147765, 0.012163067193225373, 0.012172752601462741, 0.011884878281244012, 0.011515104406794836, 0.011659184860628705, 0.011408302846343019, 0.011232245020395102, 0.011864319876875988, 0.011381514197172121, 0.011629199912381727, 0.011621143235716709, 0.012213398117658704, 0.01240571761547133, 0.01227966877956723, 0.011616631302722665, 0.011786732302848683], "ner": [0.0016072195911303508, 0.0008840102324706264, 0.0005647665293085887, 0.00046141536772348595, 0.000408956911320105, 0.0003603155150918864, 0.00034600050055941695, 0.00032049875711848917, 0.0003071422752962166, 0.0003044373058168445, 0.00031240071544997656, 0.0003146363613818404, 0.000308255300846805, 0.00031118309003474234, 0.0003117299215033242, 0.00031401053236676974, 0.00030753982685192293, 0.00031101671181183284, 0.0003079220680584238, 0.00030746486268177505], "total_loss": [51.53388999568212, 7.46270103533116, 6.284418257041347, 6.289616372654564, 6.2003974266526924, 6.160766548348261, 6.176876827857192, 6.100747369393587, 6.054584945590969, 5.9948920543441115, 5.93581824753397, 5.913703522178937, 5.890004009532255, 5.8294575305101946, 5.804043471521762, 5.7811275620185985, 5.769476593712678, 5.74425773835918, 5.722709143892305, 5.711778384588881], "aes_weight_coef": [0.8999999761581421, 0.8999999761581421, 0.8999999761581421, 0.8999999761581421, 0.8999999761581421, 0.8999999761581421, 0.8999999761581421, 0.8999999761581421, 0.8999999761581421, 0.8999999761581421, 0.8999999761581421, 0.8999999761581421, 0.8999999761581421, 0.8999999761581421, 0.8999999761581421, 0.8999999761581421, 0.8999999761581421, 0.8999999761581421, 0.8999999761581421, 0.8999999761581421],