{"best": {"aes": {"rmse_aes": 28.396253665267576, "pearson_aes": NaN, "spearman_aes": NaN, "kappa_aes": 0.0, "aes": 0.0, "aes_weight_coef": 0.0}, "ged": {"f1_score_avg_ged": 0.3013990581279434, "f1_score_macro_ged": 0.29531987238439406, "f1_score_weighted_ged": 0.3431456500863284, "f_0_5_ged": 0.3976140534871526, "ged": 0.14528625510459722, "ged_weight_coef": 1.0}, "ner": {"f1_score_avg_ner": 0.8325026284023208, "f1_score_macro_ner": 0.10095515347265754, "f1_score_weighted_ner": 0.7564088755507238, "ner": 0.062140611022017726, "ner_weight_coef": 0.10000000149011612}}, "train": {"loss": [0.3916], "learning_rate": [0.0004528301886792453], "epoch": [1.89], "step": [500]}, "eval": {"rmse_aes": [28.396253665267576, 28.396253665267576, 28.396253665267576], "pearson_aes": [NaN, NaN, NaN], "spearman_aes": [NaN, NaN, NaN], "kappa_aes": [0.0, 0.0, 0.0], "f1_score_avg_ged": [0.3013990581279434, 0.31284589735657076, 0.4473892269086659], "f1_score_macro_ged": [0.29531987238439406, 0.30426364435248504, 0.39528834618941866], "f1_score_weighted_ged": [0.3431456500863284, 0.3607269535780655, 0.524988360412283], "f_0_5_ged": [0.3976140534871526, 0.3901784052537821, 0.3464074544159986], "f1_score_avg_ner": [0.8325026284023208, 0.8325026284023208, 0.8325026284023208], "f1_score_macro_ner": [0.10095515347265754, 0.10095515347265754, 0.10095515347265754], "f1_score_weighted_ner": [0.7564088755507238, 0.7564088755507238, 0.7564088755507238], "aes": [0.0, 0.0, 0.0], "ged": [0.14528625510459722, 0.14528206891791764, 0.14517167418502097], "ner": [0.062140611022017726, 0.06227819621562958, 0.0632916952288428], "total_loss": [0.20742686612661496, 0.20756026513354722, 0.20846336941386379], "aes_weight_coef": [0.0, 0.0, 0.0], "ged_weight_coef": [1.0, 1.0, 1.0], "ner_weight_coef": [0.10000000149011612, 0.10000000149011612, 0.10000000149011612], "epoch": [1.0, 2.0, 3.0], "step": [264, 529, 794]}, "test": {"rmse_aes": 28.024171114712146, "pearson_aes": NaN, "spearman_aes": NaN, "kappa_aes": 0.0, "f1_score_avg_ged": 0.44729458917835674, "f1_score_macro_ged": 0.40186601399564037, "f1_score_weighted_ged": 0.5167588183044589, "f_0_5_ged": 0.36411232746311273, "f1_score_avg_ner": 0.8253041886508022, "f1_score_macro_ner": 0.10047691335593363, "f1_score_weighted_ner": 0.7463161570982018, "aes": 0.0, "ged": 0.19810568860598973, "ner": 0.05965005721719492, "total_loss": 0.25775574582318467, "aes_weight_coef": 0.0, "ged_weight_coef": 1.0, "ner_weight_coef": 0.10000000149011612}, "info": {"tasks": ["aes", "ged", "ner"], "outputs": ["loss", "labels", "preds"], "map_out_to_task": {"aes_loss": "aes", "aes_labels": "aes", "aes_preds": "aes", "ged_loss": "ged", "ged_labels": "ged", "ged_preds": "ged", "ner_loss": "ner", "ner_labels": "ner", "ner_preds": "ner"}, "map_out_to_out": {"aes_loss": "loss", "aes_labels": "labels", "aes_preds": "preds", "ged_loss": "loss", "ged_labels": "labels", "ged_preds": "preds", "ner_loss": "loss", "ner_labels": "labels", "ner_preds": "preds"}, "map_task_index": {"aes": 0, "ged": 1, "ner": 2}, "map_index_task": {"0": "aes", "1": "ged", "2": "ner"}, "optimizer_weighting": "fixed", "epochs_to_avg_over": 2, "temp": 2, "init_task_weightings": {"aes": 0, "ged": 1, "ner": 0.1}, "metrics_to_track_by_task": {"aes": "pearson_aes", "ged": "f_0_5_ged", "ner": "f1_score_avg_ner"}, "regression_tasks": ["aes"], "classification_tasks": ["ner", "ged"], "fce_tasks": ["aes", "ged"], "task_priorities_priority_as_key": {"primary_task": "aes", "secondary_task": "ged", "aux_task": "ner"}, "early_stopping_patience": 2, "early_stopping_metric": "loss", "pretrained_model": "distilroberta-base", "frozen_layers": "all", "scoring": "script", "learning_rate": 0.0005, "batch_size": 8, "weight_decay": 0.01, "adam_epsilon": 1e-08, "normalized_values": null, "model_name": "distilroberta-base_1630626588", "runtime": 177.47446036338806, "steps_per_sec": 0.22351947149041318}, "preds": {"aes": {"preds": [0.12124243378639221, 0.11954203248023987, 0.11828649789094925, 0.11557529866695404, 0.11954492330551147, 0.12143875658512115, 0.11993048340082169, 0.11801572889089584, 0.11470242589712143, 0.12327836453914642, 0.11931925266981125, 0.12239859998226166, 0.11722876131534576, 0.11474405229091644, 0.11460956931114197, 0.11748267710208893, 0.1175895631313324, 0.11367835849523544, 0.12081621587276459, 0.11750288307666779, 0.1244715005159378, 0.11926914006471634, 0.11441846936941147, 0.12255153059959412, 0.11593268811702728, 0.12054869532585144, 0.1206696480512619, 0.12370666861534119, 0.11762584000825882, 0.1296822726726532, 0.11992008984088898, 0.12446427345275879, 0.11228367686271667, 0.11747230589389801, 0.12029207497835159, 0.10897080600261688, 0.1159537211060524, 0.11282379925251007, 0.1268027126789093, 0.1114809438586235, 0.11975337564945221, 0.11569365859031677, 0.11330205947160721, 0.12466758489608765, 0.12075231224298477, 0.11914516985416412, 0.12186697870492935, 0.11860480159521103, 0.11308814585208893, 0.1244310811161995, 0.12297648936510086, 0.11691475659608841, 0.12544868886470795, 0.11662283539772034, 0.11291114240884781, 0.10965366661548615, 0.12149915844202042, 0.11053040623664856, 0.11189773678779602, 0.1174815222620964, 0.11392867565155029, 0.11450593173503876, 0.12493482232093811, 0.12653055787086487, 0.11751195043325424, 0.1217019259929657, 0.12302882969379425, 0.12297256290912628, 0.11839917302131653, 0.12457259744405746, 0.12528640031814575, 0.11429335176944733, 0.11925017833709717, 0.1180848702788353, 0.12696868181228638, 0.12459258735179901, 0.11301977932453156, 0.11901207268238068, 0.12350071221590042, 0.11979766190052032, 0.11500778794288635, 0.1201089397072792, 0.11152447760105133, 0.11462677270174026, 0.11812049150466919, 0.11860087513923645, 0.11429612338542938, 0.11327961087226868, 0.11858002841472626, 0.1192081868648529, 0.1245393231511116, 0.11753750592470169, 0.10890462249517441, 0.11391444504261017, 0.12711922824382782, 0.11596595495939255], "labels": [30.0, 26.0, 23.0, 26.0, 26.0, 38.0, 27.0, 39.0, 25.0, 24.0, 25.0, 27.0, 30.0, 27.0, 20.0, 21.0, 21.0, 26.0, 22.0, 24.0, 38.0, 30.0, 34.0, 24.0, 23.0, 22.0, 23.0, 39.0, 34.0, 37.0, 31.0, 28.0, 26.0, 29.0, 34.0, 26.0, 34.0, 19.0, 26.0, 31.0, 18.0, 19.0, 25.0, 26.0, 29.0, 29.0, 18.0, 27.0, 35.0, 22.0, 36.0, 14.0, 24.0, 29.0, 28.0, 24.0, 25.0, 37.0, 24.0, 36.0, 13.0, 23.0, 29.0, 31.0, 23.0, 28.0, 26.0, 26.0, 21.0, 38.0, 32.0, 29.0, 36.0, 40.0, 29.0, 34.0, 36.0, 25.0, 37.0, 17.0, 32.0, 25.0, 25.0, 36.0, 31.0, 27.0, 19.0, 28.0, 24.0, 20.0, 25.0, 23.0, 22.0, 23.0, 27.0, 30.0]}}}