{"best": {"aes": {"rmse_aes": 6.883958809354461, "pearson_aes": 0.6390434116282269, "spearman_aes": 0.6310753129879614, "kappa_aes": 0.3448087328670274, "aes": 2.983570409375568, "aes_weight_coef": 0.30000001192092896}, "ged": {"f1_score_avg_ged": 0.7924443986112544, "f1_score_macro_ged": 0.6575295342986247, "f1_score_weighted_ged": 0.8145964750233943, "f_0_5_ged": 0.5307089403533631, "ged": 0.08208490873492041, "ged_weight_coef": 0.699999988079071}, "ner": {"f1_score_avg_ner": 0.9864296561660372, "f1_score_macro_ner": 0.9282304614718603, "f1_score_weighted_ner": 0.9863524491992222, "ner": 0.003345270827954072, "ner_weight_coef": 0.07000000029802322}}, "train": {"loss": [11.6994, 3.2839], "learning_rate": [0.0004528301886792453, 0.0004056603773584906], "epoch": [1.89, 3.77], "step": [500, 1000]}, "eval": {"rmse_aes": [5.798706752371601, 5.864204028586394, 5.793914431922898, 6.429100507328637, 6.883958809354461], "pearson_aes": [0.3905805894825428, 0.5485545735961856, 0.6020907876754742, 0.607809093130345, 0.6390434116282269], "spearman_aes": [0.3754623560862642, 0.5394990330941418, 0.5907654012650724, 0.5911736436746057, 0.6310753129879614], "kappa_aes": [0.08657728961395572, 0.2376071745343451, 0.3679539852095316, 0.3496277752157586, 0.3448087328670274], "f1_score_avg_ged": [0.6608916847134853, 0.777491320339624, 0.7924443986112544, 0.81509745282046, 0.8407411226839916], "f1_score_macro_ged": [0.5666549679110948, 0.6443818170707895, 0.6575295342986247, 0.6728132188650148, 0.6832182989936695], "f1_score_weighted_ged": [0.7143174984336078, 0.8033608434212565, 0.8145964750233943, 0.8304725162582016, 0.8464464682042171], "f_0_5_ged": [0.518771080803637, 0.5229126887693109, 0.5307089403533631, 0.5226706067042202, 0.4850452577725305], "f1_score_avg_ner": [0.9803745960048285, 0.9833339823215607, 0.9855145827654687, 0.986234959697831, 0.9864296561660372], "f1_score_macro_ner": [0.8891352651435768, 0.9138293488012672, 0.9219844511663798, 0.9249674299668915, 0.9282304614718603], "f1_score_weighted_ner": [0.98000138987746, 0.9832034117968584, 0.9854362261456863, 0.9861669833179222, 0.9863524491992222], "aes": [2.126531539961349, 2.1463670092959735, 2.1112778602644453, 2.531622005063434, 2.983570409375568], "ged": [0.0847811151382535, 0.08314512288847635, 0.08208490873492041, 0.09001547167467516, 0.10223229264104089], "ner": [0.003938153380701362, 0.0033739470676410685, 0.0030945974759497615, 0.003051610934266517, 0.003345270827954072], "total_loss": [2.215250808480304, 2.2328860792520913, 2.1964573664753155, 2.6246890876723756, 3.0891479728445628], "aes_weight_coef": [0.30000001192092896, 0.30000001192092896, 0.30000001192092896, 0.30000001192092896, 0.30000001192092896], "ged_weight_coef": [0.699999988079071, 0.699999988079071, 0.699999988079071, 0.699999988079071, 0.699999988079071], "ner_weight_coef": [0.07000000029802322, 0.07000000029802322, 0.07000000029802322, 0.07000000029802322, 0.07000000029802322], "epoch": [1.0, 2.0, 3.0, 4.0, 5.0], "step": [264, 529, 794, 1059, 1324]}, "test": {"rmse_aes": 6.299801584177076, "pearson_aes": 0.7400068442003284, "spearman_aes": 0.7570357199598508, "kappa_aes": 0.44261002414863726, "f1_score_avg_ged": 0.8124248496993988, "f1_score_macro_ged": 0.6676452666095632, "f1_score_weighted_ged": 0.8205368671479366, "f_0_5_ged": 0.4795856595143607, "f1_score_avg_ner": 0.9758156562937439, "f1_score_macro_ner": 0.8705841168141252, "f1_score_weighted_ner": 0.9759758839423008, "aes": 3.3543477739606584, "ged": 0.14752709297906785, "ner": 0.005902465111354277, "total_loss": 3.5077773320510808, "aes_weight_coef": 0.30000001192092896, "ged_weight_coef": 0.699999988079071, "ner_weight_coef": 0.07000000029802322}, "info": {"tasks": ["aes", "ged", "ner"], "outputs": ["loss", "labels", "preds"], "map_out_to_task": {"aes_loss": "aes", "aes_labels": "aes", "aes_preds": "aes", "ged_loss": "ged", "ged_labels": "ged", "ged_preds": "ged", "ner_loss": "ner", "ner_labels": "ner", "ner_preds": "ner"}, "map_out_to_out": {"aes_loss": "loss", "aes_labels": "labels", "aes_preds": "preds", "ged_loss": "loss", "ged_labels": "labels", "ged_preds": "preds", "ner_loss": "loss", "ner_labels": "labels", "ner_preds": "preds"}, "map_task_index": {"aes": 0, "ged": 1, "ner": 2}, "map_index_task": {"0": "aes", "1": "ged", "2": "ner"}, "optimizer_weighting": "fixed", "epochs_to_avg_over": 2, "temp": 2, "init_task_weightings": {"aes": 0.30000000000000004, "ged": 0.7, "ner": 0.06999999999999999}, "metrics_to_track_by_task": {"aes": "pearson_aes", "ged": "f_0_5_ged", "ner": "f1_score_avg_ner"}, "regression_tasks": ["aes"], "classification_tasks": ["ner", "ged"], "fce_tasks": ["aes", "ged"], "task_priorities_priority_as_key": {"primary_task": "aes", "secondary_task": "ged", "aux_task": "ner"}, "early_stopping_patience": 2, "early_stopping_metric": "loss", "pretrained_model": "distilroberta-base", "frozen_layers": "all", "scoring": "script", "learning_rate": 0.0005, "batch_size": 8, "weight_decay": 0.01, "adam_epsilon": 1e-08, "normalized_values": null, "model_name": "distilroberta-base_1630636963", "runtime": 243.3127317428589, "steps_per_sec": 0.18377094542512}, "preds": {"aes": {"preds": [34.82184600830078, 30.614042282104492, 31.798091888427734, 34.5028076171875, 35.843528747558594, 33.68173599243164, 33.782875061035156, 33.54520797729492, 29.234025955200195, 32.440452575683594, 31.072717666625977, 33.35488510131836, 34.32174301147461, 34.84720230102539, 32.332454681396484, 24.02717399597168, 27.930585861206055, 33.9195556640625, 33.741275787353516, 27.91426658630371, 35.93860626220703, 34.7823600769043, 33.42747497558594, 28.942150115966797, 29.898008346557617, 33.20079040527344, 26.722721099853516, 36.91606521606445, 35.96853256225586, 34.160728454589844, 33.576324462890625, 34.57768249511719, 35.89216995239258, 30.480703353881836, 34.70574951171875, 29.05329132080078, 36.07414627075195, 27.415796279907227, 35.4044075012207, 32.60748291015625, 25.900999069213867, 27.02519989013672, 31.732637405395508, 35.8428840637207, 33.574851989746094, 33.55541229248047, 24.333553314208984, 31.697938919067383, 35.32255554199219, 28.49864959716797, 36.27896499633789, 32.12157440185547, 34.2601432800293, 30.60940933227539, 32.256370544433594, 33.51456832885742, 26.974205017089844, 36.895782470703125, 30.654094696044922, 35.226768493652344, 15.897196769714355, 31.58775520324707, 31.544189453125, 33.7702522277832, 26.850008010864258, 30.196714401245117, 30.879575729370117, 34.88611602783203, 28.02777671813965, 35.955936431884766, 33.998565673828125, 33.14162826538086, 37.01241683959961, 37.18064880371094, 32.14703369140625, 36.6470832824707, 35.016845703125, 31.483163833618164, 34.5278434753418, 24.905027389526367, 34.20974349975586, 30.750530242919922, 34.54338073730469, 36.195011138916016, 33.508174896240234, 33.900482177734375, 28.628753662109375, 35.264678955078125, 31.638694763183594, 26.889402389526367, 33.07616424560547, 30.01697540283203, 27.636978149414062, 28.301015853881836, 33.50716781616211, 35.254051208496094], "labels": [30.0, 26.0, 23.0, 26.0, 26.0, 38.0, 27.0, 39.0, 25.0, 24.0, 25.0, 27.0, 30.0, 27.0, 20.0, 21.0, 21.0, 26.0, 22.0, 24.0, 38.0, 30.0, 34.0, 24.0, 23.0, 22.0, 23.0, 39.0, 34.0, 37.0, 31.0, 28.0, 26.0, 29.0, 34.0, 26.0, 34.0, 19.0, 26.0, 31.0, 18.0, 19.0, 25.0, 26.0, 29.0, 29.0, 18.0, 27.0, 35.0, 22.0, 36.0, 14.0, 24.0, 29.0, 28.0, 24.0, 25.0, 37.0, 24.0, 36.0, 13.0, 23.0, 29.0, 31.0, 23.0, 28.0, 26.0, 26.0, 21.0, 38.0, 32.0, 29.0, 36.0, 40.0, 29.0, 34.0, 36.0, 25.0, 37.0, 17.0, 32.0, 25.0, 25.0, 36.0, 31.0, 27.0, 19.0, 28.0, 24.0, 20.0, 25.0, 23.0, 22.0, 23.0, 27.0, 30.0]}}}