{"best": {"aes": {"rmse_aes": 202.813200863367, "pearson_aes": 0.6856740355757269, "spearman_aes": 0.6823466319464665, "kappa_aes": 0.5847024068875831, "aes": 4.30403255861859, "aes_weight_coef": 0.800000011920929}, "ged": {"f1_score_avg_ged": 0.7438726753978894, "f1_score_macro_ged": 0.6364379381519589, "f1_score_weighted_ged": 0.7808504972538144, "f_0_5_ged": 0.5819482179958446, "ged": 0.0216935581939165, "ged_weight_coef": 0.20000000298023224}, "ner": {"f1_score_avg_ner": 0.9874615474475293, "f1_score_macro_ner": 0.9340334818822602, "f1_score_weighted_ner": 0.9873583796284421, "ner": 0.0010022445961556852, "ner_weight_coef": 0.019999999552965164}}, "train": {"loss": [30.0361, 8.4085, 7.3732], "learning_rate": [0.0004371069182389937, 0.0003742138364779874, 0.00031132075471698115], "epoch": [1.89, 3.77, 5.66], "step": [500, 1000, 1500]}, "eval": {"rmse_aes": [227.86777354909628, 206.36863591371846, 203.0881376808273, 206.96738873552036, 199.99538189112712, 205.5162537502948, 202.813200863367], "pearson_aes": [0.4054294631690712, 0.5876856503206082, 0.6157413676400901, 0.642599231995822, 0.6671752717881341, 0.6785022058228791, 0.6856740355757269], "spearman_aes": [0.4072443011775311, 0.5767278375221422, 0.5912588406902716, 0.621260387139395, 0.6469365178071771, 0.6635953084327757, 0.6823466319464665], "kappa_aes": [0.3304161737738932, 0.48521189578074075, 0.5141965467531048, 0.5282614664571855, 0.5617747219355372, 0.5618745061988092, 0.5847024068875831], "f1_score_avg_ged": [0.4288611598088756, 0.6328417723694614, 0.7105290295967825, 0.7534976453198584, 0.7438726753978894, 0.7565226358667629, 0.802791241277371], "f1_score_macro_ged": [0.4087288117232539, 0.5573460597273094, 0.6116696745511623, 0.6406135595932072, 0.6364379381519589, 0.6424019371065155, 0.6763725178146148], "f1_score_weighted_ged": [0.4884518600198375, 0.6909245817544629, 0.754839950488262, 0.7877907560046048, 0.7808504972538144, 0.790014429107646, 0.8241715940794816], "f_0_5_ged": [0.5009302587810791, 0.5546690717358124, 0.5725424247057024, 0.572173771293504, 0.5819482179958446, 0.5709193706981317, 0.5706090026478375], "f1_score_avg_ner": [0.9792258868424126, 0.9824967875082746, 0.9858260971145983, 0.9858066274677777, 0.986234959697831, 0.9864296561660372, 0.9874615474475293], "f1_score_macro_ner": [0.8911378057143681, 0.9109929889733207, 0.9212998267288922, 0.9282493697117792, 0.9278642957230974, 0.9262553563475203, 0.9340334818822602], "f1_score_weighted_ner": [0.9789713140307175, 0.9823857458179285, 0.9857082677258261, 0.9856777137076662, 0.9860744997869524, 0.9863388270974834, 0.9873583796284421], "aes": [5.43569986210313, 4.459201923636503, 4.316373237343722, 4.481866786646289, 4.1826906925023986, 4.4199030122091605, 4.30403255861859], "ged": [0.02748816564332607, 0.0232631555476854, 0.022153517707835798, 0.022246162731980167, 0.0216935581939165, 0.023248397160408107, 0.02490087494600651], "ner": [0.001238728272403742, 0.0010602521425150985, 0.0008784394858805679, 0.0009477627145527147, 0.000988334592812164, 0.0009362698932987811, 0.0010022445961556852], "total_loss": [5.4644267560188595, 4.483525331326703, 4.339405194537438, 4.505060712092821, 4.205372585289127, 4.444087679262867, 4.329935678160752], "aes_weight_coef": [0.800000011920929, 0.800000011920929, 0.800000011920929, 0.800000011920929, 0.800000011920929, 0.800000011920929, 0.800000011920929], "ged_weight_coef": [0.20000000298023224, 0.20000000298023224, 0.20000000298023224, 0.20000000298023224, 0.20000000298023224, 0.20000000298023224, 0.20000000298023224], "ner_weight_coef": [0.019999999552965164, 0.019999999552965164, 0.019999999552965164, 0.019999999552965164, 0.019999999552965164, 0.019999999552965164, 0.019999999552965164], "epoch": [1.0, 2.0, 3.0, 4.0, 5.0, 6.0, 7.0], "step": [264, 529, 794, 1059, 1324, 1589, 1854]}, "test": {"rmse_aes": 185.56389285993473, "pearson_aes": 0.7560767990293725, "spearman_aes": 0.7651938609046708, "kappa_aes": 0.6204676850811613, "f1_score_avg_ged": 0.7793720774883099, "f1_score_macro_ged": 0.665878303462224, "f1_score_weighted_ged": 0.8016056597555695, "f_0_5_ged": 0.5637127180210282, "f1_score_avg_ner": 0.9769785721976957, "f1_score_macro_ner": 0.8748377605667501, "f1_score_weighted_ner": 0.9771997748387538, "aes": 4.920442672002883, "ged": 0.03578454575368336, "ner": 0.0018716479909406708, "total_loss": 4.958098865747507, "aes_weight_coef": 0.800000011920929, "ged_weight_coef": 0.20000000298023224, "ner_weight_coef": 0.019999999552965164}, "info": {"tasks": ["aes", "ged", "ner"], "outputs": ["loss", "labels", "preds"], "map_out_to_task": {"aes_loss": "aes", "aes_labels": "aes", "aes_preds": "aes", "ged_loss": "ged", "ged_labels": "ged", "ged_preds": "ged", "ner_loss": "ner", "ner_labels": "ner", "ner_preds": "ner"}, "map_out_to_out": {"aes_loss": "loss", "aes_labels": "labels", "aes_preds": "preds", "ged_loss": "loss", "ged_labels": "labels", "ged_preds": "preds", "ner_loss": "loss", "ner_labels": "labels", "ner_preds": "preds"}, "map_task_index": {"aes": 0, "ged": 1, "ner": 2}, "map_index_task": {"0": "aes", "1": "ged", "2": "ner"}, "optimizer_weighting": "fixed", "epochs_to_avg_over": 2, "temp": 2, "init_task_weightings": {"aes": 0.8, "ged": 0.19999999999999996, "ner": 0.019999999999999997}, "metrics_to_track_by_task": {"aes": "pearson_aes", "ged": "f_0_5_ged", "ner": "f1_score_avg_ner"}, "regression_tasks": ["aes"], "classification_tasks": ["ner", "ged"], "fce_tasks": ["aes", "ged"], "task_priorities_priority_as_key": {"primary_task": "aes", "secondary_task": "ged", "aux_task": "ner"}, "early_stopping_patience": 2, "early_stopping_metric": "loss", "pretrained_model": "distilroberta-base", "frozen_layers": "all", "scoring": "script", "learning_rate": 0.0005, "batch_size": 8, "weight_decay": 0.01, "adam_epsilon": 1e-08, "normalized_values": [40, 0], "model_name": "distilroberta-base_1630666614", "runtime": 406.753125667572, "steps_per_sec": 0.2193921929167055}, "preds": {"aes": {"preds": [32.628665924072266, 28.173561096191406, 29.243141174316406, 32.37739181518555, 33.782508850097656, 31.647384643554688, 31.6108455657959, 31.629728317260742, 26.710918426513672, 29.899900436401367, 28.75783348083496, 30.817886352539062, 31.910167694091797, 32.33372116088867, 29.21298599243164, 22.125667572021484, 25.387483596801758, 31.806316375732422, 31.010692596435547, 25.196300506591797, 33.5248908996582, 33.210296630859375, 31.279394149780273, 26.08085823059082, 27.314905166625977, 30.991600036621094, 24.901823043823242, 34.785972595214844, 33.687400817871094, 31.825246810913086, 31.356855392456055, 31.70256805419922, 33.87602233886719, 28.15206527709961, 32.64311218261719, 26.687244415283203, 33.214664459228516, 24.849853515625, 32.66560745239258, 30.847015380859375, 23.830286026000977, 24.96442222595215, 29.66948890686035, 33.60678482055664, 30.87236213684082, 31.438915252685547, 21.668663024902344, 29.4400634765625, 32.60434341430664, 26.291940689086914, 34.0829963684082, 29.151472091674805, 31.983434677124023, 28.319141387939453, 29.49576187133789, 31.2546443939209, 25.1113224029541, 34.319068908691406, 28.769271850585938, 33.06062316894531, 14.574256896972656, 28.977418899536133, 29.154890060424805, 30.595996856689453, 24.63890838623047, 27.033620834350586, 28.79079246520996, 32.43098449707031, 25.67234992980957, 33.741024017333984, 32.42119216918945, 30.26100730895996, 34.672569274902344, 34.95338821411133, 30.10101890563965, 34.266448974609375, 33.17256546020508, 28.437694549560547, 31.864381790161133, 22.502742767333984, 31.871686935424805, 27.76781463623047, 32.179569244384766, 33.59511947631836, 30.426048278808594, 31.424928665161133, 25.827251434326172, 33.25387191772461, 29.486757278442383, 24.34320831298828, 30.252758026123047, 27.30986785888672, 25.132396697998047, 26.51688575744629, 30.68739128112793, 33.079872131347656],