{"best": {"ged": {"f1_score_avg_ged": 0.5938656463651759, "f1_score_macro_ged": 0.4631485713524957, "f1_score_weighted_ged": 0.6565241044651909, "f_0_5_ged": 0.275398217910345, "ged": 0.7755256295204163, "ged_weight_coef": 1.0}}, "train": {"loss": [0.6994], "learning_rate": [6.240601503759399e-06], "epoch": [3.76], "step": [500]}, "eval": {"f1_score_avg_ged": [0.5904158564887412, 0.5942733488051183, 0.5938656463651759, 0.5937715611867277, 0.5937401994605783], "f1_score_macro_ged": [0.45903080747510483, 0.46274104353348633, 0.4631485713524957, 0.462209164254203, 0.4628948406061335], "f1_score_weighted_ged": [0.6536418804572481, 0.6567922533644114, 0.6565241044651909, 0.6563786114041268, 0.6564109527357596], "f_0_5_ged": [0.26747344174373433, 0.2732221609702315, 0.275398217910345, 0.27230451257320015, 0.2747479613253966], "ged": [0.7762992183367411, 0.7763398819499545, 0.7755256295204163, 0.7759850488768684, 0.7756396333376566], "total_loss": [0.7762992183367411, 0.7763398819499545, 0.7755256295204163, 0.7759850488768684, 0.7756396333376566], "ged_weight_coef": [1.0, 1.0, 1.0, 1.0, 1.0], "epoch": [0.99, 1.99, 2.99, 3.99, 4.99], "step": [132, 265, 398, 531, 664]}, "test": {"f1_score_avg_ged": 0.6256494105857222, "f1_score_macro_ged": 0.4773621495689472, "f1_score_weighted_ged": 0.6719680723222718, "f_0_5_ged": 0.25302103963948447, "ged": 0.7594538430372874, "total_loss": 0.7594538430372874, "ged_weight_coef": 1.0}, "info": {"tasks": ["ged"], "outputs": ["loss", "labels", "preds"], "map_out_to_task": {"ged_loss": "ged", "ged_labels": "ged", "ged_preds": "ged"}, "map_out_to_out": {"ged_loss": "loss", "ged_labels": "labels", "ged_preds": "preds"}, "map_task_index": {"ged": 0}, "map_index_task": {"0": "ged"}, "optimizer_weighting": "fixed", "epochs_to_avg_over": 2, "temp": 2, "init_task_weightings": {"aes": 1.0, "ged": 1.0, "ner": 1.0}, "metrics_to_track_by_task": {"aes": "pearson_aes", "ged": "f_0_5_ged", "ner": "f1_score_avg_ner"}, "regression_tasks": ["aes"], "classification_tasks": ["ner", "ged"], "fce_tasks": ["aes", "ged"], "task_priorities_priority_as_key": {"primary_task": "ged"}, "early_stopping_patience": 2, "early_stopping_metric": "loss", "pretrained_model": "distilroberta-base", "frozen_layers": "all", "scoring": "script", "learning_rate": 1e-05, "batch_size": 8, "weight_decay": 0.01, "adam_epsilon": 1e-08, "normalized_values": null, "model_name": "distilroberta-base_1630615797", "runtime": 64.8578667640686, "steps_per_sec": 0.09767751018685031}, "preds": {}}