{"best": {"aes": {"rmse_aes": 201.37530605535747, "pearson_aes": 0.6673981876227629, "spearman_aes": 0.6467748110514158, "kappa_aes": 0.5550600542200499, "aes": 1.061453174713046, "aes_weight_coef": 0.20000000298023224}, "ged": {"f1_score_avg_ged": 0.7430820528685848, "f1_score_macro_ged": 0.6359523253320338, "f1_score_weighted_ged": 0.7802560208040864, "f_0_5_ged": 0.5821794820637645, "ged": 0.08867338369059008, "ged_weight_coef": 0.800000011920929}, "ner": {"f1_score_avg_ner": 0.9867411705151669, "f1_score_macro_ner": 0.9296234957955934, "f1_score_weighted_ner": 0.9865704249055252, "ner": 0.0037898673475611697, "ner_weight_coef": 0.07999999821186066}}, "train": {"loss": [7.6465, 2.3023], "learning_rate": [0.0004371069182389937, 0.0003742138364779874], "epoch": [1.89, 3.77], "step": [500, 1000]}, "eval": {"rmse_aes": [228.21788443892336, 205.6325606512743, 200.88118378783017, 207.80299163711126, 201.37530605535747], "pearson_aes": [0.4102200292905358, 0.5874441222046408, 0.6189685322714298, 0.6458869398347354, 0.6673981876227629], "spearman_aes": [0.4142613747187333, 0.5772947366337673, 0.59647658161614, 0.624320766470309, 0.6467748110514158], "kappa_aes": [0.33443844959930724, 0.4831192949874731, 0.5252393031680618, 0.5287054462326295, 0.5550600542200499], "f1_score_avg_ged": [0.307792788147537, 0.7055102952803273, 0.7224227424289299, 0.7430820528685848, 0.755560138874566], "f1_score_macro_ged": [0.3061535392676389, 0.6054871474024103, 0.6197223241780097, 0.6359523253320338, 0.6440202600979448], "f1_score_weighted_ged": [0.3307967595222325, 0.7506395268699746, 0.7641265304724807, 0.7802560208040864, 0.7896235027382442], "f_0_5_ged": [0.4780866389367962, 0.5608154539207453, 0.5732001243974498, 0.5821794820637645, 0.5798517794608682], "f1_score_avg_ner": [0.9772983918071726, 0.9842685253689498, 0.985942914995522, 0.9857092792336747, 0.9867411705151669], "f1_score_macro_ner": [0.884597307046051, 0.9177032266780986, 0.926203380456971, 0.9203430592108006, 0.9296234957955934], "f1_score_weighted_ner": [0.9769745388678575, 0.9841698681618697, 0.9859151603832964, 0.985638507605291, 0.9865704249055252], "aes": [1.3632882251295932, 1.106188743613487, 1.0561440642489943, 1.1300115543742513, 1.061453174713046], "ged": [0.1169177508631418, 0.08986347151357074, 0.09040700141773668, 0.08867338369059008, 0.0895080705021703], "ner": [0.005497384469869525, 0.0037385725421657744, 0.0033914630536834686, 0.0036623679713324404, 0.0037898673475611697], "total_loss": [1.4857033604626046, 1.1997907876692235, 1.1499425287204146, 1.2223473060361738, 1.1547511125627776], "aes_weight_coef": [0.20000000298023224, 0.20000000298023224, 0.20000000298023224, 0.20000000298023224, 0.20000000298023224], "ged_weight_coef": [0.800000011920929, 0.800000011920929, 0.800000011920929, 0.800000011920929, 0.800000011920929], "ner_weight_coef": [0.07999999821186066, 0.07999999821186066, 0.07999999821186066, 0.07999999821186066, 0.07999999821186066], "epoch": [1.0, 2.0, 3.0, 4.0, 5.0], "step": [264, 529, 794, 1059, 1324]}, "test": {"rmse_aes": 184.11030434678736, "pearson_aes": 0.7496126903275647, "spearman_aes": 0.7593303478432075, "kappa_aes": 0.6253098188303001, "f1_score_avg_ged": 0.7104342017368069, "f1_score_macro_ged": 0.6190242687843972, "f1_score_weighted_ged": 0.7490934429641706, "f_0_5_ged": 0.5716976428551643, "f1_score_avg_ner": 0.9772154624744266, "f1_score_macro_ner": 0.8750150071079612, "f1_score_weighted_ner": 0.9772275469150773, "aes": 1.2111222743988037, "ged": 0.13073339277789706, "ner": 0.006691754058313866, "total_loss": 1.3485474212350146, "aes_weight_coef": 0.20000000298023224, "ged_weight_coef": 0.800000011920929, "ner_weight_coef": 0.07999999821186066}, "info": {"tasks": ["aes", "ged", "ner"], "outputs": ["loss", "labels", "preds"], "map_out_to_task": {"aes_loss": "aes", "aes_labels": "aes", "aes_preds": "aes", "ged_loss": "ged", "ged_labels": "ged", "ged_preds": "ged", "ner_loss": "ner", "ner_labels": "ner", "ner_preds": "ner"}, "map_out_to_out": {"aes_loss": "loss", "aes_labels": "labels", "aes_preds": "preds", "ged_loss": "loss", "ged_labels": "labels", "ged_preds": "preds", "ner_loss": "loss", "ner_labels": "labels", "ner_preds": "preds"}, "map_task_index": {"aes": 0, "ged": 1, "ner": 2}, "map_index_task": {"0": "aes", "1": "ged", "2": "ner"}, "optimizer_weighting": "fixed", "epochs_to_avg_over": 2, "temp": 2, "init_task_weightings": {"aes": 0.2, "ged": 0.8, "ner": 0.08000000000000002}, "metrics_to_track_by_task": {"aes": "pearson_aes", "ged": "f_0_5_ged", "ner": "f1_score_avg_ner"}, "regression_tasks": ["aes"], "classification_tasks": ["ner", "ged"], "fce_tasks": ["aes", "ged"], "task_priorities_priority_as_key": {"primary_task": "aes", "secondary_task": "ged", "aux_task": "ner"}, "early_stopping_patience": 2, "early_stopping_metric": "loss", "pretrained_model": "distilroberta-base", "frozen_layers": "all", "scoring": "script", "learning_rate": 0.0005, "batch_size": 8, "weight_decay": 0.01, "adam_epsilon": 1e-08, "normalized_values": [40, 0], "model_name": "distilroberta-base_1630665491", "runtime": 290.9090807437897, "steps_per_sec": 0.21971984950437287}, "preds": {"aes": {"preds": [32.078250885009766, 28.22650718688965, 29.221786499023438, 32.27838897705078, 33.53182601928711, 31.190404891967773, 31.445444107055664, 31.24639129638672, 26.875680923461914, 29.8981990814209, 28.863380432128906, 30.48787498474121, 31.807350158691406, 32.2119255065918, 29.136165618896484, 21.901996612548828, 25.541593551635742, 31.510332107543945, 30.789583206176758, 25.24410057067871, 33.29678726196289, 32.73447799682617, 30.83376121520996, 26.20713233947754, 26.94988441467285, 30.703237533569336, 24.842424392700195, 34.35660934448242, 33.227325439453125, 31.344955444335938, 31.136524200439453, 31.45709991455078, 33.6256103515625, 28.12673568725586, 32.40670394897461, 26.417593002319336, 32.940101623535156, 24.904064178466797, 32.452510833740234, 30.65878677368164, 24.071258544921875, 24.885801315307617, 29.00163459777832, 33.36604690551758, 30.779800415039062, 31.023406982421875, 22.0685977935791, 29.381704330444336, 32.24337387084961, 26.365032196044922, 33.7880973815918, 29.178403854370117, 31.783559799194336, 28.266382217407227, 29.469511032104492, 30.9854679107666, 25.09685707092285, 34.09483337402344, 28.264602661132812, 32.89287567138672, 14.855340003967285, 28.84421730041504, 28.901233673095703, 30.29118537902832, 24.643020629882812, 26.87633514404297, 28.590333938598633, 31.863916397094727, 25.61341667175293, 33.268428802490234, 32.21874237060547, 30.135269165039062, 34.375213623046875, 34.36459732055664, 29.701208114624023, 33.84440994262695, 32.85422134399414, 28.38655662536621, 31.678653717041016, 22.572128295898438, 31.611122131347656, 27.78228187561035, 32.13616943359375, 33.25239181518555, 30.458484649658203, 31.15496826171875, 25.719507217407227, 32.97065734863281, 29.254592895507812, 24.22721290588379, 30.334436416625977, 27.05447769165039, 25.09637451171875, 26.34232521057129, 30.546884536743164, 32.61086654663086], "labels": [30.0, 26.0, 23.0, 26.0, 26.0, 38.0, 27.0, 39.0, 25.0, 24.0, 25.0, 27.0, 30.0, 27.0, 20.0, 21.0, 21.0, 26.0, 22.0, 24.0, 38.0, 30.0, 34.0, 24.0, 23.0, 22.0, 23.0, 39.0, 34.0, 37.0, 31.0, 28.0, 26.0, 29.0, 34.0, 26.0, 34.0, 19.0, 26.0, 31.0, 18.0, 19.0, 25.0, 26.0, 29.0, 29.0, 18.0, 27.0, 35.0, 22.0, 36.0, 14.0, 24.0, 29.0, 28.0, 24.0, 25.0, 37.0, 24.0, 36.0, 13.0, 23.0, 29.0, 31.0, 23.0, 28.0, 26.0, 26.0, 21.0, 38.0, 32.0, 29.0, 36.0, 40.0, 29.0, 34.0, 36.0, 25.0, 37.0, 17.0, 32.0, 25.0, 25.0, 36.0, 31.0, 27.0, 19.0, 28.0, 24.0, 20.0, 25.0, 23.0, 22.0, 23.0, 27.0, 30.0]}}}