{"best": {"aes": {"rmse_aes": 5.49873722877454, "pearson_aes": 0.5139619393832018, "spearman_aes": 0.4953905709129018, "kappa_aes": 0.18017578125, "aes": 3.810996099959972, "aes_weight_coef": 0.6000000238418579}, "ged": {"f1_score_avg_ged": 0.766525729607095, "f1_score_macro_ged": 0.6291686725376157, "f1_score_weighted_ged": 0.7940824800567301, "f_0_5_ged": 0.49639106193542815, "ged": 0.04924679634182952, "ged_weight_coef": 0.4000000059604645}, "ner": {"f1_score_avg_ner": 0.9729371909193567, "f1_score_macro_ner": 0.875932485047261, "f1_score_weighted_ner": 0.9730157794636582, "ner": 0.002773029965261907, "ner_weight_coef": 0.03999999910593033}}, "train": {"loss": [103.2792, 10.1997, 8.942, 8.7832, 8.4816, 8.2719, 8.1532, 7.9497, 7.6373, 7.6571], "learning_rate": [6.339622641509433e-05, 5.679245283018868e-05, 5.0188679245283013e-05, 4.3584905660377356e-05, 3.69811320754717e-05, 3.0377358490566036e-05, 2.3773584905660375e-05, 1.7169811320754714e-05, 1.0566037735849056e-05, 3.9622641509433956e-06], "epoch": [1.89, 3.77, 5.66, 7.55, 9.43, 11.32, 13.21, 15.09, 16.98, 18.87], "step": [500, 1000, 1500, 2000, 2500, 3000, 3500, 4000, 4500, 5000]}, "eval": {"rmse_aes": [16.53447576698121, 6.2882164933044935, 5.793914431922898, 5.7566386797235145, 5.743353646704259, 5.678908345800274, 5.678908345800274, 5.7130455003342036, 5.66176258382101, 5.65194165260439, 5.598859010746942, 5.576488341440536, 5.570258322356135, 5.57150488348226, 5.614960175974339, 5.597618541248888, 5.547772325697746, 5.49873722877454, 5.49873722877454, 5.49873722877454], "pearson_aes": [0.17492034546816693, 0.15323614355031176, 0.21810161753312207, 0.2570855000703394, 0.3095554920322272, 0.4059839948839608, 0.4059839948839608, 0.3667341994203632, 0.4078035339988487, 0.4215340031287195, 0.45528094824310716, 0.4701474710654391, 0.4712917547122245, 0.4594654037943117, 0.4277348552128595, 0.4321729318469716, 0.4696184852986423, 0.5139619393832018, 0.5139619393832018, 0.5139619393832018], "spearman_aes": [0.20204737395364117, 0.20247986851069374, 0.2330017271178083, 0.24972619970401108, 0.31582737468778727, 0.40017537975834194, 0.40017537975834194, 0.36654443139908865, 0.3865994234258721, 0.41589250586736815, 0.44436383316150035, 0.45950432467617874, 0.4614005403032553, 0.4573638064579486, 0.43922392221810347, 0.4411946241361459, 0.4704200352312923, 0.4953905709129018, 0.4953905709129018, 0.4953905709129018], "kappa_aes": [0.006670633115178792, 0.034268324953691476, 0.05524861878453036, 0.05799115603284899, 0.07139265962795371, 0.09100844928328222, 0.09100844928328222, 0.08438376816449611, 0.10061550056525559, 0.10635630406619578, 0.1263351134846462, 0.14526107399158628, 0.15141061968707636, 0.1513708750615662, 0.1433117121527353, 0.15265405735204396, 0.16834099320779283, 0.18017578125, 0.18017578125, 0.18017578125], "f1_score_avg_ged": [0.5821044309236534, 0.7245539857687945, 0.6991853150458904, 0.7780413186208793, 0.8005568732597711, 0.766525729607095, 0.8132755835138015, 0.8260974184455674, 0.827713038396755, 0.8354473892269086, 0.8424942422054931, 0.8440067374789454, 0.8485442232993022, 0.8488879722250868, 0.8473411020590561, 0.8459661063559176, 0.8331442714241518, 0.8231411776838198, 0.8128974596954385, 0.8263036678010381], "f1_score_macro_ged": [0.479660155336867, 0.5623005467904105, 0.5787682697694276, 0.6253432103463303, 0.641209535320277, 0.6291686725376157, 0.6516662717384445, 0.6565370296254839, 0.6577330809862495, 0.6637445733211286, 0.6663568114812598, 0.6668769797377565, 0.6686505144562587, 0.6685203951502031, 0.6689842180475889, 0.6690388909526231, 0.6693497468893506, 0.6659411134850948, 0.6629372798854694, 0.6670301567859086], "f1_score_weighted_ged": [0.6483662264670432, 0.7570284912553782, 0.7433371993979327, 0.8001172620150837, 0.8159269419628636, 0.7940824800567301, 0.8250364024681324, 0.8328748566875444, 0.8339812617908501, 0.8393211924143154, 0.8434942181569957, 0.8443741399840418, 0.8470503543851867, 0.8471901181513124, 0.8465309204654852, 0.8458579703051305, 0.8394000623001574, 0.8333895883634419, 0.8272180231456485, 0.8353043627326585], "f_0_5_ged": [0.3603135963342164, 0.3638132295719845, 0.47314931983549513, 0.4559946115850921, 0.4546725704963878, 0.49639106193542815, 0.4570314357730537, 0.4401529261837075, 0.4397522245710634, 0.43831654532761544, 0.42781020045673696, 0.4253910031076469, 0.4186633688875148, 0.41737605117886806, 0.4228243021346469, 0.42662987941957903, 0.46177640300486084, 0.47759264579143923, 0.49491557048232115, 0.4726860341665862], "f1_score_avg_ner": [0.9273198084186753, 0.9437521903352674, 0.9510533078929948, 0.9557065534831198, 0.9621120672870994, 0.964954635722908, 0.966239632413068, 0.9672715236945602, 0.9646820606674195, 0.967329932635022, 0.9684786417974378, 0.9690237919084148, 0.9687901561465675, 0.9698415170748803, 0.9709707565904755, 0.970990226237296, 0.9722168139869942, 0.9728009033916125, 0.9726451462170477, 0.9729371909193567], "f1_score_macro_ner": [0.5886390460801949, 0.7246383324773538, 0.772799220625197, 0.7975208276107613, 0.8203104869689812, 0.837019519536857, 0.8438529081506445, 0.849584814145564, 0.8462726242279504, 0.8546329765934753, 0.86017185592712, 0.8613474995545496, 0.8631229068458672, 0.8667601815404495, 0.8706115662097571, 0.8715555117183228, 0.8739831413805175, 0.8755380790689713, 0.8742602772872761, 0.875932485047261], "f1_score_weighted_ner": [0.9199324208636891, 0.9417622463845357, 0.95109282934867, 0.9558356826312958, 0.9614007166790804, 0.9646306881383743, 0.9662013865023332, 0.9674237130960974, 0.9653512594184742, 0.9677579354127821, 0.9689132806529858, 0.9694795344560594, 0.9692511605528286, 0.9701252709129005, 0.9712229521098592, 0.9711873323490533, 0.972319008931103, 0.9728285635672915, 0.9726786626685572, 0.9730157794636582], "aes": [34.46211774959121, 4.979099650715673, 4.222076704335767, 4.170190644818683, 4.157356905382733, 4.117237789686336, 4.082742203113645, 4.073091640028843, 4.029373124588368, 4.003060429595237, 3.95223761713782, 3.9426986672157467, 3.9125225821206735, 3.8825613177099894, 3.8811333567597144, 3.8656701043594714, 3.8323080151580102, 3.810996099959972, 3.805462127508119, 3.800862511923147], "ged": [0.05740419168804967, 0.05554965346358543, 0.051399045558862905, 0.050928603771121, 0.05092104299123897, 0.04924679634182952, 0.050685444890066635, 0.05150758076545804, 0.05152906408143598, 0.05193594929783843, 0.05283894199271535, 0.05296479650708132, 0.0538963692825894, 0.0537379688994829, 0.05348351840362992, 0.053137267398279765, 0.050936852430188376, 0.04987085801224376, 0.048843586514162464, 0.050226874822794004], "ner": [0.007579778072012718, 0.0056256674998981316, 0.00501375273952997, 0.004482315988604759, 0.0038249934590313325, 0.003584413342502748, 0.003464974441327328, 0.0033590262918191593, 0.003523517835906945, 0.0032775743382571394, 0.003185083399266871, 0.0031365375224024403, 0.003170834786561859, 0.0030840236834402002, 0.002972726572066719, 0.0029672204847122695, 0.0028375415375109674, 0.002798216333504506, 0.0027803493701571294, 0.002773029965261907], "total_loss": [34.52710171935127, 5.040274971679156, 4.27848950263416, 4.225601564578409, 4.212102941833003, 4.1700689993706685, 4.136892622445038, 4.12795824708612, 4.08442570650571, 4.058273953231333, 4.008261642529803, 3.9988000012452303, 3.969589786189825, 3.9393833102929126, 3.9375896017354113, 3.9217745922424636, 3.8860824091257093, 3.8636651743057207, 3.8570860633924386, 3.8538624167112028], "aes_weight_coef": [0.6000000238418579, 0.6000000238418579, 0.6000000238418579, 0.6000000238418579, 0.6000000238418579, 0.6000000238418579, 0.6000000238418579, 0.6000000238418579, 0.6000000238418579, 0.6000000238418579, 0.6000000238418579, 0.6000000238418579, 0.6000000238418579, 0.6000000238418579, 0.6000000238418579, 0.6000000238418579, 0.6000000238418579, 0.6000000238418579, 0.6000000238418579, 0.6000000238418579],