{"best": {"aes": {"rmse_aes": 5.497474167490214, "pearson_aes": 0.5109229709322151, "spearman_aes": 0.4915448073377406, "kappa_aes": 0.18029717077142282, "aes": 5.71078392516735, "aes_weight_coef": 0.8999999761581421}, "ged": {"f1_score_avg_ged": 0.8388505035921763, "f1_score_macro_ged": 0.6872202762518531, "f1_score_weighted_ged": 0.8463515397706508, "f_0_5_ged": 0.5037159372419489, "ged": 0.012086980997823005, "ged_weight_coef": 0.10000000149011612}, "ner": {"f1_score_avg_ner": 0.9657528912425528, "f1_score_macro_ner": 0.8793576262102386, "f1_score_weighted_ner": 0.9650630633360289, "ner": 0.0008411327678829345, "ner_weight_coef": 0.009999999776482582}}, "train": {"loss": [155.2478, 14.7086, 13.3049, 12.9233, 12.5414, 12.4964, 11.8628, 11.7762, 11.3192, 11.4903], "learning_rate": [6.339622641509433e-05, 5.679245283018868e-05, 5.0188679245283013e-05, 4.3584905660377356e-05, 3.69811320754717e-05, 3.0377358490566036e-05, 2.3773584905660375e-05, 1.7169811320754714e-05, 1.0566037735849056e-05, 3.9622641509433956e-06], "epoch": [1.89, 3.77, 5.66, 7.55, 9.43, 11.32, 13.21, 15.09, 16.98, 18.87], "step": [500, 1000, 1500, 2000, 2500, 3000, 3500, 4000, 4500, 5000]}, "eval": {"rmse_aes": [16.489474757486295, 6.280481227138924, 5.7506038330287055, 5.784317879692759, 5.742144392317405, 5.740934883216612, 5.749396103553447, 5.6984403324262525, 5.675238614660474, 5.632248416238601, 5.606296063851387, 5.565269285688, 5.570258322356135, 5.57150488348226, 5.586441920698123, 5.576488341440536, 5.557777333511022, 5.546520430764579, 5.497474167490214, 5.49621081594705], "pearson_aes": [0.2022429214610555, 0.15945259287844268, 0.2464539084782921, 0.23938958050492243, 0.29019714725809076, 0.2806447040143582, 0.3065961619512512, 0.37044924691961173, 0.4012297751257851, 0.4220512043723294, 0.4444515537407323, 0.4808968488610508, 0.4712917547122245, 0.4594654037943117, 0.4410552748035876, 0.45029419183653413, 0.46427219960078453, 0.4666724631203406, 0.5109229709322151, 0.5080306591109547], "spearman_aes": [0.2348655089248729, 0.20227079528054237, 0.23575998807666754, 0.25297931419715225, 0.2851491042424278, 0.2844752553801398, 0.32713691619023183, 0.3583065012769657, 0.4017560518811167, 0.42166582603324426, 0.431536741815202, 0.47363540252350017, 0.4614005403032553, 0.4573638064579486, 0.43719757498308226, 0.45614906453650456, 0.461286061057493, 0.4664189701017138, 0.4915448073377406, 0.48792737355959354], "kappa_aes": [0.00788532484722193, 0.03356239418384621, 0.05928987096230076, 0.05832076420311716, 0.06310863791577082, 0.0641274121513441, 0.07510971786833853, 0.08470736312145999, 0.0973406924234822, 0.11603683179867497, 0.12501041059382023, 0.1509410650302705, 0.15141061968707636, 0.1513708750615662, 0.14790865187852986, 0.15426052889324193, 0.16362007898058062, 0.16845703125, 0.18029717077142282, 0.18041866905595827], "f1_score_avg_ged": [0.6225293045959231, 0.6926197105634045, 0.8339348939534564, 0.8344505173421333, 0.808909972156337, 0.8461723557113884, 0.8397442507992162, 0.7973600082499742, 0.8283317864631673, 0.825478670379155, 0.821147433914269, 0.8256505448420474, 0.8247911725275858, 0.825994293767832, 0.8358598879378502, 0.8443161115121516, 0.8485785981918806, 0.8509504657797944, 0.8379223814925578, 0.8388505035921763], "f1_score_macro_ged": [0.4970168149094225, 0.5552161297093551, 0.620075533909747, 0.6392548655006212, 0.6410400256444266, 0.654887993914659, 0.6591598034484838, 0.649193741030022, 0.6653724442808164, 0.6670248551262852, 0.668231952599595, 0.6732655460880198, 0.6747093081665916, 0.675392980033138, 0.6826234439033763, 0.6873066035937381, 0.6897047723266787, 0.6886699296124473, 0.685564907338236, 0.6872202762518531], "f1_score_weighted_ged": [0.68061294711875, 0.7358573516905863, 0.8283596178669141, 0.833155233330661, 0.8204112658677943, 0.8426307069404727, 0.8404435624725463, 0.8157847884379625, 0.8360057498702076, 0.8348668299533858, 0.8328154658302799, 0.8363122022773972, 0.8361612408954202, 0.8369540260113559, 0.8437665670279836, 0.8492136138693621, 0.8519444397179449, 0.85291300713991, 0.845498874157911, 0.8463515397706508], "f_0_5_ged": [0.3399847966552641, 0.4032748348397033, 0.3199936895246108, 0.3697988993468086, 0.4341703265228184, 0.385477481234362, 0.41363705699903386, 0.48892231947483594, 0.4620028236210506, 0.4748724366997208, 0.49047032050066375, 0.4948748510131108, 0.5020870885115265, 0.5010224948875256, 0.497139809967035, 0.48793751235910615, 0.48312194147608106, 0.4728060890165835, 0.5009226884226884, 0.5037159372419489], "f1_score_avg_ner": [0.9214983840193139, 0.9326934309411627, 0.9381838713445738, 0.9428371169346988, 0.948619602040419, 0.9512480043612009, 0.9564464000623029, 0.958218137922978, 0.9602624508391417, 0.9586270005062109, 0.9599314668431914, 0.9606907830691951, 0.9614500992951988, 0.9631439585685916, 0.9635917604454656, 0.9638448658541334, 0.9643316070246486, 0.9657528912425528, 0.9652661500720376, 0.9653634983061408], "f1_score_macro_ner": [0.6240706309316927, 0.710081614493529, 0.7392479305401746, 0.75787672374637, 0.7936071683843077, 0.8069519873843349, 0.8324085453809693, 0.842111785993971, 0.8546793747683, 0.8512450212000103, 0.8604953164179524, 0.8599983360753602, 0.8605408095477036, 0.8689324466963648, 0.8702479621192452, 0.8704611013688575, 0.8733227859406659, 0.8793576262102386, 0.8774926585587601, 0.8779374262891567], "f1_score_weighted_ner": [0.914001850323217, 0.9282924596690006, 0.9352029713191248, 0.9401575169903169, 0.9464160347287378, 0.9495466331680507, 0.954434050914405, 0.9567445253033497, 0.9591089944634523, 0.9583802010870174, 0.9598165791355926, 0.9604214202806496, 0.9610487008528551, 0.9624229294837443, 0.9628724024014277, 0.9629728585028295, 0.9636799968569292, 0.9650630633360289, 0.9645616470936482, 0.964613044845188], "aes": [51.51759196436682, 7.447746432104776, 6.270330872646598, 6.276695096215536, 6.187827110290527, 6.14823521015256, 6.164646880571232, 6.088913451793582, 6.042618418848792, 5.983179491619731, 5.9242733578349265, 5.901524699011515, 5.878314284391181, 5.817515506300816, 5.792109799939532, 5.768598179484522, 5.75676199447277, 5.731665400571601, 5.71078392516735, 5.699682501859443], "ged": [0.01434695512749428, 0.013736396334892096, 0.014052220901777579, 0.013585778429757717, 0.01288683591193931, 0.013539554507926453, 0.013137456116288207, 0.012188848108053207, 0.01254816370648007, 0.012367372422717338, 0.012132791152527167, 0.012094615417164426, 0.01199304087217464, 0.01189220393466395, 0.012080815729013709, 0.012327166923949884, 0.012492991550717243, 0.012602676659129387, 0.01199093417719353, 0.012086980997823005], "ner": [0.002004354534302513, 0.0016656477372486924, 0.0015008070893304118, 0.0013717004831685403, 0.0012548452319014211, 0.001167762026916323, 0.0010962158571495566, 0.001038482238072902, 0.000980257982561408, 0.0009801660090424987, 0.0009486756035733189, 0.0009391789472131275, 0.0009205403925883475, 0.0008959405978351052, 0.000875203893926038, 0.0008743126114537983, 0.0008617574051239116, 0.0008411327678829345, 0.0008471446209262277, 0.0008377040984098215], "total_loss": [51.53394327402862, 7.463148476176917, 6.285883900637706, 6.291652575128463, 6.201968791434368, 6.162942526687402, 6.17888055254467, 6.102140782139708, 6.056146840537833, 5.996527030051491, 5.9373548245910275, 5.914558493375892, 5.891227865655944, 5.830303650833314, 5.805065819562472, 5.781799659019926, 5.770116743428611, 5.745109209998613, 5.7236220039654695, 5.712607186955676], "aes_weight_coef": [0.8999999761581421, 0.8999999761581421, 0.8999999761581421, 0.8999999761581421, 0.8999999761581421, 0.8999999761581421, 0.8999999761581421, 0.8999999761581421, 0.8999999761581421, 0.8999999761581421, 0.8999999761581421, 0.8999999761581421, 0.8999999761581421, 0.8999999761581421, 0.8999999761581421, 0.8999999761581421, 0.8999999761581421, 0.8999999761581421, 0.8999999761581421, 0.8999999761581421],