{"best": {"aes": {"rmse_aes": 6.362869722940358, "pearson_aes": 0.6408663941321021, "spearman_aes": 0.6446327618921427, "kappa_aes": 0.38605240912933214, "aes": 5.046376073083212, "aes_weight_coef": 0.6000000238418579}, "ged": {"f1_score_avg_ged": 0.28008662472929774, "f1_score_macro_ged": 0.27811064428411053, "f1_score_weighted_ged": 0.3057081582941916, "f_0_5_ged": 0.4212868769074263, "ged": 0.05846914233163346, "ged_weight_coef": 0.4000000059604645}, "ner": {"f1_score_avg_ner": 0.8943966356450294, "f1_score_macro_ner": 0.3957854058999287, "f1_score_weighted_ner": 0.87595400836944, "ner": 0.010068154915474182, "ner_weight_coef": 0.03999999910593033}}, "train": {"loss": [23.0004, 6.0239], "learning_rate": [0.0004528301886792453, 0.0004056603773584906], "epoch": [1.89, 3.77], "step": [500, 1000]}, "eval": {"rmse_aes": [5.799904213768438, 5.7566386797235145, 6.306962642808167, 6.362869722940358], "pearson_aes": [0.39134410759642163, 0.5687583726390499, 0.5990164094472917, 0.6408663941321021], "spearman_aes": [0.39053789574465936, 0.574943094224337, 0.591315804540704, 0.6446327618921427], "kappa_aes": [0.08835033670712511, 0.2584832004270794, 0.32104536536924466, 0.38605240912933214], "f1_score_avg_ged": [0.584166924478361, 0.28008662472929774, 0.5855419201814994, 0.4669829156783885], "f1_score_macro_ged": [0.45873922432165165, 0.27811064428411053, 0.4642461379655472, 0.4133633109980732], "f1_score_weighted_ged": [0.6491288717246201, 0.3057081582941916, 0.6505186739115447, 0.5429587557609458], "f_0_5_ged": [0.2785229897905954, 0.4212868769074263, 0.29555555555555557, 0.3736699223016195], "f1_score_avg_ner": [0.8325026284023208, 0.8721038900354348, 0.8904637669872668, 0.8943966356450294], "f1_score_macro_ner": [0.10095515347265754, 0.27643121767377116, 0.3608692613993009, 0.3957854058999287], "f1_score_weighted_ner": [0.7564088755507238, 0.8416558266726298, 0.8657964392053528, 0.87595400836944], "aes": [4.2455369040023445, 4.145110401996346, 4.934268441311149, 5.046376073083212], "ged": [0.05841478636098463, 0.05846914233163346, 0.05804916453915973, 0.057753856098929114], "ner": [0.02462865468547788, 0.012390407690301884, 0.011730598957212858, 0.010068154915474182], "total_loss": [4.328580345048807, 4.215969952018281, 5.004048204807521, 5.114198084097615], "aes_weight_coef": [0.6000000238418579, 0.6000000238418579, 0.6000000238418579, 0.6000000238418579], "ged_weight_coef": [0.4000000059604645, 0.4000000059604645, 0.4000000059604645, 0.4000000059604645], "ner_weight_coef": [0.03999999910593033, 0.03999999910593033, 0.03999999910593033, 0.03999999910593033], "epoch": [1.0, 2.0, 3.0, 4.0], "step": [264, 529, 794, 1059]}, "test": {"rmse_aes": 5.716387262365395, "pearson_aes": 0.7369425594835624, "spearman_aes": 0.7607287337623393, "kappa_aes": 0.4813412053024396, "f1_score_avg_ged": 0.5080293921175685, "f1_score_macro_ged": 0.4376596437611668, "f1_score_weighted_ged": 0.5763102129791393, "f_0_5_ged": 0.35039809690261187, "f1_score_avg_ner": 0.8949499300096909, "f1_score_macro_ner": 0.41715114767953687, "f1_score_weighted_ner": 0.8778817491110209, "aes": 5.549061593555269, "ged": 0.0797894788639886, "ner": 0.00921914471490752, "total_loss": 5.638070217134165, "aes_weight_coef": 0.6000000238418579, "ged_weight_coef": 0.4000000059604645, "ner_weight_coef": 0.03999999910593033}, "info": {"tasks": ["aes", "ged", "ner"], "outputs": ["loss", "labels", "preds"], "map_out_to_task": {"aes_loss": "aes", "aes_labels": "aes", "aes_preds": "aes", "ged_loss": "ged", "ged_labels": "ged", "ged_preds": "ged", "ner_loss": "ner", "ner_labels": "ner", "ner_preds": "ner"}, "map_out_to_out": {"aes_loss": "loss", "aes_labels": "labels", "aes_preds": "preds", "ged_loss": "loss", "ged_labels": "labels", "ged_preds": "preds", "ner_loss": "loss", "ner_labels": "labels", "ner_preds": "preds"}, "map_task_index": {"aes": 0, "ged": 1, "ner": 2}, "map_index_task": {"0": "aes", "1": "ged", "2": "ner"}, "optimizer_weighting": "fixed", "epochs_to_avg_over": 2, "temp": 2, "init_task_weightings": {"aes": 0.6000000000000001, "ged": 0.3999999999999999, "ner": 0.039999999999999994}, "metrics_to_track_by_task": {"aes": "pearson_aes", "ged": "f_0_5_ged", "ner": "f1_score_avg_ner"}, "regression_tasks": ["aes"], "classification_tasks": ["ner", "ged"], "fce_tasks": ["aes", "ged"], "task_priorities_priority_as_key": {"primary_task": "aes", "secondary_task": "ged", "aux_task": "ner"}, "early_stopping_patience": 2, "early_stopping_metric": "loss", "pretrained_model": "distilroberta-base", "frozen_layers": "all", "scoring": "script", "learning_rate": 0.0005, "batch_size": 8, "weight_decay": 0.01, "adam_epsilon": 1e-08, "normalized_values": null, "model_name": "distilroberta-base_1630648827", "runtime": 239.56006836891174, "steps_per_sec": 0.2262134734361773}, "preds": {"aes": {"preds": [33.64068603515625, 29.9623966217041, 30.789440155029297, 34.006778717041016, 34.970577239990234, 32.6807746887207, 33.17488479614258, 32.6485710144043, 28.780853271484375, 32.01669692993164, 30.523113250732422, 32.30958938598633, 33.55032730102539, 33.92324447631836, 31.226287841796875, 23.008617401123047, 27.320531845092773, 33.11005783081055, 32.53452682495117, 27.304296493530273, 35.22517395019531, 34.09510803222656, 32.645301818847656, 28.527856826782227, 28.93306541442871, 32.23121643066406, 26.093992233276367, 36.0020637512207, 34.95125961303711, 33.19086837768555, 32.942874908447266, 33.432899475097656, 35.1375846862793, 29.923107147216797, 34.0247917175293, 28.35330581665039, 34.97917556762695, 26.791423797607422, 34.619056701660156, 32.035682678222656, 25.61151885986328, 26.372817993164062, 30.82638168334961, 35.01303482055664, 32.93558120727539, 32.798377990722656, 23.81449317932129, 30.819547653198242, 34.316959381103516, 28.059953689575195, 35.459651947021484, 31.446529388427734, 33.366519927978516, 29.811412811279297, 31.35609245300293, 32.589847564697266, 26.20101547241211, 36.12497329711914, 29.877622604370117, 34.46551513671875, 15.206989288330078, 30.8178653717041, 31.186113357543945, 32.722023010253906, 26.310792922973633, 29.406192779541016, 30.230939865112305, 33.656097412109375, 27.372821807861328, 35.16140365600586, 33.50554275512695, 32.13909912109375, 36.12161636352539, 35.98837661743164, 30.91904067993164, 35.5943489074707, 34.2507209777832, 30.553287506103516, 33.68550491333008, 24.518524169921875, 33.532135009765625, 29.949771881103516, 33.873050689697266, 35.21979904174805, 32.67608642578125, 32.989200592041016, 27.802682876586914, 34.56791305541992, 30.957603454589844, 25.953754425048828, 32.215755462646484, 28.966211318969727, 26.9990177154541, 27.809114456176758, 32.73563003540039, 34.40785598754883], "labels": [30.0, 26.0, 23.0, 26.0, 26.0, 38.0, 27.0, 39.0, 25.0, 24.0, 25.0, 27.0, 30.0, 27.0, 20.0, 21.0, 21.0, 26.0, 22.0, 24.0, 38.0, 30.0, 34.0, 24.0, 23.0, 22.0, 23.0, 39.0, 34.0, 37.0, 31.0, 28.0, 26.0, 29.0, 34.0, 26.0, 34.0, 19.0, 26.0, 31.0, 18.0, 19.0, 25.0, 26.0, 29.0, 29.0, 18.0, 27.0, 35.0, 22.0, 36.0, 14.0, 24.0, 29.0, 28.0, 24.0, 25.0, 37.0, 24.0, 36.0, 13.0, 23.0, 29.0, 31.0, 23.0, 28.0, 26.0, 26.0, 21.0, 38.0, 32.0, 29.0, 36.0, 40.0, 29.0, 34.0, 36.0, 25.0, 37.0, 17.0, 32.0, 25.0, 25.0, 36.0, 31.0, 27.0, 19.0, 28.0, 24.0, 20.0, 25.0, 23.0, 22.0, 23.0, 27.0, 30.0]}}}