{"best": {"aes": {"rmse_aes": 5.5113519212621505, "pearson_aes": 0.5002221602685948, "spearman_aes": 0.47454967323086056, "kappa_aes": 0.177635316075631, "aes": 3.7975957005522973, "aes_weight_coef": 0.6000000238418579}, "ged": {"f1_score_avg_ged": 0.8374067581038809, "f1_score_macro_ged": 0.6756154757488719, "f1_score_weighted_ged": 0.8430137375653932, "f_0_5_ged": 0.47002020002956096, "ged": 0.05051249820132588, "ged_weight_coef": 0.4000000059604645}, "ner": {"f1_score_avg_ner": 0.9554339784276313, "f1_score_macro_ner": 0.8344910983024246, "f1_score_weighted_ner": 0.953650016967625, "ner": 0.0044821138699474026, "ner_weight_coef": 0.03999999910593033}}, "train": {"loss": [103.0428, 10.2503, 9.0052, 8.7552, 8.3737, 8.2946, 7.8345, 7.9421, 7.6262, 7.6519], "learning_rate": [6.339622641509433e-05, 5.679245283018868e-05, 5.0188679245283013e-05, 4.3584905660377356e-05, 3.69811320754717e-05, 3.0377358490566036e-05, 2.3773584905660375e-05, 1.7169811320754714e-05, 1.0566037735849056e-05, 3.9622641509433956e-06], "epoch": [1.89, 3.77, 5.66, 7.55, 9.43, 11.32, 13.21, 15.09, 16.98, 18.87], "step": [500, 1000, 1500, 2000, 2500, 3000, 3500, 4000, 4500, 5000]}, "eval": {"rmse_aes": [16.53447576698121, 6.306962642808167, 5.803495115493384, 5.7566386797235145, 5.744562646538029, 5.678908345800274, 5.689903338370521, 5.710613899670605, 5.678908345800274, 5.632248416238601, 5.57150488348226, 5.5665169640549115, 5.576488341440536, 5.569011482201208, 5.559026693385973, 5.547772325697746, 5.547772325697746, 5.5113519212621505, 5.5113519212621505, 5.5113519212621505], "pearson_aes": [0.17492034546816693, 0.13213398359010115, 0.18704917839304744, 0.2570855000703394, 0.3025612917290786, 0.4059839948839608, 0.3918618782031494, 0.3612741230569227, 0.37506251474077074, 0.4220512043723294, 0.47601514621134156, 0.46842591139177636, 0.4646959490212402, 0.44966445745223077, 0.46742339347758805, 0.4696184852986423, 0.4696184852986423, 0.5002221602685948, 0.5002221602685948, 0.5002221602685948], "spearman_aes": [0.20204737395364117, 0.17507022248242127, 0.20124996923466185, 0.24972619970401108, 0.30418072556415465, 0.40017537975834194, 0.37965004360510385, 0.3717420317845653, 0.36262689946565685, 0.42166582603324426, 0.46372657812854223, 0.46952949915470477, 0.46436188173036497, 0.4532101630707299, 0.4655975133736655, 0.4704200352312923, 0.4704200352312923, 0.47454967323086056, 0.47454967323086056, 0.47454967323086056], "kappa_aes": [0.006670633115178792, 0.029478757468722083, 0.04948004025494812, 0.05799115603284899, 0.07046149976945981, 0.09100844928328222, 0.08689075630252108, 0.0880621320305649, 0.09099307159353354, 0.11603683179867497, 0.1472407819846573, 0.15090145714991354, 0.15419149457187176, 0.1564414672003922, 0.16350614470578662, 0.16834099320779283, 0.16834099320779283, 0.177635316075631, 0.177635316075631, 0.177635316075631], "f1_score_avg_ged": [0.713175896325324, 0.6759478876628511, 0.8072943522051493, 0.827266164793235, 0.8188443161115122, 0.8269224158674504, 0.8432848647347977, 0.8182599429376783, 0.8288474098518442, 0.8353442645491733, 0.8265442920490873, 0.8394348767660101, 0.8374411329964594, 0.8419098690316593, 0.8422192430648654, 0.8502285930356468, 0.8540442061118559, 0.8508473411020591, 0.8349661407308102, 0.8374067581038809], "f1_score_macro_ged": [0.5353408009802987, 0.5520824697090633, 0.6230947703135798, 0.6383360023719327, 0.64245066952845, 0.6507287821746892, 0.6580910262118501, 0.6552453216355688, 0.6633160461634225, 0.6658446626564605, 0.6654448866976062, 0.671496959500042, 0.6673510120924069, 0.6707074036502731, 0.6703640659698404, 0.6747468314676783, 0.6736345697274181, 0.6709493870225204, 0.6731167625303114, 0.6756154757488719], "f1_score_weighted_ged": [0.7453891769179107, 0.7241969414990794, 0.8156271257381307, 0.829341826712731, 0.8259577289625103, 0.8319962331187907, 0.8419614337542272, 0.8284707667974835, 0.8358182619652061, 0.8397455766693662, 0.8350832707842182, 0.8431246665828633, 0.8411614966639598, 0.8442033421805997, 0.8442810142920946, 0.8493170207998716, 0.85094131717871, 0.8487313865515187, 0.8411886839962618, 0.8430137375653932], "f_0_5_ged": [0.3009411249726417, 0.42730191042906357, 0.3838088271153377, 0.38352846184901085, 0.4150129844676368, 0.42046580773042613, 0.401657060518732, 0.4558978788751319, 0.4541674819017805, 0.44501316901058485, 0.46695715323166304, 0.45155174134317927, 0.4441117764471058, 0.4424645122319541, 0.44059081514341886, 0.43211461435760495, 0.4184666631967938, 0.4192530519346162, 0.4687806793638327, 0.47002020002956096], "f1_score_avg_ner": [0.9115104552003427, 0.9292473034539154, 0.9367625871266695, 0.9378139480549823, 0.9402476539075582, 0.9414353023636152, 0.9465168801837934, 0.9478018768739535, 0.9484443752190336, 0.9493789182664226, 0.9497488415560141, 0.9508196721311475, 0.951987850940384, 0.9495736147346288, 0.9514037615357658, 0.9526498189322846, 0.9539737549160858, 0.954557844320704, 0.9554339784276313, 0.9552392819594252], "f1_score_macro_ner": [0.5082618262301787, 0.6893246513475776, 0.7296765377485163, 0.7417649475996809, 0.7580651357626795, 0.7655074890367057, 0.7909710885348432, 0.7978418163214399, 0.7993054836049294, 0.7993873838278699, 0.8077063891760108, 0.8130894420006904, 0.8166914601750483, 0.814312423426939, 0.8175142543583991, 0.8214407596422084, 0.8265657937105977, 0.8308641691317907, 0.8344910983024246, 0.8340872784852128], "f1_score_weighted_ner": [0.8981531521025932, 0.9249604465044298, 0.9323924362560349, 0.9343175149492745, 0.9371075406623073, 0.938872877282978, 0.944110785816125, 0.9454420112861881, 0.9455952087961297, 0.9463501444987149, 0.9474225209093711, 0.9490720680248415, 0.9502256597949409, 0.9486795254774795, 0.950246869033511, 0.951438120870747, 0.9524195763678264, 0.9530976235698044, 0.953650016967625, 0.9535290147785583], "aes": [34.463261981343116, 5.007047897161439, 4.213557642559673, 4.166074187256569, 4.154545528944149, 4.119451655897984, 4.088738740876663, 4.077840694161349, 3.9950952862584312, 3.978937259940214, 3.9534456785335097, 3.9107848655345827, 3.9100572120311647, 3.8513258113417517, 3.863133341767067, 3.8247298639874128, 3.8109862083612485, 3.7975957005522973, 3.7898585075555844, 3.7793426070102427], "ged": [0.05734980799431025, 0.054141935567523156, 0.053543906918791837, 0.0534141891917517, 0.051752274119576745, 0.05188094391379246, 0.05282851291257282, 0.05012862661550211, 0.05035015663435293, 0.05090112221795459, 0.04971287763395975, 0.05069293358991312, 0.050923087915708855, 0.05110764052978782, 0.05113933079464491, 0.052270404474679816, 0.05318772480931393, 0.05291446939457294, 0.05014356035132741, 0.05051249820132588], "ner": [0.009210482142259216, 0.007029860377918149, 0.006252230897675766, 0.006006519066516397, 0.005752071489168461, 0.005731092126996711, 0.005246491951131543, 0.005134973057740649, 0.005062195959739214, 0.0050233808876729985, 0.00489653879776597, 0.004832306860534604, 0.004727145521576668, 0.00491681448617127, 0.004796909439095924, 0.004672482209063546, 0.004613989790858224, 0.004534519829808972, 0.0044821138699474026, 0.004490808832870666], "total_loss": [34.52982227147968, 5.06821969310688, 4.27335378037614, 4.225494895514837, 4.212049874552894, 4.1770636919387725, 4.146813745740368, 4.133104293834592, 4.050507638852523, 4.034861763045842, 4.008055094965235, 3.9663101059850305, 3.96570744546845, 3.9073502663577107, 3.919069582000808, 3.881672750671156, 3.868787922961421, 3.8550446897766792, 3.8444841817768594, 3.834345914044439], "aes_weight_coef": [0.6000000238418579, 0.6000000238418579, 0.6000000238418579, 0.6000000238418579, 0.6000000238418579, 0.6000000238418579, 0.6000000238418579, 0.6000000238418579, 0.6000000238418579, 0.6000000238418579, 0.6000000238418579, 0.6000000238418579, 0.6000000238418579, 0.6000000238418579, 0.6000000238418579, 0.6000000238418579, 0.6000000238418579, 0.6000000238418579, 0.6000000238418579, 0.6000000238418579],