{"best": {"aes": {"rmse_aes": 5.49873722877454, "pearson_aes": 0.5139619393832018, "spearman_aes": 0.4953905709129018, "kappa_aes": 0.18017578125, "aes": 5.716474388920983, "aes_weight_coef": 0.8999999761581421}, "ged": {"f1_score_avg_ged": 0.7829913031521777, "f1_score_macro_ged": 0.6335899788855561, "f1_score_weighted_ged": 0.8045538004798484, "f_0_5_ged": 0.47179556274139944, "ged": 0.012566052637127944, "ged_weight_coef": 0.10000000149011612}, "ner": {"f1_score_avg_ner": 0.9483080876912893, "f1_score_macro_ner": 0.8003899752559075, "f1_score_weighted_ner": 0.946297294666365, "ner": 0.001287844890273761, "ner_weight_coef": 0.009999999776482582}}, "train": {"loss": [154.7358, 15.136, 13.2592, 13.0259, 12.577, 12.2654, 12.0893, 11.7859, 11.3187, 11.3492], "learning_rate": [6.339622641509433e-05, 5.679245283018868e-05, 5.0188679245283013e-05, 4.3584905660377356e-05, 3.69811320754717e-05, 3.0377358490566036e-05, 2.3773584905660375e-05, 1.7169811320754714e-05, 1.0566037735849056e-05, 3.9622641509433956e-06], "epoch": [1.89, 3.77, 5.66, 7.55, 9.43, 11.32, 13.21, 15.09, 16.98, 18.87], "step": [500, 1000, 1500, 2000, 2500, 3000, 3500, 4000, 4500, 5000]}, "eval": {"rmse_aes": [16.53447576698121, 6.2882164933044935, 5.793914431922898, 5.7566386797235145, 5.743353646704259, 5.678908345800274, 5.678908345800274, 5.7130455003342036, 5.66176258382101, 5.65194165260439, 5.598859010746942, 5.576488341440536, 5.570258322356135, 5.57150488348226, 5.614960175974339, 5.597618541248888, 5.547772325697746, 5.49873722877454, 5.49873722877454, 5.49873722877454], "pearson_aes": [0.17492034546816693, 0.15323614355031176, 0.21810161753312207, 0.2570855000703394, 0.3095554920322272, 0.4059839948839608, 0.4059839948839608, 0.3667341994203632, 0.4078035339988487, 0.4215340031287195, 0.45528094824310716, 0.4701474710654391, 0.4712917547122245, 0.4594654037943117, 0.4277348552128595, 0.4321729318469716, 0.4696184852986423, 0.5139619393832018, 0.5139619393832018, 0.5139619393832018], "spearman_aes": [0.20204737395364117, 0.20247986851069374, 0.2330017271178083, 0.24972619970401108, 0.31582737468778727, 0.40017537975834194, 0.40017537975834194, 0.36654443139908865, 0.3865994234258721, 0.41589250586736815, 0.44436383316150035, 0.45950432467617874, 0.4614005403032553, 0.4573638064579486, 0.43922392221810347, 0.4411946241361459, 0.4704200352312923, 0.4953905709129018, 0.4953905709129018, 0.4953905709129018], "kappa_aes": [0.006670633115178792, 0.034268324953691476, 0.05524861878453036, 0.05799115603284899, 0.07139265962795371, 0.09100844928328222, 0.09100844928328222, 0.08438376816449611, 0.10061550056525559, 0.10635630406619578, 0.1263351134846462, 0.14526107399158628, 0.15141061968707636, 0.1513708750615662, 0.1433117121527353, 0.15265405735204396, 0.16834099320779283, 0.18017578125, 0.18017578125, 0.18017578125], "f1_score_avg_ged": [0.6360042624866797, 0.7687600976246949, 0.7313945893919082, 0.7613694957203259, 0.8020006187480664, 0.7829913031521777, 0.8200818122443367, 0.8042349867656664, 0.8206661854181706, 0.816369323845863, 0.819359939500189, 0.8325255233577395, 0.8337973943831426, 0.8394005018734316, 0.8392286274105394, 0.852256711697776, 0.8467911037778006, 0.8416348698910316, 0.8233474270392905, 0.8324567735725826], "f1_score_macro_ged": [0.5055645778115094, 0.5859507418013559, 0.594932399384489, 0.6165748108134413, 0.6374368765057918, 0.6335899788855561, 0.6504016972303341, 0.6449808508881814, 0.6533733989416611, 0.6548388926636953, 0.6584337085843104, 0.6605962678311819, 0.6650644160694831, 0.6679788384571952, 0.6680640679795353, 0.6672764503702632, 0.6689499783915123, 0.6685586076767781, 0.6633240470360149, 0.6697582479889634], "f1_score_weighted_ged": [0.6911325323785084, 0.7869842894856146, 0.7667284771450878, 0.7887457912388843, 0.8159220782428207, 0.8045538004798484, 0.8283703262752177, 0.8187267534927646, 0.8293329616398878, 0.8273755679885201, 0.8297482563897406, 0.8371091963377278, 0.8387740693053151, 0.8423035908486671, 0.842235683098006, 0.8485555714360941, 0.8462489560829265, 0.8435696487712689, 0.8329299998047439, 0.8391339548468405], "f_0_5_ged": [0.34362934362934366, 0.35259390107846783, 0.4583211587427475, 0.46505551926845207, 0.43920350233017935, 0.47179556274139944, 0.4362089914945322, 0.4579080438243281, 0.4439705312136487, 0.4593858937013514, 0.4632557248251414, 0.4362616079853006, 0.44666732692879074, 0.4408445759566678, 0.4415597433841219, 0.40493968983342904, 0.42418032786885246, 0.43668012108980825, 0.4685846242663331, 0.4649170053371199], "f1_score_avg_ner": [0.9035863089443558, 0.924068377399634, 0.9313500253105409, 0.9340952455122464, 0.936490012071181, 0.939215762626066, 0.9417468167127448, 0.9413963630699739, 0.9430123437560842, 0.94351855457342, 0.945251353140454, 0.9456602157236867, 0.9458159728982516, 0.9458938514855341, 0.9469257427670262, 0.946341653362408, 0.9477824072271329, 0.9480549822826214, 0.9483080876912893, 0.9481523305167244], "f1_score_macro_ner": [0.5066471742098628, 0.6743969843052354, 0.7156735591331542, 0.7307521836483573, 0.744135129507235, 0.7552895213890719, 0.7629624339029758, 0.7681167750473228, 0.7718688872439515, 0.7777607862753085, 0.7843340563900248, 0.7873331664203042, 0.7896917280340437, 0.7893287254419753, 0.7941939714480821, 0.7943715035360408, 0.799716153655725, 0.798718192742499, 0.8003899752559075, 0.7992298686162624], "f1_score_weighted_ner": [0.8870145377295864, 0.9194494935234983, 0.9286511269461252, 0.932443761772672, 0.9350702768817044, 0.9373910043768688, 0.9394334881230694, 0.9399384769820138, 0.941044642794794, 0.9420257127436888, 0.94334194894566, 0.9438099350325855, 0.9443644118524749, 0.9442617697042192, 0.9450993955761238, 0.9450914819923906, 0.9458632444394443, 0.9461074287071453, 0.946297294666365, 0.9462339490441913], "aes": [51.69316988213118, 7.468621342681175, 6.333138554595237, 6.255259380784145, 6.236009575599848, 6.175844480825025, 6.1241021710772845, 6.10961922933889, 6.044032473896825, 6.004571049712425, 5.928332683651946, 5.914016324420308, 5.868743275487145, 5.823806274768918, 5.82166181608688, 5.798466726791027, 5.748443625694097, 5.716474388920983, 5.70816940485045, 5.70126951572507], "ged": [0.014280862586442815, 0.0139139084968456, 0.01301443906024445, 0.012767226456902748, 0.012898535229438958, 0.012566052637127944, 0.012829697409341501, 0.012622851878404617, 0.01279755751060885, 0.012590100252351095, 0.012597748013429864, 0.012843583385611689, 0.012801324818716493, 0.012909445651741914, 0.012883534265118976, 0.013525632924811785, 0.013179828001316203, 0.012992872315090756, 0.012463016738725264, 0.012618419476026712], "ner": [0.002745748605839042, 0.002009595928410458, 0.0017672371346676766, 0.0016657014575050494, 0.0016122521984195987, 0.001533601205622734, 0.0014725922739544754, 0.0014627634298576171, 0.001415636678778588, 0.001413163064361745, 0.0013662359019373219, 0.0013511396652130887, 0.0013541859563786624, 0.0013495800911102356, 0.0013201135484133522, 0.0013247546022433008, 0.0013005392677367252, 0.0012902068705189713, 0.001287844890273761, 0.001288621081310043], "total_loss": [51.71019649332346, 7.484544847106431, 6.34792023079015, 6.269692308698553, 6.250520363027706, 6.189944134667775, 6.13840446076058, 6.123704844647152, 6.0582456680862125, 6.018574313029138, 5.942296667567313, 5.928211047471133, 5.882898786262241, 5.83806530051177, 5.835865463900412, 5.813317114318082, 5.762923992963151, 5.730757468106593, 5.721920266479449, 5.715176556282406], "aes_weight_coef": [0.8999999761581421, 0.8999999761581421, 0.8999999761581421, 0.8999999761581421, 0.8999999761581421, 0.8999999761581421, 0.8999999761581421, 0.8999999761581421, 0.8999999761581421, 0.8999999761581421, 0.8999999761581421, 0.8999999761581421, 0.8999999761581421, 0.8999999761581421, 0.8999999761581421, 0.8999999761581421, 0.8999999761581421, 0.8999999761581421, 0.8999999761581421, 0.8999999761581421],