{"best": {"aes": {"rmse_aes": 234.00237415699678, "pearson_aes": 0.6691976287522569, "spearman_aes": 0.6692234979891871, "kappa_aes": 0.5080342207678834, "aes": 4.299028862354367, "aes_weight_coef": 0.6000000238418579}, "ged": {"f1_score_avg_ged": 0.7141383933175209, "f1_score_macro_ged": 0.6187200927415086, "f1_score_weighted_ged": 0.7580938861411027, "f_0_5_ged": 0.5916923428049755, "ged": 0.04457098730774813, "ged_weight_coef": 0.4000000059604645}, "ner": {"f1_score_avg_ner": 0.9884350297885597, "f1_score_macro_ner": 0.9363660203176654, "f1_score_weighted_ner": 0.9883750497047936, "ner": 0.001790070423572446, "ner_weight_coef": 0.03999999910593033}}, "train": {"loss": [23.1878, 6.3042, 5.5703, 5.5271], "learning_rate": [0.0004371069182389937, 0.0003742138364779874, 0.00031132075471698115, 0.00024842767295597487], "epoch": [1.89, 3.77, 5.66, 7.55], "step": [500, 1000, 1500, 2000]}, "eval": {"rmse_aes": [228.80025252511317, 220.3639666047464, 220.00962731460436, 222.1227763597821, 217.8142684847702, 220.09338295873917, 214.35377688920403, 216.77638247742766, 234.00237415699678], "pearson_aes": [0.40271726060592594, 0.5681658756201372, 0.6184681570189574, 0.6328295429257178, 0.6471717054854614, 0.6616092966514653, 0.6656711739821236, 0.6667915372266673, 0.6691976287522569], "spearman_aes": [0.404896854832999, 0.5532106539929424, 0.5965347282378466, 0.6146003608560406, 0.6317051244068026, 0.6480586490048122, 0.6604843780111593, 0.665223234614285, 0.6692234979891871], "kappa_aes": [0.32172229426079535, 0.42972829529695755, 0.4830341612308202, 0.492357554955523, 0.5106674087942114, 0.5138336458096056, 0.5306795607510103, 0.5361886691640885, 0.5080342207678834], "f1_score_avg_ged": [0.4916984634423017, 0.6606510604654361, 0.8169536970196968, 0.7190883778488192, 0.7434945515795263, 0.7141383933175209, 0.7770788216286824, 0.7743975800075624, 0.7860850434842391], "f1_score_macro_ged": [0.4536819919476223, 0.5716399523555076, 0.6586172397374142, 0.615286065746156, 0.6367287409115683, 0.6187200927415086, 0.6596433028644894, 0.658526881822453, 0.6652959426232687], "f1_score_weighted_ged": [0.5589877170665173, 0.7143221878651033, 0.8285020606767177, 0.7613072257201029, 0.7806334290967679, 0.7580938861411027, 0.8057298444357938, 0.8038746589569313, 0.8122182313049835], "f_0_5_ged": [0.49972865412445727, 0.5400456836227838, 0.47004279600570614, 0.564299871750029, 0.5841410394479677, 0.5916923428049755, 0.5807442956975667, 0.5839889521258788, 0.5769066164512539], "f1_score_avg_ner": [0.9757408200615241, 0.9827109536233013, 0.9852225380631595, 0.9831976947938165, 0.9866632919278844, 0.9877146528561972, 0.9852420077099802, 0.9878314707371209, 0.9884350297885597], "f1_score_macro_ner": [0.8674477314630001, 0.9038398262680555, 0.9233899619530361, 0.9120731976106159, 0.926594767466628, 0.9347849828139575, 0.9228249384681477, 0.9346490115022495, 0.9363660203176654], "f1_score_weighted_ner": [0.9757629472202033, 0.9826860462882503, 0.9851039032628538, 0.9832691049262566, 0.9865559530102527, 0.987706091476515, 0.9851565717854561, 0.987825633829632, 0.9883750497047936], "aes": [4.1080239429030305, 3.8112296891766926, 3.7978758368381236, 3.8718626443729844, 3.7235416756119837, 3.8015779561774674, 3.6057974737744, 3.6887887245000797, 4.299028862354367], "ged": [0.05197437176870745, 0.046514703437339426, 0.048600614070892334, 0.04426504567612049, 0.043210892829784124, 0.04457098730774813, 0.04870635582957157, 0.04631737394388332, 0.04995510051416796], "ner": [0.0026328961803512864, 0.0020170577309029394, 0.0017876452136903914, 0.0020060842751178803, 0.0018518627664381585, 0.0016935235694819672, 0.002028618538874028, 0.0018458305342413273, 0.001790070423572446], "total_loss": [4.16263121085209, 3.859761450344935, 3.848264096122706, 3.9181337743242226, 3.7686044312082063, 3.8478424670546976, 3.6565324481428454, 3.736951928978204, 4.350774033292108], "aes_weight_coef": [0.6000000238418579, 0.6000000238418579, 0.6000000238418579, 0.6000000238418579, 0.6000000238418579, 0.6000000238418579, 0.6000000238418579, 0.6000000238418579, 0.6000000238418579], "ged_weight_coef": [0.4000000059604645, 0.4000000059604645, 0.4000000059604645, 0.4000000059604645, 0.4000000059604645, 0.4000000059604645, 0.4000000059604645, 0.4000000059604645, 0.4000000059604645], "ner_weight_coef": [0.03999999910593033, 0.03999999910593033, 0.03999999910593033, 0.03999999910593033, 0.03999999910593033, 0.03999999910593033, 0.03999999910593033, 0.03999999910593033, 0.03999999910593033], "epoch": [1.0, 2.0, 3.0, 4.0, 5.0, 6.0, 7.0, 8.0, 9.0], "step": [264, 529, 794, 1059, 1324, 1589, 1854, 2119, 2384]}, "test": {"rmse_aes": 212.25772954123485, "pearson_aes": 0.7619947682530924, "spearman_aes": 0.7832251638037979, "kappa_aes": 0.5638791218472925, "f1_score_avg_ged": 0.767561790247161, "f1_score_macro_ged": 0.658251672033174, "f1_score_weighted_ged": 0.7929655732715681, "f_0_5_ged": 0.5680964261023776, "f1_score_avg_ner": 0.9790244427694627, "f1_score_macro_ner": 0.8830259890632312, "f1_score_weighted_ner": 0.9791769206062805, "aes": 4.827677363441104, "ged": 0.07273114188795998, "ner": 0.0034352714290088486, "total_loss": 4.903843776758073, "aes_weight_coef": 0.6000000238418579, "ged_weight_coef": 0.4000000059604645, "ner_weight_coef": 0.03999999910593033}, "info": {"tasks": ["aes", "ged", "ner"], "outputs": ["loss", "labels", "preds"], "map_out_to_task": {"aes_loss": "aes", "aes_labels": "aes", "aes_preds": "aes", "ged_loss": "ged", "ged_labels": "ged", "ged_preds": "ged", "ner_loss": "ner", "ner_labels": "ner", "ner_preds": "ner"}, "map_out_to_out": {"aes_loss": "loss", "aes_labels": "labels", "aes_preds": "preds", "ged_loss": "loss", "ged_labels": "labels", "ged_preds": "preds", "ner_loss": "loss", "ner_labels": "labels", "ner_preds": "preds"}, "map_task_index": {"aes": 0, "ged": 1, "ner": 2}, "map_index_task": {"0": "aes", "1": "ged", "2": "ner"}, "optimizer_weighting": "fixed", "epochs_to_avg_over": 2, "temp": 2, "init_task_weightings": {"aes": 0.6, "ged": 0.4, "ner": 0.04000000000000001}, "metrics_to_track_by_task": {"aes": "pearson_aes", "ged": "f_0_5_ged", "ner": "f1_score_avg_ner"}, "regression_tasks": ["aes"], "classification_tasks": ["ner", "ged"], "fce_tasks": ["aes", "ged"], "task_priorities_priority_as_key": {"primary_task": "aes", "secondary_task": "ged", "aux_task": "ner"}, "early_stopping_patience": 2, "early_stopping_metric": "loss", "pretrained_model": "distilroberta-base", "frozen_layers": "all", "scoring": "script", "learning_rate": 0.0005, "batch_size": 8, "weight_decay": 0.01, "adam_epsilon": 1e-08, "normalized_values": [40, 0], "model_name": "distilroberta-base_1630673301", "runtime": 521.9546217918396, "steps_per_sec": 0.2189406970603354},