{"best": {"aes": {"rmse_aes": 6.765927710061479, "pearson_aes": 0.6310242962844479, "spearman_aes": 0.6285480513343803, "kappa_aes": 0.34685240698289543, "aes": 8.671609745469205, "aes_weight_coef": 0.8999999761581421}, "ged": {"f1_score_avg_ged": 0.4526142105805919, "f1_score_macro_ged": 0.4210459982779644, "f1_score_weighted_ged": 0.5198308487000095, "f_0_5_ged": 0.4680019971217951, "ged": 0.013633623026138129, "ged_weight_coef": 0.10000000149011612}, "ner": {"f1_score_avg_ner": 0.9772789221603521, "f1_score_macro_ner": 0.8896967466950277, "f1_score_weighted_ner": 0.9774190435689312, "ner": 0.0006096398459238455, "ner_weight_coef": 0.009999999776482582}}, "train": {"loss": [34.4155, 9.3459], "learning_rate": [0.0004528301886792453, 0.0004056603773584906], "epoch": [1.89, 3.77], "step": [500, 1000]}, "eval": {"rmse_aes": [5.798706752371601, 5.851163227180653, 5.830951894845301, 6.335525936249404, 6.765927710061479], "pearson_aes": [0.3905805894825428, 0.5591690636085428, 0.5909307827470792, 0.6094526267653838, 0.6310242962844479], "spearman_aes": [0.3754623560862642, 0.5562712753450572, 0.5847035567097046, 0.5969692010165304, 0.6285480513343803], "kappa_aes": [0.08657728961395572, 0.23325358851674638, 0.3610069776987276, 0.3547484141854217, 0.34685240698289543], "f1_score_avg_ged": [0.4526142105805919, 0.8053006084355986, 0.8340723935237703, 0.8313224021174934, 0.8718160255749201], "f1_score_macro_ged": [0.4210459982779644, 0.6378636650790271, 0.6562963478926255, 0.6647421149819908, 0.6626870286605834], "f1_score_weighted_ged": [0.5198308487000095, 0.8177942603437075, 0.8369189175313428, 0.8374231431512769, 0.8567608559288998], "f_0_5_ged": [0.4680019971217951, 0.4327904657898486, 0.41942771084337344, 0.4521538158929975, 0.34232827832292595], "f1_score_avg_ner": [0.9531170904559791, 0.9675830380436898, 0.9705034850667809, 0.9748062770141349, 0.9772789221603521], "f1_score_macro_ner": [0.7707448502138192, 0.844514673085368, 0.8634323440900106, 0.880753177915918, 0.8896967466950277], "f1_score_weighted_ner": [0.9515930168650152, 0.967179053171524, 0.9706758105774868, 0.9749563776410787, 0.9774190435689312], "aes": [6.39155818140784, 6.424828019253043, 6.342327750006388, 7.4880146425823835, 8.671609745469205], "ged": [0.013633623026138129, 0.012993543647056403, 0.013305033795362296, 0.01313563713500666, 0.0160131620806317], "ner": [0.0011758080759453912, 0.0008377430589631373, 0.0007629625412613846, 0.000668452094244056, 0.0006096398459238455], "total_loss": [6.406367612509923, 6.438659305959063, 6.356395746343011, 7.501818731811634, 8.68823254739576], "aes_weight_coef": [0.8999999761581421, 0.8999999761581421, 0.8999999761581421, 0.8999999761581421, 0.8999999761581421], "ged_weight_coef": [0.10000000149011612, 0.10000000149011612, 0.10000000149011612, 0.10000000149011612, 0.10000000149011612], "ner_weight_coef": [0.009999999776482582, 0.009999999776482582, 0.009999999776482582, 0.009999999776482582, 0.009999999776482582], "epoch": [1.0, 2.0, 3.0, 4.0, 5.0], "step": [264, 529, 794, 1059, 1324]}, "test": {"rmse_aes": 6.149186938124422, "pearson_aes": 0.7388589304528496, "spearman_aes": 0.7501856298422028, "kappa_aes": 0.4522707623455221, "f1_score_avg_ged": 0.8511690046760187, "f1_score_macro_ged": 0.6573551522860291, "f1_score_weighted_ged": 0.8369705407676747, "f_0_5_ged": 0.35263237979306145, "f1_score_avg_ner": 0.967524496608162, "f1_score_macro_ner": 0.8391790889780042, "f1_score_weighted_ner": 0.9685114226273769, "aes": 9.680106503622872, "ged": 0.022562737266222637, "ner": 0.0008905149464096342, "total_loss": 9.703559755835505, "aes_weight_coef": 0.8999999761581421, "ged_weight_coef": 0.10000000149011612, "ner_weight_coef": 0.009999999776482582}, "info": {"tasks": ["aes", "ged", "ner"], "outputs": ["loss", "labels", "preds"], "map_out_to_task": {"aes_loss": "aes", "aes_labels": "aes", "aes_preds": "aes", "ged_loss": "ged", "ged_labels": "ged", "ged_preds": "ged", "ner_loss": "ner", "ner_labels": "ner", "ner_preds": "ner"}, "map_out_to_out": {"aes_loss": "loss", "aes_labels": "labels", "aes_preds": "preds", "ged_loss": "loss", "ged_labels": "labels", "ged_preds": "preds", "ner_loss": "loss", "ner_labels": "labels", "ner_preds": "preds"}, "map_task_index": {"aes": 0, "ged": 1, "ner": 2}, "map_index_task": {"0": "aes", "1": "ged", "2": "ner"}, "optimizer_weighting": "fixed", "epochs_to_avg_over": 2, "temp": 2, "init_task_weightings": {"aes": 0.9, "ged": 0.09999999999999998, "ner": 0.009999999999999998}, "metrics_to_track_by_task": {"aes": "pearson_aes", "ged": "f_0_5_ged", "ner": "f1_score_avg_ner"}, "regression_tasks": ["aes"], "classification_tasks": ["ner", "ged"], "fce_tasks": ["aes", "ged"], "task_priorities_priority_as_key": {"primary_task": "aes", "secondary_task": "ged", "aux_task": "ner"}, "early_stopping_patience": 2, "early_stopping_metric": "loss", "pretrained_model": "distilroberta-base", "frozen_layers": "all", "scoring": "script", "learning_rate": 0.0005, "batch_size": 8, "weight_decay": 0.01, "adam_epsilon": 1e-08, "normalized_values": null, "model_name": "distilroberta-base_1630658517", "runtime": 247.6444399356842, "steps_per_sec": 0.18704262835021465}, "preds": {"aes": {"preds": [34.697784423828125, 30.46678924560547, 31.63490867614746, 34.35870361328125, 35.686279296875, 33.52565383911133, 33.6174430847168, 33.378910064697266, 29.069992065429688, 32.25046157836914, 30.889291763305664, 33.18568420410156, 34.163658142089844, 34.66450119018555, 32.16264343261719, 23.930435180664062, 27.766677856445312, 33.736778259277344, 33.543182373046875, 27.770376205444336, 35.74538040161133, 34.64347839355469, 33.27927017211914, 28.813749313354492, 29.733396530151367, 33.01555252075195, 26.565765380859375, 36.76783752441406, 35.79072952270508, 34.0019645690918, 33.42143630981445, 34.42519760131836, 35.735313415527344, 30.342803955078125, 34.531593322753906, 28.93254852294922, 35.892940521240234, 27.26720428466797, 35.19279098510742, 32.4091911315918, 25.718109130859375, 26.892166137695312, 31.58531951904297, 35.66951370239258, 33.3664665222168, 33.4159049987793, 24.203859329223633, 31.536802291870117, 35.14982986450195, 28.35663604736328, 36.113407135009766, 32.005123138427734, 34.07613754272461, 30.48386001586914, 32.091182708740234, 33.334205627441406, 26.85031509399414, 36.712284088134766, 30.525829315185547, 35.04573440551758, 15.84445571899414, 31.433876037597656, 31.42502784729004, 33.59583282470703, 26.740406036376953, 30.027973175048828, 30.75666046142578, 34.76133346557617, 27.869258880615234, 35.795555114746094, 33.8406867980957, 32.98123550415039, 36.837547302246094, 37.02688217163086, 32.00728225708008, 36.46595764160156, 34.85550308227539, 31.333904266357422, 34.343223571777344, 24.800796508789062, 34.038578033447266, 30.557727813720703, 34.35557556152344, 36.050235748291016, 33.32610321044922, 33.687599182128906, 28.491674423217773, 35.10012435913086, 31.480619430541992, 26.74564552307129, 32.862457275390625, 29.872037887573242, 27.49629783630371, 28.18191146850586, 33.3251953125, 35.09958267211914], "labels": [30.0, 26.0, 23.0, 26.0, 26.0, 38.0, 27.0, 39.0, 25.0, 24.0, 25.0, 27.0, 30.0, 27.0, 20.0, 21.0, 21.0, 26.0, 22.0, 24.0, 38.0, 30.0, 34.0, 24.0, 23.0, 22.0, 23.0, 39.0, 34.0, 37.0, 31.0, 28.0, 26.0, 29.0, 34.0, 26.0, 34.0, 19.0, 26.0, 31.0, 18.0, 19.0, 25.0, 26.0, 29.0, 29.0, 18.0, 27.0, 35.0, 22.0, 36.0, 14.0, 24.0, 29.0, 28.0, 24.0, 25.0, 37.0, 24.0, 36.0, 13.0, 23.0, 29.0, 31.0, 23.0, 28.0, 26.0, 26.0, 21.0, 38.0, 32.0, 29.0, 36.0, 40.0, 29.0, 34.0, 36.0, 25.0, 37.0, 17.0, 32.0, 25.0, 25.0, 36.0, 31.0, 27.0, 19.0, 28.0, 24.0, 20.0, 25.0, 23.0, 22.0, 23.0, 27.0, 30.0]}}}