{"best": {"ner": {"f1_score_avg_ner": 0.8325026284023208, "f1_score_macro_ner": 0.10095515347265754, "f1_score_weighted_ner": 0.7564088755507238, "ner": 0.83962922836795, "ner_weight_coef": 1.0}}, "train": {"loss": [0.8118, 0.7898], "learning_rate": [0.0003120300751879699, 0.00012406015037593984], "epoch": [3.76, 7.52], "step": [500, 1000]}, "eval": {"f1_score_avg_ner": [0.8325026284023208, 0.8325026284023208, 0.8325026284023208, 0.8325026284023208, 0.8325026284023208, 0.8325026284023208, 0.8325026284023208, 0.8325026284023208, 0.8325026284023208, 0.8325026284023208], "f1_score_macro_ner": [0.10095515347265754, 0.10095515347265754, 0.10095515347265754, 0.10095515347265754, 0.10095515347265754, 0.10095515347265754, 0.10095515347265754, 0.10095515347265754, 0.10095515347265754, 0.10095515347265754], "f1_score_weighted_ner": [0.7564088755507238, 0.7564088755507238, 0.7564088755507238, 0.7564088755507238, 0.7564088755507238, 0.7564088755507238, 0.7564088755507238, 0.7564088755507238, 0.7564088755507238, 0.7564088755507238], "ner": [0.83962922836795, 0.8204707142078516, 0.8163905468854037, 0.8148029527880929, 0.8147701648148623, 0.8122615082697435, 0.8083699968728152, 0.8046410670786193, 0.8025784393151602, 0.7986634789091168], "total_loss": [0.83962922836795, 0.8204707142078516, 0.8163905468854037, 0.8148029527880929, 0.8147701648148623, 0.8122615082697435, 0.8083699968728152, 0.8046410670786193, 0.8025784393151602, 0.7986634789091168], "ner_weight_coef": [1.0, 1.0, 1.0, 1.0, 1.0, 1.0, 1.0, 1.0, 1.0, 1.0], "epoch": [0.99, 1.99, 2.99, 3.99, 4.99, 5.99, 6.99, 7.99, 8.99, 9.99], "step": [132, 265, 398, 531, 664, 797, 930, 1063, 1196, 1329]}, "test": {"f1_score_avg_ner": 0.8253041886508022, "f1_score_macro_ner": 0.10047691335593363, "f1_score_weighted_ner": 0.7463161570982018, "ner": 0.8301452080408732, "total_loss": 0.8301452080408732, "ner_weight_coef": 1.0}, "info": {"tasks": ["ner"], "outputs": ["loss", "labels", "preds"], "map_out_to_task": {"ner_loss": "ner", "ner_labels": "ner", "ner_preds": "ner"}, "map_out_to_out": {"ner_loss": "loss", "ner_labels": "labels", "ner_preds": "preds"}, "map_task_index": {"ner": 0}, "map_index_task": {"0": "ner"}, "optimizer_weighting": "fixed", "epochs_to_avg_over": 2, "temp": 2, "init_task_weightings": {"aes": 1.0, "ged": 1.0, "ner": 1.0}, "metrics_to_track_by_task": {"aes": "pearson_aes", "ged": "f_0_5_ged", "ner": "f1_score_avg_ner"}, "regression_tasks": ["aes"], "classification_tasks": ["ner", "ged"], "fce_tasks": ["aes", "ged"], "task_priorities_priority_as_key": {"primary_task": "ner"}, "early_stopping_patience": 2, "early_stopping_metric": "loss", "pretrained_model": "distilroberta-base", "frozen_layers": null, "scoring": "script", "learning_rate": 0.0005, "batch_size": 8, "weight_decay": 0.01, "adam_epsilon": 1e-08, "normalized_values": null, "model_name": "distilroberta-base_1630616774", "runtime": 343.8831362724304, "steps_per_sec": 0.25875330043072264}, "preds": {}}