{"best": {"ner": {"f1_score_avg_ner": 0.9929130485572991, "f1_score_macro_ner": 0.9604928252292522, "f1_score_weighted_ner": 0.9929345068975916, "ner": 0.03453367735456788, "ner_weight_coef": 1.0}}, "train": {"loss": [0.0909, 0.0108], "learning_rate": [4.3684210526315785e-05, 1.7368421052631577e-05], "epoch": [3.76, 7.52], "step": [500, 1000]}, "eval": {"f1_score_avg_ner": [0.983762314551614, 0.9867411705151669, 0.9901094194151319, 0.9911218410498034, 0.9912191892839064, 0.9923094895058604, 0.9926210038549901, 0.9929130485572991], "f1_score_macro_ner": [0.911838695744839, 0.927079977917685, 0.9443591298791356, 0.9521631117244331, 0.950952106460264, 0.9555487885265939, 0.9578918977279351, 0.9604928252292522], "f1_score_weighted_ner": [0.9835192079477798, 0.9865436907959996, 0.9900370177711587, 0.991097157471199, 0.991137640392967, 0.9923497491803818, 0.9926834297711066, 0.9929345068975916], "ner": [0.06160498901524327, 0.050308449236168104, 0.04038421408216836, 0.038019537442420245, 0.03928917834083691, 0.03346293878205346, 0.03350963973383786, 0.03453367735456788], "total_loss": [0.06160498901524327, 0.050308449236168104, 0.04038421408216836, 0.038019537442420245, 0.03928917834083691, 0.03346293878205346, 0.03350963973383786, 0.03453367735456788], "ner_weight_coef": [1.0, 1.0, 1.0, 1.0, 1.0, 1.0, 1.0, 1.0], "epoch": [0.99, 1.99, 2.99, 3.99, 4.99, 5.99, 6.99, 7.99], "step": [132, 265, 398, 531, 664, 797, 930, 1063]}, "test": {"f1_score_avg_ner": 0.9819317325293421, "f1_score_macro_ner": 0.8980843869376014, "f1_score_weighted_ner": 0.9824359295453383, "ner": 0.1085557946935296, "total_loss": 0.1085557946935296, "ner_weight_coef": 1.0}, "info": {"tasks": ["ner"], "outputs": ["loss", "labels", "preds"], "map_out_to_task": {"ner_loss": "ner", "ner_labels": "ner", "ner_preds": "ner"}, "map_out_to_out": {"ner_loss": "loss", "ner_labels": "labels", "ner_preds": "preds"}, "map_task_index": {"ner": 0}, "map_index_task": {"0": "ner"}, "optimizer_weighting": "fixed", "epochs_to_avg_over": 2, "temp": 2, "init_task_weightings": {"aes": 1.0, "ged": 1.0, "ner": 1.0}, "metrics_to_track_by_task": {"aes": "pearson_aes", "ged": "f_0_5_ged", "ner": "f1_score_avg_ner"}, "regression_tasks": ["aes"], "classification_tasks": ["ner", "ged"], "fce_tasks": ["aes", "ged"], "task_priorities_priority_as_key": {"primary_task": "ner"}, "early_stopping_patience": 2, "early_stopping_metric": "loss", "pretrained_model": "distilroberta-base", "frozen_layers": null, "scoring": "script", "learning_rate": 7e-05, "batch_size": 8, "weight_decay": 0.01, "adam_epsilon": 1e-08, "normalized_values": null, "model_name": "distilroberta-base_1630615864", "runtime": 536.3586392402649, "steps_per_sec": 0.5045706860209453}, "preds": {}}