{"best": {"aes": {"rmse_aes": 6.765927710061479, "pearson_aes": 0.6310242962844479, "spearman_aes": 0.6285480513343803, "kappa_aes": 0.34685240698289543, "aes": 5.7811172618422395, "aes_weight_coef": 0.6000000238418579}, "ged": {"f1_score_avg_ged": 0.831666151043278, "f1_score_macro_ged": 0.6691745917311889, "f1_score_weighted_ged": 0.8385920469154677, "f_0_5_ged": 0.4651901828493204, "ged": 0.05069491024627242, "ged_weight_coef": 0.4000000059604645}, "ner": {"f1_score_avg_ner": 0.9775125579221993, "f1_score_macro_ner": 0.8900331770705484, "f1_score_weighted_ner": 0.9776054016212061, "ner": 0.0024168923453882682, "ner_weight_coef": 0.03999999910593033}}, "train": {"loss": [23.0578, 6.3284], "learning_rate": [0.0004528301886792453, 0.0004056603773584906], "epoch": [1.89, 3.77], "step": [500, 1000]}, "eval": {"rmse_aes": [5.798706752371601, 5.851163227180653, 5.830951894845301, 6.335525936249404, 6.765927710061479], "pearson_aes": [0.3905805894825428, 0.5591690636085428, 0.5909307827470792, 0.6094526267653838, 0.6310242962844479], "spearman_aes": [0.3754623560862642, 0.5562712753450572, 0.5847035567097046, 0.5969692010165304, 0.6285480513343803], "kappa_aes": [0.08657728961395572, 0.23325358851674638, 0.3610069776987276, 0.3547484141854217, 0.34685240698289543], "f1_score_avg_ged": [0.825478670379155, 0.8105255921075246, 0.8445567357602007, 0.831666151043278, 0.8716441511120278], "f1_score_macro_ged": [0.6172974223876837, 0.6451707875790208, 0.6656133119907987, 0.6691745917311889, 0.6715964617945025], "f1_score_weighted_ged": [0.8235478319959381, 0.8221659575202265, 0.8443549293521154, 0.8385920469154677, 0.8588862099478888], "f_0_5_ged": [0.32987723099143706, 0.4432159367106705, 0.42022391493277444, 0.4651901828493204, 0.3655510834206318], "f1_score_avg_ner": [0.9550835247848604, 0.9682450060355905, 0.9705813636540633, 0.9757408200615241, 0.9775125579221993], "f1_score_macro_ner": [0.7774416023751253, 0.8477065503723058, 0.8638615048644547, 0.8889718391366596, 0.8900331770705484], "f1_score_weighted_ner": [0.9533263096832548, 0.9677764173751253, 0.970590078126475, 0.975764804177262, 0.9776054016212061], "aes": [4.260994600695233, 4.283263594605202, 4.228179992631424, 4.9920422642730005, 5.7811172618422395], "ged": [0.05480488511018975, 0.05143461463063262, 0.05358049308144769, 0.05069491024627242, 0.06257504709931307], "ner": [0.004500353270275302, 0.00330959560165485, 0.003087700263402143, 0.0025461065436735058, 0.0024168923453882682], "total_loss": [4.320299839075698, 4.338007804837489, 4.284848185976274, 5.045283281062947, 5.846109201286941], "aes_weight_coef": [0.6000000238418579, 0.6000000238418579, 0.6000000238418579, 0.6000000238418579, 0.6000000238418579], "ged_weight_coef": [0.4000000059604645, 0.4000000059604645, 0.4000000059604645, 0.4000000059604645, 0.4000000059604645], "ner_weight_coef": [0.03999999910593033, 0.03999999910593033, 0.03999999910593033, 0.03999999910593033, 0.03999999910593033], "epoch": [1.0, 2.0, 3.0, 4.0, 5.0], "step": [264, 529, 794, 1059, 1324]}, "test": {"rmse_aes": 6.149186938124422, "pearson_aes": 0.7388589304528496, "spearman_aes": 0.7501856298422028, "kappa_aes": 0.4522707623455221, "f1_score_avg_ged": 0.8520507682030728, "f1_score_macro_ged": 0.6678565327772771, "f1_score_weighted_ged": 0.8402536131892571, "f_0_5_ged": 0.37812911725955206, "f1_score_avg_ner": 0.9687089479918165, "f1_score_macro_ner": 0.8442636996568184, "f1_score_weighted_ner": 0.9696171524586857, "aes": 6.4534075146629695, "ged": 0.08879422928605761, "ner": 0.0033850687738907126, "total_loss": 6.545586812722918, "aes_weight_coef": 0.6000000238418579, "ged_weight_coef": 0.4000000059604645, "ner_weight_coef": 0.03999999910593033}, "info": {"tasks": ["aes", "ged", "ner"], "outputs": ["loss", "labels", "preds"], "map_out_to_task": {"aes_loss": "aes", "aes_labels": "aes", "aes_preds": "aes", "ged_loss": "ged", "ged_labels": "ged", "ged_preds": "ged", "ner_loss": "ner", "ner_labels": "ner", "ner_preds": "ner"}, "map_out_to_out": {"aes_loss": "loss", "aes_labels": "labels", "aes_preds": "preds", "ged_loss": "loss", "ged_labels": "labels", "ged_preds": "preds", "ner_loss": "loss", "ner_labels": "labels", "ner_preds": "preds"}, "map_task_index": {"aes": 0, "ged": 1, "ner": 2}, "map_index_task": {"0": "aes", "1": "ged", "2": "ner"}, "optimizer_weighting": "fixed", "epochs_to_avg_over": 2, "temp": 2, "init_task_weightings": {"aes": 0.6000000000000001, "ged": 0.3999999999999999, "ner": 0.039999999999999994}, "metrics_to_track_by_task": {"aes": "pearson_aes", "ged": "f_0_5_ged", "ner": "f1_score_avg_ner"}, "regression_tasks": ["aes"], "classification_tasks": ["ner", "ged"], "fce_tasks": ["aes", "ged"], "task_priorities_priority_as_key": {"primary_task": "aes", "secondary_task": "ged", "aux_task": "ner"}, "early_stopping_patience": 2, "early_stopping_metric": "loss", "pretrained_model": "distilroberta-base", "frozen_layers": "all", "scoring": "script", "learning_rate": 0.0005, "batch_size": 8, "weight_decay": 0.01, "adam_epsilon": 1e-08, "normalized_values": null, "model_name": "distilroberta-base_1630647837", "runtime": 246.94110441207886, "steps_per_sec": 0.1865114081662227}, "preds": {"aes": {"preds": [34.697792053222656, 30.466806411743164, 31.634838104248047, 34.35872268676758, 35.6861572265625, 33.525638580322266, 33.61747741699219, 33.37887954711914, 29.069894790649414, 32.25057601928711, 30.889347076416016, 33.185768127441406, 34.16373062133789, 34.664527893066406, 32.16267776489258, 23.930341720581055, 27.766630172729492, 33.73671340942383, 33.543190002441406, 27.770334243774414, 35.74541473388672, 34.643497467041016, 33.279232025146484, 28.813766479492188, 29.733407974243164, 33.0156364440918, 26.5656795501709, 36.76774597167969, 35.7907829284668, 34.002010345458984, 33.42143249511719, 34.4251708984375, 35.735225677490234, 30.34273338317871, 34.531673431396484, 28.932661056518555, 35.89296340942383, 27.267189025878906, 35.192806243896484, 32.40919494628906, 25.718101501464844, 26.892059326171875, 31.585357666015625, 35.669517517089844, 33.36655044555664, 33.41594314575195, 24.20389175415039, 31.536739349365234, 35.14985656738281, 28.35664176940918, 36.11347198486328, 32.00510025024414, 34.076107025146484, 30.48387336730957, 32.09113693237305, 33.334197998046875, 26.8502197265625, 36.71229934692383, 30.525808334350586, 35.04574966430664, 15.844220161437988, 31.43399429321289, 31.42514991760254, 33.5958251953125, 26.74043083190918, 30.0280704498291, 30.756624221801758, 34.761390686035156, 27.869184494018555, 35.79560470581055, 33.84069061279297, 32.98122024536133, 36.83748245239258, 37.02687072753906, 32.00725173950195, 36.465911865234375, 34.85551071166992, 31.333967208862305, 34.343299865722656, 24.800851821899414, 34.038631439208984, 30.557790756225586, 34.355594635009766, 36.050235748291016, 33.32609176635742, 33.687522888183594, 28.491748809814453, 35.100067138671875, 31.48055648803711, 26.745697021484375, 32.86247634887695, 29.87210464477539, 27.49626922607422, 28.181921005249023, 33.3251838684082, 35.099605560302734], "labels": [30.0, 26.0, 23.0, 26.0, 26.0, 38.0, 27.0, 39.0, 25.0, 24.0, 25.0, 27.0, 30.0, 27.0, 20.0, 21.0, 21.0, 26.0, 22.0, 24.0, 38.0, 30.0, 34.0, 24.0, 23.0, 22.0, 23.0, 39.0, 34.0, 37.0, 31.0, 28.0, 26.0, 29.0, 34.0, 26.0, 34.0, 19.0, 26.0, 31.0, 18.0, 19.0, 25.0, 26.0, 29.0, 29.0, 18.0, 27.0, 35.0, 22.0, 36.0, 14.0, 24.0, 29.0, 28.0, 24.0, 25.0, 37.0, 24.0, 36.0, 13.0, 23.0, 29.0, 31.0, 23.0, 28.0, 26.0, 26.0, 21.0, 38.0, 32.0, 29.0, 36.0, 40.0, 29.0, 34.0, 36.0, 25.0, 37.0, 17.0, 32.0, 25.0, 25.0, 36.0, 31.0, 27.0, 19.0, 28.0, 24.0, 20.0, 25.0, 23.0, 22.0, 23.0, 27.0, 30.0]}}}