{"best": {"aes": {"rmse_aes": 19.59494897458158, "pearson_aes": NaN, "spearman_aes": NaN, "kappa_aes": 0.0, "aes": 416.94063991970484, "aes_weight_coef": 1.0}}, "train": {}, "eval": {"rmse_aes": [19.59494897458158, 17.69109051314542, 16.74756736538856], "pearson_aes": [NaN, NaN, NaN], "spearman_aes": [NaN, NaN, NaN], "kappa_aes": [0.0, 0.0, 0.0], "aes": [416.94063991970484, 330.9727037217882, 297.8634507921007], "total_loss": [416.94063991970484, 330.9727037217882, 297.8634507921007], "aes_weight_coef": [1.0, 1.0, 1.0], "epoch": [0.99, 1.99, 2.99], "step": [132, 265, 398]}, "test": {"rmse_aes": 16.55419092294764, "pearson_aes": NaN, "spearman_aes": NaN, "kappa_aes": 0.0, "aes": 299.00219599405926, "total_loss": 299.00219599405926, "aes_weight_coef": 1.0}, "info": {"tasks": ["aes"], "outputs": ["loss", "labels", "preds"], "map_out_to_task": {"aes_loss": "aes", "aes_labels": "aes", "aes_preds": "aes"}, "map_out_to_out": {"aes_loss": "loss", "aes_labels": "labels", "aes_preds": "preds"}, "map_task_index": {"aes": 0}, "map_index_task": {"0": "aes"}, "optimizer_weighting": "fixed", "epochs_to_avg_over": 2, "temp": 2, "init_task_weightings": {"aes": 1.0, "ged": 1.0, "ner": 1.0}, "metrics_to_track_by_task": {"aes": "pearson_aes", "ged": "f_0_5_ged", "ner": "f1_score_avg_ner"}, "regression_tasks": ["aes"], "classification_tasks": ["ner", "ged"], "fce_tasks": ["aes", "ged"], "task_priorities_priority_as_key": {"primary_task": "aes"}, "early_stopping_patience": 2, "early_stopping_metric": null, "pretrained_model": "distilroberta-base", "frozen_layers": 6, "scoring": "script", "learning_rate": 1e-05, "batch_size": 8, "weight_decay": 0.01, "adam_epsilon": 1e-08, "normalized_values": null, "model_name": "distilroberta-base_1630615188", "runtime": 97.97732210159302, "steps_per_sec": 0.24617417613465584}, "preds": {"aes": {"preds": [12.388699531555176, 12.386756896972656, 12.387367248535156, 12.387484550476074, 12.384480476379395, 12.389493942260742, 12.388076782226562, 12.387741088867188, 12.38704776763916, 12.38376522064209, 12.38650894165039, 12.388660430908203, 12.3876953125, 12.386373519897461, 12.385744094848633, 12.390056610107422, 12.39106273651123, 12.389930725097656, 12.390270233154297, 12.389237403869629, 12.389552116394043, 12.388275146484375, 12.389087677001953, 12.388463973999023, 12.390028953552246, 12.389020919799805, 12.387228012084961, 12.383163452148438, 12.38785457611084, 12.385458946228027, 12.390704154968262, 12.38974380493164, 12.382384300231934, 12.390554428100586, 12.38841438293457, 12.387479782104492, 12.385431289672852, 12.388998985290527, 12.388286590576172, 12.389060020446777, 12.383901596069336, 12.390769958496094, 12.390135765075684, 12.386509895324707, 12.386627197265625, 12.390708923339844, 12.387402534484863, 12.384673118591309, 12.388350486755371, 12.389200210571289, 12.385551452636719, 12.386576652526855, 12.38863754272461, 12.388188362121582, 12.385855674743652, 12.38394546508789, 12.388158798217773, 12.385828971862793, 12.390533447265625, 12.384993553161621, 12.384733200073242, 12.388124465942383, 12.38355827331543, 12.386280059814453, 12.388896942138672, 12.385717391967773, 12.388447761535645, 12.387309074401855, 12.388875007629395, 12.38829517364502, 12.387665748596191, 12.387575149536133, 12.3894681930542, 12.388143539428711, 12.380940437316895, 12.387856483459473, 12.388519287109375, 12.387673377990723, 12.385896682739258, 12.388772010803223, 12.386116981506348, 12.386220932006836, 12.383405685424805, 12.385972023010254, 12.38560676574707, 12.39021110534668, 12.389695167541504, 12.387896537780762, 12.387066841125488, 12.38979721069336, 12.385476112365723, 12.388452529907227, 12.390230178833008, 12.388049125671387, 12.386452674865723, 12.389947891235352, 12.38648796081543], "labels": [30.0, 26.0, 23.0, 26.0, 26.0, 38.0, 27.0, 39.0, 25.0, 24.0, 25.0, 27.0, 30.0, 27.0, 20.0, 21.0, 21.0, 26.0, 22.0, 24.0, 38.0, 30.0, 34.0, 24.0, 23.0, 22.0, 23.0, 39.0, 34.0, 37.0, 31.0, 28.0, 26.0, 29.0, 34.0, 26.0, 34.0, 19.0, 26.0, 31.0, 18.0, 19.0, 25.0, 26.0, 29.0, 29.0, 18.0, 27.0, 35.0, 22.0, 36.0, 14.0, 24.0, 29.0, 28.0, 24.0, 25.0, 37.0, 24.0, 36.0, 13.0, 23.0, 29.0, 31.0, 23.0, 28.0, 26.0, 26.0, 21.0, 38.0, 32.0, 29.0, 36.0, 40.0, 29.0, 34.0, 36.0, 25.0, 37.0, 17.0, 32.0, 25.0, 25.0, 36.0, 31.0, 27.0, 19.0, 28.0, 24.0, 20.0, 25.0, 23.0, 22.0, 23.0, 27.0, 30.0, 34.0]}}}