{"best": {"aes": {"rmse_aes": 5.5113519212621505, "pearson_aes": 0.5002221602685948, "spearman_aes": 0.47454967323086056, "kappa_aes": 0.177635316075631, "aes": 1.8989050443782363, "aes_weight_coef": 0.30000001192092896}, "ged": {"f1_score_avg_ged": 0.8052318586504417, "f1_score_macro_ged": 0.6761312961480112, "f1_score_weighted_ged": 0.8255454986369405, "f_0_5_ged": 0.5626251390433815, "ged": 0.07857300237167714, "ged_weight_coef": 0.699999988079071}, "ner": {"f1_score_avg_ner": 0.9877535921498384, "f1_score_macro_ner": 0.9326606745691007, "f1_score_weighted_ner": 0.9876931417459612, "ner": 0.0027746903462346297, "ner_weight_coef": 0.07000000029802322}}, "train": {"loss": [51.6858, 5.2607, 4.62, 4.4825, 4.28, 4.2296, 3.9922, 4.0394, 3.875, 3.8841], "learning_rate": [6.339622641509433e-05, 5.679245283018868e-05, 5.0188679245283013e-05, 4.3584905660377356e-05, 3.69811320754717e-05, 3.0377358490566036e-05, 2.3773584905660375e-05, 1.7169811320754714e-05, 1.0566037735849056e-05, 3.9622641509433956e-06], "epoch": [1.89, 3.77, 5.66, 7.55, 9.43, 11.32, 13.21, 15.09, 16.98, 18.87], "step": [500, 1000, 1500, 2000, 2500, 3000, 3500, 4000, 4500, 5000]}, "eval": {"rmse_aes": [16.53447576698121, 6.306962642808167, 5.803495115493384, 5.7566386797235145, 5.744562646538029, 5.678908345800274, 5.689903338370521, 5.710613899670605, 5.678908345800274, 5.632248416238601, 5.57150488348226, 5.5665169640549115, 5.576488341440536, 5.569011482201208, 5.559026693385973, 5.547772325697746, 5.547772325697746, 5.5113519212621505, 5.5113519212621505, 5.5113519212621505], "pearson_aes": [0.17492034546816693, 0.13213398359010115, 0.18704917839304744, 0.2570855000703394, 0.3025612917290786, 0.4059839948839608, 0.3918618782031494, 0.3612741230569227, 0.37506251474077074, 0.4220512043723294, 0.47601514621134156, 0.46842591139177636, 0.4646959490212402, 0.44966445745223077, 0.46742339347758805, 0.4696184852986423, 0.4696184852986423, 0.5002221602685948, 0.5002221602685948, 0.5002221602685948], "spearman_aes": [0.20204737395364117, 0.17507022248242127, 0.20124996923466185, 0.24972619970401108, 0.30418072556415465, 0.40017537975834194, 0.37965004360510385, 0.3717420317845653, 0.36262689946565685, 0.42166582603324426, 0.46372657812854223, 0.46952949915470477, 0.46436188173036497, 0.4532101630707299, 0.4655975133736655, 0.4704200352312923, 0.4704200352312923, 0.47454967323086056, 0.47454967323086056, 0.47454967323086056], "kappa_aes": [0.006670633115178792, 0.029478757468722083, 0.04948004025494812, 0.05799115603284899, 0.07046149976945981, 0.09100844928328222, 0.08689075630252108, 0.0880621320305649, 0.09099307159353354, 0.11603683179867497, 0.1472407819846573, 0.15090145714991354, 0.15419149457187176, 0.1564414672003922, 0.16350614470578662, 0.16834099320779283, 0.16834099320779283, 0.177635316075631, 0.177635316075631, 0.177635316075631], "f1_score_avg_ged": [0.7672819772438211, 0.7270289780344437, 0.7790038156130762, 0.7756007012478086, 0.7959506376542573, 0.7930631466776666, 0.8136537073321646, 0.8052318586504417, 0.8363755113265271, 0.8347255164827609, 0.84569110721529, 0.846516104637173, 0.8576879447251727, 0.8651129215221203, 0.8601629369908219, 0.8603004365611358, 0.8575160702622804, 0.8536660822934928, 0.8435598638754254, 0.845175483826613], "f1_score_macro_ged": [0.5893552630130378, 0.5972882368236377, 0.644498721699397, 0.6492766205157223, 0.6657356632483383, 0.6653123890317019, 0.6784939893232252, 0.6761312961480112, 0.692007679583339, 0.692539839031456, 0.6975391354743159, 0.6965170209949754, 0.7025579131269755, 0.704045622046888, 0.7028402900900109, 0.7018635901110053, 0.7019821668317108, 0.7007332122133091, 0.6951985728199989, 0.6966714826652941], "f1_score_weighted_ged": [0.7868688754420815, 0.7643121549388328, 0.8042827152907168, 0.8030810184836448, 0.8181826374702154, 0.8164055763282173, 0.8308155949703477, 0.8255454986369405, 0.8460884648102783, 0.8453195461326233, 0.8522182348504399, 0.8524201366307173, 0.8595191717153366, 0.8635818778105995, 0.8608318573962206, 0.8606739850273265, 0.8592996480471474, 0.8570562560339701, 0.8505846569727975, 0.8517562064523811], "f_0_5_ged": [0.36555570921495417, 0.4765721331689272, 0.5194352449015165, 0.5456955908138391, 0.5508044963632356, 0.557304648213739, 0.5468607825295722, 0.5626251390433815, 0.5273596176821984, 0.5342134004463651, 0.5177717019822283, 0.5117704757233937, 0.4968991075480261, 0.47804550848769417, 0.4899618805590851, 0.48637636872930995, 0.495561384041158, 0.5035917390002992, 0.5164022194101041, 0.5164250500317273], "f1_score_avg_ner": [0.9744752930181847, 0.982379969627351, 0.9850083719481328, 0.985495113118648, 0.986040263229625, 0.9866632919278844, 0.9865075347533195, 0.9869553366301935, 0.9870137455706554, 0.9869163973365523, 0.9869748062770142, 0.9870137455706554, 0.9870137455706554, 0.9872863206261439, 0.9875588956816324, 0.987325259919785, 0.9876173046220942, 0.9875783653284529, 0.9877535921498384, 0.987675713562556], "f1_score_macro_ner": [0.8436004918625095, 0.9037826022734821, 0.9188826136135049, 0.922352524521258, 0.922935771488317, 0.9260629527425874, 0.9254279219269453, 0.9293622346146608, 0.9301587074612377, 0.9289041415042697, 0.9306472175669308, 0.9298558234234666, 0.9299635058317333, 0.9313705539524754, 0.931762045434778, 0.9313265888236866, 0.9333487273351638, 0.9321179892766688, 0.9326606745691007, 0.9326457647091723], "f1_score_weighted_ner": [0.9736236566440806, 0.9821611053560475, 0.9849503057150457, 0.9854707247345977, 0.985960184469395, 0.9866026247459552, 0.9864267879280506, 0.9868895310067496, 0.9869652905859619, 0.9868342131458593, 0.9869210149951106, 0.9869620832132181, 0.9869588257140359, 0.9872522852885454, 0.987491034196469, 0.9872804325787249, 0.9875641424845225, 0.987513765573579, 0.9876931417459612, 0.9876072126691605], "aes": [17.231600739235102, 2.503754127857297, 2.1067325680754907, 2.0830448949059774, 2.0772698313690894, 2.059742029323134, 2.0443835979284244, 2.03894941751347, 1.9975643823313158, 1.9895443361858989, 1.9767662314481513, 1.9554730404255003, 1.955064335534739, 1.925748581110045, 1.9316667013390119, 1.9124826553256014, 1.9056027212808297, 1.8989050443782363, 1.8950324723886889, 1.8897723319918611], "ged": [0.09587412240893342, 0.08722883116367251, 0.08185906950817552, 0.07939944710842399, 0.07823155647100405, 0.07754919418068819, 0.0799680165080137, 0.07857300237167714, 0.08655913971191229, 0.08793467560479808, 0.09346722724825837, 0.09570907506831856, 0.103274300347927, 0.11011142370312713, 0.10785141587257385, 0.11014194682587025, 0.10964386130488196, 0.10768349572669628, 0.1033182816449986, 0.10517896538557009], "ner": [0.005082594106233743, 0.003536693372785352, 0.003008463151947877, 0.0029222394101494965, 0.0027910250748052847, 0.0026426723641126827, 0.0027720413514586207, 0.0026735787843029167, 0.002759145146376605, 0.0028018317548124945, 0.002763279258858326, 0.0028135599656474537, 0.0027493171354614977, 0.0027819300472443965, 0.002779526702672525, 0.0027741211504393884, 0.002763509443083908, 0.002777131797534652, 0.0027746903462346297, 0.0027833301401399293], "total_loss": [17.33255745575027, 2.594519652393755, 2.191600100735614, 2.165366581424551, 2.158292412914899, 2.139933895867935, 2.1271236557878965, 2.1201959986694505, 2.0868826671896046, 2.0802808435455096, 2.072996737955268, 2.053995675459466, 2.0610879530181276, 2.0386419348604163, 2.0422976439142584, 2.025398723301911, 2.0180100920287956, 2.0093656719024673, 2.0011254443799222, 1.9977346275175711], "aes_weight_coef": [0.30000001192092896, 0.30000001192092896, 0.30000001192092896, 0.30000001192092896, 0.30000001192092896, 0.30000001192092896, 0.30000001192092896, 0.30000001192092896, 0.30000001192092896, 0.30000001192092896, 0.30000001192092896, 0.30000001192092896, 0.30000001192092896, 0.30000001192092896, 0.30000001192092896, 0.30000001192092896, 0.30000001192092896, 0.30000001192092896, 0.30000001192092896, 0.30000001192092896],