{"best": {"aes": {"rmse_aes": 229.47863307500916, "pearson_aes": NaN, "spearman_aes": NaN, "kappa_aes": 0.0, "aes": 4.341454301639816e-06, "aes_weight_coef": 1.193777876551394e-07}, "ged": {"f1_score_avg_ged": 0.7691776955403625, "f1_score_macro_ged": 0.6546917305258247, "f1_score_weighted_ged": 0.799831998591096, "f_0_5_ged": 0.5829961045346242, "ged": 0.6524728801515367, "ged_weight_coef": 0.9999998807907104}}, "train": {"loss": [0.5079], "learning_rate": [0.00037468671679198], "epoch": [3.76], "step": [500]}, "eval": {"rmse_aes": [229.47863307500916, 229.57158779790376, 226.93658847764812, 230.62021495156014], "pearson_aes": [NaN, 0.4973397594049116, 0.602174786638902, 0.03404324152500497], "spearman_aes": [NaN, 0.4897086224056539, 0.6491987665589162, 0.06741564056896107], "kappa_aes": [0.0, 0.07055685903819853, 0.3125040606218533, 0.00466450329739343], "f1_score_avg_ged": [0.6564009283070941, 0.7579188358527253, 0.7574797716866336, 0.7691776955403625], "f1_score_macro_ged": [0.5732345747326705, 0.6455930596392248, 0.646191674191481, 0.6546917305258247], "f1_score_weighted_ged": [0.7107580221465866, 0.7912392502216681, 0.7910410706740159, 0.799831998591096], "f_0_5_ged": [0.5576891781936534, 0.5787709497206703, 0.582324095400847, 0.5829961045346242], "aes": [4.341454301639816e-06, 4.348553716226888e-06, 4.2450571603088365e-06, 4.3843699586432194e-06], "ged": [0.6034431391292148, 0.5832409858703613, 0.5911308328310648, 0.6524728801515367], "total_loss": [0.6034474805835165, 0.5832453344240776, 0.5911350778882252, 0.6524772645214953], "aes_weight_coef": [1.193777876551394e-07, 1.193777876551394e-07, 1.193777876551394e-07, 1.193777876551394e-07], "ged_weight_coef": [0.9999998807907104, 0.9999998807907104, 0.9999998807907104, 0.9999998807907104], "epoch": [0.99, 1.99, 2.99, 3.99], "step": [132, 265, 398, 531]}, "test": {"rmse_aes": 240.60889255232803, "pearson_aes": 0.050944844758944466, "spearman_aes": 0.0379544916948552, "kappa_aes": 0.004436956601940656, "f1_score_avg_ged": 0.7486220628181123, "f1_score_macro_ged": 0.643352769002686, "f1_score_weighted_ged": 0.7788012021450338, "f_0_5_ged": 0.5652514810082473, "aes": 4.617931779193896e-06, "ged": 0.7077316343784332, "total_loss": 0.7077362523102124, "aes_weight_coef": 1.193777876551394e-07, "ged_weight_coef": 0.9999998807907104}, "info": {"tasks": ["aes", "ged"], "outputs": ["loss", "labels", "preds"], "map_out_to_task": {"aes_loss": "aes", "aes_labels": "aes", "aes_preds": "aes", "ged_loss": "ged", "ged_labels": "ged", "ged_preds": "ged"}, "map_out_to_out": {"aes_loss": "loss", "aes_labels": "labels", "aes_preds": "preds", "ged_loss": "loss", "ged_labels": "labels", "ged_preds": "preds"}, "map_task_index": {"aes": 0, "ged": 1}, "map_index_task": {"0": "aes", "1": "ged"}, "optimizer_weighting": "dynamic", "epochs_to_avg_over": 2, "temp": 2, "init_task_weightings": {"aes": 1.0, "ged": 1.0, "ner": 1.0}, "metrics_to_track_by_task": {"aes": "pearson_aes", "ged": "f_0_5_ged", "ner": "f1_score_avg_ner"}, "regression_tasks": ["aes"], "classification_tasks": ["ner", "ged"], "fce_tasks": ["aes", "ged"], "task_priorities_priority_as_key": {"primary_task": "aes", "secondary_task": "ged", "aux_task": "ner"}, "early_stopping_patience": 2, "early_stopping_metric": "loss", "pretrained_model": "distilroberta-base", "frozen_layers": 3, "scoring": "script", "learning_rate": 0.0005, "batch_size": 8, "weight_decay": 0.01, "adam_epsilon": 1e-08, "normalized_values": [40, 0], "model_name": "distilroberta-base_1630671622", "runtime": 153.09554839134216, "steps_per_sec": 0.2883155336936764}, "preds": {"aes": {"preds": [28.594181060791016, 28.588220596313477, 28.593311309814453, 28.59058952331543, 28.59233856201172, 28.590892791748047, 28.59256935119629, 28.588708877563477, 28.58440399169922, 28.592487335205078, 28.58750343322754, 28.592239379882812, 28.588563919067383, 28.590770721435547, 28.593477249145508, 28.58095359802246, 28.590913772583008, 28.591182708740234, 28.59037208557129, 28.587730407714844, 28.593385696411133, 28.585166931152344, 28.590391159057617, 28.590299606323242, 28.59189224243164, 28.594287872314453, 28.59079360961914, 28.5905818939209, 28.5955810546875, 28.59391975402832, 28.590078353881836, 28.597070693969727, 28.594926834106445, 28.585750579833984, 28.58871841430664, 28.588985443115234, 28.595096588134766, 28.58966827392578, 28.593339920043945, 28.58940887451172, 28.592378616333008, 28.584388732910156, 28.588951110839844, 28.587533950805664, 28.59103012084961, 28.591510772705078, 28.589502334594727, 28.58552360534668, 28.590951919555664, 28.58778953552246, 28.591331481933594, 28.596282958984375, 28.59267807006836, 28.59366226196289, 28.592239379882812, 28.585691452026367, 28.586341857910156, 28.585493087768555, 28.586423873901367, 28.58853530883789, 28.581058502197266, 28.594207763671875, 28.595386505126953, 28.59360122680664, 28.588415145874023, 28.5946044921875, 28.587909698486328, 28.591760635375977, 28.595836639404297, 28.585481643676758, 28.583192825317383, 28.59122085571289, 28.587080001831055, 28.596885681152344, 28.579269409179688, 28.592334747314453, 28.595746994018555, 28.59352684020996, 28.592287063598633, 28.59042739868164, 28.595117568969727, 28.591400146484375, 28.59007453918457, 28.59055519104004, 28.587726593017578, 28.589805603027344, 28.588769912719727, 28.589359283447266, 28.587520599365234, 28.59286880493164, 28.586977005004883, 28.591543197631836, 28.58535385131836, 28.5911808013916, 28.586673736572266, 28.58873748779297, 28.589447021484375], "labels": [30.0, 26.0, 23.0, 26.0, 26.0, 38.0, 27.0, 39.0, 25.0, 24.0, 25.0, 27.0, 30.0, 27.0, 20.0, 21.0, 21.0, 26.0, 22.0, 24.0, 38.0, 30.0, 34.0, 24.0, 23.0, 22.0, 23.0, 39.0, 34.0, 37.0, 31.0, 28.0, 26.0, 29.0, 34.0, 26.0, 34.0, 19.0, 26.0, 31.0, 18.0, 19.0, 25.0, 26.0, 29.0, 29.0, 18.0, 27.0, 35.0, 22.0, 36.0, 14.0, 24.0, 29.0, 28.0, 24.0, 25.0, 37.0, 24.0, 36.0, 13.0, 23.0, 29.0, 31.0, 23.0, 28.0, 26.0, 26.0, 21.0, 38.0, 32.0, 29.0, 36.0, 40.0, 29.0, 34.0, 36.0, 25.0, 37.0, 17.0, 32.0, 25.0, 25.0, 36.0, 31.0, 27.0, 19.0, 28.0, 24.0, 20.0, 25.0, 23.0, 22.0, 23.0, 27.0, 30.0, 34.0]}}}