{"best": {"aes": {"rmse_aes": 5.7080888641481975, "pearson_aes": NaN, "spearman_aes": NaN, "kappa_aes": 0.0, "aes": 36.31020164489746, "aes_weight_coef": 1.0}}, "train": {}, "eval": {"rmse_aes": [5.7080888641481975, 5.7080888641481975, 5.7080888641481975], "pearson_aes": [NaN, NaN, NaN], "spearman_aes": [NaN, NaN, NaN], "kappa_aes": [0.0, 0.0, 0.0], "aes": [36.31020164489746, 36.32026322682699, 36.43974929385715], "total_loss": [36.31020164489746, 36.32026322682699, 36.43974929385715], "aes_weight_coef": [1.0, 1.0, 1.0], "epoch": [0.99, 1.99, 2.99], "step": [132, 265, 398]}, "test": {"rmse_aes": 5.932611253795398, "pearson_aes": NaN, "spearman_aes": NaN, "kappa_aes": 0.0, "aes": 38.46911811828613, "total_loss": 38.46911811828613, "aes_weight_coef": 1.0}, "info": {"tasks": ["aes"], "outputs": ["loss", "labels", "preds"], "map_out_to_task": {"aes_loss": "aes", "aes_labels": "aes", "aes_preds": "aes"}, "map_out_to_out": {"aes_loss": "loss", "aes_labels": "labels", "aes_preds": "preds"}, "map_task_index": {"aes": 0}, "map_index_task": {"0": "aes"}, "optimizer_weighting": "fixed", "epochs_to_avg_over": 2, "temp": 2, "init_task_weightings": {"aes": 1.0, "ged": 1.0, "ner": 1.0}, "metrics_to_track_by_task": {"aes": "pearson_aes", "ged": "f_0_5_ged", "ner": "f1_score_avg_ner"}, "regression_tasks": ["aes"], "classification_tasks": ["ner", "ged"], "fce_tasks": ["aes", "ged"], "task_priorities_priority_as_key": {"primary_task": "aes"}, "early_stopping_patience": 2, "early_stopping_metric": null, "pretrained_model": "distilroberta-base", "frozen_layers": null, "scoring": "script", "learning_rate": 0.0005, "batch_size": 8, "weight_decay": 0.01, "adam_epsilon": 1e-08, "normalized_values": null, "model_name": "distilroberta-base_1630608539", "runtime": 196.12434434890747, "steps_per_sec": 0.49277473454499365}, "preds": {"aes": {"preds": [28.42268943786621, 28.422691345214844, 28.422691345214844, 28.422691345214844, 28.422691345214844, 28.422691345214844, 28.42268943786621, 28.422691345214844, 28.422691345214844, 28.422691345214844, 28.422691345214844, 28.422691345214844, 28.42268943786621, 28.422691345214844, 28.422691345214844, 28.422693252563477, 28.422691345214844, 28.422693252563477, 28.422693252563477, 28.422691345214844, 28.42268943786621, 28.422691345214844, 28.422691345214844, 28.422691345214844, 28.422691345214844, 28.422691345214844, 28.422691345214844, 28.422691345214844, 28.422693252563477, 28.422691345214844, 28.422691345214844, 28.422693252563477, 28.422691345214844, 28.42268943786621, 28.422691345214844, 28.422691345214844, 28.422691345214844, 28.422691345214844, 28.422691345214844, 28.422691345214844, 28.422693252563477, 28.42268943786621, 28.422691345214844, 28.422691345214844, 28.422691345214844, 28.422691345214844, 28.422691345214844, 28.422691345214844, 28.422691345214844, 28.422691345214844, 28.422691345214844, 28.42268943786621, 28.422693252563477, 28.42268943786621, 28.422691345214844, 28.422691345214844, 28.422691345214844, 28.422691345214844, 28.422691345214844, 28.42268943786621, 28.42268943786621, 28.422691345214844, 28.422691345214844, 28.422691345214844, 28.422691345214844, 28.422691345214844, 28.422691345214844, 28.422691345214844, 28.422693252563477, 28.42268943786621, 28.422691345214844, 28.422691345214844, 28.422691345214844, 28.422691345214844, 28.42268943786621, 28.422691345214844, 28.422691345214844, 28.422691345214844, 28.422691345214844, 28.422691345214844, 28.422691345214844, 28.422691345214844, 28.422691345214844, 28.422691345214844, 28.422691345214844, 28.422691345214844, 28.422691345214844, 28.422691345214844, 28.422691345214844, 28.422691345214844, 28.422691345214844, 28.422693252563477, 28.422691345214844, 28.422691345214844, 28.422691345214844, 28.422691345214844, 28.422691345214844], "labels": [30.0, 26.0, 23.0, 26.0, 26.0, 38.0, 27.0, 39.0, 25.0, 24.0, 25.0, 27.0, 30.0, 27.0, 20.0, 21.0, 21.0, 26.0, 22.0, 24.0, 38.0, 30.0, 34.0, 24.0, 23.0, 22.0, 23.0, 39.0, 34.0, 37.0, 31.0, 28.0, 26.0, 29.0, 34.0, 26.0, 34.0, 19.0, 26.0, 31.0, 18.0, 19.0, 25.0, 26.0, 29.0, 29.0, 18.0, 27.0, 35.0, 22.0, 36.0, 14.0, 24.0, 29.0, 28.0, 24.0, 25.0, 37.0, 24.0, 36.0, 13.0, 23.0, 29.0, 31.0, 23.0, 28.0, 26.0, 26.0, 21.0, 38.0, 32.0, 29.0, 36.0, 40.0, 29.0, 34.0, 36.0, 25.0, 37.0, 17.0, 32.0, 25.0, 25.0, 36.0, 31.0, 27.0, 19.0, 28.0, 24.0, 20.0, 25.0, 23.0, 22.0, 23.0, 27.0, 30.0, 34.0]}}}