{"best": {"aes": {"rmse_aes": 5.5113519212621505, "pearson_aes": 0.5002221602685948, "spearman_aes": 0.47454967323086056, "kappa_aes": 0.177635316075631, "aes": 1.8988929016645564, "aes_weight_coef": 0.30000001192092896}, "ged": {"f1_score_avg_ged": 0.8363755113265271, "f1_score_macro_ged": 0.6769290407431828, "f1_score_weighted_ged": 0.8427730308195224, "f_0_5_ged": 0.47708894878706204, "ged": 0.08683455544848774, "ged_weight_coef": 0.699999988079071}, "ner": {"f1_score_avg_ner": 0.9549472372571162, "f1_score_macro_ner": 0.8308893225582238, "f1_score_weighted_ner": 0.9532207872402895, "ner": 0.007950713825520388, "ner_weight_coef": 0.07000000029802322}}, "train": {"loss": [51.7004, 5.2893, 4.6558, 4.5262, 4.3321, 4.2898, 4.0572, 4.1087, 3.9491, 3.9604], "learning_rate": [6.339622641509433e-05, 5.679245283018868e-05, 5.0188679245283013e-05, 4.3584905660377356e-05, 3.69811320754717e-05, 3.0377358490566036e-05, 2.3773584905660375e-05, 1.7169811320754714e-05, 1.0566037735849056e-05, 3.9622641509433956e-06], "epoch": [1.89, 3.77, 5.66, 7.55, 9.43, 11.32, 13.21, 15.09, 16.98, 18.87], "step": [500, 1000, 1500, 2000, 2500, 3000, 3500, 4000, 4500, 5000]}, "eval": {"rmse_aes": [16.53447576698121, 6.306962642808167, 5.803495115493384, 5.7566386797235145, 5.743353646704259, 5.678908345800274, 5.689903338370521, 5.710613899670605, 5.678908345800274, 5.632248416238601, 5.57150488348226, 5.5665169640549115, 5.576488341440536, 5.569011482201208, 5.559026693385973, 5.547772325697746, 5.547772325697746, 5.5113519212621505, 5.5113519212621505, 5.5113519212621505], "pearson_aes": [0.17492034546816693, 0.13213398359010115, 0.18704917839304744, 0.2570855000703394, 0.3095554920322272, 0.4059839948839608, 0.3918618782031494, 0.3612741230569227, 0.37506251474077074, 0.4220512043723294, 0.47601514621134156, 0.46842591139177636, 0.4646959490212402, 0.44966445745223077, 0.46742339347758805, 0.4696184852986423, 0.4696184852986423, 0.5002221602685948, 0.5002221602685948, 0.5002221602685948], "spearman_aes": [0.20204737395364117, 0.17507022248242127, 0.20124996923466185, 0.24972619970401108, 0.31582737468778727, 0.40017537975834194, 0.37965004360510385, 0.3717420317845653, 0.36262689946565685, 0.42166582603324426, 0.46372657812854223, 0.46952949915470477, 0.46436188173036497, 0.4532101630707299, 0.4655975133736655, 0.4704200352312923, 0.4704200352312923, 0.47454967323086056, 0.47454967323086056, 0.47454967323086056], "kappa_aes": [0.006670633115178792, 0.029478757468722083, 0.04948004025494812, 0.05799115603284899, 0.07139265962795371, 0.09100844928328222, 0.08689075630252108, 0.0880621320305649, 0.09099307159353354, 0.11603683179867497, 0.1472407819846573, 0.15090145714991354, 0.15419149457187176, 0.1564414672003922, 0.16350614470578662, 0.16834099320779283, 0.16834099320779283, 0.177635316075631, 0.177635316075631, 0.177635316075631], "f1_score_avg_ged": [0.7521913994018768, 0.6949572032587398, 0.806228730535217, 0.8298099068440411, 0.8337630194905641, 0.8361005121858994, 0.8476848509848407, 0.8233474270392905, 0.826819291189715, 0.8374067581038809, 0.8331098965315733, 0.843525488982847, 0.8413942456429824, 0.8455192327523976, 0.8447629851156715, 0.8515004640610498, 0.8539067065415421, 0.8500567185727544, 0.8363755113265271, 0.8383005053109209], "f1_score_macro_ged": [0.5642217003119468, 0.5656888307968383, 0.6312309058381977, 0.6481154381469661, 0.6539880387809437, 0.6606016828939646, 0.6676171894876106, 0.6633240470360149, 0.6665273758416768, 0.6701614154035134, 0.6725698210750417, 0.6758443580949146, 0.6734334576629167, 0.6771244593218907, 0.6758801137685236, 0.6769773558600123, 0.6766464214038705, 0.6739085445842607, 0.6769290407431828, 0.6773360478176604], "f1_score_weighted_ged": [0.7733534858010416, 0.738825860185197, 0.8168560934422167, 0.8328781305069798, 0.8362321498470127, 0.8389361450699127, 0.8463813535286445, 0.8329299998047439, 0.8354661058011816, 0.8417826681083992, 0.84010052230133, 0.8462022321705622, 0.8445662031977035, 0.8475070429199814, 0.8468379306277228, 0.8504720811571855, 0.8515859209707717, 0.8490351399012903, 0.8427730308195224, 0.8438626197227675], "f_0_5_ged": [0.319285977180714, 0.43510472147691315, 0.4102970868185751, 0.4057578493329321, 0.41337493081064763, 0.42714450634944545, 0.417910447761194, 0.4685846242663331, 0.46969477095728723, 0.45287424852188607, 0.4721082454083626, 0.45383804407851797, 0.4522248360778817, 0.4522765088488882, 0.45053671319860916, 0.43527416619559073, 0.42765373258042794, 0.4300909511330353, 0.47708894878706204, 0.47302291204730235], "f1_score_avg_ner": [0.912678634009579, 0.9289747283984269, 0.9356138779642538, 0.937385615824929, 0.9406565164907909, 0.9424671936451072, 0.9467699855924614, 0.9478992251080566, 0.9485417234531366, 0.9497488415560141, 0.9498267201432966, 0.9498267201432966, 0.9513648222421245, 0.9487948288618044, 0.9509559596588918, 0.9527861064600288, 0.9540321638565477, 0.9540711031501888, 0.9548498890230132, 0.9549472372571162], "f1_score_macro_ner": [0.5135161177337402, 0.6903614633181311, 0.7274510516467251, 0.7436882472753027, 0.7589252164862782, 0.7697011893584734, 0.7920225223107642, 0.7987116348750923, 0.7985195238385553, 0.8023939274210805, 0.8055483776542043, 0.8102800466278546, 0.8143343722239038, 0.8103216694399153, 0.8155996534798801, 0.8218401191897848, 0.8257570053120963, 0.828807580388605, 0.8307622180225425, 0.8308893225582238], "f1_score_weighted_ner": [0.8993714514320309, 0.9249388716045696, 0.9320377518876989, 0.934415601170156, 0.9374342658956961, 0.9397396626697452, 0.9442767273495339, 0.9452766549600021, 0.945567202959637, 0.9468033055406684, 0.9475335073382136, 0.9482908916182007, 0.9496690546260443, 0.9480315036576269, 0.9498375333383432, 0.9515126734092707, 0.9523934806909595, 0.9525292614917824, 0.9529497594870259, 0.9532207872402895], "aes": [17.231537220089933, 2.504340116367784, 2.1069032813227455, 2.0831924981849137, 2.0776441429936607, 2.059806463330291, 2.0443950475648394, 2.038984470589216, 1.9976114727729974, 1.9896160946335903, 1.9768409729003906, 1.9554664977761202, 1.9551237239394077, 1.9257472393124602, 1.9316075180852137, 1.912401703901069, 1.9055569171905518, 1.8988929016645564, 1.8950055643569592, 1.8897444647411967], "ged": [0.098666776751363, 0.09320492106814716, 0.091767817735672, 0.09232587453930877, 0.09049322369486787, 0.09007565781127574, 0.09166404050449993, 0.08660466865051625, 0.08631892536961755, 0.08816431636034056, 0.08669944696648177, 0.08878901046375896, 0.08872266079104224, 0.0895681083202362, 0.08939928648083709, 0.09145423977874047, 0.09282835139784702, 0.09188645038493844, 0.08683455544848774, 0.08816922681276189], "ner": [0.01593537124003782, 0.012375627536066743, 0.011122062932266745, 0.01061677393438511, 0.01008497356155584, 0.009898788718030203, 0.009210814234562392, 0.009011448826640844, 0.008940906393839869, 0.008792641691776902, 0.008597141954787942, 0.008606519420133081, 0.008391195420868868, 0.008736571773540142, 0.008479336460749077, 0.00821457295353676, 0.00812098296185912, 0.008009181401237499, 0.007935074612844822, 0.007950713825520388], "total_loss": [17.346139368081335, 2.6099206649719977, 2.2097931619906843, 2.1861351466586076, 2.1782223402500844, 2.159780909859597, 2.1452699023039017, 2.1346005880663736, 2.092871304536455, 2.086573052685708, 2.0721375618216604, 2.0528620276600122, 2.052237580151319, 2.0240519194062365, 2.0294861410268, 2.0120705166333464, 2.006506251550258, 1.9987885334507325, 1.9897751944182918, 1.985864405379479], "aes_weight_coef": [0.30000001192092896, 0.30000001192092896, 0.30000001192092896, 0.30000001192092896, 0.30000001192092896, 0.30000001192092896, 0.30000001192092896, 0.30000001192092896, 0.30000001192092896, 0.30000001192092896, 0.30000001192092896, 0.30000001192092896, 0.30000001192092896, 0.30000001192092896, 0.30000001192092896, 0.30000001192092896, 0.30000001192092896, 0.30000001192092896, 0.30000001192092896, 0.30000001192092896],