{"best": {"aes": {"rmse_aes": 28.396253665267576, "pearson_aes": NaN, "spearman_aes": NaN, "kappa_aes": 0.0, "aes": 0.0, "aes_weight_coef": 0.0}, "ged": {"f1_score_avg_ged": 0.705716544635798, "f1_score_macro_ged": 0.5896832689375409, "f1_score_weighted_ged": 0.7491221403995868, "f_0_5_ged": 0.49858111303799474, "ged": 0.12248739946720212, "ged_weight_coef": 1.0}, "ner": {"f1_score_avg_ner": 0.9367236478330283, "f1_score_macro_ner": 0.6032796545826171, "f1_score_weighted_ner": 0.9310765909868488, "ner": 0.017584133416760798, "ner_weight_coef": 0.10000000149011612}}, "train": {"loss": [0.342], "learning_rate": [6.339622641509433e-05], "epoch": [1.89], "step": [500]}, "eval": {"rmse_aes": [28.396253665267576, 28.396253665267576, 28.396253665267576], "pearson_aes": [NaN, NaN, NaN], "spearman_aes": [NaN, NaN, NaN], "kappa_aes": [0.0, 0.0, 0.0], "f1_score_avg_ged": [0.602076243511739, 0.6728197724382111, 0.705716544635798], "f1_score_macro_ged": [0.5204677431913329, 0.5675886787273938, 0.5896832689375409], "f1_score_weighted_ged": [0.6650183549162618, 0.7234591657325394, 0.7491221403995868], "f_0_5_ged": [0.4779653964841718, 0.49280887848703336, 0.49858111303799474], "f1_score_avg_ner": [0.8984463221837156, 0.9254896616175382, 0.9367236478330283], "f1_score_macro_ner": [0.39376953080976573, 0.5290032311597327, 0.6032796545826171], "f1_score_weighted_ner": [0.8786438833294349, 0.9173892679094814, 0.9310765909868488], "aes": [0.0, 0.0, 0.0], "ged": [0.12937860572060875, 0.1247055960256, 0.12248739946720212], "ner": [0.02965021705211595, 0.02104345362546832, 0.017584133416760798], "total_loss": [0.15902882277272468, 0.1457490496510683, 0.14007153288396293], "aes_weight_coef": [0.0, 0.0, 0.0], "ged_weight_coef": [1.0, 1.0, 1.0], "ner_weight_coef": [0.10000000149011612, 0.10000000149011612, 0.10000000149011612], "epoch": [1.0, 2.0, 3.0], "step": [264, 529, 794]}, "test": {"rmse_aes": 28.024171114712146, "pearson_aes": NaN, "spearman_aes": NaN, "kappa_aes": 0.0, "f1_score_avg_ged": 0.6355911823647294, "f1_score_macro_ged": 0.5563956416764595, "f1_score_weighted_ged": 0.6870359805655711, "f_0_5_ged": 0.5161565946869661, "f1_score_avg_ner": 0.9309787875524927, "f1_score_macro_ner": 0.6149568018564404, "f1_score_weighted_ner": 0.9271558959169001, "aes": 0.0, "ged": 0.17100465013867333, "ner": 0.01692849626055076, "total_loss": 0.1879331463992241, "aes_weight_coef": 0.0, "ged_weight_coef": 1.0, "ner_weight_coef": 0.10000000149011612}, "info": {"tasks": ["aes", "ged", "ner"], "outputs": ["loss", "labels", "preds"], "map_out_to_task": {"aes_loss": "aes", "aes_labels": "aes", "aes_preds": "aes", "ged_loss": "ged", "ged_labels": "ged", "ged_preds": "ged", "ner_loss": "ner", "ner_labels": "ner", "ner_preds": "ner"}, "map_out_to_out": {"aes_loss": "loss", "aes_labels": "labels", "aes_preds": "preds", "ged_loss": "loss", "ged_labels": "labels", "ged_preds": "preds", "ner_loss": "loss", "ner_labels": "labels", "ner_preds": "preds"}, "map_task_index": {"aes": 0, "ged": 1, "ner": 2}, "map_index_task": {"0": "aes", "1": "ged", "2": "ner"}, "optimizer_weighting": "fixed", "epochs_to_avg_over": 2, "temp": 2, "init_task_weightings": {"aes": 0, "ged": 1, "ner": 0.1}, "metrics_to_track_by_task": {"aes": "pearson_aes", "ged": "f_0_5_ged", "ner": "f1_score_avg_ner"}, "regression_tasks": ["aes"], "classification_tasks": ["ner", "ged"], "fce_tasks": ["aes", "ged"], "task_priorities_priority_as_key": {"primary_task": "aes", "secondary_task": "ged", "aux_task": "ner"}, "early_stopping_patience": 2, "early_stopping_metric": null, "pretrained_model": "distilroberta-base", "frozen_layers": "all", "scoring": "script", "learning_rate": 7e-05, "batch_size": 8, "weight_decay": 0.01, "adam_epsilon": 1e-08, "normalized_values": null, "model_name": "distilroberta-base_1630618687", "runtime": 116.05193972587585, "steps_per_sec": 0.14616113315601492}, "preds": {"aes": {"preds": [-0.0003789067268371582, -0.0028237588703632355, 0.01343940757215023, 0.004892824217677116, 0.006575295701622963, 0.004590618424117565, 0.005854494869709015, 0.007501620799303055, 0.0022847354412078857, 0.003507341258227825, 0.0007685599848628044, 0.010285680182278156, -0.0010850876569747925, 0.002288632094860077, 0.007303539663553238, -0.005549643188714981, -0.0013784486800432205, -0.005506675690412521, 0.006450660526752472, 0.004125896841287613, -0.001558687537908554, -0.004528466612100601, -0.0012102490290999413, 0.003844883292913437, -0.0003655422478914261, 0.00786815956234932, 0.004908455535769463, 0.007179219275712967, 0.0015381332486867905, -0.0015385756269097328, 0.0038059111684560776, 0.0014227330684661865, 0.006548695266246796, -0.0023461561650037766, -0.002797129563987255, -0.012995880097150803, 0.0066807325929403305, 0.0013229940086603165, 0.0014020614326000214, 0.0012275688350200653, -0.005608862265944481, 0.000868690200150013, 0.0013253120705485344, -0.003925947472453117, -0.0019571762531995773, 0.0007461439818143845, 0.0005449634045362473, 0.0010178368538618088, 0.011529057286679745, -0.00525443721562624, 0.004013882018625736, 0.00800294615328312, 0.00872488971799612, 0.007113688625395298, 0.009132569655776024, 0.009531441144645214, -0.004525342956185341, 0.002183264121413231, 0.0038541173562407494, 0.001861237920820713, 0.005190092138946056, 0.0025071455165743828, -0.009816235862672329, 0.004278839565813541, 0.000932028517127037, 0.0030664633959531784, 0.005804015323519707, 0.006565684452652931, 0.009814905934035778, 0.0018123891204595566, -0.003337318077683449, 0.004895628429949284, 0.005364167504012585, 0.008647536858916283, -0.006575129926204681, 0.014201886020600796, 0.006914121098816395, 0.003241409547626972, 0.0037211794406175613, -0.005141569301486015, -0.005336545407772064, -0.004041504114866257, 0.007189050316810608, 0.010837124660611153, 0.0030499082058668137, 0.00397300161421299, -0.0030335932970046997, 0.0017228210344910622, 0.0035541579127311707, 0.0026819007471203804, 0.014308003708720207, -0.0066940393298864365, -9.774230420589447e-06, 0.008391366340219975, 0.005908680148422718, 0.00022899731993675232], "labels": [30.0, 26.0, 23.0, 26.0, 26.0, 38.0, 27.0, 39.0, 25.0, 24.0, 25.0, 27.0, 30.0, 27.0, 20.0, 21.0, 21.0, 26.0, 22.0, 24.0, 38.0, 30.0, 34.0, 24.0, 23.0, 22.0, 23.0, 39.0, 34.0, 37.0, 31.0, 28.0, 26.0, 29.0, 34.0, 26.0, 34.0, 19.0, 26.0, 31.0, 18.0, 19.0, 25.0, 26.0, 29.0, 29.0, 18.0, 27.0, 35.0, 22.0, 36.0, 14.0, 24.0, 29.0, 28.0, 24.0, 25.0, 37.0, 24.0, 36.0, 13.0, 23.0, 29.0, 31.0, 23.0, 28.0, 26.0, 26.0, 21.0, 38.0, 32.0, 29.0, 36.0, 40.0, 29.0, 34.0, 36.0, 25.0, 37.0, 17.0, 32.0, 25.0, 25.0, 36.0, 31.0, 27.0, 19.0, 28.0, 24.0, 20.0, 25.0, 23.0, 22.0, 23.0, 27.0, 30.0]}}}