{"best": {"aes": {"rmse_aes": 1.0137937550497031, "pearson_aes": 0.21645482913637348, "spearman_aes": 0.21645482913637396, "kappa_aes": 0.02094818081587646, "aes": 2.8967224690944042e-05, "aes_weight_coef": 0.4000000059604645}, "ged": {"f1_score_avg_ged": 0.7123165240108624, "f1_score_macro_ged": 0.6082070736766712, "f1_score_weighted_ged": 0.755783399747217, "f_0_5_ged": 0.5538574634372823, "ged": 0.07281166661617368, "ged_weight_coef": 0.6000000238418579}, "ner": {"f1_score_avg_ner": 0.9786223277909739, "f1_score_macro_ner": 0.8855011508075455, "f1_score_weighted_ner": 0.9783810089226237, "ner": 0.0037831153482371983, "ner_weight_coef": 0.05999999865889549}}, "train": {"loss": [0.2145, 0.1638], "learning_rate": [0.0004371069182389937, 0.0003742138364779874], "epoch": [1.89, 3.77], "step": [500, 1000]}, "eval": {"rmse_aes": [2.8553069498353025, 0.7817359599705717, 0.6236095644623235, 0.8897565210026093, 1.0137937550497031], "pearson_aes": [-0.11277860447582501, -0.10492626579441665, 0.2094836194175964, 0.12835820895522373, 0.21645482913637348], "spearman_aes": [-0.12370519103245012, -0.11912549693500282, 0.21194539183420488, 0.12864931856244546, 0.21645482913637396], "kappa_aes": [-0.00801373783629078, -0.06380120886500995, 0.12423979148566466, 0.04022450888681006, 0.02094818081587646], "f1_score_avg_ged": [0.6315699013440583, 0.7156165136983947, 0.7553195146265168, 0.7912756522635866, 0.7123165240108624], "f1_score_macro_ged": [0.5365751756986628, 0.6018179162389499, 0.6320733686751827, 0.6534243528967874, 0.6082070736766712], "f1_score_weighted_ged": [0.6898894937492416, 0.7573616910714741, 0.7876737324268908, 0.813140114091536, 0.755783399747217], "f_0_5_ged": [0.4699866286003397, 0.5205614867536575, 0.5348885648823163, 0.5192264947766171, 0.5538574634372823], "f1_score_avg_ner": [0.8984657918305362, 0.957575639577898, 0.9716911335228379, 0.9762859701725011, 0.9786223277909739], "f1_score_macro_ner": [0.31656851357540083, 0.7032791502654677, 0.8403641187343369, 0.869487796611723, 0.8855011508075455], "f1_score_weighted_ner": [0.8785680234921184, 0.9553306454032597, 0.970710821680425, 0.9757088159849537, 0.9783810089226237], "aes": [0.0003610222998378409, 2.5538382117723136e-05, 8.537389455108665e-06, 4.778051177624526e-05, 2.8967224690944042e-05], "ged": [0.07879682890204497, 0.0714660785919012, 0.06947886597278506, 0.07166974697002144, 0.07281166661617368], "ner": [0.015692347574026086, 0.006702352927044727, 0.00501420630445314, 0.004312573336497988, 0.0037831153482371983], "total_loss": [0.09485019877590889, 0.07819396990106366, 0.07450160966669331, 0.07603010081829568, 0.07662374918910182], "aes_weight_coef": [0.4000000059604645, 0.4000000059604645, 0.4000000059604645, 0.4000000059604645, 0.4000000059604645], "ged_weight_coef": [0.6000000238418579, 0.6000000238418579, 0.6000000238418579, 0.6000000238418579, 0.6000000238418579], "ner_weight_coef": [0.05999999865889549, 0.05999999865889549, 0.05999999865889549, 0.05999999865889549, 0.05999999865889549], "epoch": [1.0, 2.0, 3.0, 4.0, 5.0], "step": [264, 529, 794, 1059, 1324]}, "test": {"rmse_aes": 0.9519716382329886, "pearson_aes": 0.03093441124448734, "spearman_aes": 0.030934411244487304, "kappa_aes": 0.0019120458891012104, "f1_score_avg_ged": 0.672438209752839, "f1_score_macro_ged": 0.5891061775326747, "f1_score_weighted_ged": 0.7180794812269305, "f_0_5_ged": 0.5529389851254624, "f1_score_avg_ner": 0.968881231829439, "f1_score_macro_ner": 0.8346562346200339, "f1_score_weighted_ner": 0.9691862572831952, "aes": 3.693944641521999e-05, "ged": 0.105321147612163, "ner": 0.005037298758647272, "total_loss": 0.1103953858172255, "aes_weight_coef": 0.4000000059604645, "ged_weight_coef": 0.6000000238418579, "ner_weight_coef": 0.05999999865889549}, "info": {"tasks": ["aes", "ged", "ner"], "outputs": ["loss", "labels", "preds"], "map_out_to_task": {"aes_loss": "aes", "aes_labels": "aes", "aes_preds": "aes", "ged_loss": "ged", "ged_labels": "ged", "ged_preds": "ged", "ner_loss": "ner", "ner_labels": "ner", "ner_preds": "ner"}, "map_out_to_out": {"aes_loss": "loss", "aes_labels": "labels", "aes_preds": "preds", "ged_loss": "loss", "ged_labels": "labels", "ged_preds": "preds", "ner_loss": "loss", "ner_labels": "labels", "ner_preds": "preds"}, "map_task_index": {"aes": 0, "ged": 1, "ner": 2}, "map_index_task": {"0": "aes", "1": "ged", "2": "ner"}, "optimizer_weighting": "fixed", "epochs_to_avg_over": 2, "temp": 2, "init_task_weightings": {"aes": 0.4, "ged": 0.6, "ner": 0.06}, "metrics_to_track_by_task": {"aes": "pearson_aes", "ged": "f_0_5_ged", "ner": "f1_score_avg_ner"}, "regression_tasks": ["aes"], "classification_tasks": ["ner", "ged"], "fce_tasks": ["aes", "ged"], "task_priorities_priority_as_key": {"primary_task": "aes", "secondary_task": "ged", "aux_task": "ner"}, "early_stopping_patience": 2, "early_stopping_metric": "loss", "pretrained_model": "distilroberta-base", "frozen_layers": "all", "scoring": "script", "learning_rate": 0.0005, "batch_size": 8, "weight_decay": 0.01, "adam_epsilon": 1e-08, "normalized_values": [40, 0], "model_name": "distilroberta-base_1630668809", "runtime": 290.8117141723633, "steps_per_sec": 0.21964630979785746}, "preds": {"aes": {"preds": [0.004479390103369951, -0.0030160550959408283, -0.0007773289689794183, 0.004012720193713903, 0.0032612476497888565, -0.002556777559220791, 0.0005346335237845778, 0.0026912009343504906, 0.0018602007767185569, -0.008077760227024555, -0.004395544528961182, -0.006501343101263046, 0.0058683957904577255, 0.0023877047933638096, 0.002468761056661606, -0.00023517862427979708, -0.003070051781833172, 0.004786975681781769, 0.000619822065345943, -0.002278716769069433, -0.004013044759631157, 0.005598798394203186, 0.0025587640702724457, -0.0011955845402553678, -0.001131732133217156, 0.0010416944278404117, -0.005872053559869528, 0.0033518304117023945, 0.010309155099093914, -0.00014441937673836946, -0.0032744728960096836, 0.0010802600299939513, 0.0020013712346553802, -0.0029891072772443295, 0.0016822762554511428, 0.006524942349642515, -0.00386842992156744, -0.0027296245098114014, 0.003805682994425297, -0.009508546441793442, -0.006058743689209223, 0.0037176054902374744, -0.001277155359275639, 0.007040893658995628, -0.0008638493018224835, 0.003245045430958271, -0.0014340096386149526, 0.004050018731504679, 0.0014361479552462697, 0.0027889874763786793, -0.006292872596532106, -0.007434191647917032, 0.0017397193005308509, 0.012582964263856411, -0.002368913497775793, -0.00084763637278229, -0.004703464452177286, 0.0021116891875863075, 0.006785229314118624, -0.0011208188952878118, -0.010368544608354568, 0.0011760093038901687, -9.940692689269781e-05, 0.005397237837314606, -0.0035966238938272, 0.003678018692880869, 0.005849424283951521, -0.003726835362613201, 0.0037750848568975925, 0.0046413373202085495, -0.009508443996310234, -0.007450435776263475, -0.0006601234199479222, 0.0031604557298123837, -0.0016557123744860291, 0.0017233163816854358, -0.0012392724165692925, -0.001769561436958611, 0.0015676518669351935, -0.0034917048178613186, 0.003975972533226013, -0.007976475171744823, 0.0044233365915715694, 0.002346289809793234, -0.0011546072782948613, 0.003877410665154457, -0.003927987534552813, 0.0011461441172286868, -0.00972658395767212, 0.004390636924654245, -0.010831783525645733, 0.0021218149922788143, -0.0021992241963744164, -0.0026769167743623257, -0.004911494441330433, 0.0081996014341712],