{"best": {"aes": {"rmse_aes": 19.59494897458158, "pearson_aes": NaN, "spearman_aes": NaN, "kappa_aes": 0.0, "aes": 420.80493503146704, "aes_weight_coef": 1.0}}, "train": {}, "eval": {"rmse_aes": [19.59494897458158, 17.69109051314542, 16.74756736538856], "pearson_aes": [NaN, NaN, NaN], "spearman_aes": [NaN, NaN, NaN], "kappa_aes": [0.0, 0.0, 0.0], "aes": [420.80493503146704, 334.0531955295139, 300.51609802246094], "total_loss": [420.80493503146704, 334.0531955295139, 300.51609802246094], "aes_weight_coef": [1.0, 1.0, 1.0], "epoch": [0.99, 1.99, 2.99], "step": [132, 265, 398]}, "test": {"rmse_aes": 16.55419092294764, "pearson_aes": NaN, "spearman_aes": NaN, "kappa_aes": 0.0, "aes": 301.6248308817546, "total_loss": 301.6248308817546, "aes_weight_coef": 1.0}, "info": {"tasks": ["aes"], "outputs": ["loss", "labels", "preds"], "map_out_to_task": {"aes_loss": "aes", "aes_labels": "aes", "aes_preds": "aes"}, "map_out_to_out": {"aes_loss": "loss", "aes_labels": "labels", "aes_preds": "preds"}, "map_task_index": {"aes": 0}, "map_index_task": {"0": "aes"}, "optimizer_weighting": "fixed", "epochs_to_avg_over": 2, "temp": 2, "init_task_weightings": {"aes": 1.0, "ged": 1.0, "ner": 1.0}, "metrics_to_track_by_task": {"aes": "pearson_aes", "ged": "f_0_5_ged", "ner": "f1_score_avg_ner"}, "regression_tasks": ["aes"], "classification_tasks": ["ner", "ged"], "fce_tasks": ["aes", "ged"], "task_priorities_priority_as_key": {"primary_task": "aes"}, "early_stopping_patience": 2, "early_stopping_metric": null, "pretrained_model": "distilroberta-base", "frozen_layers": null, "scoring": "script", "learning_rate": 1e-05, "batch_size": 8, "weight_decay": 0.01, "adam_epsilon": 1e-08, "normalized_values": null, "model_name": "distilroberta-base_1630615486", "runtime": 97.92439985275269, "steps_per_sec": 0.24604120566018262}, "preds": {"aes": {"preds": [12.311995506286621, 12.302987098693848, 12.309318542480469, 12.311599731445312, 12.30324649810791, 12.309176445007324, 12.31148910522461, 12.310590744018555, 12.310685157775879, 12.306720733642578, 12.308979988098145, 12.31371784210205, 12.309350967407227, 12.310368537902832, 12.310235977172852, 12.308504104614258, 12.308539390563965, 12.31029987335205, 12.30871295928955, 12.307635307312012, 12.309479713439941, 12.310860633850098, 12.312460899353027, 12.312546730041504, 12.311747550964355, 12.30860710144043, 12.309009552001953, 12.30810260772705, 12.312289237976074, 12.311717987060547, 12.311594009399414, 12.305480003356934, 12.302596092224121, 12.304067611694336, 12.309455871582031, 12.30684757232666, 12.311898231506348, 12.306401252746582, 12.30971908569336, 12.310606956481934, 12.304619789123535, 12.305585861206055, 12.312505722045898, 12.312280654907227, 12.305899620056152, 12.310547828674316, 12.307814598083496, 12.307283401489258, 12.311624526977539, 12.304841041564941, 12.311553001403809, 12.311030387878418, 12.310407638549805, 12.310392379760742, 12.310166358947754, 12.30773639678955, 12.310749053955078, 12.30908489227295, 12.306937217712402, 12.308820724487305, 12.304491996765137, 12.310282707214355, 12.306559562683105, 12.30766773223877, 12.307717323303223, 12.311777114868164, 12.313032150268555, 12.31245231628418, 12.308792114257812, 12.308944702148438, 12.313715934753418, 12.314093589782715, 12.30884075164795, 12.312088966369629, 12.306388854980469, 12.30704402923584, 12.31258487701416, 12.308452606201172, 12.308052062988281, 12.313143730163574, 12.303343772888184, 12.306784629821777, 12.305357933044434, 12.309381484985352, 12.306492805480957, 12.313096046447754, 12.308688163757324, 12.305769920349121, 12.308280944824219, 12.312939643859863, 12.312726020812988, 12.309926986694336, 12.312808990478516, 12.310104370117188, 12.308388710021973, 12.311810493469238, 12.31021785736084], "labels": [30.0, 26.0, 23.0, 26.0, 26.0, 38.0, 27.0, 39.0, 25.0, 24.0, 25.0, 27.0, 30.0, 27.0, 20.0, 21.0, 21.0, 26.0, 22.0, 24.0, 38.0, 30.0, 34.0, 24.0, 23.0, 22.0, 23.0, 39.0, 34.0, 37.0, 31.0, 28.0, 26.0, 29.0, 34.0, 26.0, 34.0, 19.0, 26.0, 31.0, 18.0, 19.0, 25.0, 26.0, 29.0, 29.0, 18.0, 27.0, 35.0, 22.0, 36.0, 14.0, 24.0, 29.0, 28.0, 24.0, 25.0, 37.0, 24.0, 36.0, 13.0, 23.0, 29.0, 31.0, 23.0, 28.0, 26.0, 26.0, 21.0, 38.0, 32.0, 29.0, 36.0, 40.0, 29.0, 34.0, 36.0, 25.0, 37.0, 17.0, 32.0, 25.0, 25.0, 36.0, 31.0, 27.0, 19.0, 28.0, 24.0, 20.0, 25.0, 23.0, 22.0, 23.0, 27.0, 30.0, 34.0]}}}