{"best": {"aes": {"rmse_aes": 6.2182527020592095, "pearson_aes": 0.6086374933214695, "spearman_aes": 0.5904924837441256, "kappa_aes": 0.35828575456403744, "aes": 2.4463267991709157, "aes_weight_coef": 0.30000001192092896}, "ged": {"f1_score_avg_ged": 0.8483723488364099, "f1_score_macro_ged": 0.6432002991324604, "f1_score_weighted_ged": 0.840903937416996, "f_0_5_ged": 0.3487381535512725, "ged": 0.09948848499808201, "ged_weight_coef": 0.699999988079071}, "ner": {"f1_score_avg_ner": 0.9452318834936334, "f1_score_macro_ner": 0.7805764634907304, "f1_score_weighted_ner": 0.9416029996619819, "ner": 0.009722388685182777, "ner_weight_coef": 0.07000000029802322}}, "train": {"loss": [11.7178], "learning_rate": [0.0004528301886792453], "epoch": [1.89], "step": [500]}, "eval": {"rmse_aes": [5.753018531364402, 5.802298395176403, 6.2182527020592095], "pearson_aes": [0.4204882270905782, 0.5510568028148608, 0.6086374933214695], "spearman_aes": [0.4306896725233792, 0.5699520241670701, 0.5904924837441256], "kappa_aes": [0.08962457898628118, 0.25275161130391666, 0.35828575456403744], "f1_score_avg_ged": [0.8361005121858994, 0.8483723488364099, 0.8637379258189818], "f1_score_macro_ged": [0.6266587598125093, 0.6432002991324604, 0.6442138494711557], "f1_score_weighted_ged": [0.8309867845130992, 0.840903937416996, 0.8484247501287085], "f_0_5_ged": [0.33249357056631507, 0.3487381535512725, 0.3162692457339781], "f1_score_avg_ner": [0.9310774502550524, 0.939410459094272, 0.9452318834936334], "f1_score_macro_ner": [0.7069612773777068, 0.7526222395462336, 0.7805764634907304], "f1_score_weighted_ner": [0.9277181165621637, 0.9354643252543458, 0.9416029996619819], "aes": [2.1084945922674136, 2.1276926606200464, 2.4463267991709157], "ged": [0.10050448567368263, 0.09948848499808201, 0.10426846562429916], "ner": [0.011876613508130228, 0.010693316207115734, 0.009722388685182777], "total_loss": [2.2208756914492263, 2.237874461825244, 2.5603176534803973], "aes_weight_coef": [0.30000001192092896, 0.30000001192092896, 0.30000001192092896], "ged_weight_coef": [0.699999988079071, 0.699999988079071, 0.699999988079071], "ner_weight_coef": [0.07000000029802322, 0.07000000029802322, 0.07000000029802322], "epoch": [1.0, 2.0, 3.0], "step": [264, 529, 794]}, "test": {"rmse_aes": 5.451490621839131, "pearson_aes": 0.7254124290958822, "spearman_aes": 0.7437889039831409, "kappa_aes": 0.47945880975128674, "f1_score_avg_ged": 0.8379158316633266, "f1_score_macro_ged": 0.6368697219756709, "f1_score_weighted_ged": 0.8251947757050674, "f_0_5_ged": 0.3302241612757635, "f1_score_avg_ner": 0.9373532895445246, "f1_score_macro_ner": 0.7425433089340178, "f1_score_weighted_ner": 0.9343729754618302, "aes": 2.523787464414324, "ged": 0.1464178306715829, "ner": 0.010137667147708791, "total_loss": 2.680342962233616, "aes_weight_coef": 0.30000001192092896, "ged_weight_coef": 0.699999988079071, "ner_weight_coef": 0.07000000029802322}, "info": {"tasks": ["aes", "ged", "ner"], "outputs": ["loss", "labels", "preds"], "map_out_to_task": {"aes_loss": "aes", "aes_labels": "aes", "aes_preds": "aes", "ged_loss": "ged", "ged_labels": "ged", "ged_preds": "ged", "ner_loss": "ner", "ner_labels": "ner", "ner_preds": "ner"}, "map_out_to_out": {"aes_loss": "loss", "aes_labels": "labels", "aes_preds": "preds", "ged_loss": "loss", "ged_labels": "labels", "ged_preds": "preds", "ner_loss": "loss", "ner_labels": "labels", "ner_preds": "preds"}, "map_task_index": {"aes": 0, "ged": 1, "ner": 2}, "map_index_task": {"0": "aes", "1": "ged", "2": "ner"}, "optimizer_weighting": "fixed", "epochs_to_avg_over": 2, "temp": 2, "init_task_weightings": {"aes": 0.30000000000000004, "ged": 0.7, "ner": 0.06999999999999999}, "metrics_to_track_by_task": {"aes": "pearson_aes", "ged": "f_0_5_ged", "ner": "f1_score_avg_ner"}, "regression_tasks": ["aes"], "classification_tasks": ["ner", "ged"], "fce_tasks": ["aes", "ged"], "task_priorities_priority_as_key": {"primary_task": "aes", "secondary_task": "ged", "aux_task": "ner"}, "early_stopping_patience": 2, "early_stopping_metric": "loss", "pretrained_model": "distilroberta-base", "frozen_layers": "all", "scoring": "script", "learning_rate": 0.0005, "batch_size": 8, "weight_decay": 0.01, "adam_epsilon": 1e-08, "normalized_values": null, "model_name": "distilroberta-base_1630636713", "runtime": 117.1879231929779, "steps_per_sec": 0.14759184281231474}, "preds": {"aes": {"preds": [32.837188720703125, 29.849952697753906, 30.436737060546875, 33.20079803466797, 34.02623748779297, 31.626840591430664, 32.53054428100586, 31.894765853881836, 28.641386032104492, 31.632150650024414, 30.277170181274414, 31.746034622192383, 32.81571960449219, 33.243263244628906, 31.135181427001953, 23.058015823364258, 27.10276222229004, 32.268497467041016, 31.892898559570312, 27.054840087890625, 34.4598388671875, 33.01490020751953, 31.96784782409668, 28.401399612426758, 28.722137451171875, 31.667856216430664, 26.032129287719727, 34.85071563720703, 34.04069519042969, 32.37062072753906, 32.085697174072266, 32.74125671386719, 34.25249481201172, 29.34345817565918, 33.35048294067383, 28.031421661376953, 34.3881721496582, 26.864849090576172, 33.96780776977539, 31.417823791503906, 25.631654739379883, 26.215946197509766, 29.988468170166016, 34.12870788574219, 32.29838943481445, 32.14804458618164, 24.134077072143555, 30.171863555908203, 33.558265686035156, 27.914939880371094, 34.50737380981445, 30.8555965423584, 32.506072998046875, 29.347198486328125, 30.96293830871582, 31.768665313720703, 26.374446868896484, 35.159332275390625, 29.193073272705078, 33.5895881652832, 15.832050323486328, 30.63566017150879, 30.79207992553711, 32.180572509765625, 26.35799789428711, 29.321542739868164, 29.64766502380371, 32.907718658447266, 27.339458465576172, 34.06642532348633, 32.6035041809082, 31.74273109436035, 34.87813186645508, 34.964881896972656, 30.146400451660156, 34.62971496582031, 33.607940673828125, 30.362159729003906, 32.91929244995117, 24.69202423095703, 32.97038269042969, 29.721891403198242, 33.15025329589844, 34.05105209350586, 32.15224838256836, 32.32693862915039, 27.873315811157227, 33.51653289794922, 29.9680233001709, 26.286741256713867, 31.732620239257812, 28.8416748046875, 26.83696174621582, 27.564472198486328, 32.08943557739258, 33.38539505004883], "labels": [30.0, 26.0, 23.0, 26.0, 26.0, 38.0, 27.0, 39.0, 25.0, 24.0, 25.0, 27.0, 30.0, 27.0, 20.0, 21.0, 21.0, 26.0, 22.0, 24.0, 38.0, 30.0, 34.0, 24.0, 23.0, 22.0, 23.0, 39.0, 34.0, 37.0, 31.0, 28.0, 26.0, 29.0, 34.0, 26.0, 34.0, 19.0, 26.0, 31.0, 18.0, 19.0, 25.0, 26.0, 29.0, 29.0, 18.0, 27.0, 35.0, 22.0, 36.0, 14.0, 24.0, 29.0, 28.0, 24.0, 25.0, 37.0, 24.0, 36.0, 13.0, 23.0, 29.0, 31.0, 23.0, 28.0, 26.0, 26.0, 21.0, 38.0, 32.0, 29.0, 36.0, 40.0, 29.0, 34.0, 36.0, 25.0, 37.0, 17.0, 32.0, 25.0, 25.0, 36.0, 31.0, 27.0, 19.0, 28.0, 24.0, 20.0, 25.0, 23.0, 22.0, 23.0, 27.0, 30.0]}}}