{"best": {"aes": {"rmse_aes": 28.396253665267576, "pearson_aes": NaN, "spearman_aes": NaN, "kappa_aes": 0.0, "aes": 0.0, "aes_weight_coef": 0.0}, "ged": {"f1_score_avg_ged": 0.7977725069609157, "f1_score_macro_ged": 0.6603565415439869, "f1_score_weighted_ged": 0.8182170677473837, "f_0_5_ged": 0.526457158205748, "ged": 0.11733708132145017, "ged_weight_coef": 1.0}, "ner": {"f1_score_avg_ner": 0.9396051555624781, "f1_score_macro_ner": 0.7394851960847881, "f1_score_weighted_ner": 0.9358326332515643, "ner": 0.014700014079206212, "ner_weight_coef": 0.10000000149011612}}, "train": {"loss": [0.3437, 0.3058, 0.2928, 0.2843, 0.2766], "learning_rate": [6.339622641509433e-05, 5.679245283018868e-05, 5.0188679245283013e-05, 4.3584905660377356e-05, 3.69811320754717e-05], "epoch": [1.89, 3.77, 5.66, 7.55, 9.43], "step": [500, 1000, 1500, 2000, 2500]}, "eval": {"rmse_aes": [28.396253665267576, 28.396253665267576, 28.396253665267576, 28.396253665267576, 28.396253665267576, 28.396253665267576, 28.396253665267576, 28.396253665267576, 28.396253665267576, 28.396253665267576], "pearson_aes": [NaN, NaN, NaN, NaN, NaN, NaN, NaN, NaN, NaN, NaN], "spearman_aes": [NaN, NaN, NaN, NaN, NaN, NaN, NaN, NaN, NaN, NaN], "kappa_aes": [0.0, 0.0, 0.0, 0.0, 0.0, 0.0, 0.0, 0.0, 0.0, 0.0], "f1_score_avg_ged": [0.7080196624385549, 0.7798631879275377, 0.7882850366092606, 0.7756007012478086, 0.7924787735038328, 0.799663126052731, 0.8199786875666013, 0.7977725069609157, 0.8181911931525214, 0.8146849541095184], "f1_score_macro_ged": [0.5895080641158226, 0.6352617011328568, 0.6426871100213406, 0.6417213075524977, 0.6537488208676752, 0.660707380053815, 0.6702732020127862, 0.6603565415439869, 0.6731753768740224, 0.6723985781629993], "f1_score_weighted_ged": [0.7506750429109299, 0.8030726857261052, 0.8093524371877063, 0.8017547255236624, 0.8138977620638738, 0.819367867387916, 0.8326183456928927, 0.8182170677473837, 0.8322527433015202, 0.8301589314644365], "f_0_5_ged": [0.49244377454285826, 0.48501664816870144, 0.4896282327586207, 0.518235829827833, 0.5172106295701802, 0.5226096737907762, 0.5004708097928439, 0.526457158205748, 0.515281401416325, 0.5223811721273649], "f1_score_avg_ner": [0.8869981698531989, 0.9117246213153694, 0.9221992913048558, 0.9319341147151591, 0.9350687278532768, 0.9365484210116428, 0.9381059927572913, 0.938573264280986, 0.9388069000428332, 0.9396051555624781], "f1_score_macro_ner": [0.3866927958303845, 0.48491648891140016, 0.5997500029627182, 0.6733696024181096, 0.6975749836040893, 0.7100917468385923, 0.7200559558894246, 0.7264848917333333, 0.734678841756113, 0.7394851960847881], "f1_score_weighted_ner": [0.8631376361457134, 0.8946634967893405, 0.9083811472993578, 0.9233002834186104, 0.928005120695225, 0.93023737463202, 0.9320054614633047, 0.9334142566114928, 0.9353104614289632, 0.9358326332515643], "aes": [0.0, 0.0, 0.0, 0.0, 0.0, 0.0, 0.0, 0.0, 0.0, 0.0], "ged": [0.12495143607605336, 0.12290100857268932, 0.12120765447616577, 0.1183103225951971, 0.11788084895111793, 0.11793429629747258, 0.12042441340379936, 0.11733708132145017, 0.12055756047714589, 0.11917021939920824], "ner": [0.035631989410450295, 0.023621423040018526, 0.02062775638647551, 0.017841115875472855, 0.016977825656879778, 0.016213254201724085, 0.0158183068946697, 0.015401439178128576, 0.015076437770107459, 0.014700014079206212], "total_loss": [0.16058342548650364, 0.14652243161270784, 0.1418354108626413, 0.13615143847066996, 0.13485867460799772, 0.13414755049919666, 0.13624272029846907, 0.13273852049957874, 0.13563399824725333, 0.13387023347841445], "aes_weight_coef": [0.0, 0.0, 0.0, 0.0, 0.0, 0.0, 0.0, 0.0, 0.0, 0.0], "ged_weight_coef": [1.0, 1.0, 1.0, 1.0, 1.0, 1.0, 1.0, 1.0, 1.0, 1.0], "ner_weight_coef": [0.10000000149011612, 0.10000000149011612, 0.10000000149011612, 0.10000000149011612, 0.10000000149011612, 0.10000000149011612, 0.10000000149011612, 0.10000000149011612, 0.10000000149011612, 0.10000000149011612], "epoch": [1.0, 2.0, 3.0, 4.0, 5.0, 6.0, 7.0, 8.0, 9.0, 10.0], "step": [264, 529, 794, 1059, 1324, 1589, 1854, 2119, 2384, 2649]}, "test": {"rmse_aes": 28.024171114712146, "pearson_aes": NaN, "spearman_aes": NaN, "kappa_aes": 0.0, "f1_score_avg_ged": 0.7886706746826987, "f1_score_macro_ged": 0.65900706822894, "f1_score_weighted_ged": 0.8055654863910987, "f_0_5_ged": 0.5132825206492968, "f1_score_avg_ner": 0.9350705286960267, "f1_score_macro_ner": 0.7339530019027652, "f1_score_weighted_ner": 0.9327332751456371, "aes": 0.0, "ged": 0.17349828424907865, "ner": 0.014866958549689679, "total_loss": 0.18836524279876835, "aes_weight_coef": 0.0, "ged_weight_coef": 1.0, "ner_weight_coef": 0.10000000149011612}, "info": {"tasks": ["aes", "ged", "ner"], "outputs": ["loss", "labels", "preds"], "map_out_to_task": {"aes_loss": "aes", "aes_labels": "aes", "aes_preds": "aes", "ged_loss": "ged", "ged_labels": "ged", "ged_preds": "ged", "ner_loss": "ner", "ner_labels": "ner", "ner_preds": "ner"}, "map_out_to_out": {"aes_loss": "loss", "aes_labels": "labels", "aes_preds": "preds", "ged_loss": "loss", "ged_labels": "labels", "ged_preds": "preds", "ner_loss": "loss", "ner_labels": "labels", "ner_preds": "preds"}, "map_task_index": {"aes": 0, "ged": 1, "ner": 2}, "map_index_task": {"0": "aes", "1": "ged", "2": "ner"}, "optimizer_weighting": "fixed", "epochs_to_avg_over": 2, "temp": 2, "init_task_weightings": {"aes": 0, "ged": 1, "ner": 0.1}, "metrics_to_track_by_task": {"aes": "pearson_aes", "ged": "f_0_5_ged", "ner": "f1_score_avg_ner"}, "regression_tasks": ["aes"], "classification_tasks": ["ner", "ged"], "fce_tasks": ["aes", "ged"], "task_priorities_priority_as_key": {"primary_task": "aes", "secondary_task": "ged", "aux_task": "ner"}, "early_stopping_patience": 2, "early_stopping_metric": "loss", "pretrained_model": "distilroberta-base", "frozen_layers": "all", "scoring": "script", "learning_rate": 7e-05, "batch_size": 8, "weight_decay": 0.01, "adam_epsilon": 1e-08, "normalized_values": null, "model_name": "distilroberta-base_1630621517", "runtime": 478.734050989151, "steps_per_sec": 0.18072255605479465},