{"best": {"aes": {"rmse_aes": 28.396253665267576, "pearson_aes": NaN, "spearman_aes": NaN, "kappa_aes": 0.0, "aes": 0.0, "aes_weight_coef": 0.0}, "ged": {"f1_score_avg_ged": 0.6839572376336324, "f1_score_macro_ged": 0.5929224655183515, "f1_score_weighted_ged": 0.7335873016639157, "f_0_5_ged": 0.5667343548089349, "ged": 0.11436844010685765, "ged_weight_coef": 1.0}, "ner": {"f1_score_avg_ner": 0.9799462637747751, "f1_score_macro_ner": 0.8947044048622931, "f1_score_weighted_ner": 0.9798851313795186, "ner": 0.006173936807182293, "ner_weight_coef": 0.10000000149011612}}, "train": {"loss": [0.3214, 0.2467], "learning_rate": [0.0004528301886792453, 0.0004056603773584906], "epoch": [1.89, 3.77], "step": [500, 1000]}, "eval": {"rmse_aes": [28.396253665267576, 28.396253665267576, 28.396253665267576, 28.396253665267576], "pearson_aes": [NaN, NaN, NaN, NaN], "spearman_aes": [NaN, NaN, NaN, NaN], "kappa_aes": [0.0, 0.0, 0.0, 0.0], "f1_score_avg_ged": [0.6916915884637861, 0.7133133958956378, 0.6839572376336324, 0.7362758241380496], "f1_score_macro_ged": [0.5896639861044116, 0.60965888523033, 0.5929224655183515, 0.626308033174654], "f1_score_weighted_ged": [0.7391745847086596, 0.756639335714784, 0.7335873016639157, 0.7744345988237826], "f_0_5_ged": [0.5331105710814095, 0.5570384124405247, 0.5667343548089349, 0.5624276764694146], "f1_score_avg_ner": [0.9522020170554106, 0.9750204431291616, 0.9773178614539932, 0.9799462637747751], "f1_score_macro_ner": [0.6764878711240558, 0.8575100889497018, 0.885418404599573, 0.8947044048622931], "f1_score_weighted_ner": [0.9458216250617636, 0.9742761914532874, 0.9771913610211149, 0.9798851313795186], "aes": [0.0, 0.0, 0.0, 0.0], "ged": [0.11688218005867891, 0.11261303064435027, 0.11436844010685765, 0.12089604555174362], "ner": [0.01286424514512683, 0.007428808440995771, 0.006684996171442922, 0.006173936807182293], "total_loss": [0.12974642520380575, 0.12004183908534605, 0.12105343627830058, 0.12706998235892591], "aes_weight_coef": [0.0, 0.0, 0.0, 0.0], "ged_weight_coef": [1.0, 1.0, 1.0, 1.0], "ner_weight_coef": [0.10000000149011612, 0.10000000149011612, 0.10000000149011612, 0.10000000149011612], "epoch": [1.0, 2.0, 3.0, 4.0], "step": [264, 529, 794, 1059]}, "test": {"rmse_aes": 28.024171114712146, "pearson_aes": NaN, "spearman_aes": NaN, "kappa_aes": 0.0, "f1_score_avg_ged": 0.6979826319305277, "f1_score_macro_ged": 0.6056122837193522, "f1_score_weighted_ged": 0.7386445569684973, "f_0_5_ged": 0.5513035817526086, "f1_score_avg_ner": 0.9698718638957683, "f1_score_macro_ner": 0.8416349188565904, "f1_score_weighted_ner": 0.9701465555367996, "aes": 0.0, "ged": 0.17933331784747897, "ner": 0.00850564574024507, "total_loss": 0.18783896358772403, "aes_weight_coef": 0.0, "ged_weight_coef": 1.0, "ner_weight_coef": 0.10000000149011612}, "info": {"tasks": ["aes", "ged", "ner"], "outputs": ["loss", "labels", "preds"], "map_out_to_task": {"aes_loss": "aes", "aes_labels": "aes", "aes_preds": "aes", "ged_loss": "ged", "ged_labels": "ged", "ged_preds": "ged", "ner_loss": "ner", "ner_labels": "ner", "ner_preds": "ner"}, "map_out_to_out": {"aes_loss": "loss", "aes_labels": "labels", "aes_preds": "preds", "ged_loss": "loss", "ged_labels": "labels", "ged_preds": "preds", "ner_loss": "loss", "ner_labels": "labels", "ner_preds": "preds"}, "map_task_index": {"aes": 0, "ged": 1, "ner": 2}, "map_index_task": {"0": "aes", "1": "ged", "2": "ner"}, "optimizer_weighting": "fixed", "epochs_to_avg_over": 2, "temp": 2, "init_task_weightings": {"aes": 0, "ged": 1, "ner": 0.1}, "metrics_to_track_by_task": {"aes": "pearson_aes", "ged": "f_0_5_ged", "ner": "f1_score_avg_ner"}, "regression_tasks": ["aes"], "classification_tasks": ["ner", "ged"], "fce_tasks": ["aes", "ged"], "task_priorities_priority_as_key": {"primary_task": "aes", "secondary_task": "ged", "aux_task": "ner"}, "early_stopping_patience": 2, "early_stopping_metric": "loss", "pretrained_model": "distilroberta-base", "frozen_layers": "all", "scoring": "script", "learning_rate": 0.0005, "batch_size": 8, "weight_decay": 0.01, "adam_epsilon": 1e-08, "normalized_values": null, "model_name": "distilroberta-base_1630625244", "runtime": 235.25551104545593, "steps_per_sec": 0.22214873564254572}, "preds": {"aes": {"preds": [-0.04131133481860161, -0.03127741068601608, -0.03289882093667984, -0.03410501778125763, -0.02722673863172531, -0.024353330954909325, -0.027134990319609642, -0.03497479483485222, -0.029730334877967834, -0.040401916950941086, -0.02935674786567688, -0.04251842945814133, -0.033001236617565155, -0.041740357875823975, -0.035940416157245636, -0.02485489472746849, -0.021413415670394897, -0.026194315403699875, -0.04081493616104126, -0.032731104642152786, -0.041341617703437805, -0.04254408925771713, -0.03961624205112457, -0.04399911314249039, -0.034002870321273804, -0.02573201432824135, -0.01112358644604683, -0.04450278729200363, -0.04887568578124046, -0.0385027714073658, -0.030211299657821655, -0.03939536213874817, -0.026364818215370178, -0.028263751417398453, -0.04181404411792755, -0.03457319736480713, -0.043296076357364655, -0.02452988363802433, -0.040939055383205414, -0.02912881039083004, -0.014944782480597496, -0.027509354054927826, -0.04668419063091278, -0.048311952501535416, -0.037679411470890045, -0.03884958103299141, -0.029368918389081955, -0.035114265978336334, -0.03794950991868973, -0.014631327241659164, -0.04382139444351196, -0.033438894897699356, -0.027996668592095375, -0.02029801905155182, -0.03763015568256378, -0.035511359572410583, -0.029440633952617645, -0.054405391216278076, -0.024288497865200043, -0.04066815227270126, -0.016808602958917618, -0.03695645555853844, -0.03437671810388565, -0.05007553845643997, -0.03445075452327728, -0.04130280017852783, -0.02625623717904091, -0.05405121669173241, -0.025123227387666702, -0.039366766810417175, -0.028900709003210068, -0.03815765678882599, -0.039929769933223724, -0.04309836030006409, -0.04170144721865654, -0.037092454731464386, -0.03124929592013359, -0.040053077042102814, -0.04004918783903122, -0.025601651519536972, -0.026890896260738373, -0.029084816575050354, -0.033472273498773575, -0.04203693941235542, -0.04230943322181702, -0.03827551007270813, -0.03429024666547775, -0.029269244521856308, -0.026034075766801834, -0.03424353152513504, -0.03346618637442589, -0.04063872992992401, -0.028592612594366074, -0.03110678866505623, -0.04513121396303177, -0.039788633584976196], "labels": [30.0, 26.0, 23.0, 26.0, 26.0, 38.0, 27.0, 39.0, 25.0, 24.0, 25.0, 27.0, 30.0, 27.0, 20.0, 21.0, 21.0, 26.0, 22.0, 24.0, 38.0, 30.0, 34.0, 24.0, 23.0, 22.0, 23.0, 39.0, 34.0, 37.0, 31.0, 28.0, 26.0, 29.0, 34.0, 26.0, 34.0, 19.0, 26.0, 31.0, 18.0, 19.0, 25.0, 26.0, 29.0, 29.0, 18.0, 27.0, 35.0, 22.0, 36.0, 14.0, 24.0, 29.0, 28.0, 24.0, 25.0, 37.0, 24.0, 36.0, 13.0, 23.0, 29.0, 31.0, 23.0, 28.0, 26.0, 26.0, 21.0, 38.0, 32.0, 29.0, 36.0, 40.0, 29.0, 34.0, 36.0, 25.0, 37.0, 17.0, 32.0, 25.0, 25.0, 36.0, 31.0, 27.0, 19.0, 28.0, 24.0, 20.0, 25.0, 23.0, 22.0, 23.0, 27.0, 30.0]}}}