{"best": {"ged": {"f1_score_avg_ged": 0.8022956783541366, "f1_score_macro_ged": 0.695387263417528, "f1_score_weighted_ged": 0.8271183521451353, "f_0_5_ged": 0.6456717224344873, "ged": 0.4992540313137902, "ged_weight_coef": 1.0}}, "train": {"loss": [0.4324], "learning_rate": [4.3684210526315785e-05], "epoch": [3.76], "step": [500]}, "eval": {"f1_score_avg_ged": [0.7492629994354889, 0.8022956783541366, 0.8518785673963495, 0.8790378222417362], "f1_score_macro_ged": [0.6489811148453447, 0.695387263417528, 0.73608095701388, 0.7583286846441945], "f1_score_weighted_ged": [0.7859382905608994, 0.8271183521451353, 0.8636935311941915, 0.8830070022266385], "f_0_5_ged": [0.6167591325023417, 0.6456717224344873, 0.6378800675675677, 0.6168597862211443], "ged": [0.5279854072464837, 0.4992540313137902, 0.5503561397393545, 0.6711768673525916], "total_loss": [0.5279854072464837, 0.4992540313137902, 0.5503561397393545, 0.6711768673525916], "ged_weight_coef": [1.0, 1.0, 1.0, 1.0], "epoch": [0.99, 1.99, 2.99, 3.99], "step": [132, 265, 398, 531]}, "test": {"f1_score_avg_ged": 0.8656346422637727, "f1_score_macro_ged": 0.744488046562852, "f1_score_weighted_ged": 0.8674766644197767, "f_0_5_ged": 0.5802537421785875, "ged": 0.7709380934635798, "total_loss": 0.7709380934635798, "ged_weight_coef": 1.0}, "info": {"tasks": ["ged"], "outputs": ["loss", "labels", "preds"], "map_out_to_task": {"ged_loss": "ged", "ged_labels": "ged", "ged_preds": "ged"}, "map_out_to_out": {"ged_loss": "loss", "ged_labels": "labels", "ged_preds": "preds"}, "map_task_index": {"ged": 0}, "map_index_task": {"0": "ged"}, "optimizer_weighting": "fixed", "epochs_to_avg_over": 2, "temp": 2, "init_task_weightings": {"aes": 1.0, "ged": 1.0, "ner": 1.0}, "metrics_to_track_by_task": {"aes": "pearson_aes", "ged": "f_0_5_ged", "ner": "f1_score_avg_ner"}, "regression_tasks": ["aes"], "classification_tasks": ["ner", "ged"], "fce_tasks": ["aes", "ged"], "task_priorities_priority_as_key": {"primary_task": "ged"}, "early_stopping_patience": 2, "early_stopping_metric": "loss", "pretrained_model": "distilroberta-base", "frozen_layers": 3, "scoring": "script", "learning_rate": 7e-05, "batch_size": 8, "weight_decay": 0.01, "adam_epsilon": 1e-08, "normalized_values": null, "model_name": "distilroberta-base_1630611113", "runtime": 266.7803564071655, "steps_per_sec": 0.5024112173392947}, "preds": {}}