{"best": {"aes": {"rmse_aes": 228.93485245079367, "pearson_aes": 0.3270741078359666, "spearman_aes": 0.3385208042345324, "kappa_aes": 0.2842961825170922, "aes": 0.4798598608305288, "aes_weight_coef": 0.07000000029802322}, "ged": {"f1_score_avg_ged": 0.7640851122340243, "f1_score_macro_ged": 0.6553517266058004, "f1_score_weighted_ged": 0.7968049443719664, "f_0_5_ged": 0.6007672843033222, "ged": 0.09546329462250998, "ged_weight_coef": 0.9300000071525574}, "ner": {"f1_score_avg_ner": 0.9885518476694832, "f1_score_macro_ner": 0.9370986717779939, "f1_score_weighted_ner": 0.9884791452229202, "ner": 0.0031445299100596458, "ner_weight_coef": 0.09300000220537186}}, "train": {"loss": [12.7092, 1.4166], "learning_rate": [6.339622641509433e-05, 5.679245283018868e-05], "epoch": [1.89, 3.77], "step": [500, 1000]}, "eval": {"rmse_aes": [673.8705468329127, 252.72399305698434, 230.36568152010452, 229.6129593710057, 228.93485245079367], "pearson_aes": [0.15718652092781008, 0.16715382276781807, 0.23087614856236294, 0.2892105700915195, 0.3270741078359666], "spearman_aes": [0.18918527980995534, 0.20208503672003503, 0.2490838324520128, 0.2969425113239905, 0.3385208042345324], "kappa_aes": [-0.0030085085504352183, 0.051690263319753016, 0.22607409154355995, 0.2535045765646904, 0.2842961825170922], "f1_score_avg_ged": [0.7381664432298649, 0.860541060809185, 0.7640851122340243, 0.8538035818638067, 0.8422879928500223], "f1_score_macro_ged": [0.622642650400163, 0.6955375760150382, 0.6553517266058004, 0.719797616208852, 0.7124747958358872], "f1_score_weighted_ged": [0.7752078382841698, 0.8593160162592097, 0.7968049443719664, 0.8613904590325606, 0.8536442401971431], "f_0_5_ged": [0.5433201325466741, 0.46561309585092137, 0.6007672843033222, 0.5693881490059833, 0.5818267198872976], "f1_score_avg_ner": [0.9796152797788248, 0.9863517775787547, 0.9868969276897317, 0.9881624547330712, 0.9885518476694832], "f1_score_macro_ner": [0.8796371142394225, 0.9260955579080375, 0.9287159177377013, 0.9340525795742372, 0.9370986717779939], "f1_score_weighted_ner": [0.9793602904849956, 0.9862320580991535, 0.9867655230554897, 0.9881036773770886, 0.9884791452229202], "aes": [4.15818376319353, 0.5850018429201703, 0.4857488648836003, 0.4828897839368776, 0.4798598608305288], "ged": [0.10697326687879341, 0.11168379145999287, 0.09546329462250998, 0.10537950937138048, 0.1101765050444492], "ner": [0.005440286214485071, 0.003725502545252269, 0.0035340482474651275, 0.003232614364648281, 0.0031445299100596458], "total_loss": [4.270597316286808, 0.7004111369254155, 0.5847462077535753, 0.5915019076729063, 0.5931808957850376], "aes_weight_coef": [0.07000000029802322, 0.07000000029802322, 0.07000000029802322, 0.07000000029802322, 0.07000000029802322], "ged_weight_coef": [0.9300000071525574, 0.9300000071525574, 0.9300000071525574, 0.9300000071525574, 0.9300000071525574], "ner_weight_coef": [0.09300000220537186, 0.09300000220537186, 0.09300000220537186, 0.09300000220537186, 0.09300000220537186], "epoch": [1.0, 2.0, 3.0, 4.0, 5.0], "step": [264, 529, 794, 1059, 1324]}, "test": {"rmse_aes": 225.04707840805222, "pearson_aes": 0.5829658631252221, "spearman_aes": 0.5639689228443218, "kappa_aes": 0.32068822765268856, "f1_score_avg_ged": 0.8116499665998664, "f1_score_macro_ged": 0.6951442115457647, "f1_score_weighted_ged": 0.8265002203885311, "f_0_5_ged": 0.5782932362056296, "f1_score_avg_ner": 0.9790244427694627, "f1_score_macro_ner": 0.8827571484165733, "f1_score_weighted_ner": 0.9792983210421662, "aes": 0.6330053919837588, "ged": 0.15801820584705897, "ner": 0.006257842560963971, "total_loss": 0.7972814403917818, "aes_weight_coef": 0.07000000029802322, "ged_weight_coef": 0.9300000071525574, "ner_weight_coef": 0.09300000220537186}, "info": {"tasks": ["aes", "ged", "ner"], "outputs": ["loss", "labels", "preds"], "map_out_to_task": {"aes_loss": "aes", "aes_labels": "aes", "aes_preds": "aes", "ged_loss": "ged", "ged_labels": "ged", "ged_preds": "ged", "ner_loss": "ner", "ner_labels": "ner", "ner_preds": "ner"}, "map_out_to_out": {"aes_loss": "loss", "aes_labels": "labels", "aes_preds": "preds", "ged_loss": "loss", "ged_labels": "labels", "ged_preds": "preds", "ner_loss": "loss", "ner_labels": "labels", "ner_preds": "preds"}, "map_task_index": {"aes": 0, "ged": 1, "ner": 2}, "map_index_task": {"0": "aes", "1": "ged", "2": "ner"}, "optimizer_weighting": "fixed", "epochs_to_avg_over": 2, "temp": 2, "init_task_weightings": {"aes": 0.06999999999999999, "ged": 0.93, "ner": 0.09300000000000001}, "metrics_to_track_by_task": {"aes": "pearson_aes", "ged": "f_0_5_ged", "ner": "f1_score_avg_ner"}, "regression_tasks": ["aes"], "classification_tasks": ["ner", "ged"], "fce_tasks": ["aes", "ged"], "task_priorities_priority_as_key": {"primary_task": "aes", "secondary_task": "ged", "aux_task": "ner"}, "early_stopping_patience": 2, "early_stopping_metric": "loss", "pretrained_model": "distilroberta-base", "frozen_layers": "all", "scoring": "script", "learning_rate": 7e-05, "batch_size": 8, "weight_decay": 0.01, "adam_epsilon": 1e-08, "normalized_values": [40, 0], "model_name": "distilroberta-base_1630663231", "runtime": 291.71221446990967, "steps_per_sec": 0.22032644597425202}, "preds": {"aes": {"preds": [28.2420654296875, 28.120512008666992, 28.37520980834961, 28.322708129882812, 28.51740074157715, 28.16462516784668, 28.263826370239258, 28.06507682800293, 27.7161865234375, 28.46080207824707, 28.063806533813477, 28.65241241455078, 28.393232345581055, 28.493671417236328, 28.540796279907227, 26.33246612548828, 27.788314819335938, 28.318037033081055, 28.575332641601562, 27.684579849243164, 28.962305068969727, 28.214256286621094, 28.3060302734375, 28.192136764526367, 28.050880432128906, 28.16692543029785, 26.546052932739258, 28.61553192138672, 28.870952606201172, 28.41868019104004, 28.009685516357422, 28.88680648803711, 28.09880256652832, 27.41826629638672, 28.507408142089844, 28.03458595275879, 29.07732391357422, 27.692209243774414, 28.780086517333984, 28.106884002685547, 27.090578079223633, 26.956058502197266, 28.200056076049805, 28.617557525634766, 28.445554733276367, 28.218812942504883, 27.338119506835938, 27.582138061523438, 28.7661075592041, 27.499717712402344, 28.90961456298828, 28.33416748046875, 28.21685791015625, 27.60828971862793, 28.190471649169922, 28.346681594848633, 27.29937171936035, 28.92830467224121, 27.6596622467041, 28.494338989257812, 25.445938110351562, 28.417072296142578, 27.923404693603516, 28.731769561767578, 27.189022064208984, 28.3800048828125, 27.762685775756836, 28.4627685546875, 27.436847686767578, 28.59707260131836, 27.893138885498047, 28.34099006652832, 28.628192901611328, 28.904054641723633, 27.216859817504883, 28.88805389404297, 28.318126678466797, 28.299158096313477, 28.296104431152344, 27.714405059814453, 28.630399703979492, 28.2106876373291, 28.30777931213379, 28.688642501831055, 28.510873794555664, 28.433767318725586, 28.12415313720703, 28.31420135498047, 27.616371154785156, 27.728538513183594, 28.459861755371094, 28.06409454345703, 27.663225173950195, 27.480817794799805, 28.560958862304688, 28.197559356689453], "labels": [30.0, 26.0, 23.0, 26.0, 26.0, 38.0, 27.0, 39.0, 25.0, 24.0, 25.0, 27.0, 30.0, 27.0, 20.0, 21.0, 21.0, 26.0, 22.0, 24.0, 38.0, 30.0, 34.0, 24.0, 23.0, 22.0, 23.0, 39.0, 34.0, 37.0, 31.0, 28.0, 26.0, 29.0, 34.0, 26.0, 34.0, 19.0, 26.0, 31.0, 18.0, 19.0, 25.0, 26.0, 29.0, 29.0, 18.0, 27.0, 35.0, 22.0, 36.0, 14.0, 24.0, 29.0, 28.0, 24.0, 25.0, 37.0, 24.0, 36.0, 13.0, 23.0, 29.0, 31.0, 23.0, 28.0, 26.0, 26.0, 21.0, 38.0, 32.0, 29.0, 36.0, 40.0, 29.0, 34.0, 36.0, 25.0, 37.0, 17.0, 32.0, 25.0, 25.0, 36.0, 31.0, 27.0, 19.0, 28.0, 24.0, 20.0, 25.0, 23.0, 22.0, 23.0, 27.0, 30.0]}}}