{"best": {"aes": {"rmse_aes": 5.497474167490214, "pearson_aes": 0.5109229709322151, "spearman_aes": 0.4915448073377406, "kappa_aes": 0.18029717077142282, "aes": 3.807171189507773, "aes_weight_coef": 0.6000000238418579}, "ged": {"f1_score_avg_ged": 0.8394348767660101, "f1_score_macro_ged": 0.6937632023064161, "f1_score_weighted_ged": 0.8480964750330702, "f_0_5_ged": 0.524112041582443, "ged": 0.04710368638814882, "ged_weight_coef": 0.4000000059604645}, "ner": {"f1_score_avg_ner": 0.9658307698298353, "f1_score_macro_ner": 0.8792904581519881, "f1_score_weighted_ner": 0.9650527381294868, "ner": 0.0033247119498027618, "ner_weight_coef": 0.03999999910593033}}, "train": {"loss": [103.62, 9.9156, 8.9738, 8.7153, 8.4577, 8.4255, 8.0008, 7.9412, 7.6347, 7.7477], "learning_rate": [6.339622641509433e-05, 5.679245283018868e-05, 5.0188679245283013e-05, 4.3584905660377356e-05, 3.69811320754717e-05, 3.0377358490566036e-05, 2.3773584905660375e-05, 1.7169811320754714e-05, 1.0566037735849056e-05, 3.9622641509433956e-06], "epoch": [1.89, 3.77, 5.66, 7.55, 9.43, 11.32, 13.21, 15.09, 16.98, 18.87], "step": [500, 1000, 1500, 2000, 2500, 3000, 3500, 4000, 4500, 5000]}, "eval": {"rmse_aes": [16.489474757486295, 6.280481227138924, 5.7506038330287055, 5.784317879692759, 5.742144392317405, 5.740934883216612, 5.749396103553447, 5.6984403324262525, 5.675238614660474, 5.632248416238601, 5.606296063851387, 5.565269285688, 5.570258322356135, 5.57150488348226, 5.586441920698123, 5.576488341440536, 5.557777333511022, 5.546520430764579, 5.497474167490214, 5.49621081594705], "pearson_aes": [0.2022429214610555, 0.15945259287844268, 0.2464539084782921, 0.23938958050492243, 0.29019714725809076, 0.2806447040143582, 0.3065961619512512, 0.37044924691961173, 0.4012297751257851, 0.4220512043723294, 0.4444515537407323, 0.4808968488610508, 0.4712917547122245, 0.4594654037943117, 0.4410552748035876, 0.45029419183653413, 0.46427219960078453, 0.4666724631203406, 0.5109229709322151, 0.5080306591109547], "spearman_aes": [0.2348655089248729, 0.20227079528054237, 0.23575998807666754, 0.25297931419715225, 0.2851491042424278, 0.2844752553801398, 0.32713691619023183, 0.3583065012769657, 0.4017560518811167, 0.42166582603324426, 0.431536741815202, 0.47363540252350017, 0.4614005403032553, 0.4573638064579486, 0.43719757498308226, 0.45614906453650456, 0.461286061057493, 0.4664189701017138, 0.4915448073377406, 0.48792737355959354], "kappa_aes": [0.00788532484722193, 0.03356239418384621, 0.05928987096230076, 0.05832076420311716, 0.06310863791577082, 0.0641274121513441, 0.07510971786833853, 0.08470736312145999, 0.0973406924234822, 0.11603683179867497, 0.12501041059382023, 0.1509410650302705, 0.15141061968707636, 0.1513708750615662, 0.14790865187852986, 0.15426052889324193, 0.16362007898058062, 0.16845703125, 0.18029717077142282, 0.18041866905595827], "f1_score_avg_ged": [0.7089477845381733, 0.7978756316386512, 0.8355161390120656, 0.8117974631329277, 0.8160255749200783, 0.8381630057406071, 0.8365817606819979, 0.8121755869512908, 0.8323536488948472, 0.8333161458870441, 0.8262005431233027, 0.8350005156233887, 0.8360317624007425, 0.8333161458870441, 0.8422536179574439, 0.8501598432504899, 0.8514317142758929, 0.8524973359458252, 0.8394348767660101, 0.8415317452132962], "f1_score_macro_ged": [0.5360801064351342, 0.5943873276981032, 0.625195738692423, 0.6379007447587706, 0.6481287345535338, 0.6611866717665301, 0.6631141162358466, 0.6615529515314139, 0.6698375510437153, 0.6775858023385269, 0.6762865258269676, 0.6818134993538688, 0.6872443495889318, 0.6851039454091405, 0.6907429762991015, 0.6949713372302847, 0.6955821119635315, 0.6960167338528163, 0.6937632023064161, 0.695248778618269], "f1_score_weighted_ged": [0.7430092782695921, 0.8043145723894026, 0.8303527114161124, 0.82125999785795, 0.8257342650671761, 0.840115848046528, 0.8397561147025214, 0.8265339048534279, 0.8390979475170868, 0.8413191049802734, 0.8372564841877391, 0.8431360856724809, 0.8448707654444344, 0.8429627862528523, 0.8489131810791519, 0.8539516780722848, 0.8547411317259079, 0.8553837403060114, 0.8480964750330702, 0.8495299505810819], "f_0_5_ged": [0.3103881476347254, 0.3219350694272866, 0.3299212598425197, 0.41775456919060056, 0.4390996288620041, 0.4236261795428168, 0.43346521760905493, 0.4921856776300443, 0.4654463586530932, 0.48778122575640026, 0.5034449988120694, 0.4969259815074793, 0.5121047311931463, 0.5128327906531316, 0.50537109375, 0.49547083416285087, 0.4935836620562241, 0.49173760640961445, 0.524112041582443, 0.5227920916517621], "f1_score_avg_ner": [0.9215178536661345, 0.9333164596394221, 0.9396051555624781, 0.943070752696546, 0.9486585413340602, 0.953175499396441, 0.957127837701024, 0.9584907129784666, 0.9603208597796036, 0.9583349558039017, 0.9598730579027297, 0.9612164635333516, 0.9616253261165842, 0.9625403995171528, 0.9636891086795686, 0.9645263034928546, 0.9646820606674195, 0.9656360733616293, 0.9657334215957323, 0.9658307698298353], "f1_score_macro_ner": [0.613157148838098, 0.7104841591066172, 0.7424814952594143, 0.7609300443611074, 0.7900137180954672, 0.8147922177054926, 0.8346354300247791, 0.8481338230431634, 0.8553203352311674, 0.8504703530108939, 0.8606808627717695, 0.8611741592730008, 0.8610414825406042, 0.8677475145660923, 0.8699562757287762, 0.8727956500940676, 0.8747942024410543, 0.8792316606600689, 0.8784364434602787, 0.8792904581519881], "f1_score_weighted_ner": [0.9127471228574998, 0.9290137804427282, 0.9364323072807964, 0.9407151314328812, 0.9463325639346818, 0.9513292824137985, 0.9548467406575993, 0.9569742762357597, 0.9590143831217292, 0.9581520165020267, 0.9597215055555006, 0.9608245765824892, 0.9610572211561416, 0.9619639469004359, 0.963055528375429, 0.9635678544240168, 0.9640757744940976, 0.9649196774723034, 0.9649392413752977, 0.9650527381294868], "aes": [34.34501328579215, 4.965306060258732, 4.180300579514614, 4.184458688248036, 4.125262992326603, 4.0988443729489346, 4.1097797793011335, 4.0593212038971656, 4.028436649677365, 3.988807057225427, 3.949516540349916, 3.934346875479055, 3.918866468030353, 3.878333513126817, 3.8613895926364634, 3.845718794090803, 3.8378286805263784, 3.8210935481759005, 3.807171189507773, 3.7997667179551233], "ged": [0.05711876306422921, 0.055948953295862955, 0.05528552552988363, 0.05204429979934249, 0.05094877751760705, 0.05187151702337487, 0.05122778374095296, 0.048309692809748096, 0.04973651780638584, 0.0488643524951713, 0.047848622466242594, 0.048214858701062756, 0.047768367237822955, 0.04719401722730592, 0.048117450156877205, 0.04921045414237089, 0.0494484755881997, 0.04964771797490675, 0.04710368638814882, 0.04757809673630914], "ner": [0.007945615289256323, 0.006553313619088988, 0.005888129367904608, 0.005498272171893785, 0.004993071703803401, 0.004596446749082831, 0.004362361489383634, 0.004124795395317812, 0.0039006013742669725, 0.003897024123647878, 0.003758528345632692, 0.0037066811468278948, 0.0036733504790856047, 0.0035726771917367396, 0.0035218403669247445, 0.0034774836114889315, 0.003413780080696005, 0.0033415054176869088, 0.003353944985022725, 0.0033247119498027618], "total_loss": [34.41007766414564, 5.027808327173684, 4.241474234412403, 4.242001260219272, 4.181204841548014, 4.155312336721392, 4.16536992453147, 4.111755692102232, 4.082073768858018, 4.041568433844247, 4.001123691161792, 3.9862684153269456, 3.9703081857472613, 3.9291002075458596, 3.913028883160265, 3.898406731844663, 3.8906909361952744, 3.874082771568494, 3.857628820880944, 3.8506695266412354], "aes_weight_coef": [0.6000000238418579, 0.6000000238418579, 0.6000000238418579, 0.6000000238418579, 0.6000000238418579, 0.6000000238418579, 0.6000000238418579, 0.6000000238418579, 0.6000000238418579, 0.6000000238418579, 0.6000000238418579, 0.6000000238418579, 0.6000000238418579, 0.6000000238418579, 0.6000000238418579, 0.6000000238418579, 0.6000000238418579, 0.6000000238418579, 0.6000000238418579, 0.6000000238418579],