{"best": {"aes": {"rmse_aes": 6.2182527020592095, "pearson_aes": 0.6086374933214695, "spearman_aes": 0.5904924837441256, "kappa_aes": 0.35828575456403744, "aes": 2.446707570275595, "aes_weight_coef": 0.30000001192092896}, "ged": {"f1_score_avg_ged": 0.8392286274105394, "f1_score_macro_ged": 0.6757544401702847, "f1_score_weighted_ged": 0.8439850171535386, "f_0_5_ged": 0.46542157931239475, "ged": 0.08671922461931096, "ged_weight_coef": 0.699999988079071}, "ner": {"f1_score_avg_ner": 0.9743390054904404, "f1_score_macro_ner": 0.8820247543273619, "f1_score_weighted_ner": 0.9740861361288957, "ner": 0.004612834677425062, "ner_weight_coef": 0.07000000029802322}}, "train": {"loss": [11.7103], "learning_rate": [0.0004528301886792453], "epoch": [1.89], "step": [500]}, "eval": {"rmse_aes": [5.753018531364402, 5.802298395176403, 6.2182527020592095], "pearson_aes": [0.4204882270905782, 0.5510568028148608, 0.6086374933214695], "spearman_aes": [0.4306896725233792, 0.5699520241670701, 0.5904924837441256], "kappa_aes": [0.08962457898628118, 0.25275161130391666, 0.35828575456403744], "f1_score_avg_ged": [0.8070881028496786, 0.840844247361727, 0.8392286274105394], "f1_score_macro_ged": [0.6310348389974647, 0.6632179178440462, 0.6757544401702847], "f1_score_weighted_ged": [0.8172684408738773, 0.8419372289889007, 0.8439850171535386], "f_0_5_ged": [0.4077697980430906, 0.42277453715445096, 0.46542157931239475], "f1_score_avg_ner": [0.9584128343911842, 0.9703282582453955, 0.9743390054904404], "f1_score_macro_ner": [0.8055871584689164, 0.8637176792973578, 0.8820247543273619], "f1_score_weighted_ner": [0.9569986703500504, 0.9699060292116654, 0.9740861361288957], "aes": [2.1085934805315594, 2.1277953608091487, 2.446707570275595], "ged": [0.09184518040612687, 0.0905353773471921, 0.08671922461931096], "ner": [0.0074630957367548415, 0.005348695967303112, 0.004612834677425062], "total_loss": [2.207901756674441, 2.223679434123644, 2.538039629572331], "aes_weight_coef": [0.30000001192092896, 0.30000001192092896, 0.30000001192092896], "ged_weight_coef": [0.699999988079071, 0.699999988079071, 0.699999988079071], "ner_weight_coef": [0.07000000029802322, 0.07000000029802322, 0.07000000029802322], "epoch": [1.0, 2.0, 3.0], "step": [264, 529, 794]}, "test": {"rmse_aes": 5.451490621839131, "pearson_aes": 0.7254124290958822, "spearman_aes": 0.7437889039831409, "kappa_aes": 0.47945880975128674, "f1_score_avg_ged": 0.8111957247828991, "f1_score_macro_ged": 0.6719053814231819, "f1_score_weighted_ged": 0.8209063494993855, "f_0_5_ged": 0.49700499168053236, "f1_score_avg_ner": 0.9673952837299451, "f1_score_macro_ner": 0.8405032502162074, "f1_score_weighted_ner": 0.9676960216675804, "aes": 2.5239980901990617, "ged": 0.12095727026462555, "ner": 0.005687427230268007, "total_loss": 2.6506427876939553, "aes_weight_coef": 0.30000001192092896, "ged_weight_coef": 0.699999988079071, "ner_weight_coef": 0.07000000029802322}, "info": {"tasks": ["aes", "ged", "ner"], "outputs": ["loss", "labels", "preds"], "map_out_to_task": {"aes_loss": "aes", "aes_labels": "aes", "aes_preds": "aes", "ged_loss": "ged", "ged_labels": "ged", "ged_preds": "ged", "ner_loss": "ner", "ner_labels": "ner", "ner_preds": "ner"}, "map_out_to_out": {"aes_loss": "loss", "aes_labels": "labels", "aes_preds": "preds", "ged_loss": "loss", "ged_labels": "labels", "ged_preds": "preds", "ner_loss": "loss", "ner_labels": "labels", "ner_preds": "preds"}, "map_task_index": {"aes": 0, "ged": 1, "ner": 2}, "map_index_task": {"0": "aes", "1": "ged", "2": "ner"}, "optimizer_weighting": "fixed", "epochs_to_avg_over": 2, "temp": 2, "init_task_weightings": {"aes": 0.30000000000000004, "ged": 0.7, "ner": 0.06999999999999999}, "metrics_to_track_by_task": {"aes": "pearson_aes", "ged": "f_0_5_ged", "ner": "f1_score_avg_ner"}, "regression_tasks": ["aes"], "classification_tasks": ["ner", "ged"], "fce_tasks": ["aes", "ged"], "task_priorities_priority_as_key": {"primary_task": "aes", "secondary_task": "ged", "aux_task": "ner"}, "early_stopping_patience": 2, "early_stopping_metric": "loss", "pretrained_model": "distilroberta-base", "frozen_layers": "all", "scoring": "script", "learning_rate": 0.0005, "batch_size": 8, "weight_decay": 0.01, "adam_epsilon": 1e-08, "normalized_values": null, "model_name": "distilroberta-base_1630636590", "runtime": 117.5775716304779, "steps_per_sec": 0.14808258391747847}, "preds": {"aes": {"preds": [32.83784866333008, 29.851537704467773, 30.436887741088867, 33.20018768310547, 34.02507781982422, 31.625600814819336, 32.530982971191406, 31.89436912536621, 28.641756057739258, 31.63206672668457, 30.277212142944336, 31.747207641601562, 32.81686782836914, 33.24387741088867, 31.135942459106445, 23.05666160583496, 27.103586196899414, 32.26942825317383, 31.892440795898438, 27.05477523803711, 34.46037292480469, 33.01430892944336, 31.968017578125, 28.402070999145508, 28.722572326660156, 31.667367935180664, 26.032318115234375, 34.84959411621094, 34.04130935668945, 32.37213134765625, 32.08517074584961, 32.741329193115234, 34.2515754699707, 29.342260360717773, 33.350948333740234, 28.03415870666504, 34.3880615234375, 26.865581512451172, 33.968570709228516, 31.417272567749023, 25.631696701049805, 26.214662551879883, 29.988759994506836, 34.128570556640625, 32.29920196533203, 32.14856719970703, 24.13515853881836, 30.171892166137695, 33.559383392333984, 27.91572380065918, 34.50709915161133, 30.85556983947754, 32.50539779663086, 29.34809112548828, 30.96229362487793, 31.76912498474121, 26.37413787841797, 35.15946960449219, 29.192398071289062, 33.58967590332031, 15.827959060668945, 30.636856079101562, 30.79330062866211, 32.181644439697266, 26.357629776000977, 29.322547912597656, 29.646913528442383, 32.90933609008789, 27.339656829833984, 34.06755828857422, 32.602943420410156, 31.743799209594727, 34.87784957885742, 34.96461486816406, 30.14794921875, 34.62931442260742, 33.608760833740234, 30.363271713256836, 32.91944122314453, 24.694786071777344, 32.971763610839844, 29.723325729370117, 33.150753021240234, 34.05047607421875, 32.15322494506836, 32.3274040222168, 27.875715255737305, 33.515594482421875, 29.967140197753906, 26.288448333740234, 31.733592987060547, 28.842586517333984, 26.836143493652344, 27.56379508972168, 32.089664459228516, 33.385963439941406], "labels": [30.0, 26.0, 23.0, 26.0, 26.0, 38.0, 27.0, 39.0, 25.0, 24.0, 25.0, 27.0, 30.0, 27.0, 20.0, 21.0, 21.0, 26.0, 22.0, 24.0, 38.0, 30.0, 34.0, 24.0, 23.0, 22.0, 23.0, 39.0, 34.0, 37.0, 31.0, 28.0, 26.0, 29.0, 34.0, 26.0, 34.0, 19.0, 26.0, 31.0, 18.0, 19.0, 25.0, 26.0, 29.0, 29.0, 18.0, 27.0, 35.0, 22.0, 36.0, 14.0, 24.0, 29.0, 28.0, 24.0, 25.0, 37.0, 24.0, 36.0, 13.0, 23.0, 29.0, 31.0, 23.0, 28.0, 26.0, 26.0, 21.0, 38.0, 32.0, 29.0, 36.0, 40.0, 29.0, 34.0, 36.0, 25.0, 37.0, 17.0, 32.0, 25.0, 25.0, 36.0, 31.0, 27.0, 19.0, 28.0, 24.0, 20.0, 25.0, 23.0, 22.0, 23.0, 27.0, 30.0]}}}