{"best": {"aes": {"rmse_aes": 6.362869722940358, "pearson_aes": 0.6408663941321021, "spearman_aes": 0.6446327618921427, "kappa_aes": 0.38605240912933214, "aes": 7.569561536922011, "aes_weight_coef": 0.8999999761581421}, "ged": {"f1_score_avg_ged": 0.25323983362551994, "f1_score_macro_ged": 0.25261817902634587, "f1_score_weighted_ged": 0.26836849108194044, "f_0_5_ged": 0.40796940229482787, "ged": 0.014609372893045114, "ged_weight_coef": 0.10000000149011612}, "ner": {"f1_score_avg_ner": 0.8957595109224719, "f1_score_macro_ner": 0.3857657626790997, "f1_score_weighted_ner": 0.880128322864487, "ner": 0.0027803300749943698, "ner_weight_coef": 0.009999999776482582}}, "train": {"loss": [34.3066, 8.8536], "learning_rate": [0.0004528301886792453, 0.0004056603773584906], "epoch": [1.89, 3.77], "step": [500, 1000]}, "eval": {"rmse_aes": [5.799904213768438, 5.7566386797235145, 6.306962642808167, 6.362869722940358], "pearson_aes": [0.39134410759642163, 0.5687583726390499, 0.5990164094472917, 0.6408663941321021], "spearman_aes": [0.39053789574465936, 0.574943094224337, 0.591315804540704, 0.6446327618921427], "kappa_aes": [0.08835033670712511, 0.2584832004270794, 0.32104536536924466, 0.38605240912933214], "f1_score_avg_ged": [0.7606476229761782, 0.7052352961396996, 0.25323983362551994, 0.36262074181018183], "f1_score_macro_ged": [0.49947716456330643, 0.4935384303860044, 0.25261817902634587, 0.3445756169720783], "f1_score_weighted_ged": [0.7636677248794012, 0.7328004611881258, 0.26836849108194044, 0.4240422046421772], "f_0_5_ged": [0.14045793826911437, 0.19379141327040028, 0.40796940229482787, 0.39719561293905326], "f1_score_avg_ner": [0.8325026284023208, 0.8325026284023208, 0.8912814921537323, 0.8957595109224719], "f1_score_macro_ner": [0.10095515347265754, 0.10095515347265754, 0.33101836910952426, 0.3857657626790997], "f1_score_weighted_ner": [0.7564088755507238, 0.7564088755507238, 0.8699990559311076, 0.880128322864487], "aes": [6.368307401967603, 6.217653019483699, 7.401365246883659, 7.569561536922011], "ged": [0.014711742657561635, 0.014634169984695524, 0.014609372893045114, 0.014503464102745056], "ner": [0.006338004131130007, 0.00616491935757357, 0.002631771973832402, 0.0027803300749943698], "total_loss": [6.389357148756295, 6.238452108825968, 7.418606391750536, 7.586845331099751], "aes_weight_coef": [0.8999999761581421, 0.8999999761581421, 0.8999999761581421, 0.8999999761581421], "ged_weight_coef": [0.10000000149011612, 0.10000000149011612, 0.10000000149011612, 0.10000000149011612], "ner_weight_coef": [0.009999999776482582, 0.009999999776482582, 0.009999999776482582, 0.009999999776482582], "epoch": [1.0, 2.0, 3.0, 4.0], "step": [264, 529, 794, 1059]}, "test": {"rmse_aes": 5.716387262365395, "pearson_aes": 0.7369425594835624, "spearman_aes": 0.7607287337623393, "kappa_aes": 0.4813412053024396, "f1_score_avg_ged": 0.3571142284569138, "f1_score_macro_ged": 0.3453019077997022, "f1_score_weighted_ged": 0.40659579766311293, "f_0_5_ged": 0.42189523963730574, "f1_score_avg_ner": 0.8979218262086788, "f1_score_macro_ner": 0.41031129948565787, "f1_score_weighted_ner": 0.8833943365611562, "aes": 8.323595478421165, "ged": 0.019675888475917634, "ner": 0.0025770398621846524, "total_loss": 8.345848406759268, "aes_weight_coef": 0.8999999761581421, "ged_weight_coef": 0.10000000149011612, "ner_weight_coef": 0.009999999776482582}, "info": {"tasks": ["aes", "ged", "ner"], "outputs": ["loss", "labels", "preds"], "map_out_to_task": {"aes_loss": "aes", "aes_labels": "aes", "aes_preds": "aes", "ged_loss": "ged", "ged_labels": "ged", "ged_preds": "ged", "ner_loss": "ner", "ner_labels": "ner", "ner_preds": "ner"}, "map_out_to_out": {"aes_loss": "loss", "aes_labels": "labels", "aes_preds": "preds", "ged_loss": "loss", "ged_labels": "labels", "ged_preds": "preds", "ner_loss": "loss", "ner_labels": "labels", "ner_preds": "preds"}, "map_task_index": {"aes": 0, "ged": 1, "ner": 2}, "map_index_task": {"0": "aes", "1": "ged", "2": "ner"}, "optimizer_weighting": "fixed", "epochs_to_avg_over": 2, "temp": 2, "init_task_weightings": {"aes": 0.9, "ged": 0.09999999999999998, "ner": 0.009999999999999998}, "metrics_to_track_by_task": {"aes": "pearson_aes", "ged": "f_0_5_ged", "ner": "f1_score_avg_ner"}, "regression_tasks": ["aes"], "classification_tasks": ["ner", "ged"], "fce_tasks": ["aes", "ged"], "task_priorities_priority_as_key": {"primary_task": "aes", "secondary_task": "ged", "aux_task": "ner"}, "early_stopping_patience": 2, "early_stopping_metric": "loss", "pretrained_model": "distilroberta-base", "frozen_layers": "all", "scoring": "script", "learning_rate": 0.0005, "batch_size": 8, "weight_decay": 0.01, "adam_epsilon": 1e-08, "normalized_values": null, "model_name": "distilroberta-base_1630659255", "runtime": 235.78463411331177, "steps_per_sec": 0.22264837971039828}, "preds": {"aes": {"preds": [33.64070129394531, 29.962417602539062, 30.7894229888916, 34.00678253173828, 34.9705810546875, 32.6807975769043, 33.17488098144531, 32.64856719970703, 28.780853271484375, 32.01669692993164, 30.523109436035156, 32.30960464477539, 33.55033493041992, 33.92325210571289, 31.226287841796875, 23.00860595703125, 27.32054901123047, 33.11006546020508, 32.534542083740234, 27.304292678833008, 35.22517776489258, 34.09512710571289, 32.64530563354492, 28.52787208557129, 28.933069229125977, 32.231201171875, 26.093978881835938, 36.002071380615234, 34.951263427734375, 33.19087219238281, 32.94287109375, 33.43290710449219, 35.13759231567383, 29.923114776611328, 34.02480697631836, 28.35334014892578, 34.97917175292969, 26.791427612304688, 34.61906814575195, 32.03568649291992, 25.611515045166016, 26.372817993164062, 30.826385498046875, 35.01304244995117, 32.93558883666992, 32.79835510253906, 23.81452178955078, 30.819534301757812, 34.316959381103516, 28.059959411621094, 35.459659576416016, 31.446514129638672, 33.366519927978516, 29.811399459838867, 31.356094360351562, 32.5898551940918, 26.20102882385254, 36.12497329711914, 29.877641677856445, 34.46550369262695, 15.206971168518066, 30.81785774230957, 31.186107635498047, 32.7220344543457, 26.31078338623047, 29.406200408935547, 30.23094367980957, 33.65608215332031, 27.372800827026367, 35.16140365600586, 33.50555419921875, 32.13911056518555, 36.12161636352539, 35.988372802734375, 30.919015884399414, 35.59434509277344, 34.2507209777832, 30.553281784057617, 33.68549728393555, 24.518539428710938, 33.53214645385742, 29.949771881103516, 33.8730354309082, 35.219810485839844, 32.67610168457031, 32.989200592041016, 27.802698135375977, 34.56791305541992, 30.957612991333008, 25.95374870300293, 32.215736389160156, 28.966215133666992, 26.999048233032227, 27.809133529663086, 32.735633850097656, 34.40785217285156], "labels": [30.0, 26.0, 23.0, 26.0, 26.0, 38.0, 27.0, 39.0, 25.0, 24.0, 25.0, 27.0, 30.0, 27.0, 20.0, 21.0, 21.0, 26.0, 22.0, 24.0, 38.0, 30.0, 34.0, 24.0, 23.0, 22.0, 23.0, 39.0, 34.0, 37.0, 31.0, 28.0, 26.0, 29.0, 34.0, 26.0, 34.0, 19.0, 26.0, 31.0, 18.0, 19.0, 25.0, 26.0, 29.0, 29.0, 18.0, 27.0, 35.0, 22.0, 36.0, 14.0, 24.0, 29.0, 28.0, 24.0, 25.0, 37.0, 24.0, 36.0, 13.0, 23.0, 29.0, 31.0, 23.0, 28.0, 26.0, 26.0, 21.0, 38.0, 32.0, 29.0, 36.0, 40.0, 29.0, 34.0, 36.0, 25.0, 37.0, 17.0, 32.0, 25.0, 25.0, 36.0, 31.0, 27.0, 19.0, 28.0, 24.0, 20.0, 25.0, 23.0, 22.0, 23.0, 27.0, 30.0]}}}