{"best": {"aes": {"rmse_aes": 28.396253665267576, "pearson_aes": NaN, "spearman_aes": NaN, "kappa_aes": 0.0, "aes": 0.0, "aes_weight_coef": 0.0}, "ged": {"f1_score_avg_ged": 0.8088068474786017, "f1_score_macro_ged": 0.6896651449114665, "f1_score_weighted_ged": 0.8301697314007642, "f_0_5_ged": 0.6030591225840383, "ged": 0.10966911218887151, "ged_weight_coef": 1.0}, "ner": {"f1_score_avg_ner": 0.9831976947938165, "f1_score_macro_ner": 0.9076928149198866, "f1_score_weighted_ner": 0.9830064626461279, "ner": 0.005082124508484159, "ner_weight_coef": 0.10000000149011612}}, "train": {"loss": [0.2863, 0.216], "learning_rate": [6.339622641509433e-05, 5.679245283018868e-05], "epoch": [1.89, 3.77], "step": [500, 1000]}, "eval": {"rmse_aes": [28.396253665267576, 28.396253665267576, 28.396253665267576, 28.396253665267576, 28.396253665267576], "pearson_aes": [NaN, NaN, NaN, NaN, NaN], "spearman_aes": [NaN, NaN, NaN, NaN, NaN], "kappa_aes": [0.0, 0.0, 0.0, 0.0, 0.0], "f1_score_avg_ged": [0.7966037606132481, 0.8355161390120656, 0.8065724794610016, 0.8088068474786017, 0.8399848750472655], "f1_score_macro_ged": [0.6715573859745146, 0.7036355595722652, 0.687868545161373, 0.6896651449114665, 0.7127305384246942], "f1_score_weighted_ged": [0.819641552308529, 0.8480952873446983, 0.828520135540816, 0.8301697314007642, 0.8524395268342593], "f_0_5_ged": [0.5705049799056439, 0.5714685575667101, 0.6030041044450267, 0.6030591225840383, 0.5905493482309125], "f1_score_avg_ner": [0.9562127643004555, 0.973910673260387, 0.9790701296678478, 0.9820100463377595, 0.9831976947938165], "f1_score_macro_ner": [0.6779612093359706, 0.8351394329646361, 0.8739655965143078, 0.8989034211401352, 0.9076928149198866], "f1_score_weighted_ner": [0.9519520858676634, 0.9730254169970984, 0.9787193740537397, 0.9818615179208833, 0.9830064626461279], "aes": [0.0, 0.0, 0.0, 0.0, 0.0], "ged": [0.10785628959190013, 0.10900802598443142, 0.10496117833048799, 0.10966911218887151, 0.12259214977885402], "ner": [0.011353593211361142, 0.007490791705285394, 0.006046766734703682, 0.005466356803121609, 0.005082124508484159], "total_loss": [0.11920988280326128, 0.11649881768971682, 0.11100794506519167, 0.11513546899199313, 0.12767427428733819], "aes_weight_coef": [0.0, 0.0, 0.0, 0.0, 0.0], "ged_weight_coef": [1.0, 1.0, 1.0, 1.0, 1.0], "ner_weight_coef": [0.10000000149011612, 0.10000000149011612, 0.10000000149011612, 0.10000000149011612, 0.10000000149011612], "epoch": [1.0, 2.0, 3.0, 4.0, 5.0], "step": [264, 529, 794, 1059, 1324]}, "test": {"rmse_aes": 28.024171114712146, "pearson_aes": NaN, "spearman_aes": NaN, "kappa_aes": 0.0, "f1_score_avg_ged": 0.8198263193052773, "f1_score_macro_ged": 0.7015496678062605, "f1_score_weighted_ged": 0.8325024035597345, "f_0_5_ged": 0.5766801619433198, "f1_score_avg_ner": 0.9754495531387962, "f1_score_macro_ner": 0.8607036151066016, "f1_score_weighted_ner": 0.975691128992819, "aes": 0.0, "ged": 0.18190546404747737, "ner": 0.006680743053688535, "total_loss": 0.1885862071011659, "aes_weight_coef": 0.0, "ged_weight_coef": 1.0, "ner_weight_coef": 0.10000000149011612}, "info": {"tasks": ["aes", "ged", "ner"], "outputs": ["loss", "labels", "preds"], "map_out_to_task": {"aes_loss": "aes", "aes_labels": "aes", "aes_preds": "aes", "ged_loss": "ged", "ged_labels": "ged", "ged_preds": "ged", "ner_loss": "ner", "ner_labels": "ner", "ner_preds": "ner"}, "map_out_to_out": {"aes_loss": "loss", "aes_labels": "labels", "aes_preds": "preds", "ged_loss": "loss", "ged_labels": "labels", "ged_preds": "preds", "ner_loss": "loss", "ner_labels": "labels", "ner_preds": "preds"}, "map_task_index": {"aes": 0, "ged": 1, "ner": 2}, "map_index_task": {"0": "aes", "1": "ged", "2": "ner"}, "optimizer_weighting": "fixed", "epochs_to_avg_over": 2, "temp": 2, "init_task_weightings": {"aes": 0, "ged": 1, "ner": 0.1}, "metrics_to_track_by_task": {"aes": "pearson_aes", "ged": "f_0_5_ged", "ner": "f1_score_avg_ner"}, "regression_tasks": ["aes"], "classification_tasks": ["ner", "ged"], "fce_tasks": ["aes", "ged"], "task_priorities_priority_as_key": {"primary_task": "aes", "secondary_task": "ged", "aux_task": "ner"}, "early_stopping_patience": 2, "early_stopping_metric": "loss", "pretrained_model": "distilroberta-base", "frozen_layers": "all", "scoring": "script", "learning_rate": 7e-05, "batch_size": 8, "weight_decay": 0.01, "adam_epsilon": 1e-08, "normalized_values": null, "model_name": "distilroberta-base_1630621817", "runtime": 292.13523602485657, "steps_per_sec": 0.2206459486592572}, "preds": {"aes": {"preds": [0.07514653354883194, 0.06671606004238129, 0.08644116669893265, 0.0674089640378952, 0.06998299807310104, 0.07306404411792755, 0.0777120292186737, 0.0695900171995163, 0.06557247042655945, 0.07024881988763809, 0.06814108043909073, 0.07981263846158981, 0.08161212503910065, 0.07110114395618439, 0.07890983670949936, 0.07595761865377426, 0.08885368704795837, 0.08229472488164902, 0.07767900079488754, 0.07690022885799408, 0.07417912036180496, 0.06925714761018753, 0.06742141395807266, 0.07936884462833405, 0.0876544937491417, 0.08463222533464432, 0.07480362057685852, 0.06300628185272217, 0.08332326263189316, 0.0804329663515091, 0.06377893686294556, 0.08616840839385986, 0.06708264350891113, 0.06398443132638931, 0.07273887097835541, 0.08899344503879547, 0.08081376552581787, 0.07156242430210114, 0.07579578459262848, 0.075693279504776, 0.07344543933868408, 0.06783361732959747, 0.08237232267856598, 0.06302007287740707, 0.06289630383253098, 0.07852181047201157, 0.06360242515802383, 0.07187461853027344, 0.07752420753240585, 0.07116153091192245, 0.07857458293437958, 0.07573523372411728, 0.07650245726108551, 0.088747538626194, 0.07311617583036423, 0.07389810681343079, 0.07782246172428131, 0.07110455632209778, 0.07915519177913666, 0.07403994351625443, 0.08225865662097931, 0.08642857521772385, 0.08942963182926178, 0.07678215950727463, 0.07236853241920471, 0.08107611536979675, 0.07988785207271576, 0.07081647217273712, 0.0808807834982872, 0.07287996262311935, 0.06497371196746826, 0.06426609307527542, 0.059218063950538635, 0.07803317904472351, 0.06316585093736649, 0.0633741170167923, 0.07369834929704666, 0.07392708212137222, 0.06849054992198944, 0.08422069996595383, 0.08497226238250732, 0.07954951375722885, 0.07171685993671417, 0.0697031021118164, 0.06136257201433182, 0.07401351630687714, 0.07979696989059448, 0.07163829356431961, 0.06108397990465164, 0.08337536454200745, 0.06814728677272797, 0.0792919248342514, 0.08107174932956696, 0.07174303382635117, 0.07083228975534439, 0.06980997323989868], "labels": [30.0, 26.0, 23.0, 26.0, 26.0, 38.0, 27.0, 39.0, 25.0, 24.0, 25.0, 27.0, 30.0, 27.0, 20.0, 21.0, 21.0, 26.0, 22.0, 24.0, 38.0, 30.0, 34.0, 24.0, 23.0, 22.0, 23.0, 39.0, 34.0, 37.0, 31.0, 28.0, 26.0, 29.0, 34.0, 26.0, 34.0, 19.0, 26.0, 31.0, 18.0, 19.0, 25.0, 26.0, 29.0, 29.0, 18.0, 27.0, 35.0, 22.0, 36.0, 14.0, 24.0, 29.0, 28.0, 24.0, 25.0, 37.0, 24.0, 36.0, 13.0, 23.0, 29.0, 31.0, 23.0, 28.0, 26.0, 26.0, 21.0, 38.0, 32.0, 29.0, 36.0, 40.0, 29.0, 34.0, 36.0, 25.0, 37.0, 17.0, 32.0, 25.0, 25.0, 36.0, 31.0, 27.0, 19.0, 28.0, 24.0, 20.0, 25.0, 23.0, 22.0, 23.0, 27.0, 30.0]}}}