{"best": {"aes": {"rmse_aes": 6.2182527020592095, "pearson_aes": 0.6086374933214695, "spearman_aes": 0.5904924837441256, "kappa_aes": 0.35828575456403744, "aes": 7.340889021407726, "aes_weight_coef": 0.8999999761581421}, "ged": {"f1_score_avg_ged": 0.4709360283249115, "f1_score_macro_ged": 0.43454507668499254, "f1_score_weighted_ged": 0.5393638380684286, "f_0_5_ged": 0.4721773952543184, "ged": 0.013401333849097407, "ged_weight_coef": 0.10000000149011612}, "ner": {"f1_score_avg_ner": 0.9732487052684864, "f1_score_macro_ner": 0.8815831973947761, "f1_score_weighted_ner": 0.9731875536603576, "ner": 0.0006881078429720473, "ner_weight_coef": 0.009999999776482582}}, "train": {"loss": [34.4585], "learning_rate": [0.0004528301886792453], "epoch": [1.89], "step": [500]}, "eval": {"rmse_aes": [5.753018531364402, 5.802298395176403, 6.2182527020592095], "pearson_aes": [0.4204882270905782, 0.5510568028148608, 0.6086374933214695], "spearman_aes": [0.4306896725233792, 0.5699520241670701, 0.5904924837441256], "kappa_aes": [0.08962457898628118, 0.25275161130391666, 0.35828575456403744], "f1_score_avg_ged": [0.4709360283249115, 0.8410504967171978, 0.8518785878794128], "f1_score_macro_ged": [0.43454507668499254, 0.6532545309724933, 0.6632702986808392], "f1_score_weighted_ged": [0.5393638380684286, 0.8397171795705214, 0.8474172031220517], "f_0_5_ged": [0.4721773952543184, 0.3934029743220296, 0.3945988463555322], "f1_score_avg_ner": [0.9569136715859974, 0.9686343989720027, 0.9732487052684864], "f1_score_macro_ner": [0.8058808201332381, 0.8562492489198683, 0.8815831973947761], "f1_score_weighted_ner": [0.9549353983085125, 0.9683136424844301, 0.9731875536603576], "aes": [6.3252521337464795, 6.382402930148812, 7.340889021407726], "ged": [0.013401333849097407, 0.013346118202736212, 0.013354994356632233], "ner": [0.001065774375388702, 0.0008020613404792236, 0.0006881078429720473], "total_loss": [6.339719241970966, 6.396551109692028, 7.35493212360733], "aes_weight_coef": [0.8999999761581421, 0.8999999761581421, 0.8999999761581421], "ged_weight_coef": [0.10000000149011612, 0.10000000149011612, 0.10000000149011612], "ner_weight_coef": [0.009999999776482582, 0.009999999776482582, 0.009999999776482582], "epoch": [1.0, 2.0, 3.0], "step": [264, 529, 794]}, "test": {"rmse_aes": 5.451490621839131, "pearson_aes": 0.7254124290958822, "spearman_aes": 0.7437889039831409, "kappa_aes": 0.47945880975128674, "f1_score_avg_ged": 0.8206012024048096, "f1_score_macro_ged": 0.6619389036188277, "f1_score_weighted_ged": 0.8233611924691079, "f_0_5_ged": 0.4403389359633283, "f1_score_avg_ner": 0.9655647679552062, "f1_score_macro_ner": 0.8382839276137509, "f1_score_weighted_ner": 0.9659528071007643, "aes": 7.574119953882127, "ged": 0.018156527408531735, "ner": 0.0008553051558833214, "total_loss": 7.593131786446541, "aes_weight_coef": 0.8999999761581421, "ged_weight_coef": 0.10000000149011612, "ner_weight_coef": 0.009999999776482582}, "info": {"tasks": ["aes", "ged", "ner"], "outputs": ["loss", "labels", "preds"], "map_out_to_task": {"aes_loss": "aes", "aes_labels": "aes", "aes_preds": "aes", "ged_loss": "ged", "ged_labels": "ged", "ged_preds": "ged", "ner_loss": "ner", "ner_labels": "ner", "ner_preds": "ner"}, "map_out_to_out": {"aes_loss": "loss", "aes_labels": "labels", "aes_preds": "preds", "ged_loss": "loss", "ged_labels": "labels", "ged_preds": "preds", "ner_loss": "loss", "ner_labels": "labels", "ner_preds": "preds"}, "map_task_index": {"aes": 0, "ged": 1, "ner": 2}, "map_index_task": {"0": "aes", "1": "ged", "2": "ner"}, "optimizer_weighting": "fixed", "epochs_to_avg_over": 2, "temp": 2, "init_task_weightings": {"aes": 0.9, "ged": 0.09999999999999998, "ner": 0.009999999999999998}, "metrics_to_track_by_task": {"aes": "pearson_aes", "ged": "f_0_5_ged", "ner": "f1_score_avg_ner"}, "regression_tasks": ["aes"], "classification_tasks": ["ner", "ged"], "fce_tasks": ["aes", "ged"], "task_priorities_priority_as_key": {"primary_task": "aes", "secondary_task": "ged", "aux_task": "ner"}, "early_stopping_patience": 2, "early_stopping_metric": "loss", "pretrained_model": "distilroberta-base", "frozen_layers": "all", "scoring": "script", "learning_rate": 0.0005, "batch_size": 8, "weight_decay": 0.01, "adam_epsilon": 1e-08, "normalized_values": null, "model_name": "distilroberta-base_1630657884", "runtime": 120.08422493934631, "steps_per_sec": 0.15123957800925228}, "preds": {"aes": {"preds": [32.84125518798828, 29.85343360900879, 30.436365127563477, 33.2020149230957, 34.026771545410156, 31.629505157470703, 32.53257369995117, 31.896284103393555, 28.64269256591797, 31.632522583007812, 30.276649475097656, 31.748153686523438, 32.81924819946289, 33.24530029296875, 31.137422561645508, 23.05630874633789, 27.10528564453125, 32.27164840698242, 31.894372940063477, 27.055992126464844, 34.46306228637695, 33.01754379272461, 31.968963623046875, 28.40184783935547, 28.723405838012695, 31.668109893798828, 26.03310203552246, 34.85181427001953, 34.042659759521484, 32.37361526489258, 32.08731460571289, 32.74338912963867, 34.254878997802734, 29.344255447387695, 33.35251998901367, 28.0352783203125, 34.3908576965332, 26.868305206298828, 33.97013473510742, 31.418869018554688, 25.63315200805664, 26.214570999145508, 29.99028778076172, 34.130558013916016, 32.30255889892578, 32.15122604370117, 24.134733200073242, 30.172088623046875, 33.5617561340332, 27.91687774658203, 34.50925827026367, 30.858047485351562, 32.50640106201172, 29.348941802978516, 30.9630126953125, 31.77182960510254, 26.375267028808594, 35.16175842285156, 29.194860458374023, 33.59109115600586, 15.824055671691895, 30.638540267944336, 30.794845581054688, 32.18313217163086, 26.359128952026367, 29.324443817138672, 29.646465301513672, 32.9112548828125, 27.338924407958984, 34.06919860839844, 32.60440444946289, 31.74613380432129, 34.879486083984375, 34.9678955078125, 30.149030685424805, 34.631988525390625, 33.610755920410156, 30.36360740661621, 32.92087173461914, 24.694555282592773, 32.97472381591797, 29.724361419677734, 33.15296173095703, 34.052833557128906, 32.154014587402344, 32.328975677490234, 27.876943588256836, 33.51780700683594, 29.96984100341797, 26.28777503967285, 31.734207153320312, 28.845703125, 26.837352752685547, 27.563491821289062, 32.08997344970703, 33.38754653930664], "labels": [30.0, 26.0, 23.0, 26.0, 26.0, 38.0, 27.0, 39.0, 25.0, 24.0, 25.0, 27.0, 30.0, 27.0, 20.0, 21.0, 21.0, 26.0, 22.0, 24.0, 38.0, 30.0, 34.0, 24.0, 23.0, 22.0, 23.0, 39.0, 34.0, 37.0, 31.0, 28.0, 26.0, 29.0, 34.0, 26.0, 34.0, 19.0, 26.0, 31.0, 18.0, 19.0, 25.0, 26.0, 29.0, 29.0, 18.0, 27.0, 35.0, 22.0, 36.0, 14.0, 24.0, 29.0, 28.0, 24.0, 25.0, 37.0, 24.0, 36.0, 13.0, 23.0, 29.0, 31.0, 23.0, 28.0, 26.0, 26.0, 21.0, 38.0, 32.0, 29.0, 36.0, 40.0, 29.0, 34.0, 36.0, 25.0, 37.0, 17.0, 32.0, 25.0, 25.0, 36.0, 31.0, 27.0, 19.0, 28.0, 24.0, 20.0, 25.0, 23.0, 22.0, 23.0, 27.0, 30.0]}}}