{"best": {"aes": {"rmse_aes": 13.05780720924934, "pearson_aes": NaN, "spearman_aes": NaN, "kappa_aes": 0.0, "aes": 191.55886586507162, "aes_weight_coef": 1.0}}, "train": {}, "eval": {"rmse_aes": [13.05780720924934, 10.441518876853893, 8.095943663185185], "pearson_aes": [NaN, NaN, NaN], "spearman_aes": [NaN, NaN, NaN], "kappa_aes": [0.0, 0.0, 0.0], "aes": [191.55886586507162, 111.44721391465929, 79.06270429823134], "total_loss": [191.55886586507162, 111.44721391465929, 79.06270429823134], "aes_weight_coef": [1.0, 1.0, 1.0], "epoch": [0.99, 1.99, 2.99], "step": [132, 265, 398]}, "test": {"rmse_aes": 8.047539164113347, "pearson_aes": NaN, "spearman_aes": NaN, "kappa_aes": 0.0, "aes": 82.46400181452434, "total_loss": 82.46400181452434, "aes_weight_coef": 1.0}, "info": {"tasks": ["aes"], "outputs": ["loss", "labels", "preds"], "map_out_to_task": {"aes_loss": "aes", "aes_labels": "aes", "aes_preds": "aes"}, "map_out_to_out": {"aes_loss": "loss", "aes_labels": "labels", "aes_preds": "preds"}, "map_task_index": {"aes": 0}, "map_index_task": {"0": "aes"}, "optimizer_weighting": "fixed", "epochs_to_avg_over": 2, "temp": 2, "init_task_weightings": {"aes": 1.0, "ged": 1.0, "ner": 1.0}, "metrics_to_track_by_task": {"aes": "pearson_aes", "ged": "f_0_5_ged", "ner": "f1_score_avg_ner"}, "regression_tasks": ["aes"], "classification_tasks": ["ner", "ged"], "fce_tasks": ["aes", "ged"], "task_priorities_priority_as_key": {"primary_task": "aes"}, "early_stopping_patience": 2, "early_stopping_metric": null, "pretrained_model": "distilroberta-base", "frozen_layers": 6, "scoring": "script", "learning_rate": 5e-05, "batch_size": 8, "weight_decay": 0.01, "adam_epsilon": 1e-08, "normalized_values": null, "model_name": "distilroberta-base_1630615288", "runtime": 97.9713351726532, "steps_per_sec": 0.24615913359963115}, "preds": {"aes": {"preds": [21.510229110717773, 21.509746551513672, 21.509979248046875, 21.510234832763672, 21.509761810302734, 21.509933471679688, 21.51009750366211, 21.510086059570312, 21.510194778442383, 21.51007652282715, 21.510114669799805, 21.510366439819336, 21.510181427001953, 21.510072708129883, 21.510129928588867, 21.50991439819336, 21.510089874267578, 21.510095596313477, 21.51009178161621, 21.510038375854492, 21.510120391845703, 21.510255813598633, 21.51021957397461, 21.5101375579834, 21.510086059570312, 21.51003074645996, 21.51015853881836, 21.509944915771484, 21.510190963745117, 21.51032257080078, 21.510089874267578, 21.50997543334961, 21.509735107421875, 21.509824752807617, 21.510082244873047, 21.50996208190918, 21.510215759277344, 21.510046005249023, 21.51016616821289, 21.50988006591797, 21.509870529174805, 21.50994110107422, 21.510114669799805, 21.51012420654297, 21.509910583496094, 21.51000213623047, 21.510047912597656, 21.510011672973633, 21.510196685791016, 21.509986877441406, 21.51013946533203, 21.510210037231445, 21.510000228881836, 21.510103225708008, 21.510122299194336, 21.51002311706543, 21.510112762451172, 21.50989532470703, 21.509788513183594, 21.50996208190918, 21.50992774963379, 21.510133743286133, 21.509763717651367, 21.509868621826172, 21.509944915771484, 21.51030158996582, 21.51018714904785, 21.51021957397461, 21.50994873046875, 21.510133743286133, 21.51018714904785, 21.510330200195312, 21.510156631469727, 21.510269165039062, 21.509801864624023, 21.510032653808594, 21.510358810424805, 21.510116577148438, 21.50995445251465, 21.510231018066406, 21.509931564331055, 21.509929656982422, 21.50984001159668, 21.51007080078125, 21.509960174560547, 21.51025390625, 21.510133743286133, 21.509986877441406, 21.510099411010742, 21.509967803955078, 21.51024055480957, 21.51018714904785, 21.510297775268555, 21.510149002075195, 21.509990692138672, 21.510202407836914, 21.510255813598633], "labels": [30.0, 26.0, 23.0, 26.0, 26.0, 38.0, 27.0, 39.0, 25.0, 24.0, 25.0, 27.0, 30.0, 27.0, 20.0, 21.0, 21.0, 26.0, 22.0, 24.0, 38.0, 30.0, 34.0, 24.0, 23.0, 22.0, 23.0, 39.0, 34.0, 37.0, 31.0, 28.0, 26.0, 29.0, 34.0, 26.0, 34.0, 19.0, 26.0, 31.0, 18.0, 19.0, 25.0, 26.0, 29.0, 29.0, 18.0, 27.0, 35.0, 22.0, 36.0, 14.0, 24.0, 29.0, 28.0, 24.0, 25.0, 37.0, 24.0, 36.0, 13.0, 23.0, 29.0, 31.0, 23.0, 28.0, 26.0, 26.0, 21.0, 38.0, 32.0, 29.0, 36.0, 40.0, 29.0, 34.0, 36.0, 25.0, 37.0, 17.0, 32.0, 25.0, 25.0, 36.0, 31.0, 27.0, 19.0, 28.0, 24.0, 20.0, 25.0, 23.0, 22.0, 23.0, 27.0, 30.0, 34.0]}}}