{"best": {"aes": {"rmse_aes": 5.497474167490214, "pearson_aes": 0.5109229709322151, "spearman_aes": 0.4915448073377406, "kappa_aes": 0.18029717077142282, "aes": 3.8072031486866087, "aes_weight_coef": 0.6000000238418579}, "ged": {"f1_score_avg_ged": 0.828606785603795, "f1_score_macro_ged": 0.7001924379265632, "f1_score_weighted_ged": 0.8435667637091628, "f_0_5_ged": 0.580883364674586, "ged": 0.042647894385249116, "ged_weight_coef": 0.4000000059604645}, "ner": {"f1_score_avg_ner": 0.9908882052879561, "f1_score_macro_ner": 0.9492024310191045, "f1_score_weighted_ner": 0.9908664909738392, "ner": 0.001354611372187, "ner_weight_coef": 0.03999999910593033}}, "train": {"loss": [103.6111, 9.8961, 8.9464, 8.6811, 8.4176, 8.3799, 7.953, 7.8897, 7.5808, 7.6918], "learning_rate": [6.339622641509433e-05, 5.679245283018868e-05, 5.0188679245283013e-05, 4.3584905660377356e-05, 3.69811320754717e-05, 3.0377358490566036e-05, 2.3773584905660375e-05, 1.7169811320754714e-05, 1.0566037735849056e-05, 3.9622641509433956e-06], "epoch": [1.89, 3.77, 5.66, 7.55, 9.43, 11.32, 13.21, 15.09, 16.98, 18.87], "step": [500, 1000, 1500, 2000, 2500, 3000, 3500, 4000, 4500, 5000]}, "eval": {"rmse_aes": [16.489474757486295, 6.280481227138924, 5.7506038330287055, 5.784317879692759, 5.742144392317405, 5.740934883216612, 5.749396103553447, 5.6984403324262525, 5.675238614660474, 5.632248416238601, 5.606296063851387, 5.565269285688, 5.570258322356135, 5.57150488348226, 5.586441920698123, 5.576488341440536, 5.557777333511022, 5.546520430764579, 5.497474167490214, 5.49621081594705], "pearson_aes": [0.2022429214610555, 0.15945259287844268, 0.2464539084782921, 0.23938958050492243, 0.29019714725809076, 0.2806447040143582, 0.3065961619512512, 0.37044924691961173, 0.4012297751257851, 0.4220512043723294, 0.4444515537407323, 0.4808968488610508, 0.4712917547122245, 0.4594654037943117, 0.4410552748035876, 0.45029419183653413, 0.46427219960078453, 0.4666724631203406, 0.5109229709322151, 0.5080306591109547], "spearman_aes": [0.2348655089248729, 0.20227079528054237, 0.23575998807666754, 0.25297931419715225, 0.2851491042424278, 0.2844752553801398, 0.32713691619023183, 0.3583065012769657, 0.4017560518811167, 0.42166582603324426, 0.431536741815202, 0.47363540252350017, 0.4614005403032553, 0.4573638064579486, 0.43719757498308226, 0.45614906453650456, 0.461286061057493, 0.4664189701017138, 0.4915448073377406, 0.48792737355959354], "kappa_aes": [0.00788532484722193, 0.03356239418384621, 0.05928987096230076, 0.05832076420311716, 0.06310863791577082, 0.0641274121513441, 0.07510971786833853, 0.08470736312145999, 0.0973406924234822, 0.11603683179867497, 0.12501041059382023, 0.1509410650302705, 0.15141061968707636, 0.1513708750615662, 0.14790865187852986, 0.15426052889324193, 0.16362007898058062, 0.16845703125, 0.18029717077142282, 0.18041866905595827], "f1_score_avg_ged": [0.7198790003781238, 0.7775600701247809, 0.8195318139630814, 0.7893162833866144, 0.828606785603795, 0.8399161252621086, 0.836891134715204, 0.8471004778110068, 0.8531160840122375, 0.8555567013853081, 0.871884775360077, 0.8734660204186862, 0.881440995496889, 0.8838472379773813, 0.8818534942078305, 0.8807878725378984, 0.8782441304870923, 0.8761472620398061, 0.8752878897253447, 0.8743253927331477], "f1_score_macro_ged": [0.5607399867813181, 0.6281543425544842, 0.6789310991502617, 0.6684183204915812, 0.7001924379265632, 0.7081752135772224, 0.7068874273477641, 0.7127549931399562, 0.718068732315272, 0.7192282779973138, 0.7271402796236051, 0.7254515377234481, 0.7284396658792305, 0.7263415615877045, 0.7286142069607604, 0.7292757496715917, 0.7279956392853318, 0.7291894920145502, 0.7287207979305843, 0.7288291050164604], "f1_score_weighted_ged": [0.7539334769028088, 0.80038414466738, 0.8341827429493428, 0.8147195841406603, 0.8435667637091628, 0.8514483415668687, 0.8495264697504518, 0.8562976906846922, 0.860648525452373, 0.8621878407203465, 0.8723561445410197, 0.8727522801697344, 0.8773840358958347, 0.8780451484937017, 0.8776264452503748, 0.8772651443216436, 0.875714624414411, 0.8749609020671336, 0.874424238527377, 0.8739703405504423], "f_0_5_ged": [0.367735299159952, 0.46647620748147495, 0.531471446436015, 0.5795669358996391, 0.580883364674586, 0.57381667918858, 0.5790013042668156, 0.566668257984437, 0.5654819393471122, 0.5612269700063196, 0.5311895797293171, 0.5197105020018479, 0.5006313795643481, 0.4850308970807585, 0.4996839110736486, 0.5057917081608051, 0.5108995369647781, 0.5226148773954256, 0.5241790431162958, 0.5280806839707162], "f1_score_avg_ner": [0.9797905066002103, 0.9864491258128577, 0.987967758264865, 0.9893695728359487, 0.9899536622405669, 0.9897005568318991, 0.9899731318873876, 0.9899341925937464, 0.9907713874070324, 0.9904793427047234, 0.9906156302324676, 0.9906156302324676, 0.9904793427047234, 0.9904209337642615, 0.9905766909388264, 0.9905961605856469, 0.9907324481133912, 0.9908103267006737, 0.9907519177602119, 0.9908882052879561], "f1_score_macro_ner": [0.8856977547639888, 0.9269106137257194, 0.9346855451035877, 0.9391256082222726, 0.9414424469916955, 0.9417601205238237, 0.9414165605251276, 0.9410993214519178, 0.9464844763071605, 0.9456338021134604, 0.9453103106797401, 0.9461511059335207, 0.9446824128135254, 0.9451978136739737, 0.9466393135775806, 0.9478443235144915, 0.9486395791363624, 0.948741466592981, 0.9482247771052668, 0.9492024310191045], "f1_score_weighted_ner": [0.979543324350261, 0.9864241871408215, 0.9879826353356764, 0.9894106677867426, 0.9899462625788542, 0.9897285137849502, 0.9899582182120878, 0.9899142300427278, 0.9907446282938591, 0.990440496371904, 0.990572125675247, 0.9905924436662205, 0.9904409200011742, 0.9903969631459492, 0.9905630424277668, 0.9905853458317933, 0.990711551680108, 0.990794178453906, 0.990718597377781, 0.9908664909738392], "aes": [34.34507059496502, 4.965269820634709, 4.180236084516658, 4.184455416923345, 4.125226808148761, 4.09881618411042, 4.1097660619159075, 4.059297295503838, 4.02843463143637, 3.9887843132019043, 3.949516218762065, 3.9343783023745513, 3.918885718944461, 3.878378058588782, 3.8614240468934526, 3.8457568301710974, 3.8378623696260674, 3.8211278250051097, 3.8072031486866087, 3.7998001741808514], "ged": [0.05566140940023023, 0.05008722356585569, 0.045666323151699335, 0.042474210955375846, 0.042647894385249116, 0.04371289770270503, 0.04425081957218259, 0.046033220235691515, 0.048584756809611655, 0.05030599617680838, 0.05981188007565432, 0.06359369948852894, 0.07075412328853163, 0.07788423466127972, 0.07695668242698492, 0.0765363989874374, 0.07600496951923814, 0.07375961680744969, 0.07429719941560613, 0.07372210261433623], "ner": [0.0022393652687369044, 0.001501487213360189, 0.0013643159202115914, 0.0012356388566373891, 0.001180797975055527, 0.0012672337907133624, 0.0012361498276816769, 0.0012905326931463923, 0.0012152846792623465, 0.0013279920773171864, 0.0012786721331077536, 0.0013550242729252204, 0.0013304949047884547, 0.0013337556233319595, 0.0013485703321473625, 0.0013465877054418237, 0.0013717322920054483, 0.001367915605907572, 0.001375350098346961, 0.001354611372187], "total_loss": [34.402971369633995, 5.0168585314139245, 4.22726672358857, 4.228165266735359, 4.1690555005090655, 4.143796315603838, 4.155253031315772, 4.106621048432676, 4.0782346729252446, 4.04041830145603, 4.010606770970827, 3.9993270261360054, 3.990970337137781, 3.957596048873394, 3.939729299652585, 3.9236398168639766, 3.915239071437311, 3.8962553574184673, 3.8828756982005617, 3.8748768881673747], "aes_weight_coef": [0.6000000238418579, 0.6000000238418579, 0.6000000238418579, 0.6000000238418579, 0.6000000238418579, 0.6000000238418579, 0.6000000238418579, 0.6000000238418579, 0.6000000238418579, 0.6000000238418579, 0.6000000238418579, 0.6000000238418579, 0.6000000238418579, 0.6000000238418579, 0.6000000238418579, 0.6000000238418579, 0.6000000238418579, 0.6000000238418579, 0.6000000238418579, 0.6000000238418579],