{"best": {"aes": {"rmse_aes": 5.497474167490214, "pearson_aes": 0.5109229709322151, "spearman_aes": 0.4915448073377406, "kappa_aes": 0.18029717077142282, "aes": 3.804410690485045, "aes_weight_coef": 0.6000000238418579}, "ged": {"f1_score_avg_ged": 0.7125227733663332, "f1_score_macro_ged": 0.5967799162853711, "f1_score_weighted_ged": 0.7546360636592973, "f_0_5_ged": 0.508987963256256, "ged": 0.04826061912747317, "ged_weight_coef": 0.4000000059604645}, "ner": {"f1_score_avg_ner": 0.9772594525135314, "f1_score_macro_ner": 0.8853591474740081, "f1_score_weighted_ner": 0.9770366921910326, "ner": 0.002579594032329962, "ner_weight_coef": 0.03999999910593033}}, "train": {"loss": [105.9701, 10.2969, 8.9813, 8.792, 8.5006, 8.2689, 8.1804, 7.9335, 7.6284, 7.6576], "learning_rate": [6.339622641509433e-05, 5.679245283018868e-05, 5.0188679245283013e-05, 4.3584905660377356e-05, 3.69811320754717e-05, 3.0377358490566036e-05, 2.3773584905660375e-05, 1.7169811320754714e-05, 1.0566037735849056e-05, 3.9622641509433956e-06], "epoch": [1.89, 3.77, 5.66, 7.55, 9.43, 11.32, 13.21, 15.09, 16.98, 18.87], "step": [500, 1000, 1500, 2000, 2500, 3000, 3500, 4000, 4500, 5000]}, "eval": {"rmse_aes": [16.920566053047857, 6.454972243679028, 5.793914431922898, 5.7698931243712535, 5.778311941119905, 5.678908345800274, 5.678908345800274, 5.70939771098688, 5.650712836054895, 5.6531702020488765, 5.598859010746942, 5.582711408148075, 5.570258322356135, 5.57150488348226, 5.57773351022717, 5.597618541248888, 5.546520430764579, 5.497474167490214, 5.497474167490214, 5.497474167490214], "pearson_aes": [0.06277481475182482, 0.07915708290542593, 0.21810161753312207, 0.23424094224270814, 0.2544792342694916, 0.4059839948839608, 0.4059839948839608, 0.367339183878243, 0.4203560417574811, 0.4255882332564228, 0.45528094824310716, 0.465275419278455, 0.4712917547122245, 0.4594654037943117, 0.45341681994139726, 0.4321729318469716, 0.4666724631203406, 0.5109229709322151, 0.5109229709322151, 0.5109229709322151], "spearman_aes": [0.107423111323591, 0.1100104503762993, 0.2330017271178083, 0.23053999675099343, 0.27609290850766993, 0.40017537975834194, 0.40017537975834194, 0.37156161727974973, 0.40553354015581766, 0.41364171876451455, 0.44436383316150035, 0.4496810634705653, 0.4614005403032553, 0.4573638064579486, 0.4604545249619514, 0.4411946241361459, 0.4664189701017138, 0.4915448073377406, 0.4915448073377406, 0.4915448073377406], "kappa_aes": [0.002402831229290303, 0.018970360784065998, 0.05524861878453036, 0.058675396625535226, 0.06126722224548786, 0.09100844928328222, 0.09100844928328222, 0.0854700854700855, 0.10472520107238614, 0.10454507407717428, 0.1263351134846462, 0.14154723059766228, 0.15141061968707636, 0.1513708750615662, 0.15415052008974106, 0.15265405735204396, 0.16845703125, 0.18029717077142282, 0.18029717077142282, 0.18029717077142282], "f1_score_avg_ged": [0.5142140180811935, 0.6507510914028394, 0.7433914269017909, 0.7287477226633666, 0.7410195593138772, 0.7430820528685848, 0.7658726066481042, 0.7599257502320306, 0.7526382730053969, 0.7603726238355505, 0.770478842253618, 0.7687600976246949, 0.7741913306520917, 0.7562132618335567, 0.7641538620191812, 0.7510914028393662, 0.724141487057853, 0.7125227733663332, 0.7134852703585302, 0.7387508164036988], "f1_score_macro_ged": [0.44200499375343777, 0.5194808647343311, 0.5774630092374079, 0.5845686421883578, 0.5934419677976475, 0.5995865378950318, 0.6112159592313259, 0.6124627433359549, 0.6106168091709682, 0.6143705880509184, 0.6207726885779569, 0.6221750240154067, 0.6235093364222971, 0.6178895672484775, 0.6217925965545404, 0.6170749030351509, 0.6027779856574225, 0.5967799162853711, 0.5972966549438392, 0.6119131020235841], "f1_score_weighted_ged": [0.5886793587926259, 0.7030001812941785, 0.7709430078271935, 0.7634001694177464, 0.7724262128401814, 0.7747392316528736, 0.7903927825438646, 0.7871421045836495, 0.7824507357876481, 0.787754122948903, 0.7948783734824064, 0.7941374362512038, 0.797550150992105, 0.785880584548085, 0.7913451189649992, 0.7826059161867025, 0.7632147984229045, 0.7546360636592973, 0.7553551086664865, 0.7740313928406184], "f_0_5_ged": [0.3698521908022517, 0.36334204470101805, 0.3754643552096231, 0.42840870739115766, 0.4321252412609908, 0.4484142229051949, 0.4370054236685338, 0.454426344062541, 0.4647015855282946, 0.45985528724609886, 0.4582520829640135, 0.466948332013027, 0.4588198591674838, 0.4815973263635975, 0.47642863355658005, 0.49085985104942453, 0.5033922946450206, 0.508987963256256, 0.5086056472081218, 0.5018380075172442], "f1_score_avg_ner": [0.9478018768739535, 0.9612554028269927, 0.9662785717067093, 0.9689848526147735, 0.9706008333008839, 0.9721584050465325, 0.9732487052684864, 0.9741248393754137, 0.9748841556014174, 0.9755266539464974, 0.9759355165297301, 0.9763249094661423, 0.9764027880534247, 0.9767532416961956, 0.9770647560453254, 0.9770842256921459, 0.9772399828667108, 0.9772205132198902, 0.9771036953389666, 0.9772594525135314], "f1_score_macro_ner": [0.670705407679192, 0.7780247317916338, 0.8137104049390904, 0.8344474182404417, 0.8451248957795925, 0.8531933941997947, 0.8616025663865868, 0.8668574688324857, 0.8702895813559477, 0.8754635699670072, 0.8763513225063705, 0.8799112118804255, 0.8799874106206333, 0.8818975259146553, 0.8831461070614235, 0.8831511095441058, 0.8835895205330621, 0.8838005434763535, 0.883955300599387, 0.8853591474740081], "f1_score_weighted_ner": [0.9444761627935413, 0.9602449315114775, 0.9654802066822207, 0.9685283351706051, 0.9702128853927877, 0.9717219706708929, 0.9728535092716044, 0.9737258832687987, 0.9744634203148796, 0.9751448243145604, 0.9756559352424999, 0.9760078378565595, 0.9761049843462472, 0.9764780835416268, 0.9767481871898135, 0.9768097743820886, 0.9769711645144887, 0.9769623416662992, 0.9768057053703618, 0.9770366921910326], "aes": [35.88972331202307, 5.1460884892663294, 4.217828894770423, 4.169299303099167, 4.1556292689123815, 4.11677006788032, 4.083089495814124, 4.071648564449577, 4.02420124896737, 3.9970373774683754, 3.954410896744839, 3.93766683755919, 3.908186380253282, 3.882016348284344, 3.8757766679275867, 3.8606386184692383, 3.825490397076274, 3.804410690485045, 3.799416885819546, 3.7962562206179595], "ged": [0.057970966710600744, 0.056477704713510914, 0.05413634139438008, 0.05247859830080077, 0.051652303615281746, 0.0510710793179135, 0.05118297941462938, 0.05046803764132566, 0.050287529826164246, 0.050214808694151944, 0.050319147317908534, 0.04992165918960128, 0.05011014051215593, 0.049225013616473176, 0.049420615268308064, 0.049008395782736844, 0.04841085575347723, 0.04826061912747317, 0.04807086566159891, 0.04842826134936754], "ner": [0.0058568617935444035, 0.004279195991626313, 0.0036877565990137153, 0.0033786537120292005, 0.0032294044558088793, 0.003038171413462869, 0.0029321980586838586, 0.0028763618645106636, 0.002803037714667965, 0.002766515074167834, 0.0027207693106733087, 0.0026842650746233586, 0.0026653081146177163, 0.0026461585251571136, 0.002623599366458176, 0.002606810978884527, 0.0025922587807398548, 0.002576361488832464, 0.00257406156472212, 0.002579594032329962], "total_loss": [35.95355114052722, 5.206845389971466, 4.275652992763816, 4.2251565551119965, 4.210510976983472, 4.170879318611696, 4.137204673287437, 4.124992963955413, 4.077291816508202, 4.050018701236695, 4.007450813373421, 3.9902727618234146, 3.9609618288800554, 3.9338875204259747, 3.927820882562353, 3.91225382523086, 3.8764935116104913, 3.855247671101351, 3.8500618130458673, 3.8472640759996573], "aes_weight_coef": [0.6000000238418579, 0.6000000238418579, 0.6000000238418579, 0.6000000238418579, 0.6000000238418579, 0.6000000238418579, 0.6000000238418579, 0.6000000238418579, 0.6000000238418579, 0.6000000238418579, 0.6000000238418579, 0.6000000238418579, 0.6000000238418579, 0.6000000238418579, 0.6000000238418579, 0.6000000238418579, 0.6000000238418579, 0.6000000238418579, 0.6000000238418579, 0.6000000238418579],