{"best": {"aes": {"rmse_aes": 6.765927710061479, "pearson_aes": 0.6310242962844479, "spearman_aes": 0.6285480513343803, "kappa_aes": 0.34685240698289543, "aes": 5.78106500936109, "aes_weight_coef": 0.6000000238418579}, "ged": {"f1_score_avg_ged": 0.6964353236396136, "f1_score_macro_ged": 0.5824806334870093, "f1_score_weighted_ged": 0.7418657399861481, "f_0_5_ged": 0.49348775542037115, "ged": 0.051732877659243205, "ged_weight_coef": 0.4000000059604645}, "ner": {"f1_score_avg_ner": 0.9480160429889802, "f1_score_macro_ner": 0.7995445187258645, "f1_score_weighted_ner": 0.9449611004293065, "ner": 0.00517067895270884, "ner_weight_coef": 0.03999999910593033}}, "train": {"loss": [23.0604, 6.3356], "learning_rate": [0.0004528301886792453, 0.0004056603773584906], "epoch": [1.89, 3.77], "step": [500, 1000]}, "eval": {"rmse_aes": [5.798706752371601, 5.851163227180653, 5.830951894845301, 6.335525936249404, 6.765927710061479], "pearson_aes": [0.3905805894825428, 0.5591690636085428, 0.5909307827470792, 0.6094526267653838, 0.6310242962844479], "spearman_aes": [0.3754623560862642, 0.5562712753450572, 0.5847035567097046, 0.5969692010165304, 0.6285480513343803], "kappa_aes": [0.08657728961395572, 0.23325358851674638, 0.3610069776987276, 0.3547484141854217, 0.34685240698289543], "f1_score_avg_ged": [0.8257880444123612, 0.6964353236396136, 0.8365130108968409, 0.8491973462582929, 0.8627754288267849], "f1_score_macro_ged": [0.6129264815760664, 0.5824806334870093, 0.6549272747628037, 0.6594820222398241, 0.6518646730876911], "f1_score_weighted_ged": [0.8226700611065498, 0.7418657399861481, 0.8378381401848398, 0.8452045350269932, 0.849865376825973], "f_0_5_ged": [0.31786807826041824, 0.49348775542037115, 0.40934191195096, 0.39078837306566294, 0.3373811747898236], "f1_score_avg_ner": [0.9303960126163311, 0.9423698454110042, 0.9446283244421946, 0.9480160429889802, 0.9472956660566177], "f1_score_macro_ner": [0.6905826164239035, 0.7603990161749458, 0.7832133604841975, 0.7995445187258645, 0.7946581709000153], "f1_score_weighted_ner": [0.9239710419532957, 0.9391098404311227, 0.9422927575519793, 0.9449611004293065, 0.9445995113851962], "aes": [4.261022345964299, 4.283105617345766, 4.228120310361995, 4.991864725600841, 5.78106500936109], "ged": [0.056743901829386864, 0.051732877659243205, 0.053948438098264294, 0.05399330168269401, 0.05859046412068744], "ner": [0.007159590883570355, 0.005786740946648426, 0.005495512408615891, 0.00517067895270884, 0.005078340100860873], "total_loss": [4.324925838677256, 4.3406252359516575, 4.2875642608688755, 5.051028706236244, 5.844733813582638], "aes_weight_coef": [0.6000000238418579, 0.6000000238418579, 0.6000000238418579, 0.6000000238418579, 0.6000000238418579], "ged_weight_coef": [0.4000000059604645, 0.4000000059604645, 0.4000000059604645, 0.4000000059604645, 0.4000000059604645], "ner_weight_coef": [0.03999999910593033, 0.03999999910593033, 0.03999999910593033, 0.03999999910593033, 0.03999999910593033], "epoch": [1.0, 2.0, 3.0, 4.0, 5.0], "step": [264, 529, 794, 1059, 1324]}, "test": {"rmse_aes": 6.149186938124422, "pearson_aes": 0.7388589304528496, "spearman_aes": 0.7501856298422028, "kappa_aes": 0.4522707623455221, "f1_score_avg_ged": 0.8390380761523046, "f1_score_macro_ged": 0.6491431017911017, "f1_score_weighted_ged": 0.8290512268124207, "f_0_5_ged": 0.35945282878596385, "f1_score_avg_ner": 0.9397006568321309, "f1_score_macro_ner": 0.7582995476910965, "f1_score_weighted_ner": 0.9378685539012506, "aes": 6.453564394088018, "ged": 0.08246272376605443, "ner": 0.005637927734780879, "total_loss": 6.541665045588854, "aes_weight_coef": 0.6000000238418579, "ged_weight_coef": 0.4000000059604645, "ner_weight_coef": 0.03999999910593033}, "info": {"tasks": ["aes", "ged", "ner"], "outputs": ["loss", "labels", "preds"], "map_out_to_task": {"aes_loss": "aes", "aes_labels": "aes", "aes_preds": "aes", "ged_loss": "ged", "ged_labels": "ged", "ged_preds": "ged", "ner_loss": "ner", "ner_labels": "ner", "ner_preds": "ner"}, "map_out_to_out": {"aes_loss": "loss", "aes_labels": "labels", "aes_preds": "preds", "ged_loss": "loss", "ged_labels": "labels", "ged_preds": "preds", "ner_loss": "loss", "ner_labels": "labels", "ner_preds": "preds"}, "map_task_index": {"aes": 0, "ged": 1, "ner": 2}, "map_index_task": {"0": "aes", "1": "ged", "2": "ner"}, "optimizer_weighting": "fixed", "epochs_to_avg_over": 2, "temp": 2, "init_task_weightings": {"aes": 0.6000000000000001, "ged": 0.3999999999999999, "ner": 0.039999999999999994}, "metrics_to_track_by_task": {"aes": "pearson_aes", "ged": "f_0_5_ged", "ner": "f1_score_avg_ner"}, "regression_tasks": ["aes"], "classification_tasks": ["ner", "ged"], "fce_tasks": ["aes", "ged"], "task_priorities_priority_as_key": {"primary_task": "aes", "secondary_task": "ged", "aux_task": "ner"}, "early_stopping_patience": 2, "early_stopping_metric": "loss", "pretrained_model": "distilroberta-base", "frozen_layers": "all", "scoring": "script", "learning_rate": 0.0005, "batch_size": 8, "weight_decay": 0.01, "adam_epsilon": 1e-08, "normalized_values": null, "model_name": "distilroberta-base_1630648090", "runtime": 247.73497080802917, "steps_per_sec": 0.18711100514201598}, "preds": {"aes": {"preds": [34.69773864746094, 30.466917037963867, 31.635103225708008, 34.35871505737305, 35.68623733520508, 33.52560043334961, 33.61744689941406, 33.37899398803711, 29.0701961517334, 32.25054931640625, 30.88939666748047, 33.18582534790039, 34.16375732421875, 34.66455078125, 32.16274642944336, 23.93071174621582, 27.76692008972168, 33.73699951171875, 33.543243408203125, 27.770484924316406, 35.745269775390625, 34.643489837646484, 33.27924346923828, 28.8138370513916, 29.73351287841797, 33.01570129394531, 26.565914154052734, 36.767784118652344, 35.790733337402344, 34.00188446044922, 33.42153549194336, 34.42515563964844, 35.73516082763672, 30.342885971069336, 34.53155517578125, 28.9328670501709, 35.89297103881836, 27.267391204833984, 35.19269561767578, 32.40934753417969, 25.71826934814453, 26.892234802246094, 31.585477828979492, 35.669559478759766, 33.366519927978516, 33.41600799560547, 24.20391082763672, 31.53693389892578, 35.14982986450195, 28.356712341308594, 36.113407135009766, 32.00523376464844, 34.07612991333008, 30.484046936035156, 32.091278076171875, 33.33430862426758, 26.850400924682617, 36.712318420410156, 30.525890350341797, 35.04575729370117, 15.8446044921875, 31.434085845947266, 31.4252872467041, 33.595916748046875, 26.74061393737793, 30.02806854248047, 30.756711959838867, 34.76146697998047, 27.86923599243164, 35.79563903808594, 33.84073257446289, 32.98126983642578, 36.83753967285156, 37.02680206298828, 32.00753402709961, 36.46589279174805, 34.85544967651367, 31.334041595458984, 34.343284606933594, 24.800899505615234, 34.03867721557617, 30.557857513427734, 34.355648040771484, 36.05023956298828, 33.32615661621094, 33.68763732910156, 28.491960525512695, 35.100181579589844, 31.480695724487305, 26.745746612548828, 32.86260223388672, 29.872337341308594, 27.49634552001953, 28.1818904876709, 33.32536315917969, 35.09965515136719], "labels": [30.0, 26.0, 23.0, 26.0, 26.0, 38.0, 27.0, 39.0, 25.0, 24.0, 25.0, 27.0, 30.0, 27.0, 20.0, 21.0, 21.0, 26.0, 22.0, 24.0, 38.0, 30.0, 34.0, 24.0, 23.0, 22.0, 23.0, 39.0, 34.0, 37.0, 31.0, 28.0, 26.0, 29.0, 34.0, 26.0, 34.0, 19.0, 26.0, 31.0, 18.0, 19.0, 25.0, 26.0, 29.0, 29.0, 18.0, 27.0, 35.0, 22.0, 36.0, 14.0, 24.0, 29.0, 28.0, 24.0, 25.0, 37.0, 24.0, 36.0, 13.0, 23.0, 29.0, 31.0, 23.0, 28.0, 26.0, 26.0, 21.0, 38.0, 32.0, 29.0, 36.0, 40.0, 29.0, 34.0, 36.0, 25.0, 37.0, 17.0, 32.0, 25.0, 25.0, 36.0, 31.0, 27.0, 19.0, 28.0, 24.0, 20.0, 25.0, 23.0, 22.0, 23.0, 27.0, 30.0]}}}