{"best": {"ged": {"f1_score_avg_ged": 0.594869221601957, "f1_score_macro_ged": 0.46302216055505335, "f1_score_weighted_ged": 0.6572545778289602, "f_0_5_ged": 0.27309403124030207, "ged": 0.7762352824211121, "ged_weight_coef": 1.0}}, "train": {}, "eval": {"f1_score_avg_ged": [0.5950260302327041, 0.594869221601957, 0.5966568399924732], "f1_score_macro_ged": [0.4627649293845771, 0.46302216055505335, 0.46324009848937814], "f1_score_weighted_ged": [0.6573486714578345, 0.6572545778289602, 0.658585640115222], "f_0_5_ged": [0.271911663216011, 0.27309403124030207, 0.2705507888181567], "ged": [0.7754185928238763, 0.7762352824211121, 0.7764193216959635], "total_loss": [0.7754185928238763, 0.7762352824211121, 0.7764193216959635], "ged_weight_coef": [1.0, 1.0, 1.0], "epoch": [0.99, 1.99, 2.99], "step": [132, 265, 398]}, "test": {"f1_score_avg_ged": 0.6265460587040798, "f1_score_macro_ged": 0.48044398553459633, "f1_score_weighted_ged": 0.6730403478532504, "f_0_5_ged": 0.26124423831200433, "ged": 0.7594391157229742, "total_loss": 0.7594391157229742, "ged_weight_coef": 1.0}, "info": {"tasks": ["ged"], "outputs": ["loss", "labels", "preds"], "map_out_to_task": {"ged_loss": "ged", "ged_labels": "ged", "ged_preds": "ged"}, "map_out_to_out": {"ged_loss": "loss", "ged_labels": "labels", "ged_preds": "preds"}, "map_task_index": {"ged": 0}, "map_index_task": {"0": "ged"}, "optimizer_weighting": "fixed", "epochs_to_avg_over": 2, "temp": 2, "init_task_weightings": {"aes": 1.0, "ged": 1.0, "ner": 1.0}, "metrics_to_track_by_task": {"aes": "pearson_aes", "ged": "f_0_5_ged", "ner": "f1_score_avg_ner"}, "regression_tasks": ["aes"], "classification_tasks": ["ner", "ged"], "fce_tasks": ["aes", "ged"], "task_priorities_priority_as_key": {"primary_task": "ged"}, "early_stopping_patience": 2, "early_stopping_metric": "loss", "pretrained_model": "distilroberta-base", "frozen_layers": "all", "scoring": "script", "learning_rate": 0.0005, "batch_size": 8, "weight_decay": 0.01, "adam_epsilon": 1e-08, "normalized_values": null, "model_name": "distilroberta-base_1630610444", "runtime": 74.28964042663574, "steps_per_sec": 0.18665738800662246}, "preds": {}}