{"best": {"aes": {"rmse_aes": 5.49873722877454, "pearson_aes": 0.5139619393832018, "spearman_aes": 0.4953905709129018, "kappa_aes": 0.18017578125, "aes": 1.900750387546628, "aes_weight_coef": 0.30000001192092896}, "ged": {"f1_score_avg_ged": 0.8159568251349214, "f1_score_macro_ged": 0.6664889505219341, "f1_score_weighted_ged": 0.8296334234692139, "f_0_5_ged": 0.49866616745448583, "ged": 0.08602769222370414, "ged_weight_coef": 0.699999988079071}, "ner": {"f1_score_avg_ner": 0.9727619640979712, "f1_score_macro_ner": 0.8735737661113407, "f1_score_weighted_ner": 0.9727902382030845, "ner": 0.004839509966523322, "ner_weight_coef": 0.07000000029802322}}, "train": {"loss": [52.1304, 5.2554, 4.637, 4.5326, 4.3892, 4.262, 4.2092, 4.093, 3.9492, 3.9454], "learning_rate": [6.339622641509433e-05, 5.679245283018868e-05, 5.0188679245283013e-05, 4.3584905660377356e-05, 3.69811320754717e-05, 3.0377358490566036e-05, 2.3773584905660375e-05, 1.7169811320754714e-05, 1.0566037735849056e-05, 3.9622641509433956e-06], "epoch": [1.89, 3.77, 5.66, 7.55, 9.43, 11.32, 13.21, 15.09, 16.98, 18.87], "step": [500, 1000, 1500, 2000, 2500, 3000, 3500, 4000, 4500, 5000]}, "eval": {"rmse_aes": [16.614083717670916, 6.198117993929017, 5.793914431922898, 5.7698931243712535, 5.743353646704259, 5.716690962047498, 5.697221545045737, 5.70939771098688, 5.650712836054895, 5.6408726669234825, 5.598859010746942, 5.576488341440536, 5.57150488348226, 5.57275116576683, 5.616196815164749, 5.603818142818143, 5.547772325697746, 5.49873722877454, 5.49873722877454, 5.49873722877454], "pearson_aes": [0.1729175822997733, 0.22421142642677955, 0.21810161753312207, 0.23424094224270814, 0.3095554920322272, 0.3455955383795217, 0.37018370825411734, 0.367339183878243, 0.4203560417574811, 0.4333781168881075, 0.45528094824310716, 0.4701474710654391, 0.4594654037943117, 0.45681406276092645, 0.4170814377744754, 0.4259046878368213, 0.4696184852986423, 0.5139619393832018, 0.5139619393832018, 0.5139619393832018], "spearman_aes": [0.2186831380971082, 0.23187060927014191, 0.2330017271178083, 0.23053999675099343, 0.31582737468778727, 0.35855425685882975, 0.3593186035636639, 0.37156161727974973, 0.40553354015581766, 0.43394468207525977, 0.44436383316150035, 0.45950432467617874, 0.4573638064579486, 0.45746961789189666, 0.4360036651000694, 0.43141989368481287, 0.4704200352312923, 0.4953905709129018, 0.4953905709129018, 0.4953905709129018], "kappa_aes": [0.0062758176899179174, 0.046840701090810954, 0.05524861878453036, 0.058675396625535226, 0.07139265962795371, 0.0798319327731093, 0.08301791572041384, 0.0854700854700855, 0.10472520107238614, 0.11046074086462077, 0.1263351134846462, 0.14526107399158628, 0.1513708750615662, 0.1520963973933357, 0.14327652287368509, 0.151421608448416, 0.16834099320779283, 0.18017578125, 0.18017578125, 0.18017578125], "f1_score_avg_ged": [0.6892165961981369, 0.7237289883469115, 0.7411226839916125, 0.7813069334158331, 0.8006943728300849, 0.7694475954762642, 0.8177786944415799, 0.8241724244611736, 0.8258224193049397, 0.8335223952425148, 0.8403629988656286, 0.8428379911312777, 0.8478567254477329, 0.8516723385239421, 0.8492660960434498, 0.8482004743735175, 0.8353098896565948, 0.8274036643635488, 0.8159568251349214, 0.8279880375373827], "f1_score_macro_ged": [0.5305629805052554, 0.5767772718695295, 0.605861738956638, 0.6303897092468165, 0.6447847348076907, 0.6317736270621218, 0.6572152251144626, 0.6600876952274111, 0.6638979115135153, 0.6678980778708793, 0.6684773894040922, 0.6707684564798368, 0.6720733158163043, 0.6778114924291312, 0.6765484235242907, 0.6752065401106947, 0.6743590252154373, 0.6714700246736359, 0.6664889505219341, 0.6721388064755378], "f1_score_weighted_ged": [0.7299775919517775, 0.7590052871046075, 0.7745767905121158, 0.8029674398488276, 0.8167440133549867, 0.7962966508185543, 0.8286415268465837, 0.8326559264426341, 0.8343629106281304, 0.8392705522852513, 0.842906777876135, 0.8446870575014563, 0.8475100940000349, 0.8507529994687847, 0.8492579712117384, 0.8484123269612823, 0.841644988711706, 0.8368567814288738, 0.8296334234692139, 0.8373124169198534], "f_0_5_ged": [0.3278311742582532, 0.4126582278481013, 0.4745798319327731, 0.4651058284276278, 0.4659464972877741, 0.49839507243862236, 0.4634053124402828, 0.4561318468250121, 0.46392251815980623, 0.45620258153512666, 0.4398089972354863, 0.4401595073444046, 0.4305889576830579, 0.43729457682826617, 0.44015522875816987, 0.439039314670338, 0.4717999019127023, 0.4841346153846154, 0.49866616745448583, 0.48472456098147704], "f1_score_avg_ner": [0.9268525368949807, 0.9454460496086601, 0.9509754293057124, 0.9590553327362642, 0.9618394922316109, 0.9646625910205989, 0.9658697091234765, 0.9660254662980413, 0.9647209999610608, 0.967135236166816, 0.969257427670262, 0.9691795490829797, 0.96886803473385, 0.9692963669639033, 0.9707760601222694, 0.9716911335228379, 0.9721194657528912, 0.97208052645925, 0.9727619640979712, 0.9727035551575094], "f1_score_macro_ner": [0.5829131288132074, 0.7307401538916888, 0.7703749013805378, 0.8036461307049547, 0.8194189406745825, 0.833633775882426, 0.8390567106795809, 0.8469083723654771, 0.8484602168370631, 0.8534982388496611, 0.8587278299566082, 0.8602825356426822, 0.8633774095961777, 0.8646355870569131, 0.8680519615158838, 0.870253916134018, 0.8708387614941995, 0.8716792723753508, 0.8735737661113407, 0.873273028825932], "f1_score_weighted_ner": [0.9182219283165541, 0.9431545663632824, 0.9510013787166379, 0.9587217501713388, 0.9611739564785683, 0.9643674213499577, 0.9658525584359838, 0.966259837366584, 0.9653121314900776, 0.9674997281582888, 0.969479933239471, 0.9695245516494116, 0.9692510367061314, 0.9695651794725013, 0.9709656215120273, 0.9717699382590406, 0.9721867625179219, 0.9721234822839873, 0.9727902382030845, 0.9727569705486534], "aes": [17.358240792917652, 2.453030286833297, 2.1098906938419786, 2.084091064541839, 2.0775844163672867, 2.0595697247704794, 2.0376005394514216, 2.0341645063355913, 2.011500674624776, 1.9956290333770041, 1.9735927803571833, 1.9677950892337532, 1.9512955421625182, 1.9384410270424777, 1.937580851621406, 1.9297913784204528, 1.9114592297132624, 1.900750387546628, 1.8983184736828471, 1.8963383186695189], "ged": [0.10007662620655326, 0.09439012893410616, 0.08871813915496649, 0.08804734501727791, 0.08758892222892406, 0.08490290267522944, 0.08832301095474598, 0.08878837629806163, 0.08878693816273711, 0.08997113413588945, 0.09155296794203825, 0.09200663968574169, 0.09421662605086038, 0.09480109048444171, 0.09417300861935284, 0.09438559205033058, 0.08969487353812816, 0.0878534310085829, 0.08602769222370414, 0.08797458299370699], "ner": [0.01316722813820423, 0.009675738477516313, 0.008818605958029281, 0.007473206753994144, 0.006790839985749403, 0.006357019577651869, 0.0060920011208847515, 0.006011726410496373, 0.006162771635667183, 0.005732016085625388, 0.005444201954835376, 0.0054194245942283505, 0.005453028732390944, 0.0053480065232792565, 0.005112810336529862, 0.005006762264772903, 0.004942091143971612, 0.0049367749652023925, 0.004839509966523322, 0.004852473497564016], "total_loss": [17.471484647262407, 2.55709615424492, 2.207427438954974, 2.1796116163131107, 2.1719641785819603, 2.1508296470233605, 2.1320155515270525, 2.128964609044149, 2.10645038442318, 2.091332183598519, 2.0705899502540572, 2.0652211535137233, 2.0509651969457696, 2.0385901240501987, 2.0368666705772887, 2.0291837327355564, 2.0060961943953624, 1.9935405935204134, 1.9891856758730746, 1.9891653751607898], "aes_weight_coef": [0.30000001192092896, 0.30000001192092896, 0.30000001192092896, 0.30000001192092896, 0.30000001192092896, 0.30000001192092896, 0.30000001192092896, 0.30000001192092896, 0.30000001192092896, 0.30000001192092896, 0.30000001192092896, 0.30000001192092896, 0.30000001192092896, 0.30000001192092896, 0.30000001192092896, 0.30000001192092896, 0.30000001192092896, 0.30000001192092896, 0.30000001192092896, 0.30000001192092896],