{"best": {"aes": {"rmse_aes": 234.0427904845133, "pearson_aes": 0.6690165927420396, "spearman_aes": 0.6684067764698259, "kappa_aes": 0.5074373092817168, "aes": 2.866158313529436, "aes_weight_coef": 0.4000000059604645}, "ged": {"f1_score_avg_ged": 0.5742669554157643, "f1_score_macro_ged": 0.5092596209752153, "f1_score_weighted_ged": 0.6397716070162761, "f_0_5_ged": 0.5055529847292919, "ged": 0.07623672208120656, "ged_weight_coef": 0.6000000238418579}, "ner": {"f1_score_avg_ner": 0.9750788520696234, "f1_score_macro_ner": 0.8702238919977856, "f1_score_weighted_ner": 0.9747643659193953, "ner": 0.004642403971533789, "ner_weight_coef": 0.05999999865889549}}, "train": {"loss": [15.6007, 4.346, 3.85, 3.8189], "learning_rate": [0.0004371069182389937, 0.0003742138364779874, 0.00031132075471698115, 0.00024842767295597487], "epoch": [1.89, 3.77, 5.66, 7.55], "step": [500, 1000, 1500, 2000]}, "eval": {"rmse_aes": [228.80025252511317, 220.35466992000772, 220.00962731460436, 222.1227763597821, 217.8142684847702, 220.09338295873917, 214.35377688920403, 216.77638247742766, 234.0427904845133], "pearson_aes": [0.40271726060592594, 0.5683695331140832, 0.6184681570189574, 0.6328295429257178, 0.6471717054854614, 0.6616092966514653, 0.6656711739821236, 0.6667915372266673, 0.6690165927420396], "spearman_aes": [0.404896854832999, 0.5538877093573397, 0.5965347282378466, 0.6146003608560406, 0.6317051244068026, 0.6480586490048122, 0.6604843780111593, 0.665223234614285, 0.6684067764698259], "kappa_aes": [0.32172229426079535, 0.4305535396382013, 0.4830341612308202, 0.492357554955523, 0.5106674087942114, 0.5138336458096056, 0.5306795607510103, 0.5361886691640885, 0.5074373092817168], "f1_score_avg_ged": [0.19280877247258602, 0.2451961087621601, 0.21755869512907772, 0.35921762744491426, 0.43288302224055547, 0.5319514626516793, 0.4616548073287271, 0.5723075865387921, 0.5742669554157643], "f1_score_macro_ged": [0.18979928324165918, 0.24519234046006996, 0.21633618476140487, 0.34979514821760566, 0.4088040289442344, 0.47630284006724677, 0.4311562091386041, 0.5063876198517945, 0.5092596209752153], "f1_score_weighted_ged": [0.15371766306015217, 0.2464246911913051, 0.1937192109706111, 0.4069892204434473, 0.4959863080278486, 0.6010442478788337, 0.5274015627204695, 0.6381965495729409, 0.6397716070162761], "f_0_5_ged": [0.4330634753021237, 0.4333325158790495, 0.4452144507156295, 0.4651847884306374, 0.4805410197020389, 0.47769380401160744, 0.4906761273676187, 0.4979974181589487, 0.5055529847292919], "f1_score_avg_ner": [0.861298236049998, 0.8892761185312098, 0.9503913399010941, 0.9652272107783965, 0.968965382967953, 0.971535376348273, 0.9728787819788949, 0.974358475137261, 0.9750788520696234], "f1_score_macro_ner": [0.1872742673418542, 0.292843247164721, 0.6529387704931057, 0.7983508096542111, 0.8355760399778516, 0.8451061363259903, 0.8554068627092039, 0.8616030093193662, 0.8702238919977856], "f1_score_weighted_ner": [0.8384330578622232, 0.8714751010787861, 0.9457505649816716, 0.9646173840068709, 0.9684945979387363, 0.9710247540507705, 0.9723467418153041, 0.9738826530610988, 0.9747643659193953], "aes": [2.7387112905812816, 2.5408540770064953, 2.531895634739898, 2.5812130473380863, 2.4823272006456243, 2.534356255863988, 2.4038702776265697, 2.459231692691182, 2.866158313529436], "ged": [0.09187716522882151, 0.08799567402795304, 0.08725430729777314, 0.08416538391002389, 0.08108547607133555, 0.0813382177851921, 0.07858604747195576, 0.07586802576863488, 0.07623672208120656], "ner": [0.01876337468884019, 0.014955300599509893, 0.008407850516960025, 0.006161760782476428, 0.005569005298406579, 0.005348511021259392, 0.005191084046220017, 0.004831712963709304, 0.004642403971533789], "total_loss": [2.8493518304989434, 2.6438050516339584, 2.627557792554631, 2.671540192030587, 2.5689816820153664, 2.6210429846704395, 2.4876474091447456, 2.539931431423526, 2.9470374395821763], "aes_weight_coef": [0.4000000059604645, 0.4000000059604645, 0.4000000059604645, 0.4000000059604645, 0.4000000059604645, 0.4000000059604645, 0.4000000059604645, 0.4000000059604645, 0.4000000059604645], "ged_weight_coef": [0.6000000238418579, 0.6000000238418579, 0.6000000238418579, 0.6000000238418579, 0.6000000238418579, 0.6000000238418579, 0.6000000238418579, 0.6000000238418579, 0.6000000238418579], "ner_weight_coef": [0.05999999865889549, 0.05999999865889549, 0.05999999865889549, 0.05999999865889549, 0.05999999865889549, 0.05999999865889549, 0.05999999865889549, 0.05999999865889549, 0.05999999865889549], "epoch": [1.0, 2.0, 3.0, 4.0, 5.0, 6.0, 7.0, 8.0, 9.0], "step": [264, 529, 794, 1059, 1324, 1589, 1854, 2119, 2384]}, "test": {"rmse_aes": 212.27738339257905, "pearson_aes": 0.7619140076907653, "spearman_aes": 0.7832251638037979, "kappa_aes": 0.5636887923354641, "f1_score_avg_ged": 0.4643954575818303, "f1_score_macro_ged": 0.4409128330789707, "f1_score_weighted_ged": 0.5207751877278745, "f_0_5_ged": 0.519084785630279, "f1_score_avg_ner": 0.9649402390438248, "f1_score_macro_ner": 0.8227278615541882, "f1_score_weighted_ner": 0.9652170907437524, "aes": 3.218650363740467, "ged": 0.10773560617651258, "ner": 0.005931519321165979, "total_loss": 3.3323174892381453, "aes_weight_coef": 0.4000000059604645, "ged_weight_coef": 0.6000000238418579, "ner_weight_coef": 0.05999999865889549}, "info": {"tasks": ["aes", "ged", "ner"], "outputs": ["loss", "labels", "preds"], "map_out_to_task": {"aes_loss": "aes", "aes_labels": "aes", "aes_preds": "aes", "ged_loss": "ged", "ged_labels": "ged", "ged_preds": "ged", "ner_loss": "ner", "ner_labels": "ner", "ner_preds": "ner"}, "map_out_to_out": {"aes_loss": "loss", "aes_labels": "labels", "aes_preds": "preds", "ged_loss": "loss", "ged_labels": "labels", "ged_preds": "preds", "ner_loss": "loss", "ner_labels": "labels", "ner_preds": "preds"}, "map_task_index": {"aes": 0, "ged": 1, "ner": 2}, "map_index_task": {"0": "aes", "1": "ged", "2": "ner"}, "optimizer_weighting": "fixed", "epochs_to_avg_over": 2, "temp": 2, "init_task_weightings": {"aes": 0.4, "ged": 0.6, "ner": 0.06}, "metrics_to_track_by_task": {"aes": "pearson_aes", "ged": "f_0_5_ged", "ner": "f1_score_avg_ner"}, "regression_tasks": ["aes"], "classification_tasks": ["ner", "ged"], "fce_tasks": ["aes", "ged"], "task_priorities_priority_as_key": {"primary_task": "aes", "secondary_task": "ged", "aux_task": "ner"}, "early_stopping_patience": 2, "early_stopping_metric": "loss", "pretrained_model": "distilroberta-base", "frozen_layers": "all", "scoring": "script", "learning_rate": 0.0005, "batch_size": 8, "weight_decay": 0.01, "adam_epsilon": 1e-08, "normalized_values": [40, 0], "model_name": "distilroberta-base_1630672773", "runtime": 521.5972185134888, "steps_per_sec": 0.21879077957780568},