{"best": {"aes": {"rmse_aes": 234.00914037228927, "pearson_aes": 0.6691494895079176, "spearman_aes": 0.6684121507026867, "kappa_aes": 0.5075525546429069, "aes": 6.448541219844374, "aes_weight_coef": 0.8999999761581421}, "ged": {"f1_score_avg_ged": 0.7608538723316489, "f1_score_macro_ged": 0.6514951022612334, "f1_score_weighted_ged": 0.7941460212221333, "f_0_5_ged": 0.5945978978244927, "ged": 0.011063144217396891, "ged_weight_coef": 0.10000000149011612}, "ner": {"f1_score_avg_ner": 0.9885323780226627, "f1_score_macro_ner": 0.9367904412421333, "f1_score_weighted_ner": 0.9884406196988899, "ner": 0.0004572492745315093, "ner_weight_coef": 0.009999999776482582}}, "train": {"loss": [34.6139, 9.3205, 8.2357, 8.1886], "learning_rate": [0.0004371069182389937, 0.0003742138364779874, 0.00031132075471698115, 0.00024842767295597487], "epoch": [1.89, 3.77, 5.66, 7.55], "step": [500, 1000, 1500, 2000]}, "eval": {"rmse_aes": [228.80025252511317, 220.35466992000772, 220.00962731460436, 222.12655927046035, 217.8142684847702, 220.09338295873917, 214.35377688920403, 216.77638247742766, 234.00914037228927], "pearson_aes": [0.40271726060592594, 0.5683695331140832, 0.6184681570189574, 0.6327553805411116, 0.6471717054854614, 0.6616092966514653, 0.6656711739821236, 0.6667915372266673, 0.6691494895079176], "spearman_aes": [0.404896854832999, 0.5538877093573397, 0.5965347282378466, 0.6146003608560406, 0.6317051244068026, 0.6480586490048122, 0.6604843780111593, 0.665223234614285, 0.6684121507026867], "kappa_aes": [0.32172229426079535, 0.4305535396382013, 0.4830341612308202, 0.492357554955523, 0.5106674087942114, 0.5138336458096056, 0.5306795607510103, 0.5361886691640885, 0.5075525546429069], "f1_score_avg_ged": [0.624454298580317, 0.71706025918669, 0.8368567598226255, 0.7046165480732872, 0.7484101612182462, 0.7180571310714654, 0.7732288336598948, 0.7608538723316489, 0.7895912825272421], "f1_score_macro_ged": [0.5425742059884314, 0.6085180790534732, 0.6762718811980177, 0.6051308681391205, 0.6403110051078054, 0.618209257909202, 0.6559645081850873, 0.6514951022612334, 0.6706116901248025], "f1_score_weighted_ged": [0.6839883373034877, 0.7591435603886209, 0.8428760475762347, 0.7499580903251624, 0.7843957656696087, 0.7608768817453406, 0.8027313338220388, 0.7941460212221333, 0.8152667573690635], "f_0_5_ged": [0.5132473540337843, 0.54282244162357, 0.47364024959465434, 0.5617378048780488, 0.5848798907367236, 0.5788561525129983, 0.5773744655880627, 0.5945978978244927, 0.587164997003168], "f1_score_avg_ner": [0.9790895993146684, 0.9840932985475643, 0.9850667808885947, 0.9863128382851135, 0.9861765507573692, 0.986234959697831, 0.9884544994353802, 0.9882792726139947, 0.9885323780226627], "f1_score_macro_ner": [0.8870931831572925, 0.9115395314475815, 0.9161443430440289, 0.92595427888637, 0.9180253959324247, 0.9243328389749303, 0.9398184869057542, 0.9372380713726535, 0.9367904412421333], "f1_score_weighted_ner": [0.9791670425598328, 0.984211046715639, 0.9850996650920445, 0.9861948633500438, 0.986172636464771, 0.9861368458237935, 0.9884042687497697, 0.988260357007754, 0.9884406196988899], "aes": [6.162018265835075, 5.716873945191849, 5.696812807127487, 5.807559257329896, 5.5851559306299965, 5.70236599722574, 5.408533761667651, 5.533070431199184, 6.448541219844374], "ged": [0.012254206247107928, 0.011373092528692511, 0.01210396113090737, 0.01115004189832266, 0.010883313365453897, 0.011274316023255503, 0.011645379627859869, 0.011063144217396891, 0.012172618924185287], "ner": [0.0005665191592713601, 0.00043796279249701996, 0.0004422694686962681, 0.00044069353519494883, 0.00046852948215145746, 0.00047288569408539293, 0.00043211217788941507, 0.00043942442241745464, 0.0004572492745315093], "total_loss": [6.174838991241454, 5.728685000513039, 5.709359037727091, 5.819149992763414, 5.596507773477602, 5.71411319894308, 5.4206112534734, 5.544572999838999, 6.461171088043091], "aes_weight_coef": [0.8999999761581421, 0.8999999761581421, 0.8999999761581421, 0.8999999761581421, 0.8999999761581421, 0.8999999761581421, 0.8999999761581421, 0.8999999761581421, 0.8999999761581421], "ged_weight_coef": [0.10000000149011612, 0.10000000149011612, 0.10000000149011612, 0.10000000149011612, 0.10000000149011612, 0.10000000149011612, 0.10000000149011612, 0.10000000149011612, 0.10000000149011612], "ner_weight_coef": [0.009999999776482582, 0.009999999776482582, 0.009999999776482582, 0.009999999776482582, 0.009999999776482582, 0.009999999776482582, 0.009999999776482582, 0.009999999776482582, 0.009999999776482582], "epoch": [1.0, 2.0, 3.0, 4.0, 5.0, 6.0, 7.0, 8.0, 9.0], "step": [264, 529, 794, 1059, 1324, 1589, 1854, 2119, 2384]}, "test": {"rmse_aes": 212.24217201897773, "pearson_aes": 0.7619813081566698, "spearman_aes": 0.7832251638037979, "kappa_aes": 0.5638791218472925, "f1_score_avg_ged": 0.7699131596526386, "f1_score_macro_ged": 0.6608334883429144, "f1_score_weighted_ged": 0.7948960225548517, "f_0_5_ged": 0.5713468429134926, "f1_score_avg_ner": 0.9780122752234306, "f1_score_macro_ner": 0.8764195770542782, "f1_score_weighted_ner": 0.9781220673904478, "aes": 7.241242794763474, "ged": 0.01804977823935804, "ner": 0.0009127744727136035, "total_loss": 7.260205347475546, "aes_weight_coef": 0.8999999761581421, "ged_weight_coef": 0.10000000149011612, "ner_weight_coef": 0.009999999776482582}, "info": {"tasks": ["aes", "ged", "ner"], "outputs": ["loss", "labels", "preds"], "map_out_to_task": {"aes_loss": "aes", "aes_labels": "aes", "aes_preds": "aes", "ged_loss": "ged", "ged_labels": "ged", "ged_preds": "ged", "ner_loss": "ner", "ner_labels": "ner", "ner_preds": "ner"}, "map_out_to_out": {"aes_loss": "loss", "aes_labels": "labels", "aes_preds": "preds", "ged_loss": "loss", "ged_labels": "labels", "ged_preds": "preds", "ner_loss": "loss", "ner_labels": "labels", "ner_preds": "preds"}, "map_task_index": {"aes": 0, "ged": 1, "ner": 2}, "map_index_task": {"0": "aes", "1": "ged", "2": "ner"}, "optimizer_weighting": "fixed", "epochs_to_avg_over": 2, "temp": 2, "init_task_weightings": {"aes": 0.9, "ged": 0.09999999999999998, "ner": 0.009999999999999998}, "metrics_to_track_by_task": {"aes": "pearson_aes", "ged": "f_0_5_ged", "ner": "f1_score_avg_ner"}, "regression_tasks": ["aes"], "classification_tasks": ["ner", "ged"], "fce_tasks": ["aes", "ged"], "task_priorities_priority_as_key": {"primary_task": "aes", "secondary_task": "ged", "aux_task": "ner"}, "early_stopping_patience": 2, "early_stopping_metric": "loss", "pretrained_model": "distilroberta-base", "frozen_layers": "all", "scoring": "script", "learning_rate": 0.0005, "batch_size": 8, "weight_decay": 0.01, "adam_epsilon": 1e-08, "normalized_values": [40, 0], "model_name": "distilroberta-base_1630674358", "runtime": 522.619481086731, "steps_per_sec": 0.21921958099275626},