{"best": {"aes": {"rmse_aes": 6.883958809354461, "pearson_aes": 0.6390434116282269, "spearman_aes": 0.6310753129879614, "kappa_aes": 0.3448087328670274, "aes": 8.949892687243084, "aes_weight_coef": 0.8999999761581421}, "ged": {"f1_score_avg_ged": 0.7545632669897907, "f1_score_macro_ged": 0.6297825590525273, "f1_score_weighted_ged": 0.7868352861898597, "f_0_5_ged": 0.5283263056819605, "ged": 0.011775917525208273, "ged_weight_coef": 0.10000000149011612}, "ner": {"f1_score_avg_ner": 0.9859623846423425, "f1_score_macro_ner": 0.9244563580725459, "f1_score_weighted_ner": 0.9860238220323654, "ner": 0.0004512387091635055, "ner_weight_coef": 0.009999999776482582}}, "train": {"loss": [34.4573, 9.333], "learning_rate": [0.0004528301886792453, 0.0004056603773584906], "epoch": [1.89, 3.77], "step": [500, 1000]}, "eval": {"rmse_aes": [5.798706752371601, 5.864204028586394, 5.793914431922898, 6.429100507328637, 6.883958809354461], "pearson_aes": [0.3905805894825428, 0.5485545735961856, 0.6020907876754742, 0.607809093130345, 0.6390434116282269], "spearman_aes": [0.3754623560862642, 0.5394990330941418, 0.5907654012650724, 0.5911736436746057, 0.6310753129879614], "kappa_aes": [0.08657728961395572, 0.2376071745343451, 0.3679539852095316, 0.3496277752157586, 0.3448087328670274], "f1_score_avg_ged": [0.6000824997421883, 0.7545632669897907, 0.8084287236602385, 0.8088412223711801, 0.8280567873225396], "f1_score_macro_ged": [0.5262101941868427, 0.6297825590525273, 0.661447220558035, 0.6685053618111253, 0.6800783482446849], "f1_score_weighted_ged": [0.6629128667027285, 0.7868352861898597, 0.8244473150615587, 0.8261088797699738, 0.8390663532726332], "f_0_5_ged": [0.5084312723556464, 0.5283263056819605, 0.5017532527452246, 0.5250068449393082, 0.510993968751484], "f1_score_avg_ner": [0.9806861103539581, 0.9833145126747401, 0.9853198862972625, 0.9859623846423425, 0.9858845060550602], "f1_score_macro_ner": [0.8966623677199025, 0.9157510398568035, 0.9214074350104426, 0.9244563580725459, 0.9240184022605502], "f1_score_weighted_ner": [0.9804397982816399, 0.9831224821315692, 0.9852496537242468, 0.9860238220323654, 0.9857673207517643], "aes": [6.379577925038892, 6.4386428345081415, 6.333949310835018, 7.595093150471532, 8.949892687243084], "ged": [0.012440236675184827, 0.011775917525208273, 0.012126015196012896, 0.011936682947846345, 0.012653943671043529], "ner": [0.0005450289531307685, 0.0004970517908331266, 0.0004663572170863708, 0.0004512387091635055, 0.0005036072299929422], "total_loss": [6.392563190667207, 6.450915803824183, 6.346541683248117, 7.607481072128542, 8.96305023814412], "aes_weight_coef": [0.8999999761581421, 0.8999999761581421, 0.8999999761581421, 0.8999999761581421, 0.8999999761581421], "ged_weight_coef": [0.10000000149011612, 0.10000000149011612, 0.10000000149011612, 0.10000000149011612, 0.10000000149011612], "ner_weight_coef": [0.009999999776482582, 0.009999999776482582, 0.009999999776482582, 0.009999999776482582, 0.009999999776482582], "epoch": [1.0, 2.0, 3.0, 4.0, 5.0], "step": [264, 529, 794, 1059, 1324]}, "test": {"rmse_aes": 6.299801584177076, "pearson_aes": 0.7400068442003284, "spearman_aes": 0.7570357199598508, "kappa_aes": 0.44261002414863726, "f1_score_avg_ged": 0.7839412157648631, "f1_score_macro_ged": 0.65403482882432, "f1_score_weighted_ged": 0.8017960507902235, "f_0_5_ged": 0.5083804202907753, "f1_score_avg_ner": 0.9746312049100894, "f1_score_macro_ner": 0.8666621595236746, "f1_score_weighted_ner": 0.9747679489223574, "aes": 10.061154751550584, "ged": 0.017988740510883786, "ner": 0.000910217863357892, "total_loss": 10.080053709924826, "aes_weight_coef": 0.8999999761581421, "ged_weight_coef": 0.10000000149011612, "ner_weight_coef": 0.009999999776482582}, "info": {"tasks": ["aes", "ged", "ner"], "outputs": ["loss", "labels", "preds"], "map_out_to_task": {"aes_loss": "aes", "aes_labels": "aes", "aes_preds": "aes", "ged_loss": "ged", "ged_labels": "ged", "ged_preds": "ged", "ner_loss": "ner", "ner_labels": "ner", "ner_preds": "ner"}, "map_out_to_out": {"aes_loss": "loss", "aes_labels": "labels", "aes_preds": "preds", "ged_loss": "loss", "ged_labels": "labels", "ged_preds": "preds", "ner_loss": "loss", "ner_labels": "labels", "ner_preds": "preds"}, "map_task_index": {"aes": 0, "ged": 1, "ner": 2}, "map_index_task": {"0": "aes", "1": "ged", "2": "ner"}, "optimizer_weighting": "fixed", "epochs_to_avg_over": 2, "temp": 2, "init_task_weightings": {"aes": 0.9, "ged": 0.09999999999999998, "ner": 0.009999999999999998}, "metrics_to_track_by_task": {"aes": "pearson_aes", "ged": "f_0_5_ged", "ner": "f1_score_avg_ner"}, "regression_tasks": ["aes"], "classification_tasks": ["ner", "ged"], "fce_tasks": ["aes", "ged"], "task_priorities_priority_as_key": {"primary_task": "aes", "secondary_task": "ged", "aux_task": "ner"}, "early_stopping_patience": 2, "early_stopping_metric": "loss", "pretrained_model": "distilroberta-base", "frozen_layers": "all", "scoring": "script", "learning_rate": 0.0005, "batch_size": 8, "weight_decay": 0.01, "adam_epsilon": 1e-08, "normalized_values": null, "model_name": "distilroberta-base_1630658263", "runtime": 247.14305353164673, "steps_per_sec": 0.1866639377127241}, "preds": {"aes": {"preds": [34.82139205932617, 30.61301612854004, 31.797407150268555, 34.502071380615234, 35.84355926513672, 33.681617736816406, 33.78218460083008, 33.544803619384766, 29.23307991027832, 32.4391975402832, 31.07158660888672, 33.3538703918457, 34.320735931396484, 34.84638977050781, 32.33163833618164, 24.026704788208008, 27.929805755615234, 33.918758392333984, 33.740631103515625, 27.913497924804688, 35.93815612792969, 34.781734466552734, 33.42694854736328, 28.941190719604492, 29.897192001342773, 33.1995964050293, 26.72189712524414, 36.91621017456055, 35.96796417236328, 34.160396575927734, 33.57572937011719, 34.577449798583984, 35.89219665527344, 30.48017692565918, 34.70490646362305, 29.051916122436523, 36.07371139526367, 27.415037155151367, 35.40385437011719, 32.60674285888672, 25.900022506713867, 27.02472496032715, 31.7318058013916, 35.842166900634766, 33.573951721191406, 33.55469512939453, 24.33246421813965, 31.697397232055664, 35.32197189331055, 28.497873306274414, 36.278316497802734, 32.12111282348633, 34.25971984863281, 30.608583450317383, 32.25596237182617, 33.51363754272461, 26.97380256652832, 36.89535903930664, 30.65352439880371, 35.226341247558594, 15.897261619567871, 31.58643913269043, 31.5429630279541, 33.7694091796875, 26.84925651550293, 30.195514678955078, 30.878814697265625, 34.885284423828125, 28.027362823486328, 35.95496368408203, 33.997867584228516, 33.14115905761719, 37.012290954589844, 37.18049240112305, 32.14613342285156, 36.64691162109375, 35.01640319824219, 31.48198890686035, 34.526878356933594, 24.903980255126953, 34.2088508605957, 30.749433517456055, 34.542598724365234, 36.19454574584961, 33.50735092163086, 33.90013885498047, 28.62744140625, 35.26427459716797, 31.638198852539062, 26.888322830200195, 33.07560348510742, 30.015615463256836, 27.636085510253906, 28.300512313842773, 33.506134033203125, 35.25334930419922], "labels": [30.0, 26.0, 23.0, 26.0, 26.0, 38.0, 27.0, 39.0, 25.0, 24.0, 25.0, 27.0, 30.0, 27.0, 20.0, 21.0, 21.0, 26.0, 22.0, 24.0, 38.0, 30.0, 34.0, 24.0, 23.0, 22.0, 23.0, 39.0, 34.0, 37.0, 31.0, 28.0, 26.0, 29.0, 34.0, 26.0, 34.0, 19.0, 26.0, 31.0, 18.0, 19.0, 25.0, 26.0, 29.0, 29.0, 18.0, 27.0, 35.0, 22.0, 36.0, 14.0, 24.0, 29.0, 28.0, 24.0, 25.0, 37.0, 24.0, 36.0, 13.0, 23.0, 29.0, 31.0, 23.0, 28.0, 26.0, 26.0, 21.0, 38.0, 32.0, 29.0, 36.0, 40.0, 29.0, 34.0, 36.0, 25.0, 37.0, 17.0, 32.0, 25.0, 25.0, 36.0, 31.0, 27.0, 19.0, 28.0, 24.0, 20.0, 25.0, 23.0, 22.0, 23.0, 27.0, 30.0]}}}