{"best": {"aes": {"rmse_aes": 5.497474167490214, "pearson_aes": 0.5109229709322151, "spearman_aes": 0.4915448073377406, "kappa_aes": 0.18029717077142282, "aes": 5.710785089537155, "aes_weight_coef": 0.8999999761581421}, "ged": {"f1_score_avg_ged": 0.8358942628304287, "f1_score_macro_ged": 0.7062306731142967, "f1_score_weighted_ged": 0.8488425076771268, "f_0_5_ged": 0.5798280269579363, "ged": 0.011127068899398627, "ged_weight_coef": 0.10000000149011612}, "ner": {"f1_score_avg_ner": 0.9909076749347767, "f1_score_macro_ner": 0.9492221641095439, "f1_score_weighted_ner": 0.9908875077483917, "ner": 0.0003478543877981581, "ner_weight_coef": 0.009999999776482582}}, "train": {"loss": [155.246, 14.7042, 13.2987, 12.9157, 12.5326, 12.4864, 11.8522, 11.7647, 11.3071, 11.4776], "learning_rate": [6.339622641509433e-05, 5.679245283018868e-05, 5.0188679245283013e-05, 4.3584905660377356e-05, 3.69811320754717e-05, 3.0377358490566036e-05, 2.3773584905660375e-05, 1.7169811320754714e-05, 1.0566037735849056e-05, 3.9622641509433956e-06], "epoch": [1.89, 3.77, 5.66, 7.55, 9.43, 11.32, 13.21, 15.09, 16.98, 18.87], "step": [500, 1000, 1500, 2000, 2500, 3000, 3500, 4000, 4500, 5000]}, "eval": {"rmse_aes": [16.489474757486295, 6.280481227138924, 5.7506038330287055, 5.784317879692759, 5.742144392317405, 5.740934883216612, 5.749396103553447, 5.6984403324262525, 5.675238614660474, 5.632248416238601, 5.606296063851387, 5.565269285688, 5.570258322356135, 5.57150488348226, 5.586441920698123, 5.576488341440536, 5.557777333511022, 5.546520430764579, 5.497474167490214, 5.49621081594705], "pearson_aes": [0.2022429214610555, 0.15945259287844268, 0.2464539084782921, 0.23938958050492243, 0.29019714725809076, 0.2806447040143582, 0.3065961619512512, 0.37044924691961173, 0.4012297751257851, 0.4220512043723294, 0.4444515537407323, 0.4808968488610508, 0.4712917547122245, 0.4594654037943117, 0.4410552748035876, 0.45029419183653413, 0.46427219960078453, 0.4666724631203406, 0.5109229709322151, 0.5080306591109547], "spearman_aes": [0.2348655089248729, 0.20227079528054237, 0.23575998807666754, 0.25297931419715225, 0.2851491042424278, 0.2844752553801398, 0.32713691619023183, 0.3583065012769657, 0.4017560518811167, 0.42166582603324426, 0.431536741815202, 0.47363540252350017, 0.4614005403032553, 0.4573638064579486, 0.43719757498308226, 0.45614906453650456, 0.461286061057493, 0.4664189701017138, 0.4915448073377406, 0.48792737355959354], "kappa_aes": [0.00788532484722193, 0.03356239418384621, 0.05928987096230076, 0.05832076420311716, 0.06310863791577082, 0.0641274121513441, 0.07510971786833853, 0.08470736312145999, 0.0973406924234822, 0.11603683179867497, 0.12501041059382023, 0.1509410650302705, 0.15141061968707636, 0.1513708750615662, 0.14790865187852986, 0.15426052889324193, 0.16362007898058062, 0.16845703125, 0.18029717077142282, 0.18041866905595827], "f1_score_avg_ged": [0.6691416589323158, 0.7524320236499261, 0.8306005293733457, 0.7921350245780482, 0.8202880615998075, 0.8309099034065519, 0.8366505104671548, 0.835619263689801, 0.8358942628304287, 0.839056752947647, 0.8589598157505758, 0.8629816781822557, 0.871437901756557, 0.8737410195593138, 0.8798253755457014, 0.882781616307449, 0.879275377264446, 0.8746691416589323, 0.8742910178405693, 0.8717472757897632], "f1_score_macro_ged": [0.5306590384560975, 0.6055233127496558, 0.6754741182453802, 0.6666637270609687, 0.6918558039673853, 0.7007934976012284, 0.7057523899795788, 0.7057865004421371, 0.7062306731142967, 0.7089313980740637, 0.720641132401972, 0.7222085047419455, 0.7264510269418749, 0.7265272879786058, 0.7320174240561235, 0.7266140490749177, 0.7263521548777137, 0.7277936380790127, 0.7290786725853127, 0.7284669214354111], "f1_score_weighted_ged": [0.7169471705572855, 0.7814281439109833, 0.8394239080006212, 0.8161002673635549, 0.8372199752304914, 0.8449701259479632, 0.8491581183310916, 0.8485991808227628, 0.8488425076771268, 0.8511387225585508, 0.8642776859897234, 0.8667068073070463, 0.8719718729655633, 0.8731409635881969, 0.8774445763270773, 0.877596628629287, 0.8758297351542929, 0.8738993322901759, 0.8740114748714893, 0.8725948076984463], "f_0_5_ged": [0.36581469648562304, 0.44783230109575983, 0.4884461382604081, 0.5649299817343656, 0.575903177553148, 0.5757687690460799, 0.5755865478800317, 0.5790770088767021, 0.5798280269579363, 0.5794493011079427, 0.5544374631847635, 0.5458699647345155, 0.530437878248487, 0.5223612678223408, 0.5185319956334149, 0.48979050649695033, 0.5017020162346164, 0.5232886560879166, 0.5290626279164962, 0.5362760020294267], "f1_score_avg_ner": [0.9792258868424126, 0.9862544293446517, 0.9875394260348117, 0.9889996495463572, 0.9899731318873876, 0.9894669210700517, 0.9903430551769791, 0.9900120711810287, 0.9907324481133912, 0.9903235855301585, 0.99069350881975, 0.9905572212920057, 0.9905961605856469, 0.9903235855301585, 0.9905572212920057, 0.9906156302324676, 0.9906740391729294, 0.9908103267006737, 0.9908103267006737, 0.9909076749347767], "f1_score_macro_ner": [0.881622368642185, 0.9257765465203186, 0.9327142543180336, 0.9377664849211028, 0.9416845767083897, 0.9387030131754089, 0.9432231051858044, 0.9414289926362875, 0.946915374965773, 0.9455427472951493, 0.9464467039732379, 0.9466986790901335, 0.9464975798910665, 0.9450405009414258, 0.9462411019288771, 0.9474196466888958, 0.9471350834728354, 0.9485998416694987, 0.9479162079300196, 0.9492221641095439], "f1_score_weighted_ner": [0.9789851878083897, 0.986220082189684, 0.9875425147477315, 0.9890384445955441, 0.989967562052684, 0.9894951861835686, 0.990314712821286, 0.9899752243645238, 0.9906843648703557, 0.9902939245009466, 0.9906452771201292, 0.9905514395930678, 0.9905786588776222, 0.9903108090388123, 0.9905301275002889, 0.9906002549401551, 0.9906519820141283, 0.9907823844382776, 0.9907812950586633, 0.9908875077483917], "aes": [51.517593028933504, 7.447745788929074, 6.270327878552814, 6.2766960498898525, 6.1878254912620365, 6.148232726163642, 6.164645061936489, 6.088911211767862, 6.0426183744918465, 5.983177783877351, 5.924273513084234, 5.901525364365688, 5.87831508281619, 5.817516615224439, 5.792110642721487, 5.768599931583848, 5.756763502608898, 5.731666620387587, 5.710785089537155, 5.699683233749035], "ged": [0.014125146838121636, 0.01291395897089049, 0.011954560615988664, 0.010861751471841059, 0.010730508974818297, 0.010767758672320566, 0.010901890261921772, 0.010903055064899976, 0.011127068899398627, 0.011249891893808232, 0.012730026227790256, 0.013398689845966738, 0.014504820541586987, 0.015461255124835082, 0.016556641216887984, 0.018097114944180776, 0.017623540967009788, 0.016628383723802345, 0.016652152462061063, 0.01626161070064057], "ner": [0.0005672056908816705, 0.0003803002138400104, 0.0003484459678496256, 0.0003116370175290328, 0.00029237902048788423, 0.0003237922217437678, 0.00030624652124039805, 0.00032571850165685496, 0.0003048746665901786, 0.00033769356688808755, 0.00032455116947963943, 0.00033466635172877687, 0.0003353782639414719, 0.00034494014136176107, 0.0003393347730051637, 0.0003479026625977577, 0.0003509418584937605, 0.0003482154435100393, 0.0003528278727392104, 0.0003478543877981581], "total_loss": [51.53228538146251, 7.461040048113805, 6.282630885136652, 6.287869438379223, 6.198848379257343, 6.159324277057706, 6.175853198719651, 6.100139985334419, 6.054050318057835, 5.9947653693380465, 5.937328090481504, 5.915258720563384, 5.893155281621719, 5.833322810490636, 5.80900661871138, 5.787044949190626, 5.774737985434402, 5.7486432195549, 5.727790069871955, 5.716292698837473], "aes_weight_coef": [0.8999999761581421, 0.8999999761581421, 0.8999999761581421, 0.8999999761581421, 0.8999999761581421, 0.8999999761581421, 0.8999999761581421, 0.8999999761581421, 0.8999999761581421, 0.8999999761581421, 0.8999999761581421, 0.8999999761581421, 0.8999999761581421, 0.8999999761581421, 0.8999999761581421, 0.8999999761581421, 0.8999999761581421, 0.8999999761581421, 0.8999999761581421, 0.8999999761581421],