{"best": {"aes": {"rmse_aes": 28.396253665267576, "pearson_aes": NaN, "spearman_aes": NaN, "kappa_aes": 0.0, "aes": 0.0, "aes_weight_coef": 0.0}, "ged": {"f1_score_avg_ged": 0.801966243855488, "f1_score_macro_ged": 0.672376787965477, "f1_score_weighted_ged": 0.8229388268731052, "f_0_5_ged": 0.5581921405127296, "ged": 0.11376231007797774, "ged_weight_coef": 1.0}, "ner": {"f1_score_avg_ner": 0.9667069039367626, "f1_score_macro_ner": 0.8382146582617864, "f1_score_weighted_ner": 0.9660168577765182, "ner": 0.008551310336347236, "ner_weight_coef": 0.10000000149011612}}, "train": {"loss": [0.3244, 0.2698, 0.2477], "learning_rate": [0.0004528301886792453, 0.0004056603773584906, 0.0003584905660377358], "epoch": [1.89, 3.77, 5.66], "step": [500, 1000, 1500]}, "eval": {"rmse_aes": [28.396253665267576, 28.396253665267576, 28.396253665267576, 28.396253665267576, 28.396253665267576, 28.396253665267576], "pearson_aes": [NaN, NaN, NaN, NaN, NaN, NaN], "spearman_aes": [NaN, NaN, NaN, NaN, NaN, NaN], "kappa_aes": [0.0, 0.0, 0.0, 0.0, 0.0, 0.0], "f1_score_avg_ged": [0.800178749441408, 0.8015881200371249, 0.8035474889140971, 0.7967068852909834, 0.801966243855488, 0.8165411983087553], "f1_score_macro_ged": [0.6467543934078122, 0.6604116943186357, 0.6709249247797378, 0.6680929078090805, 0.672376787965477, 0.6814626243312512], "f1_score_weighted_ged": [0.8168640082735615, 0.8204046186401117, 0.8235758802597074, 0.8190646522087055, 0.8229388268731052, 0.8330338472535382], "f_0_5_ged": [0.4736963544070143, 0.5164138555580711, 0.5484043979619201, 0.5573395504332908, 0.5581921405127296, 0.5491369074801351], "f1_score_avg_ner": [0.9331801721116779, 0.9489311163895487, 0.9571473073478447, 0.9612943421206339, 0.9663759199408123, 0.9667069039367626], "f1_score_macro_ner": [0.6078618187017905, 0.7370237590882353, 0.788870929216785, 0.8049122573608077, 0.8337578394724816, 0.8382146582617864], "f1_score_weighted_ner": [0.9269412686771867, 0.9465045704040679, 0.9554881457488804, 0.9601256169921496, 0.9654291862685593, 0.9660168577765182], "aes": [0.0, 0.0, 0.0, 0.0, 0.0, 0.0], "ged": [0.12279767213865768, 0.11569817398869714, 0.11195421565410703, 0.11133987751117973, 0.11376231007797774, 0.11787220904993456], "ner": [0.01635504059147003, 0.012473152668843435, 0.010666876511518346, 0.009722929252961348, 0.00865473057858126, 0.008551310336347236], "total_loss": [0.13915271273012772, 0.12817132665754058, 0.12262109216562538, 0.12106280676414106, 0.12241704065655899, 0.1264235193862818], "aes_weight_coef": [0.0, 0.0, 0.0, 0.0, 0.0, 0.0], "ged_weight_coef": [1.0, 1.0, 1.0, 1.0, 1.0, 1.0], "ner_weight_coef": [0.10000000149011612, 0.10000000149011612, 0.10000000149011612, 0.10000000149011612, 0.10000000149011612, 0.10000000149011612], "epoch": [1.0, 2.0, 3.0, 4.0, 5.0, 6.0], "step": [264, 529, 794, 1059, 1324, 1589]}, "test": {"rmse_aes": 28.024171114712146, "pearson_aes": NaN, "spearman_aes": NaN, "kappa_aes": 0.0, "f1_score_avg_ged": 0.7921977287909152, "f1_score_macro_ged": 0.6699292096377942, "f1_score_weighted_ged": 0.8099491552918973, "f_0_5_ged": 0.5425340367059417, "f1_score_avg_ner": 0.9603316463874233, "f1_score_macro_ner": 0.810398336256161, "f1_score_weighted_ner": 0.9600001632718889, "aes": 0.0, "ged": 0.1737490069298517, "ner": 0.00935284222387487, "total_loss": 0.18310184915372657, "aes_weight_coef": 0.0, "ged_weight_coef": 1.0, "ner_weight_coef": 0.10000000149011612}, "info": {"tasks": ["aes", "ged", "ner"], "outputs": ["loss", "labels", "preds"], "map_out_to_task": {"aes_loss": "aes", "aes_labels": "aes", "aes_preds": "aes", "ged_loss": "ged", "ged_labels": "ged", "ged_preds": "ged", "ner_loss": "ner", "ner_labels": "ner", "ner_preds": "ner"}, "map_out_to_out": {"aes_loss": "loss", "aes_labels": "labels", "aes_preds": "preds", "ged_loss": "loss", "ged_labels": "labels", "ged_preds": "preds", "ner_loss": "loss", "ner_labels": "labels", "ner_preds": "preds"}, "map_task_index": {"aes": 0, "ged": 1, "ner": 2}, "map_index_task": {"0": "aes", "1": "ged", "2": "ner"}, "optimizer_weighting": "fixed", "epochs_to_avg_over": 2, "temp": 2, "init_task_weightings": {"aes": 0, "ged": 1, "ner": 0.1}, "metrics_to_track_by_task": {"aes": "pearson_aes", "ged": "f_0_5_ged", "ner": "f1_score_avg_ner"}, "regression_tasks": ["aes"], "classification_tasks": ["ner", "ged"], "fce_tasks": ["aes", "ged"], "task_priorities_priority_as_key": {"primary_task": "aes", "secondary_task": "ged", "aux_task": "ner"}, "early_stopping_patience": 2, "early_stopping_metric": "loss", "pretrained_model": "distilroberta-base", "frozen_layers": "all", "scoring": "script", "learning_rate": 0.0005, "batch_size": 8, "weight_decay": 0.01, "adam_epsilon": 1e-08, "normalized_values": null, "model_name": "distilroberta-base_1630623481", "runtime": 229.744526386261, "steps_per_sec": 0.1445843463727256}, "preds": {"aes": {"preds": [-0.1369233876466751, -0.14550231397151947, -0.15783429145812988, -0.15554308891296387, -0.1598024070262909, -0.1531958132982254, -0.14988350868225098, -0.1429072469472885, -0.15580826997756958, -0.15303021669387817, -0.14878709614276886, -0.14074023067951202, -0.14237508177757263, -0.14669525623321533, -0.14843082427978516, -0.14645612239837646, -0.13812123239040375, -0.13799341022968292, -0.14407923817634583, -0.14704333245754242, -0.14884626865386963, -0.15427814424037933, -0.14872834086418152, -0.147788867354393, -0.13769398629665375, -0.14574067294597626, -0.14263953268527985, -0.15277467668056488, -0.141482412815094, -0.14147764444351196, -0.15222761034965515, -0.15507692098617554, -0.15483105182647705, -0.15433986485004425, -0.14495782554149628, -0.13616898655891418, -0.1516021192073822, -0.14429660141468048, -0.14991138875484467, -0.15413503348827362, -0.14770285785198212, -0.14605557918548584, -0.14835186302661896, -0.14100709557533264, -0.1361587792634964, -0.14629675447940826, -0.14592775702476501, -0.14354991912841797, -0.14809496700763702, -0.14803768694400787, -0.15218591690063477, -0.14964789152145386, -0.14307914674282074, -0.1440371423959732, -0.14904968440532684, -0.14320558309555054, -0.14731010794639587, -0.1516810953617096, -0.14067687094211578, -0.14991135895252228, -0.14989574253559113, -0.14809507131576538, -0.1345871537923813, -0.14418596029281616, -0.14771012961864471, -0.1476077139377594, -0.1444953978061676, -0.13939575850963593, -0.15152813494205475, -0.13980820775032043, -0.15319304168224335, -0.1526241898536682, -0.15557102859020233, -0.14598459005355835, -0.1296720802783966, -0.15382912755012512, -0.14853599667549133, -0.14564114809036255, -0.13922785222530365, -0.1373850703239441, -0.1428161859512329, -0.14962442219257355, -0.1490028351545334, -0.13834543526172638, -0.1513139307498932, -0.14813825488090515, -0.14511710405349731, -0.16126514971256256, -0.1515195518732071, -0.14004398882389069, -0.14131848514080048, -0.13499955832958221, -0.1516030877828598, -0.15039891004562378, -0.15365149080753326, -0.13688376545906067], "labels": [30.0, 26.0, 23.0, 26.0, 26.0, 38.0, 27.0, 39.0, 25.0, 24.0, 25.0, 27.0, 30.0, 27.0, 20.0, 21.0, 21.0, 26.0, 22.0, 24.0, 38.0, 30.0, 34.0, 24.0, 23.0, 22.0, 23.0, 39.0, 34.0, 37.0, 31.0, 28.0, 26.0, 29.0, 34.0, 26.0, 34.0, 19.0, 26.0, 31.0, 18.0, 19.0, 25.0, 26.0, 29.0, 29.0, 18.0, 27.0, 35.0, 22.0, 36.0, 14.0, 24.0, 29.0, 28.0, 24.0, 25.0, 37.0, 24.0, 36.0, 13.0, 23.0, 29.0, 31.0, 23.0, 28.0, 26.0, 26.0, 21.0, 38.0, 32.0, 29.0, 36.0, 40.0, 29.0, 34.0, 36.0, 25.0, 37.0, 17.0, 32.0, 25.0, 25.0, 36.0, 31.0, 27.0, 19.0, 28.0, 24.0, 20.0, 25.0, 23.0, 22.0, 23.0, 27.0, 30.0]}}}