{"best": {"aes": {"rmse_aes": 6.362869722940358, "pearson_aes": 0.6408663941321021, "spearman_aes": 0.6446327618921427, "kappa_aes": 0.38605240912933214, "aes": 2.52214238255523, "aes_weight_coef": 0.30000001192092896}, "ged": {"f1_score_avg_ged": 0.8064349798906878, "f1_score_macro_ged": 0.6460069597570065, "f1_score_weighted_ged": 0.8201398449684884, "f_0_5_ged": 0.4558283940163703, "ged": 0.08887626750524653, "ged_weight_coef": 0.699999988079071}, "ner": {"f1_score_avg_ner": 0.9314668431914646, "f1_score_macro_ner": 0.5199653552701373, "f1_score_weighted_ner": 0.9176186197067718, "ner": 0.012175044239780237, "ner_weight_coef": 0.07000000029802322}}, "train": {"loss": [11.6898, 3.1691], "learning_rate": [0.0004528301886792453, 0.0004056603773584906], "epoch": [1.89, 3.77], "step": [500, 1000]}, "eval": {"rmse_aes": [5.799904213768438, 5.7566386797235145, 6.306962642808167, 6.362869722940358], "pearson_aes": [0.39134410759642163, 0.5687583726390499, 0.5990164094472917, 0.6408663941321021], "spearman_aes": [0.39053789574465936, 0.574943094224337, 0.591315804540704, 0.6446327618921427], "kappa_aes": [0.08835033670712511, 0.2584832004270794, 0.32104536536924466, 0.38605240912933214], "f1_score_avg_ged": [0.30280842872366026, 0.5406826853666082, 0.7864631673026021, 0.8064349798906878], "f1_score_macro_ged": [0.296489744319237, 0.4771459758228703, 0.6281680101015639, 0.6460069597570065], "f1_score_weighted_ged": [0.34520801576821203, 0.6103280914693783, 0.8054442419451165, 0.8201398449684884], "f_0_5_ged": [0.39726926611526847, 0.455034037979219, 0.4457710077306619, 0.4558283940163703], "f1_score_avg_ner": [0.8416533624080059, 0.9028854016588139, 0.9014057085004478, 0.9314668431914646], "f1_score_macro_ner": [0.15620491929570923, 0.4124888784269695, 0.4246411147788555, 0.5199653552701373], "f1_score_weighted_ner": [0.8132566518103472, 0.885448173459349, 0.8910832867967284, 0.9176186197067718], "aes": [2.122726190921872, 2.0725709199905396, 2.4672058626662854, 2.52214238255523], "ged": [0.10220553985861845, 0.0967490624549777, 0.09198206108669903, 0.08887626750524653], "ner": [0.02754997934193112, 0.0164662940037805, 0.01609974254875682, 0.012175044239780237], "total_loss": [2.2524817101224217, 2.185786276449298, 2.575287666301741, 2.6231936943002565], "aes_weight_coef": [0.30000001192092896, 0.30000001192092896, 0.30000001192092896, 0.30000001192092896], "ged_weight_coef": [0.699999988079071, 0.699999988079071, 0.699999988079071, 0.699999988079071], "ner_weight_coef": [0.07000000029802322, 0.07000000029802322, 0.07000000029802322, 0.07000000029802322], "epoch": [1.0, 2.0, 3.0, 4.0], "step": [264, 529, 794, 1059]}, "test": {"rmse_aes": 5.716387262365395, "pearson_aes": 0.7369425594835624, "spearman_aes": 0.7607287337623393, "kappa_aes": 0.4813412053024396, "f1_score_avg_ged": 0.7694054776219105, "f1_score_macro_ged": 0.6346877043797298, "f1_score_weighted_ged": 0.7893105369147008, "f_0_5_ged": 0.47842815693200463, "f1_score_avg_ner": 0.9289544524604285, "f1_score_macro_ner": 0.5239950367389744, "f1_score_weighted_ner": 0.9170455545696177, "aes": 2.7737087295168923, "ged": 0.12205113612470173, "ner": 0.011596764947864272, "total_loss": 2.907356630589458, "aes_weight_coef": 0.30000001192092896, "ged_weight_coef": 0.699999988079071, "ner_weight_coef": 0.07000000029802322}, "info": {"tasks": ["aes", "ged", "ner"], "outputs": ["loss", "labels", "preds"], "map_out_to_task": {"aes_loss": "aes", "aes_labels": "aes", "aes_preds": "aes", "ged_loss": "ged", "ged_labels": "ged", "ged_preds": "ged", "ner_loss": "ner", "ner_labels": "ner", "ner_preds": "ner"}, "map_out_to_out": {"aes_loss": "loss", "aes_labels": "labels", "aes_preds": "preds", "ged_loss": "loss", "ged_labels": "labels", "ged_preds": "preds", "ner_loss": "loss", "ner_labels": "labels", "ner_preds": "preds"}, "map_task_index": {"aes": 0, "ged": 1, "ner": 2}, "map_index_task": {"0": "aes", "1": "ged", "2": "ner"}, "optimizer_weighting": "fixed", "epochs_to_avg_over": 2, "temp": 2, "init_task_weightings": {"aes": 0.30000000000000004, "ged": 0.7, "ner": 0.06999999999999999}, "metrics_to_track_by_task": {"aes": "pearson_aes", "ged": "f_0_5_ged", "ner": "f1_score_avg_ner"}, "regression_tasks": ["aes"], "classification_tasks": ["ner", "ged"], "fce_tasks": ["aes", "ged"], "task_priorities_priority_as_key": {"primary_task": "aes", "secondary_task": "ged", "aux_task": "ner"}, "early_stopping_patience": 2, "early_stopping_metric": "loss", "pretrained_model": "distilroberta-base", "frozen_layers": "all", "scoring": "script", "learning_rate": 0.0005, "batch_size": 8, "weight_decay": 0.01, "adam_epsilon": 1e-08, "normalized_values": null, "model_name": "distilroberta-base_1630637946", "runtime": 236.52463912963867, "steps_per_sec": 0.22334715687406861}, "preds": {"aes": {"preds": [33.63848114013672, 29.961814880371094, 30.788694381713867, 34.004547119140625, 34.96768569946289, 32.67863845825195, 33.173038482666016, 32.64653778076172, 28.780092239379883, 32.01488494873047, 30.522377014160156, 32.30868911743164, 33.54851531982422, 33.92133331298828, 31.22535514831543, 23.008485794067383, 27.320640563964844, 33.108158111572266, 32.5328369140625, 27.303953170776367, 35.22263717651367, 34.09284591674805, 32.64313507080078, 28.52794647216797, 28.932174682617188, 32.229793548583984, 26.09349250793457, 35.99858093261719, 34.94929122924805, 33.18898391723633, 32.94049835205078, 33.43036651611328, 35.13431167602539, 29.92118263244629, 34.022586822509766, 28.35357666015625, 34.97679138183594, 26.791364669799805, 34.61652755737305, 32.03407669067383, 25.611509323120117, 26.372283935546875, 30.82500648498535, 35.01062774658203, 32.93357467651367, 32.79649353027344, 23.81523323059082, 30.818029403686523, 34.31482696533203, 28.059429168701172, 35.457035064697266, 31.444894790649414, 33.364585876464844, 29.8110294342041, 31.354251861572266, 32.58819580078125, 26.201171875, 36.12195587158203, 29.876211166381836, 34.46324920654297, 15.2086181640625, 30.81696891784668, 31.185182571411133, 32.72041702270508, 26.31003189086914, 29.40580940246582, 30.22957992553711, 33.654205322265625, 27.372224807739258, 35.15900802612305, 33.503334045410156, 32.137413024902344, 36.118194580078125, 35.985286712646484, 30.917871475219727, 35.591609954833984, 34.2482795715332, 30.552391052246094, 33.683204650878906, 24.519926071166992, 33.53034210205078, 29.94913101196289, 33.87041091918945, 35.217002868652344, 32.67453384399414, 32.987144470214844, 27.802814483642578, 34.56515884399414, 30.95574951171875, 25.954654693603516, 32.21432113647461, 28.9652042388916, 26.998249053955078, 27.808528900146484, 32.73393249511719, 34.405303955078125], "labels": [30.0, 26.0, 23.0, 26.0, 26.0, 38.0, 27.0, 39.0, 25.0, 24.0, 25.0, 27.0, 30.0, 27.0, 20.0, 21.0, 21.0, 26.0, 22.0, 24.0, 38.0, 30.0, 34.0, 24.0, 23.0, 22.0, 23.0, 39.0, 34.0, 37.0, 31.0, 28.0, 26.0, 29.0, 34.0, 26.0, 34.0, 19.0, 26.0, 31.0, 18.0, 19.0, 25.0, 26.0, 29.0, 29.0, 18.0, 27.0, 35.0, 22.0, 36.0, 14.0, 24.0, 29.0, 28.0, 24.0, 25.0, 37.0, 24.0, 36.0, 13.0, 23.0, 29.0, 31.0, 23.0, 28.0, 26.0, 26.0, 21.0, 38.0, 32.0, 29.0, 36.0, 40.0, 29.0, 34.0, 36.0, 25.0, 37.0, 17.0, 32.0, 25.0, 25.0, 36.0, 31.0, 27.0, 19.0, 28.0, 24.0, 20.0, 25.0, 23.0, 22.0, 23.0, 27.0, 30.0]}}}