{"best": {"aes": {"rmse_aes": 6.2059559206369554, "pearson_aes": 0.6088226320368744, "spearman_aes": 0.5908099914058689, "kappa_aes": 0.3615821863108939, "aes": 2.4164637521255847, "aes_weight_coef": 0.30000001192092896}, "ged": {"f1_score_avg_ged": 0.6273761644494861, "f1_score_macro_ged": 0.5451152135846301, "f1_score_weighted_ged": 0.6864636116554607, "f_0_5_ged": 0.5163148466861016, "ged": 0.08523018554199574, "ged_weight_coef": 0.699999988079071}, "ner": {"f1_score_avg_ner": 0.9755850628869592, "f1_score_macro_ner": 0.8757154479190881, "f1_score_weighted_ner": 0.9753643861509231, "ner": 0.004872088932410576, "ner_weight_coef": 0.07000000029802322}}, "train": {"loss": [11.5473], "learning_rate": [0.0004528301886792453], "epoch": [1.89], "step": [500]}, "eval": {"rmse_aes": [5.7638721552635275, 5.810670261586772, 6.2059559206369554], "pearson_aes": [0.3822589735552697, 0.5449470723843353, 0.6088226320368744], "spearman_aes": [0.40151216135153767, 0.5662069533299514, 0.5908099914058689], "kappa_aes": [0.08039142821751522, 0.24731325461058795, 0.3615821863108939], "f1_score_avg_ged": [0.6093293458457942, 0.6273761644494861, 0.6993915644013613], "f1_score_macro_ged": [0.5261562778457926, 0.5451152135846301, 0.5894133252018919], "f1_score_weighted_ged": [0.6712178061093332, 0.6864636116554607, 0.7446874637953509], "f_0_5_ged": [0.4831786138061004, 0.5163148466861016, 0.5128752035988521], "f1_score_avg_ner": [0.9674662201627663, 0.9735602196176162, 0.9755850628869592], "f1_score_macro_ner": [0.8293905554437971, 0.8671597542666908, 0.8757154479190881], "f1_score_weighted_ner": [0.9668621978769365, 0.9733516516614323, 0.9753643861509231], "aes": [2.107557074968205, 2.126842191052991, 2.4164637521255847], "ged": [0.09313991319301516, 0.08523018554199574, 0.08376768023468727], "ner": [0.006300921373199238, 0.005180249456316233, 0.004872088932410576], "total_loss": [2.206997909534419, 2.2172526260513035, 2.5051035212926824], "aes_weight_coef": [0.30000001192092896, 0.30000001192092896, 0.30000001192092896], "ged_weight_coef": [0.699999988079071, 0.699999988079071, 0.699999988079071], "ner_weight_coef": [0.07000000029802322, 0.07000000029802322, 0.07000000029802322], "epoch": [1.0, 2.0, 3.0], "step": [264, 529, 794]}, "test": {"rmse_aes": 5.4198708471697, "pearson_aes": 0.7274280518655092, "spearman_aes": 0.7511999677357112, "kappa_aes": 0.47990278556739574, "f1_score_avg_ged": 0.6238877755511022, "f1_score_macro_ged": 0.5500463938961223, "f1_score_weighted_ged": 0.6770929238394077, "f_0_5_ged": 0.5212099607883078, "f1_score_avg_ner": 0.9658662646710455, "f1_score_macro_ner": 0.830092864702767, "f1_score_weighted_ner": 0.9660204005556957, "aes": 2.488680805478777, "ged": 0.12043026728289467, "ner": 0.006244821235581878, "total_loss": 2.6153558939972537, "aes_weight_coef": 0.30000001192092896, "ged_weight_coef": 0.699999988079071, "ner_weight_coef": 0.07000000029802322}, "info": {"tasks": ["aes", "ged", "ner"], "outputs": ["loss", "labels", "preds"], "map_out_to_task": {"aes_loss": "aes", "aes_labels": "aes", "aes_preds": "aes", "ged_loss": "ged", "ged_labels": "ged", "ged_preds": "ged", "ner_loss": "ner", "ner_labels": "ner", "ner_preds": "ner"}, "map_out_to_out": {"aes_loss": "loss", "aes_labels": "labels", "aes_preds": "preds", "ged_loss": "loss", "ged_labels": "labels", "ged_preds": "preds", "ner_loss": "loss", "ner_labels": "labels", "ner_preds": "preds"}, "map_task_index": {"aes": 0, "ged": 1, "ner": 2}, "map_index_task": {"0": "aes", "1": "ged", "2": "ner"}, "optimizer_weighting": "fixed", "epochs_to_avg_over": 2, "temp": 2, "init_task_weightings": {"aes": 0.30000000000000004, "ged": 0.7, "ner": 0.06999999999999999}, "metrics_to_track_by_task": {"aes": "pearson_aes", "ged": "f_0_5_ged", "ner": "f1_score_avg_ner"}, "regression_tasks": ["aes"], "classification_tasks": ["ner", "ged"], "fce_tasks": ["aes", "ged"], "task_priorities_priority_as_key": {"primary_task": "aes", "secondary_task": "ged", "aux_task": "ner"}, "early_stopping_patience": 2, "early_stopping_metric": "loss", "pretrained_model": "distilroberta-base", "frozen_layers": "all", "scoring": "script", "learning_rate": 0.0005, "batch_size": 8, "weight_decay": 0.01, "adam_epsilon": 1e-08, "normalized_values": null, "model_name": "distilroberta-base_1630636467", "runtime": 117.21260857582092, "steps_per_sec": 0.1476229327151397}, "preds": {"aes": {"preds": [32.78024673461914, 29.7973575592041, 30.388580322265625, 33.14462661743164, 33.973384857177734, 31.58540153503418, 32.47330093383789, 31.835479736328125, 28.606931686401367, 31.560585021972656, 30.212736129760742, 31.686416625976562, 32.746604919433594, 33.183284759521484, 31.068016052246094, 23.018205642700195, 27.060340881347656, 32.228599548339844, 31.83250617980957, 26.983274459838867, 34.37895202636719, 32.95355987548828, 31.916969299316406, 28.329246520996094, 28.66632080078125, 31.638774871826172, 25.986249923706055, 34.799163818359375, 33.993324279785156, 32.31571578979492, 32.01828384399414, 32.67974090576172, 34.20587921142578, 29.285120010375977, 33.28446578979492, 27.95395851135254, 34.315650939941406, 26.78661346435547, 33.90071487426758, 31.36699676513672, 25.580646514892578, 26.162738800048828, 29.90056610107422, 34.070526123046875, 32.2116584777832, 32.0903205871582, 24.068843841552734, 30.129148483276367, 33.47687911987305, 27.867101669311523, 34.447628021240234, 30.789243698120117, 32.438636779785156, 29.299100875854492, 30.911113739013672, 31.699993133544922, 26.30928611755371, 35.100704193115234, 29.144134521484375, 33.53410720825195, 15.748283386230469, 30.562137603759766, 30.726234436035156, 32.13754653930664, 26.29250144958496, 29.241456985473633, 29.591690063476562, 32.859615325927734, 27.297088623046875, 34.026309967041016, 32.56473922729492, 31.639720916748047, 34.82942581176758, 34.90977478027344, 30.150720596313477, 34.55671691894531, 33.56804275512695, 30.30122947692871, 32.87846374511719, 24.642597198486328, 32.90526580810547, 29.654565811157227, 33.09129333496094, 33.991172790527344, 32.08226013183594, 32.26954650878906, 27.81402015686035, 33.46284103393555, 29.89118766784668, 26.26083755493164, 31.638675689697266, 28.75826072692871, 26.77523422241211, 27.537412643432617, 32.0382194519043, 33.34901428222656], "labels": [30.0, 26.0, 23.0, 26.0, 26.0, 38.0, 27.0, 39.0, 25.0, 24.0, 25.0, 27.0, 30.0, 27.0, 20.0, 21.0, 21.0, 26.0, 22.0, 24.0, 38.0, 30.0, 34.0, 24.0, 23.0, 22.0, 23.0, 39.0, 34.0, 37.0, 31.0, 28.0, 26.0, 29.0, 34.0, 26.0, 34.0, 19.0, 26.0, 31.0, 18.0, 19.0, 25.0, 26.0, 29.0, 29.0, 18.0, 27.0, 35.0, 22.0, 36.0, 14.0, 24.0, 29.0, 28.0, 24.0, 25.0, 37.0, 24.0, 36.0, 13.0, 23.0, 29.0, 31.0, 23.0, 28.0, 26.0, 26.0, 21.0, 38.0, 32.0, 29.0, 36.0, 40.0, 29.0, 34.0, 36.0, 25.0, 37.0, 17.0, 32.0, 25.0, 25.0, 36.0, 31.0, 27.0, 19.0, 28.0, 24.0, 20.0, 25.0, 23.0, 22.0, 23.0, 27.0, 30.0]}}}