{"best": {"aes": {"rmse_aes": 2.771381524719315, "pearson_aes": NaN, "spearman_aes": NaN, "kappa_aes": 0.0, "aes": 0.0005854553012393935, "aes_weight_coef": 0.6000000238418579}, "ged": {"f1_score_avg_ged": 0.8032037399883125, "f1_score_macro_ged": 0.6871546249402637, "f1_score_weighted_ged": 0.8263834339805828, "f_0_5_ged": 0.6106209998270196, "ged": 0.04041016101837158, "ged_weight_coef": 0.4000000059604645}, "ner": {"f1_score_avg_ner": 0.9808808068221643, "f1_score_macro_ner": 0.8864663298866255, "f1_score_weighted_ner": 0.9804867568882287, "ner": 0.0022364811170413053, "ner_weight_coef": 0.03999999910593033}}, "train": {"loss": [0.1144, 0.0855], "learning_rate": [6.119496855345911e-05, 5.238993710691823e-05], "epoch": [1.89, 3.77], "step": [500, 1000]}, "eval": {"rmse_aes": [2.771381524719315, 0.2041241452319315, 0.39086797998528583, 1.6287350238076719, 0.3333333333333333], "pearson_aes": [NaN, NaN, NaN, NaN, NaN], "spearman_aes": [NaN, NaN, NaN, NaN, NaN], "kappa_aes": [0.0, 0.0, 0.0, 0.0, 0.0], "f1_score_avg_ged": [0.7768725722732116, 0.8212505585920044, 0.8032037399883125, 0.8233818019318689, 0.8455879825375545], "f1_score_macro_ged": [0.6598732426867846, 0.6969518249536854, 0.6871546249402637, 0.7017655237898797, 0.7161908099011076], "f1_score_weighted_ged": [0.8056389647017115, 0.8387702019033794, 0.8263834339805828, 0.8409267029072973, 0.8562201179870901], "f_0_5_ged": [0.5822119428090833, 0.5920489847372923, 0.6106209998270196, 0.6036379968560521, 0.5844615312043021], "f1_score_avg_ner": [0.9530586815155173, 0.9706787118881663, 0.9765585452279896, 0.9798099762470309, 0.9808808068221643], "f1_score_macro_ner": [0.652658464244955, 0.807676952902448, 0.8565431799625889, 0.8780856079262853, 0.8864663298866255], "f1_score_weighted_ner": [0.9469123303509315, 0.9693261144198655, 0.9761292686117629, 0.9795036590707659, 0.9804867568882287], "aes": [0.0005854553012393935, 5.469023647513728e-06, 1.3653882697961012e-05, 0.0002091371773763798, 8.585370334574606e-06], "ged": [0.0422521781089694, 0.04142895964689033, 0.04041016101837158, 0.043162536135939664, 0.04882977417735166], "ner": [0.00516011887554859, 0.003322176045066742, 0.002664440538907467, 0.0023691008127359457, 0.0022364811170413053], "total_loss": [0.04799775228575738, 0.04475660471560459, 0.04308825543997701, 0.04574077412605199, 0.05107484066472754], "aes_weight_coef": [0.6000000238418579, 0.6000000238418579, 0.6000000238418579, 0.6000000238418579, 0.6000000238418579], "ged_weight_coef": [0.4000000059604645, 0.4000000059604645, 0.4000000059604645, 0.4000000059604645, 0.4000000059604645], "ner_weight_coef": [0.03999999910593033, 0.03999999910593033, 0.03999999910593033, 0.03999999910593033, 0.03999999910593033], "epoch": [1.0, 2.0, 3.0, 4.0, 5.0], "step": [264, 529, 794, 1059, 1324]}, "test": {"rmse_aes": 0.10206207261596575, "pearson_aes": NaN, "spearman_aes": NaN, "kappa_aes": 0.0, "f1_score_avg_ged": 0.831369405477622, "f1_score_macro_ged": 0.7076162902333023, "f1_score_weighted_ged": 0.8401980222502268, "f_0_5_ged": 0.5622029447934325, "f1_score_avg_ner": 0.9744589210724669, "f1_score_macro_ner": 0.8592148686271348, "f1_score_weighted_ner": 0.9745291546127434, "aes": 6.75032597861164e-06, "ged": 0.07625795581511088, "ner": 0.0027057999562072966, "total_loss": 0.07897050609729679, "aes_weight_coef": 0.6000000238418579, "ged_weight_coef": 0.4000000059604645, "ner_weight_coef": 0.03999999910593033}, "info": {"tasks": ["aes", "ged", "ner"], "outputs": ["loss", "labels", "preds"], "map_out_to_task": {"aes_loss": "aes", "aes_labels": "aes", "aes_preds": "aes", "ged_loss": "ged", "ged_labels": "ged", "ged_preds": "ged", "ner_loss": "ner", "ner_labels": "ner", "ner_preds": "ner"}, "map_out_to_out": {"aes_loss": "loss", "aes_labels": "labels", "aes_preds": "preds", "ged_loss": "loss", "ged_labels": "labels", "ged_preds": "preds", "ner_loss": "loss", "ner_labels": "labels", "ner_preds": "preds"}, "map_task_index": {"aes": 0, "ged": 1, "ner": 2}, "map_index_task": {"0": "aes", "1": "ged", "2": "ner"}, "optimizer_weighting": "fixed", "epochs_to_avg_over": 2, "temp": 2, "init_task_weightings": {"aes": 0.6, "ged": 0.4, "ner": 0.04000000000000001}, "metrics_to_track_by_task": {"aes": "pearson_aes", "ged": "f_0_5_ged", "ner": "f1_score_avg_ner"}, "regression_tasks": ["aes"], "classification_tasks": ["ner", "ged"], "fce_tasks": ["aes", "ged"], "task_priorities_priority_as_key": {"primary_task": "aes", "secondary_task": "ged", "aux_task": "ner"}, "early_stopping_patience": 2, "early_stopping_metric": "loss", "pretrained_model": "distilroberta-base", "frozen_layers": "all", "scoring": "script", "learning_rate": 7e-05, "batch_size": 8, "weight_decay": 0.01, "adam_epsilon": 1e-08, "normalized_values": [40, 0], "model_name": "distilroberta-base_1630670187", "runtime": 290.9790391921997, "steps_per_sec": 0.2197726882116312}, "preds": {"aes": {"preds": [0.007479858119040728, 0.009498591534793377, -0.005726569797843695, 0.002737059025093913, -0.007946218363940716, 0.0023910372983664274, -0.005996077787131071, -0.008782885037362576, -0.012269129045307636, 0.0013008421519771218, 0.005901374388486147, 0.0006251676823012531, 0.0019498883048072457, -0.0009426263277418911, -0.003344091819599271, -0.0118601368740201, -0.00658136373385787, 0.007302675861865282, 0.0056840707547962666, -0.005269161891192198, -0.0006599494372494519, 0.011488095857203007, -0.0037032042164355516, -0.007419269066303968, -0.005834795068949461, -0.009417030028998852, -0.002478988142684102, -0.001620182185433805, 0.005775746423751116, 0.006456135306507349, 0.004516795743256807, 0.007582035381346941, 0.0028765059541910887, -0.004065816756337881, 0.0035593665670603514, 0.00335528957657516, 0.0033850192558020353, -0.008425743319094181, -0.0018781194230541587, -0.00519543094560504, -0.0025572117883712053, -0.010534477420151234, 0.0073356484062969685, 0.004471559543162584, -0.0009897308191284537, 0.0010112120071426034, -0.0026592828799039125, -0.006315445061773062, -0.0039793155156075954, -0.006627464201301336, -0.0028280385304242373, 0.0035720549058169127, 0.0069007002748548985, -0.00773165887221694, -0.006956574972718954, 0.001921775401569903, 0.0010390063980594277, -0.002577829407528043, -0.0012987939408048987, 0.008611821569502354, -0.010920573957264423, -0.005076707806438208, 0.001218395889736712, -0.0083400784060359, -0.0012796273222193122, -0.007877682335674763, -0.011733277700841427, 0.0007393087144009769, -0.013307918794453144, -0.004860233049839735, 0.009845093823969364, 0.001502909348346293, -0.0015261335065588355, 0.009295363910496235, -0.0028308064211159945, 0.005398465786129236, 0.010050403885543346, -0.011015300638973713, -0.00024368736194446683, -0.005655703600496054, 0.003699718741700053, -0.007886826060712337, 0.0011772314319387078, 0.0031497112940996885, -0.00259028491564095, -0.007135405670851469, 0.002488166792318225, -0.004580650012940168, 0.005722318310290575, -0.008790942840278149, -0.0014877015491947532, -0.00556324003264308, -0.007984579540789127, -0.005214917939156294, -0.009732556529343128, -0.0010186558356508613],