{"best": {"ged": {"f1_score_avg_ged": 0.24264567521796399, "f1_score_macro_ged": 0.24260168695656692, "f1_score_weighted_ged": 0.24681514692479092, "f_0_5_ged": 0.4204632164818888, "ged": 0.7871595554881625, "ged_weight_coef": 1.0}}, "train": {"loss": [0.7123], "learning_rate": [6.240601503759398e-05], "epoch": [3.76], "step": [500]}, "eval": {"f1_score_avg_ged": [0.24317882456250392, 0.24264567521796399, 0.24195571724267703, 0.24120303581509125], "f1_score_macro_ged": [0.2431179325681424, 0.24260168695656692, 0.24189767607367038, 0.24116789069079825], "f1_score_weighted_ged": [0.2480736041092539, 0.24681514692479092, 0.24673984901201562, 0.2449376506587461], "f_0_5_ged": [0.41940918791418624, 0.4204632164818888, 0.4175463815641706, 0.419096536874215], "ged": [0.787676023112403, 0.7871595554881625, 0.787916468249427, 0.7874983814027574], "total_loss": [0.787676023112403, 0.7871595554881625, 0.787916468249427, 0.7874983814027574], "ged_weight_coef": [1.0, 1.0, 1.0, 1.0], "epoch": [0.99, 1.99, 2.99, 3.99], "step": [132, 265, 398, 531]}, "test": {"f1_score_avg_ged": 0.24391466019673513, "f1_score_macro_ged": 0.2436876119242266, "f1_score_weighted_ged": 0.2345272335994404, "f_0_5_ged": 0.44466190253887317, "ged": 0.7669762223958969, "total_loss": 0.7669762223958969, "ged_weight_coef": 1.0}, "info": {"tasks": ["ged"], "outputs": ["loss", "labels", "preds"], "map_out_to_task": {"ged_loss": "ged", "ged_labels": "ged", "ged_preds": "ged"}, "map_out_to_out": {"ged_loss": "loss", "ged_labels": "labels", "ged_preds": "preds"}, "map_task_index": {"ged": 0}, "map_index_task": {"0": "ged"}, "optimizer_weighting": "fixed", "epochs_to_avg_over": 2, "temp": 2, "init_task_weightings": {"aes": 1.0, "ged": 1.0, "ner": 1.0}, "metrics_to_track_by_task": {"aes": "pearson_aes", "ged": "f_0_5_ged", "ner": "f1_score_avg_ner"}, "regression_tasks": ["aes"], "classification_tasks": ["ner", "ged"], "fce_tasks": ["aes", "ged"], "task_priorities_priority_as_key": {"primary_task": "ged"}, "early_stopping_patience": 2, "early_stopping_metric": "loss", "pretrained_model": "distilroberta-base", "frozen_layers": "all", "scoring": "script", "learning_rate": 0.0001, "batch_size": 8, "weight_decay": 0.01, "adam_epsilon": 1e-08, "normalized_values": null, "model_name": "distilroberta-base_1630615968", "runtime": 52.24647784233093, "steps_per_sec": 0.09839261363904131}, "preds": {}}