{"best": {"ged": {"f1_score_avg_ged": 0.15944301574358652, "f1_score_macro_ged": 0.15053091980774239, "f1_score_weighted_ged": 0.08701654595510683, "f_0_5_ged": 0.43428963738115545, "ged": 0.8170613315370348, "ged_weight_coef": 1.0}}, "train": {}, "eval": {"f1_score_avg_ged": [0.1593175688389889, 0.1575926739007715, 0.15944301574358652], "f1_score_macro_ged": [0.15049217650168906, 0.1485222204260727, 0.15053091980774239], "f1_score_weighted_ged": [0.0872860743346149, 0.08437032888031482, 0.08701654595510683], "f_0_5_ged": [0.43339368587542404, 0.43229643183897526, 0.43428963738115545], "ged": [0.8161584602461921, 0.8178791801134745, 0.8170613315370348], "total_loss": [0.8161584602461921, 0.8178791801134745, 0.8170613315370348], "ged_weight_coef": [1.0, 1.0, 1.0], "epoch": [0.99, 1.99, 2.99], "step": [132, 265, 398]}, "test": {"f1_score_avg_ged": 0.17421345499617605, "f1_score_macro_ged": 0.16266063024573807, "f1_score_weighted_ged": 0.09390653827001746, "f_0_5_ged": 0.46477618463296966, "ged": 0.7825257827838262, "total_loss": 0.7825257827838262, "ged_weight_coef": 1.0}, "info": {"tasks": ["ged"], "outputs": ["loss", "labels", "preds"], "map_out_to_task": {"ged_loss": "ged", "ged_labels": "ged", "ged_preds": "ged"}, "map_out_to_out": {"ged_loss": "loss", "ged_labels": "labels", "ged_preds": "preds"}, "map_task_index": {"ged": 0}, "map_index_task": {"0": "ged"}, "optimizer_weighting": "fixed", "epochs_to_avg_over": 2, "temp": 2, "init_task_weightings": {"aes": 1.0, "ged": 1.0, "ner": 1.0}, "metrics_to_track_by_task": {"aes": "pearson_aes", "ged": "f_0_5_ged", "ner": "f1_score_avg_ner"}, "regression_tasks": ["aes"], "classification_tasks": ["ner", "ged"], "fce_tasks": ["aes", "ged"], "task_priorities_priority_as_key": {"primary_task": "ged"}, "early_stopping_patience": 2, "early_stopping_metric": "loss", "pretrained_model": "distilroberta-base", "frozen_layers": "all", "scoring": "script", "learning_rate": 1e-05, "batch_size": 8, "weight_decay": 0.01, "adam_epsilon": 1e-08, "normalized_values": null, "model_name": "distilroberta-base_1630610292", "runtime": 75.3530764579773, "steps_per_sec": 0.18932933783411382}, "preds": {}}