{"best": {"aes": {"rmse_aes": 201.62558121428938, "pearson_aes": 0.6699949607769177, "spearman_aes": 0.6509420422101391, "kappa_aes": 0.5608534050939752, "aes": 3.191834333331086, "aes_weight_coef": 0.6000000238418579}, "ged": {"f1_score_avg_ged": 0.6430854903578427, "f1_score_macro_ged": 0.557597397726084, "f1_score_weighted_ged": 0.6997009624018188, "f_0_5_ged": 0.5275540029942255, "ged": 0.047587624816007396, "ged_weight_coef": 0.4000000059604645}, "ner": {"f1_score_avg_ner": 0.9826720143296601, "f1_score_macro_ner": 0.9095277346616117, "f1_score_weighted_ner": 0.9824028990725848, "ner": 0.002354302186367297, "ner_weight_coef": 0.03999999910593033}}, "train": {"loss": [22.8414, 6.4026], "learning_rate": [0.0004371069182389937, 0.0003742138364779874], "epoch": [1.89, 3.77], "step": [500, 1000]}, "eval": {"rmse_aes": [227.65422123133243, 205.5934499605147, 200.84892747203472, 205.7340853842379, 201.62558121428938], "pearson_aes": [0.4151516718776164, 0.5863506544537354, 0.6159092610796705, 0.646313417384815, 0.6699949607769177], "spearman_aes": [0.42345555425402237, 0.5781132078756253, 0.5935059487926795, 0.6243873609509336, 0.6509420422101391], "kappa_aes": [0.3339187359250553, 0.49053249539224386, 0.5178430482076513, 0.5366765758430689, 0.5608534050939752], "f1_score_avg_ged": [0.18026193668144788, 0.3044927984600048, 0.38912378398817504, 0.6068199786875667, 0.6430854903578427], "f1_score_macro_ged": [0.17534636787796667, 0.30160700138199775, 0.37550493976929444, 0.5300635272276204, 0.557597397726084], "f1_score_weighted_ged": [0.12882355129043352, 0.33441095244466984, 0.4428922236521492, 0.6688414372968623, 0.6997009624018188], "f_0_5_ged": [0.43457575194949866, 0.4482705532176948, 0.480490340940185, 0.5067904418084924, 0.5275540029942255], "f1_score_avg_ner": [0.9080837973599158, 0.9660644055916826, 0.9773373311008138, 0.9807834585880613, 0.9826720143296601], "f1_score_macro_ner": [0.4123509727630762, 0.8057058912190341, 0.8769802326151839, 0.8988754589545164, 0.9095277346616117], "f1_score_weighted_ner": [0.8960804119234439, 0.9651511395989618, 0.9769176771933394, 0.9804940364165056, 0.9824028990725848], "aes": [4.069052796031153, 3.317051410675049, 3.166891802188962, 3.3232797301092813, 3.191834333331086], "ged": [0.06423752806907476, 0.05682095608045889, 0.054780754239060155, 0.049515392544657685, 0.047587624816007396], "ner": [0.00864389550677219, 0.004058780091771379, 0.0027236732746322833, 0.002535814286729451, 0.002354302186367297], "total_loss": [4.141934219607, 3.377931146847279, 3.2243962297026543, 3.3753309369406685, 3.241776260333461], "aes_weight_coef": [0.6000000238418579, 0.6000000238418579, 0.6000000238418579, 0.6000000238418579, 0.6000000238418579], "ged_weight_coef": [0.4000000059604645, 0.4000000059604645, 0.4000000059604645, 0.4000000059604645, 0.4000000059604645], "ner_weight_coef": [0.03999999910593033, 0.03999999910593033, 0.03999999910593033, 0.03999999910593033, 0.03999999910593033], "epoch": [1.0, 2.0, 3.0, 4.0, 5.0], "step": [264, 529, 794, 1059, 1324]}, "test": {"rmse_aes": 184.79952538719718, "pearson_aes": 0.750550722170568, "spearman_aes": 0.7610699362689654, "kappa_aes": 0.6185936918688768, "f1_score_avg_ged": 0.5865063460253841, "f1_score_macro_ged": 0.5279215462746786, "f1_score_weighted_ged": 0.6438335988761013, "f_0_5_ged": 0.5312598482461032, "f1_score_avg_ner": 0.973317540648218, "f1_score_macro_ner": 0.8582844191219182, "f1_score_weighted_ner": 0.9733509804608471, "aes": 3.660536561693464, "ged": 0.06772498183307193, "ner": 0.0034272536840511576, "total_loss": 3.731688797210587, "aes_weight_coef": 0.6000000238418579, "ged_weight_coef": 0.4000000059604645, "ner_weight_coef": 0.03999999910593033}, "info": {"tasks": ["aes", "ged", "ner"], "outputs": ["loss", "labels", "preds"], "map_out_to_task": {"aes_loss": "aes", "aes_labels": "aes", "aes_preds": "aes", "ged_loss": "ged", "ged_labels": "ged", "ged_preds": "ged", "ner_loss": "ner", "ner_labels": "ner", "ner_preds": "ner"}, "map_out_to_out": {"aes_loss": "loss", "aes_labels": "labels", "aes_preds": "preds", "ged_loss": "loss", "ged_labels": "labels", "ged_preds": "preds", "ner_loss": "loss", "ner_labels": "labels", "ner_preds": "preds"}, "map_task_index": {"aes": 0, "ged": 1, "ner": 2}, "map_index_task": {"0": "aes", "1": "ged", "2": "ner"}, "optimizer_weighting": "fixed", "epochs_to_avg_over": 2, "temp": 2, "init_task_weightings": {"aes": 0.6, "ged": 0.4, "ner": 0.04000000000000001}, "metrics_to_track_by_task": {"aes": "pearson_aes", "ged": "f_0_5_ged", "ner": "f1_score_avg_ner"}, "regression_tasks": ["aes"], "classification_tasks": ["ner", "ged"], "fce_tasks": ["aes", "ged"], "task_priorities_priority_as_key": {"primary_task": "aes", "secondary_task": "ged", "aux_task": "ner"}, "early_stopping_patience": 2, "early_stopping_metric": "loss", "pretrained_model": "distilroberta-base", "frozen_layers": "all", "scoring": "script", "learning_rate": 0.0005, "batch_size": 8, "weight_decay": 0.01, "adam_epsilon": 1e-08, "normalized_values": [40, 0], "model_name": "distilroberta-base_1630666201", "runtime": 291.87294697761536, "steps_per_sec": 0.2204478451492563}, "preds": {"aes": {"preds": [32.122920989990234, 28.258209228515625, 29.22911834716797, 32.256107330322266, 33.5220832824707, 31.237916946411133, 31.452857971191406, 31.274442672729492, 26.894107818603516, 29.8958797454834, 28.870502471923828, 30.517221450805664, 31.791095733642578, 32.192298889160156, 29.172561645507812, 22.059141159057617, 25.606605529785156, 31.524078369140625, 30.784358978271484, 25.323509216308594, 33.270870208740234, 32.75563049316406, 30.860471725463867, 26.22933578491211, 27.01055908203125, 30.744535446166992, 24.99458122253418, 34.32452392578125, 33.21634292602539, 31.36612319946289, 31.136661529541016, 31.39577293395996, 33.62742233276367, 28.158611297607422, 32.38510513305664, 26.505403518676758, 32.94966125488281, 24.986221313476562, 32.41181564331055, 30.71630096435547, 24.172117233276367, 25.00857162475586, 29.077014923095703, 33.34346008300781, 30.828166961669922, 31.073036193847656, 22.147890090942383, 29.393226623535156, 32.252044677734375, 26.406925201416016, 33.78131103515625, 29.168432235717773, 31.76862907409668, 28.318159103393555, 29.467025756835938, 30.97764015197754, 25.183815002441406, 34.0568733215332, 28.357812881469727, 32.879573822021484, 15.046079635620117, 28.901683807373047, 28.91987419128418, 30.28814125061035, 24.76882553100586, 26.952457427978516, 28.573434829711914, 31.895477294921875, 25.725000381469727, 33.24954605102539, 32.19337463378906, 30.16156768798828, 34.35356903076172, 34.37095260620117, 29.70449447631836, 33.85565948486328, 32.85435485839844, 28.42756462097168, 31.684707641601562, 22.686113357543945, 31.653234481811523, 27.826881408691406, 32.08407211303711, 33.238826751708984, 30.435840606689453, 31.1652889251709, 25.80963134765625, 32.93639373779297, 29.285491943359375, 24.33184242248535, 30.330726623535156, 27.10347557067871, 25.128063201904297, 26.426294326782227, 30.49667739868164, 32.6139030456543], "labels": [30.0, 26.0, 23.0, 26.0, 26.0, 38.0, 27.0, 39.0, 25.0, 24.0, 25.0, 27.0, 30.0, 27.0, 20.0, 21.0, 21.0, 26.0, 22.0, 24.0, 38.0, 30.0, 34.0, 24.0, 23.0, 22.0, 23.0, 39.0, 34.0, 37.0, 31.0, 28.0, 26.0, 29.0, 34.0, 26.0, 34.0, 19.0, 26.0, 31.0, 18.0, 19.0, 25.0, 26.0, 29.0, 29.0, 18.0, 27.0, 35.0, 22.0, 36.0, 14.0, 24.0, 29.0, 28.0, 24.0, 25.0, 37.0, 24.0, 36.0, 13.0, 23.0, 29.0, 31.0, 23.0, 28.0, 26.0, 26.0, 21.0, 38.0, 32.0, 29.0, 36.0, 40.0, 29.0, 34.0, 36.0, 25.0, 37.0, 17.0, 32.0, 25.0, 25.0, 36.0, 31.0, 27.0, 19.0, 28.0, 24.0, 20.0, 25.0, 23.0, 22.0, 23.0, 27.0, 30.0]}}}