{"best": {"aes": {"rmse_aes": 6.419371724190253, "pearson_aes": 0.6234927410968178, "spearman_aes": 0.6146530657891656, "kappa_aes": 0.36964681794915544, "aes": 7.603033575900765, "aes_weight_coef": 0.8999999761581421}, "ged": {"f1_score_avg_ged": 0.7919975250077343, "f1_score_macro_ged": 0.6549458182187236, "f1_score_weighted_ged": 0.8138477562144693, "f_0_5_ged": 0.5227030389194952, "ged": 0.011901489610588827, "ged_weight_coef": 0.10000000149011612}, "ner": {"f1_score_avg_ner": 0.9839959503134613, "f1_score_macro_ner": 0.9166789562958978, "f1_score_weighted_ner": 0.9840789806054105, "ner": 0.0005360776199796779, "ner_weight_coef": 0.009999999776482582}}, "train": {"loss": [34.1661, 8.8719], "learning_rate": [0.0004528301886792453, 0.0004056603773584906], "epoch": [1.89, 3.77], "step": [500, 1000]}, "eval": {"rmse_aes": [5.799904213768438, 5.786718509752407, 6.302556800396346, 6.419371724190253], "pearson_aes": [0.39134410759642163, 0.5802049093052318, 0.5872383290109685, 0.6234927410968178], "spearman_aes": [0.39053789574465936, 0.5713681499394594, 0.5785603646587022, 0.6146530657891656], "kappa_aes": [0.08835033670712511, 0.24749432045970854, 0.3138990364576949, 0.36964681794915544], "f1_score_avg_ged": [0.6725447732975834, 0.7549757657007322, 0.7640507373414458, 0.7919975250077343], "f1_score_macro_ged": [0.5533301589012678, 0.6213651220082076, 0.634372064988053, 0.6549458182187236], "f1_score_weighted_ged": [0.7219471698948456, 0.7857168061105162, 0.7934819950438147, 0.8138477562144693], "f_0_5_ged": [0.43931352419323605, 0.4967955519714783, 0.5211123867840286, 0.5227030389194952], "f1_score_avg_ner": [0.9749230948950586, 0.9818153498695533, 0.9825357268019158, 0.9839959503134613], "f1_score_macro_ner": [0.8623884664720329, 0.9038031317988262, 0.9103062881499547, 0.9166789562958978], "f1_score_weighted_ner": [0.9744648734316458, 0.9817055839897127, 0.9825010862823848, 0.9840789806054105], "aes": [6.390464006468307, 6.305320994798527, 7.295310308766919, 7.603033575900765], "ged": [0.013152661018593366, 0.012012365772280582, 0.011661667983199274, 0.011901489610588827], "ner": [0.0007340090530707912, 0.0005403265633165489, 0.000540444849743941, 0.0005360776199796779], "total_loss": [6.404350676539972, 6.317873687134124, 7.307512421599863, 7.615471143131334], "aes_weight_coef": [0.8999999761581421, 0.8999999761581421, 0.8999999761581421, 0.8999999761581421], "ged_weight_coef": [0.10000000149011612, 0.10000000149011612, 0.10000000149011612, 0.10000000149011612], "ner_weight_coef": [0.009999999776482582, 0.009999999776482582, 0.009999999776482582, 0.009999999776482582], "epoch": [1.0, 2.0, 3.0, 4.0], "step": [264, 529, 794, 1059]}, "test": {"rmse_aes": 5.710917906373137, "pearson_aes": 0.7349290840897559, "spearman_aes": 0.7560662097777279, "kappa_aes": 0.4802304121693418, "f1_score_avg_ged": 0.749873079492318, "f1_score_macro_ged": 0.6326033694914164, "f1_score_weighted_ged": 0.7772770540058658, "f_0_5_ged": 0.5196599681595627, "f1_score_avg_ner": 0.97172391515021, "f1_score_macro_ner": 0.8533655967722137, "f1_score_weighted_ner": 0.9721861000792343, "aes": 8.343063808622814, "ged": 0.016953262899603163, "ner": 0.000987681761173354, "total_loss": 8.361004753283591, "aes_weight_coef": 0.8999999761581421, "ged_weight_coef": 0.10000000149011612, "ner_weight_coef": 0.009999999776482582}, "info": {"tasks": ["aes", "ged", "ner"], "outputs": ["loss", "labels", "preds"], "map_out_to_task": {"aes_loss": "aes", "aes_labels": "aes", "aes_preds": "aes", "ged_loss": "ged", "ged_labels": "ged", "ged_preds": "ged", "ner_loss": "ner", "ner_labels": "ner", "ner_preds": "ner"}, "map_out_to_out": {"aes_loss": "loss", "aes_labels": "labels", "aes_preds": "preds", "ged_loss": "loss", "ged_labels": "labels", "ged_preds": "preds", "ner_loss": "loss", "ner_labels": "labels", "ner_preds": "preds"}, "map_task_index": {"aes": 0, "ged": 1, "ner": 2}, "map_index_task": {"0": "aes", "1": "ged", "2": "ner"}, "optimizer_weighting": "fixed", "epochs_to_avg_over": 2, "temp": 2, "init_task_weightings": {"aes": 0.9, "ged": 0.09999999999999998, "ner": 0.009999999999999998}, "metrics_to_track_by_task": {"aes": "pearson_aes", "ged": "f_0_5_ged", "ner": "f1_score_avg_ner"}, "regression_tasks": ["aes"], "classification_tasks": ["ner", "ged"], "fce_tasks": ["aes", "ged"], "task_priorities_priority_as_key": {"primary_task": "aes", "secondary_task": "ged", "aux_task": "ner"}, "early_stopping_patience": 2, "early_stopping_metric": "loss", "pretrained_model": "distilroberta-base", "frozen_layers": "all", "scoring": "script", "learning_rate": 0.0005, "batch_size": 8, "weight_decay": 0.01, "adam_epsilon": 1e-08, "normalized_values": null, "model_name": "distilroberta-base_1630659013", "runtime": 236.66206336021423, "steps_per_sec": 0.2234769247971806}, "preds": {"aes": {"preds": [33.596954345703125, 29.994190216064453, 30.829343795776367, 33.961875915527344, 34.981040954589844, 32.659210205078125, 33.143123626708984, 32.63255310058594, 28.809326171875, 32.03041458129883, 30.571168899536133, 32.304237365722656, 33.507598876953125, 33.881900787353516, 31.214048385620117, 23.059045791625977, 27.359798431396484, 33.07093811035156, 32.544456481933594, 27.344865798950195, 35.1485710144043, 34.05368423461914, 32.64548110961914, 28.585596084594727, 28.950496673583984, 32.20635986328125, 26.101423263549805, 35.975807189941406, 34.89299392700195, 33.1610107421875, 32.905338287353516, 33.421363830566406, 35.13646697998047, 29.966516494750977, 34.004146575927734, 28.347599029541016, 34.941593170166016, 26.818391799926758, 34.564048767089844, 32.00701904296875, 25.641427993774414, 26.438404083251953, 30.854801177978516, 34.99667739868164, 32.88497543334961, 32.76154327392578, 23.903810501098633, 30.894271850585938, 34.25419235229492, 28.049816131591797, 35.40509033203125, 31.473155975341797, 33.35353088378906, 29.77544403076172, 31.37306022644043, 32.55270004272461, 26.259685516357422, 36.04610061645508, 29.859399795532227, 34.46141052246094, 15.235260963439941, 30.819107055664062, 31.185373306274414, 32.676876068115234, 26.343788146972656, 29.421037673950195, 30.292667388916016, 33.626243591308594, 27.41650390625, 35.09431076049805, 33.48185348510742, 32.13814926147461, 36.06452941894531, 35.92316818237305, 30.809131622314453, 35.55470657348633, 34.26343536376953, 30.536602020263672, 33.63739013671875, 24.615585327148438, 33.49082946777344, 29.975650787353516, 33.85340118408203, 35.15232849121094, 32.678184509277344, 32.988224029541016, 27.819053649902344, 34.52581024169922, 30.952186584472656, 26.020896911621094, 32.21700668334961, 28.97425651550293, 27.056114196777344, 27.9126033782959, 32.75043487548828, 34.34670639038086], "labels": [30.0, 26.0, 23.0, 26.0, 26.0, 38.0, 27.0, 39.0, 25.0, 24.0, 25.0, 27.0, 30.0, 27.0, 20.0, 21.0, 21.0, 26.0, 22.0, 24.0, 38.0, 30.0, 34.0, 24.0, 23.0, 22.0, 23.0, 39.0, 34.0, 37.0, 31.0, 28.0, 26.0, 29.0, 34.0, 26.0, 34.0, 19.0, 26.0, 31.0, 18.0, 19.0, 25.0, 26.0, 29.0, 29.0, 18.0, 27.0, 35.0, 22.0, 36.0, 14.0, 24.0, 29.0, 28.0, 24.0, 25.0, 37.0, 24.0, 36.0, 13.0, 23.0, 29.0, 31.0, 23.0, 28.0, 26.0, 26.0, 21.0, 38.0, 32.0, 29.0, 36.0, 40.0, 29.0, 34.0, 36.0, 25.0, 37.0, 17.0, 32.0, 25.0, 25.0, 36.0, 31.0, 27.0, 19.0, 28.0, 24.0, 20.0, 25.0, 23.0, 22.0, 23.0, 27.0, 30.0]}}}