{"best": {"aes": {"rmse_aes": 5.497474167490214, "pearson_aes": 0.5109229709322151, "spearman_aes": 0.4915448073377406, "kappa_aes": 0.18029717077142282, "aes": 3.80721068936725, "aes_weight_coef": 0.6000000238418579}, "ged": {"f1_score_avg_ged": 0.8332473961018871, "f1_score_macro_ged": 0.6977461643166786, "f1_score_weighted_ged": 0.8456232402001459, "f_0_5_ged": 0.557245834113462, "ged": 0.044191231214722924, "ged_weight_coef": 0.4000000059604645}, "ner": {"f1_score_avg_ner": 0.9906156302324676, "f1_score_macro_ner": 0.9471740413458198, "f1_score_weighted_ner": 0.9906010673137481, "ner": 0.0012264948581591746, "ner_weight_coef": 0.03999999910593033}}, "train": {"loss": [103.6201, 9.9131, 8.9657, 8.7036, 8.4446, 8.4112, 7.9857, 7.9248, 7.6178, 7.7299], "learning_rate": [6.339622641509433e-05, 5.679245283018868e-05, 5.0188679245283013e-05, 4.3584905660377356e-05, 3.69811320754717e-05, 3.0377358490566036e-05, 2.3773584905660375e-05, 1.7169811320754714e-05, 1.0566037735849056e-05, 3.9622641509433956e-06], "epoch": [1.89, 3.77, 5.66, 7.55, 9.43, 11.32, 13.21, 15.09, 16.98, 18.87], "step": [500, 1000, 1500, 2000, 2500, 3000, 3500, 4000, 4500, 5000]}, "eval": {"rmse_aes": [16.489474757486295, 6.280481227138924, 5.7506038330287055, 5.784317879692759, 5.742144392317405, 5.740934883216612, 5.749396103553447, 5.6984403324262525, 5.675238614660474, 5.632248416238601, 5.606296063851387, 5.565269285688, 5.570258322356135, 5.57150488348226, 5.586441920698123, 5.576488341440536, 5.557777333511022, 5.546520430764579, 5.497474167490214, 5.49621081594705], "pearson_aes": [0.2022429214610555, 0.15945259287844268, 0.2464539084782921, 0.23938958050492243, 0.29019714725809076, 0.2806447040143582, 0.3065961619512512, 0.37044924691961173, 0.4012297751257851, 0.4220512043723294, 0.4444515537407323, 0.4808968488610508, 0.4712917547122245, 0.4594654037943117, 0.4410552748035876, 0.45029419183653413, 0.46427219960078453, 0.4666724631203406, 0.5109229709322151, 0.5080306591109547], "spearman_aes": [0.2348655089248729, 0.20227079528054237, 0.23575998807666754, 0.25297931419715225, 0.2851491042424278, 0.2844752553801398, 0.32713691619023183, 0.3583065012769657, 0.4017560518811167, 0.42166582603324426, 0.431536741815202, 0.47363540252350017, 0.4614005403032553, 0.4573638064579486, 0.43719757498308226, 0.45614906453650456, 0.461286061057493, 0.4664189701017138, 0.4915448073377406, 0.48792737355959354], "kappa_aes": [0.00788532484722193, 0.03356239418384621, 0.05928987096230076, 0.05832076420311716, 0.06310863791577082, 0.0641274121513441, 0.07510971786833853, 0.08470736312145999, 0.0973406924234822, 0.11603683179867497, 0.12501041059382023, 0.1509410650302705, 0.15141061968707636, 0.1513708750615662, 0.14790865187852986, 0.15426052889324193, 0.16362007898058062, 0.16845703125, 0.18029717077142282, 0.18041866905595827], "f1_score_avg_ged": [0.7420164311986525, 0.637138633941769, 0.8029974906328418, 0.7848475473514145, 0.7842631741775807, 0.8247224227424289, 0.8328005224983672, 0.8212849334845829, 0.8337630194905641, 0.8332473961018871, 0.8332473961018871, 0.8534598329380221, 0.846447354852016, 0.8488879722250868, 0.8533223333677082, 0.8648379223814926, 0.863153552645148, 0.8602660616685572, 0.8494723453989206, 0.8502285930356468], "f1_score_macro_ged": [0.5323819755095183, 0.5233655121262517, 0.621939379298194, 0.639337145261841, 0.6493905461947782, 0.6799926007933986, 0.6895524588605837, 0.6848731015602126, 0.6928290293991219, 0.696631176487557, 0.6977461643166786, 0.7090219242355469, 0.705053128126595, 0.7075169093711791, 0.7103070775670961, 0.7154313078916605, 0.713594924497776, 0.716336841452704, 0.7113910922011015, 0.7109400928728724], "f1_score_weighted_ged": [0.7611631452694487, 0.6935248908944535, 0.8131152323004098, 0.8067315936446781, 0.8082880384649346, 0.8372468343433136, 0.8436450700011315, 0.8363729088337934, 0.8448632251552136, 0.8453890384044619, 0.8456232402001459, 0.8588226963514971, 0.8542745101890651, 0.8561015661368411, 0.8590387455002474, 0.8660995750869904, 0.8648254334183682, 0.8639820221364408, 0.8572609460539015, 0.8575606558103832], "f_0_5_ged": [0.2466766523123011, 0.4057606368996207, 0.3896668276195075, 0.48671972813450187, 0.5232685644107198, 0.5202556631262337, 0.529623831886533, 0.5474149847940283, 0.5381558404693193, 0.5532363977485928, 0.557245834113462, 0.532291359480979, 0.5413043478260869, 0.5420284231459476, 0.5372022350749927, 0.5161159742954006, 0.515640766902119, 0.5347912524850895, 0.5538127413127413, 0.5496900426191399], "f1_score_avg_ner": [0.9363342548966161, 0.9675051594564075, 0.9805108835325728, 0.9839180717261788, 0.9842879950157705, 0.9855340524122892, 0.9870137455706554, 0.9887076048440482, 0.9890775281336397, 0.9898368443596434, 0.9896616175382579, 0.9897784354191815, 0.9899341925937464, 0.9899147229469257, 0.9902067676492349, 0.9904598730579027, 0.9903235855301585, 0.9904404034110821, 0.9906156302324676, 0.9906156302324676], "f1_score_macro_ner": [0.6907100578866725, 0.8476320305137974, 0.903539029126412, 0.9152804201507126, 0.9210343138730457, 0.9248011695973334, 0.9295887204568296, 0.9376852873955648, 0.9382160042525225, 0.945347193365143, 0.9446340026847159, 0.9406538320795322, 0.9436230904391114, 0.9431358822978182, 0.9440908559240443, 0.9471491600103135, 0.94636401643239, 0.9463437907730068, 0.9471740413458198, 0.9469382813190401], "f1_score_weighted_ner": [0.9328393771439998, 0.9670925971779937, 0.9802926302417968, 0.9839107864294447, 0.9843760404330619, 0.9856322454686869, 0.9871666752113967, 0.9887667777399344, 0.9891458993221375, 0.9898369500271674, 0.9896625473767512, 0.9897912787259698, 0.9898775147316372, 0.9899291726225721, 0.9901975397336163, 0.9904346026181785, 0.9903123308040143, 0.9904123968893063, 0.9906010673137481, 0.9906000455816831], "aes": [34.34502180232558, 4.965238216311433, 4.180257497831833, 4.184442930443343, 4.125240026518356, 4.0988345478856285, 4.109763067822124, 4.059305878572686, 4.028438368508982, 3.98883056640625, 3.94954243371653, 3.9343658602514933, 3.918878965599592, 3.878364307935848, 3.8614168943360796, 3.8457472601602243, 3.8378685463306517, 3.8211308301881304, 3.80721068936725, 3.799807814664619], "ged": [0.05871173947356468, 0.05518049764078717, 0.05273108253645342, 0.04882339474766753, 0.04655776502088059, 0.046587248181187826, 0.04615282457928325, 0.0446086373440055, 0.04529363644677539, 0.044268281653869986, 0.044191231214722924, 0.04679686038993126, 0.04554295401240504, 0.04687435890353003, 0.047631776956624766, 0.050361148839773134, 0.05132623051488122, 0.0498345754174299, 0.0474622949611309, 0.048149936074434324], "ner": [0.00634311442804891, 0.0033499938408779197, 0.0021836949041286525, 0.001761087643518654, 0.001691857293968327, 0.0015307478657463393, 0.00138661400164575, 0.0012806946798200654, 0.0012212028445372748, 0.001207104116982136, 0.0012304948960623141, 0.00122967682613688, 0.0012718550380330187, 0.0012527025375125367, 0.0012314291373111826, 0.0012443184952094588, 0.001224467760800698, 0.0012428311390469263, 0.0012264948581591746, 0.0012260706109457737], "total_loss": [34.4100766562272, 5.0237687077930975, 4.235172275272415, 4.235027412834529, 4.173489648833205, 4.146952543932563, 4.157302506403052, 4.105195210596511, 4.074953207800295, 4.034305952177102, 3.9949641598273153, 3.9823923974675615, 3.9656937746500303, 3.9264913693768904, 3.910280100430015, 3.897352727495207, 3.8904192446063335, 3.872208236744607, 3.85589947918654, 3.849183821349999], "aes_weight_coef": [0.6000000238418579, 0.6000000238418579, 0.6000000238418579, 0.6000000238418579, 0.6000000238418579, 0.6000000238418579, 0.6000000238418579, 0.6000000238418579, 0.6000000238418579, 0.6000000238418579, 0.6000000238418579, 0.6000000238418579, 0.6000000238418579, 0.6000000238418579, 0.6000000238418579, 0.6000000238418579, 0.6000000238418579, 0.6000000238418579, 0.6000000238418579, 0.6000000238418579],