{"best": {"aes": {"rmse_aes": 5.565269285688, "pearson_aes": 0.4808968488610508, "spearman_aes": 0.47363540252350017, "kappa_aes": 0.1509410650302705, "aes": 1.9674272537231445, "aes_weight_coef": 0.30000001192092896}, "ged": {"f1_score_avg_ged": 0.7968787597538758, "f1_score_macro_ged": 0.6778282897263614, "f1_score_weighted_ged": 0.8209325558072749, "f_0_5_ged": 0.5935313930391225, "ged": 0.07285351115603779, "ged_weight_coef": 0.699999988079071}, "ner": {"f1_score_avg_ner": 0.9907519177602119, "f1_score_macro_ner": 0.9455348319125623, "f1_score_weighted_ner": 0.9907121192794047, "ner": 0.0020934280344294546, "ner_weight_coef": 0.07000000029802322}}, "train": {"loss": [51.9685, 5.0816, 4.5848, 4.4334, 4.287, 4.2589], "learning_rate": [6.339622641509433e-05, 5.679245283018868e-05, 5.0188679245283013e-05, 4.3584905660377356e-05, 3.69811320754717e-05, 3.0377358490566036e-05], "epoch": [1.89, 3.77, 5.66, 7.55, 9.43, 11.32], "step": [500, 1000, 1500, 2000, 2500, 3000]}, "eval": {"rmse_aes": [16.489474757486295, 6.280481227138924, 5.7506038330287055, 5.784317879692759, 5.742144392317405, 5.740934883216612, 5.749396103553447, 5.6984403324262525, 5.675238614660474, 5.632248416238601, 5.606296063851387, 5.565269285688], "pearson_aes": [0.2022429214610555, 0.15945259287844268, 0.2464539084782921, 0.23938958050492243, 0.29019714725809076, 0.2806447040143582, 0.3065961619512512, 0.37044924691961173, 0.4012297751257851, 0.4220512043723294, 0.4444515537407323, 0.4808968488610508], "spearman_aes": [0.2348655089248729, 0.20227079528054237, 0.23575998807666754, 0.25297931419715225, 0.2851491042424278, 0.2844752553801398, 0.32713691619023183, 0.3583065012769657, 0.4017560518811167, 0.42166582603324426, 0.431536741815202, 0.47363540252350017], "kappa_aes": [0.00788532484722193, 0.03356239418384621, 0.05928987096230076, 0.05832076420311716, 0.06310863791577082, 0.0641274121513441, 0.07510971786833853, 0.08470736312145999, 0.0973406924234822, 0.11603683179867497, 0.12501041059382023, 0.1509410650302705], "f1_score_avg_ged": [0.7325977106321543, 0.7875287889725344, 0.7998006256230449, 0.7968787597538758, 0.8262692929084596, 0.8515348389536282, 0.845622357430133, 0.8618129318345881, 0.869272283524114, 0.8720222749303909, 0.8844316111512152, 0.885394108143412], "f1_score_macro_ged": [0.5882114588393996, 0.6470758249473277, 0.6725945153900574, 0.6778282897263614, 0.7011552715561232, 0.7181138074968172, 0.7133345363476393, 0.7206146592074605, 0.7275329036994076, 0.7285322674440966, 0.7257271834685555, 0.7209843356710307], "f1_score_weighted_ged": [0.7663850658496506, 0.8097615625390792, 0.8217160223234174, 0.8209325558072749, 0.8424477728516986, 0.8598211556369909, 0.8556299625570597, 0.8657455368843063, 0.8711299867674556, 0.8727482054647187, 0.8781778147329731, 0.8774868896742285], "f_0_5_ged": [0.432545731707317, 0.5066696309470876, 0.5651944163107139, 0.5935313930391225, 0.5919887369998638, 0.5711062031880161, 0.5737666034155597, 0.5443678388968801, 0.5420443101711985, 0.535496648385131, 0.48094907283706506, 0.4626978553292636], "f1_score_avg_ner": [0.9798489155406721, 0.9864101865192165, 0.988415560141739, 0.9894474514232312, 0.9897784354191815, 0.9898173747128227, 0.9903819944706203, 0.9902067676492349, 0.9907519177602119, 0.9904209337642615, 0.9907519177602119, 0.9904404034110821], "f1_score_macro_ner": [0.886166746863407, 0.9263468361027394, 0.9373488372264878, 0.9380646264069785, 0.9385442236998259, 0.9408449984830324, 0.9432507579338917, 0.9419760198464672, 0.9455348319125623, 0.9458591618800438, 0.947203480877525, 0.9454480420107778], "f1_score_weighted_ner": [0.9795884758418262, 0.9864081819724755, 0.9884382956798224, 0.9894499096349326, 0.9897647580190582, 0.9898294049449046, 0.9903819197663123, 0.9901801273942703, 0.9907121192794047, 0.990406080937945, 0.9907192748537429, 0.9904244981871534], "aes": [17.17257477516352, 2.4832475019055744, 2.090224410212317, 2.092207071393035, 2.0626556485198266, 2.0494176066199015, 2.054929494857788, 2.0298062590665595, 2.014312267303467, 1.9944066557773323, 1.9748635513837947, 1.9674272537231445], "ged": [0.09219330133393754, 0.08286606572395147, 0.07614639470743578, 0.07285351115603779, 0.07336377265841462, 0.07960080476694328, 0.08184950989346172, 0.09150991744773332, 0.10119681372198948, 0.10762430207673894, 0.1371835234553315, 0.14907835250677065], "ner": [0.003911343987944515, 0.002639029426825081, 0.0023250520191436938, 0.002104268492562263, 0.002066101653495977, 0.0021429153771456437, 0.002076761072858908, 0.0021916598661634854, 0.0020934280344294546, 0.0022252081990848448, 0.0021825631792612406, 0.0022831769171272414], "total_loss": [17.268679420485398, 2.568752597056351, 2.1686958569388968, 2.167164851041635, 2.1380855228317373, 2.13116132676399, 2.1388557658241085, 2.1235078363804565, 2.1176025090598856, 2.104256166053156, 2.1142296380183874, 2.118788783147042], "aes_weight_coef": [0.30000001192092896, 0.30000001192092896, 0.30000001192092896, 0.30000001192092896, 0.30000001192092896, 0.30000001192092896, 0.30000001192092896, 0.30000001192092896, 0.30000001192092896, 0.30000001192092896, 0.30000001192092896, 0.30000001192092896], "ged_weight_coef": [0.699999988079071, 0.699999988079071, 0.699999988079071, 0.699999988079071, 0.699999988079071, 0.699999988079071, 0.699999988079071, 0.699999988079071, 0.699999988079071, 0.699999988079071, 0.699999988079071, 0.699999988079071], "ner_weight_coef": [0.07000000029802322, 0.07000000029802322, 0.07000000029802322, 0.07000000029802322, 0.07000000029802322, 0.07000000029802322, 0.07000000029802322, 0.07000000029802322, 0.07000000029802322, 0.07000000029802322, 0.07000000029802322, 0.07000000029802322], "epoch": [1.0, 2.0, 3.0, 4.0, 5.0, 6.0, 7.0, 8.0, 9.0, 10.0, 11.0, 12.0], "step": [264, 529, 794, 1059, 1324, 1589, 1854, 2119, 2384, 2649, 2914, 3179]}, "test": {"rmse_aes": 5.491470659122199, "pearson_aes": 0.5773249530753745, "spearman_aes": 0.579161614261429, "kappa_aes": 0.1852858469114539, "f1_score_avg_ged": 0.8733466933867735, "f1_score_macro_ged": 0.7144655233438786, "f1_score_weighted_ged": 0.8629204189475936, "f_0_5_ged": 0.4495059959272946, "f1_score_avg_ner": 0.9802088941531173, "f1_score_macro_ner": 0.886514031517331, "f1_score_weighted_ner": 0.9806120986033448, "aes": 2.521347920099894, "ged": 0.22198638461884998, "ner": 0.005717414713996861, "total_loss": 2.749051719432741, "aes_weight_coef": 0.30000001192092896, "ged_weight_coef": 0.699999988079071, "ner_weight_coef": 0.07000000029802322}, "info": {"tasks": ["aes", "ged", "ner"], "outputs": ["loss", "labels", "preds"], "map_out_to_task": {"aes_loss": "aes", "aes_labels": "aes", "aes_preds": "aes", "ged_loss": "ged", "ged_labels": "ged", "ged_preds": "ged", "ner_loss": "ner", "ner_labels": "ner", "ner_preds": "ner"}, "map_out_to_out": {"aes_loss": "loss", "aes_labels": "labels", "aes_preds": "preds", "ged_loss": "loss", "ged_labels": "labels", "ged_preds": "preds", "ner_loss": "loss", "ner_labels": "labels", "ner_preds": "preds"}, "map_task_index": {"aes": 0, "ged": 1, "ner": 2}, "map_index_task": {"0": "aes", "1": "ged", "2": "ner"}, "optimizer_weighting": "fixed", "epochs_to_avg_over": 2, "temp": 2, "init_task_weightings": {"aes": 0.30000000000000004, "ged": 0.7, "ner": 0.06999999999999999}, "metrics_to_track_by_task": {"aes": "pearson_aes", "ged": "f_0_5_ged", "ner": "f1_score_avg_ner"}, "regression_tasks": ["aes"], "classification_tasks": ["ner", "ged"], "fce_tasks": ["aes", "ged"], "task_priorities_priority_as_key": {"primary_task": "aes", "secondary_task": "ged", "aux_task": "ner"}, "early_stopping_patience": 2, "early_stopping_metric": "loss", "pretrained_model": "distilroberta-base", "frozen_layers": "all", "scoring": "script", "learning_rate": 7e-05, "batch_size": 8, "weight_decay": 0.01, "adam_epsilon": 1e-08, "normalized_values": null, "model_name": "distilroberta-base_1630634018", "runtime": 695.4015605449677, "steps_per_sec": 0.21874852486472715},