{"best": {"aes": {"rmse_aes": 5.5113519212621505, "pearson_aes": 0.5002221602685948, "spearman_aes": 0.47454967323086056, "kappa_aes": 0.177635316075631, "aes": 5.6963325101275775, "aes_weight_coef": 0.8999999761581421}, "ged": {"f1_score_avg_ged": 0.8387817538070194, "f1_score_macro_ged": 0.6966981873222196, "f1_score_weighted_ged": 0.8483867199306969, "f_0_5_ged": 0.5362858917395251, "ged": 0.011657081977572552, "ged_weight_coef": 0.10000000149011612}, "ner": {"f1_score_avg_ner": 0.9882403333203535, "f1_score_macro_ner": 0.9322300604188543, "f1_score_weighted_ner": 0.9882004919986843, "ner": 0.00034156495767515585, "ner_weight_coef": 0.009999999776482582}}, "train": {"loss": [154.3819, 15.2097, 13.3504, 12.9789, 12.4093, 12.2929, 11.6047, 11.7678, 11.2949, 11.3347], "learning_rate": [6.339622641509433e-05, 5.679245283018868e-05, 5.0188679245283013e-05, 4.3584905660377356e-05, 3.69811320754717e-05, 3.0377358490566036e-05, 2.3773584905660375e-05, 1.7169811320754714e-05, 1.0566037735849056e-05, 3.9622641509433956e-06], "epoch": [1.89, 3.77, 5.66, 7.55, 9.43, 11.32, 13.21, 15.09, 16.98, 18.87], "step": [500, 1000, 1500, 2000, 2500, 3000, 3500, 4000, 4500, 5000]}, "eval": {"rmse_aes": [16.53447576698121, 6.306962642808167, 5.803495115493384, 5.7566386797235145, 5.744562646538029, 5.678908345800274, 5.689903338370521, 5.710613899670605, 5.678908345800274, 5.632248416238601, 5.57150488348226, 5.5665169640549115, 5.576488341440536, 5.569011482201208, 5.559026693385973, 5.547772325697746, 5.547772325697746, 5.5113519212621505, 5.5113519212621505, 5.5113519212621505], "pearson_aes": [0.17492034546816693, 0.13213398359010115, 0.18704917839304744, 0.2570855000703394, 0.3025612917290786, 0.4059839948839608, 0.3918618782031494, 0.3612741230569227, 0.37506251474077074, 0.4220512043723294, 0.47601514621134156, 0.46842591139177636, 0.4646959490212402, 0.44966445745223077, 0.46742339347758805, 0.4696184852986423, 0.4696184852986423, 0.5002221602685948, 0.5002221602685948, 0.5002221602685948], "spearman_aes": [0.20204737395364117, 0.17507022248242127, 0.20124996923466185, 0.24972619970401108, 0.30418072556415465, 0.40017537975834194, 0.37965004360510385, 0.3717420317845653, 0.36262689946565685, 0.42166582603324426, 0.46372657812854223, 0.46952949915470477, 0.46436188173036497, 0.4532101630707299, 0.4655975133736655, 0.4704200352312923, 0.4704200352312923, 0.47454967323086056, 0.47454967323086056, 0.47454967323086056], "kappa_aes": [0.006670633115178792, 0.029478757468722083, 0.04948004025494812, 0.05799115603284899, 0.07046149976945981, 0.09100844928328222, 0.08689075630252108, 0.0880621320305649, 0.09099307159353354, 0.11603683179867497, 0.1472407819846573, 0.15090145714991354, 0.15419149457187176, 0.1564414672003922, 0.16350614470578662, 0.16834099320779283, 0.16834099320779283, 0.177635316075631, 0.177635316075631, 0.177635316075631], "f1_score_avg_ged": [0.6264136674572892, 0.5479357877006634, 0.7878381630057406, 0.8273349145783919, 0.8342098930940841, 0.8010724966484479, 0.8359286377230071, 0.818981815681826, 0.8186724416486199, 0.8287442851741088, 0.8314255267952287, 0.8363755113265271, 0.8398817503695301, 0.8497817194321268, 0.8469973531332715, 0.8599910625279296, 0.8585473170396343, 0.8509504657797944, 0.839056752947647, 0.8387817538070194], "f1_score_macro_ged": [0.49372511260609775, 0.4727733004344694, 0.6137274412516056, 0.6399767849184064, 0.6575625292199103, 0.6541742025689354, 0.6764476900493457, 0.6734393503081914, 0.6745225560795021, 0.6838274557861296, 0.6872163670144992, 0.6926065124429387, 0.6926384750361683, 0.69902016518989, 0.696423213927385, 0.7030744896376311, 0.7030275598627085, 0.7011870706227197, 0.6960843795617779, 0.6966981873222196], "f1_score_weighted_ged": [0.6831134568263205, 0.6182329682984067, 0.8032247333681203, 0.8297543395825784, 0.8372788599307992, 0.8188691939849797, 0.8424331240827877, 0.8327409406715789, 0.8327970456219987, 0.8402375620212283, 0.8424056602590173, 0.8462178524413523, 0.848086714607128, 0.85467310406634, 0.8526490279209193, 0.8607998343477256, 0.8600617361077165, 0.8557644190497135, 0.8484005095203514, 0.8483867199306969], "f_0_5_ged": [0.3208216116227986, 0.41496416370821887, 0.39744732767115576, 0.38804391619661566, 0.42284940846200114, 0.4962983273923773, 0.4767851895386424, 0.5139816068344147, 0.5185736896005957, 0.5218234264907552, 0.5256294750817961, 0.5294314221606914, 0.5189066499251461, 0.5100478941391399, 0.5099734695882873, 0.49126637554585156, 0.49570490146538654, 0.5136563441497505, 0.5332950356647039, 0.5362858917395251], "f1_score_avg_ner": [0.9330633542307543, 0.9540321638565477, 0.9707371208286282, 0.9751177913632647, 0.9777072543904054, 0.9821658035123243, 0.9843658736030528, 0.9841322378412055, 0.9835481484365873, 0.9848720844203886, 0.986137611463728, 0.9861181418169075, 0.987033215217476, 0.9877341225030178, 0.987773061796659, 0.9875199563879912, 0.987870410030762, 0.9875783653284529, 0.9882403333203535, 0.9880261672053269], "f1_score_macro_ner": [0.6386375818315675, 0.7801348470139136, 0.8578355614155906, 0.8819328251058972, 0.8930393175694942, 0.9072805372334314, 0.9143610881642934, 0.9126170715065164, 0.913493933797969, 0.9184326473247366, 0.9239247984558313, 0.9262701043311989, 0.926814687686804, 0.9303393175160354, 0.930213784611058, 0.9295268390543535, 0.9314070362489891, 0.930472127768, 0.9322300604188543, 0.9312897344801014], "f1_score_weighted_ner": [0.9265235828505807, 0.9536560425940945, 0.9707902375580819, 0.975246966495946, 0.9776946516371736, 0.9820611462769638, 0.9843028558301831, 0.9842063105357903, 0.9837522264432307, 0.9850239684239288, 0.9862029520736992, 0.9861711778838974, 0.9871007620248047, 0.9877266252956768, 0.9877403562422336, 0.9875214712026722, 0.9878291649552701, 0.9875803488483383, 0.9882004919986843, 0.9879969973452202], "aes": [51.69491506177326, 7.5104757575101635, 6.320397598798885, 6.249038785002952, 6.231680160345033, 6.179134923358296, 6.133076601250227, 6.116716185281443, 5.9926044331040496, 5.968322221622911, 5.930092722870583, 5.866123709567757, 5.865021106808684, 5.7769302545591845, 5.7946606680404305, 5.737062554026759, 5.716433680334757, 5.6963325101275775, 5.6847357195477155, 5.668963221616523], "ged": [0.014530428447002587, 0.014016745741977248, 0.01329586724209231, 0.013195264304793158, 0.012856456082920695, 0.011962312858465106, 0.012212664408739223, 0.01173564081275186, 0.01168078894532004, 0.01168645147320836, 0.01164892497797345, 0.011654825491267581, 0.01174017613710359, 0.012036452979542488, 0.011909339750228926, 0.012553123973829801, 0.012468741903471392, 0.012150046957093616, 0.011647280825431957, 0.011657081977572552], "ner": [0.0016623371386315761, 0.001126995277699343, 0.0007645170100109088, 0.000649185563562178, 0.0005840591275468902, 0.0004748452693727517, 0.0004206805266263938, 0.00041012859600054666, 0.0004161897624387991, 0.00038636863136225447, 0.00036483050204223283, 0.00038167466913745197, 0.0003516865802995135, 0.0003439551963860732, 0.00034221292992506913, 0.0003496095757094905, 0.00034759310091071397, 0.0003513592457111795, 0.00034156495767515585, 0.000343324944561721], "total_loss": [51.71110782735889, 7.5256194985298395, 6.334457983050988, 6.262883234871308, 6.2451206755555, 6.191572081486134, 6.145709946185593, 6.128861954690195, 6.0047014118118085, 5.980395041727482, 5.942106478350598, 5.878160209728162, 5.877112969526087, 5.7893106627351125, 5.8069122207205845, 5.749965287576298, 5.729250015339138, 5.7088339163303825, 5.696724565330823, 5.680963628538658], "aes_weight_coef": [0.8999999761581421, 0.8999999761581421, 0.8999999761581421, 0.8999999761581421, 0.8999999761581421, 0.8999999761581421, 0.8999999761581421, 0.8999999761581421, 0.8999999761581421, 0.8999999761581421, 0.8999999761581421, 0.8999999761581421, 0.8999999761581421, 0.8999999761581421, 0.8999999761581421, 0.8999999761581421, 0.8999999761581421, 0.8999999761581421, 0.8999999761581421, 0.8999999761581421],