{"best": {"aes": {"rmse_aes": 8.833910497822824, "pearson_aes": NaN, "spearman_aes": NaN, "kappa_aes": 0.0, "aes": 94.00297673543294, "aes_weight_coef": 1.0}}, "train": {}, "eval": {"rmse_aes": [8.833910497822824, 5.7511693912706665, 5.7080888641481975], "pearson_aes": [NaN, NaN, NaN], "spearman_aes": [NaN, NaN, NaN], "kappa_aes": [0.0, 0.0, 0.0], "aes": [94.00297673543294, 37.568285412258575, 35.94184260898166], "total_loss": [94.00297673543294, 37.568285412258575, 35.94184260898166], "aes_weight_coef": [1.0, 1.0, 1.0], "epoch": [0.99, 1.99, 2.99], "step": [132, 265, 398]}, "test": {"rmse_aes": 5.932611253795398, "pearson_aes": NaN, "spearman_aes": NaN, "kappa_aes": 0.0, "aes": 38.269809563954674, "total_loss": 38.269809563954674, "aes_weight_coef": 1.0}, "info": {"tasks": ["aes"], "outputs": ["loss", "labels", "preds"], "map_out_to_task": {"aes_loss": "aes", "aes_labels": "aes", "aes_preds": "aes"}, "map_out_to_out": {"aes_loss": "loss", "aes_labels": "labels", "aes_preds": "preds"}, "map_task_index": {"aes": 0}, "map_index_task": {"0": "aes"}, "optimizer_weighting": "fixed", "epochs_to_avg_over": 2, "temp": 2, "init_task_weightings": {"aes": 1.0, "ged": 1.0, "ner": 1.0}, "metrics_to_track_by_task": {"aes": "pearson_aes", "ged": "f_0_5_ged", "ner": "f1_score_avg_ner"}, "regression_tasks": ["aes"], "classification_tasks": ["ner", "ged"], "fce_tasks": ["aes", "ged"], "task_priorities_priority_as_key": {"primary_task": "aes"}, "early_stopping_patience": 2, "early_stopping_metric": null, "pretrained_model": "distilroberta-base", "frozen_layers": null, "scoring": "script", "learning_rate": 0.0001, "batch_size": 8, "weight_decay": 0.01, "adam_epsilon": 1e-08, "normalized_values": null, "model_name": "distilroberta-base_1630615684", "runtime": 98.01300239562988, "steps_per_sec": 0.24626382511464795}, "preds": {"aes": {"preds": [27.61168098449707, 27.61149787902832, 27.611276626586914, 27.611494064331055, 27.611103057861328, 27.611738204956055, 27.611732482910156, 27.611717224121094, 27.61170196533203, 27.611600875854492, 27.611644744873047, 27.611736297607422, 27.611677169799805, 27.611732482910156, 27.611642837524414, 27.61146354675293, 27.611703872680664, 27.611499786376953, 27.611520767211914, 27.61161231994629, 27.611629486083984, 27.611614227294922, 27.6116886138916, 27.61168098449707, 27.61172103881836, 27.61173439025879, 27.611570358276367, 27.611114501953125, 27.61151695251465, 27.61168098449707, 27.611631393432617, 27.61161994934082, 27.611486434936523, 27.611495971679688, 27.611671447753906, 27.61104393005371, 27.611658096313477, 27.61168098449707, 27.611658096313477, 27.61174201965332, 27.611534118652344, 27.611520767211914, 27.61146354675293, 27.61158561706543, 27.61163902282715, 27.6117000579834, 27.611494064331055, 27.611492156982422, 27.611618041992188, 27.61146354675293, 27.611705780029297, 27.611778259277344, 27.611547470092773, 27.611717224121094, 27.61163330078125, 27.61168670654297, 27.611652374267578, 27.61166000366211, 27.611650466918945, 27.61168670654297, 27.611726760864258, 27.61162757873535, 27.61094856262207, 27.61141014099121, 27.61153221130371, 27.61157989501953, 27.6114559173584, 27.611522674560547, 27.61171531677246, 27.611534118652344, 27.61167335510254, 27.611568450927734, 27.61170196533203, 27.61176300048828, 27.610774993896484, 27.611772537231445, 27.611665725708008, 27.611696243286133, 27.611618041992188, 27.611543655395508, 27.611629486083984, 27.61162757873535, 27.611726760864258, 27.61163902282715, 27.611576080322266, 27.611539840698242, 27.61162757873535, 27.611513137817383, 27.61163902282715, 27.611616134643555, 27.611543655395508, 27.611299514770508, 27.611743927001953, 27.611339569091797, 27.611331939697266, 27.611827850341797, 27.611658096313477], "labels": [30.0, 26.0, 23.0, 26.0, 26.0, 38.0, 27.0, 39.0, 25.0, 24.0, 25.0, 27.0, 30.0, 27.0, 20.0, 21.0, 21.0, 26.0, 22.0, 24.0, 38.0, 30.0, 34.0, 24.0, 23.0, 22.0, 23.0, 39.0, 34.0, 37.0, 31.0, 28.0, 26.0, 29.0, 34.0, 26.0, 34.0, 19.0, 26.0, 31.0, 18.0, 19.0, 25.0, 26.0, 29.0, 29.0, 18.0, 27.0, 35.0, 22.0, 36.0, 14.0, 24.0, 29.0, 28.0, 24.0, 25.0, 37.0, 24.0, 36.0, 13.0, 23.0, 29.0, 31.0, 23.0, 28.0, 26.0, 26.0, 21.0, 38.0, 32.0, 29.0, 36.0, 40.0, 29.0, 34.0, 36.0, 25.0, 37.0, 17.0, 32.0, 25.0, 25.0, 36.0, 31.0, 27.0, 19.0, 28.0, 24.0, 20.0, 25.0, 23.0, 22.0, 23.0, 27.0, 30.0, 34.0]}}}