{"best": {"ged": {"f1_score_avg_ged": 0.20908862823809823, "f1_score_macro_ged": 0.20810286246587772, "f1_score_weighted_ged": 0.18770758769769658, "f_0_5_ged": 0.4241606061925707, "ged": 0.7707598606745402, "ged_weight_coef": 1.0}}, "train": {"loss": [0.7017], "learning_rate": [0.0003120300751879699], "epoch": [3.76], "step": [500]}, "eval": {"f1_score_avg_ged": [0.20908862823809823, 0.20752054193062786, 0.21614501662171487, 0.7831336636768488, 0.8585272533400239], "f1_score_macro_ged": [0.20810286246587772, 0.20657800247687563, 0.21571572631913416, 0.4973415856587285, 0.4693210342866376], "f1_score_weighted_ged": [0.18770758769769658, 0.18661572010605088, 0.20232140851368055, 0.7740165599942842, 0.8010734770554009], "f_0_5_ged": [0.4241606061925707, 0.4202614379084968, 0.41923727138999267, 0.11176413912708354, 0.009717617468846463], "ged": [0.7707598606745402, 0.7706494662496779, 0.7703367670377096, 0.7710946798324585, 0.7716088626119826], "total_loss": [0.7707598606745402, 0.7706494662496779, 0.7703367670377096, 0.7710946798324585, 0.7716088626119826], "ged_weight_coef": [1.0, 1.0, 1.0, 1.0, 1.0], "epoch": [0.99, 1.99, 2.99, 3.99, 4.99], "step": [132, 265, 398, 531, 664]}, "test": {"f1_score_avg_ged": 0.8436931353674939, "f1_score_macro_ged": 0.4674597803443837, "f1_score_weighted_ged": 0.7803619371465167, "f_0_5_ged": 0.012950571983595942, "ged": 0.7531988571087519, "total_loss": 0.7531988571087519, "ged_weight_coef": 1.0}, "info": {"tasks": ["ged"], "outputs": ["loss", "labels", "preds"], "map_out_to_task": {"ged_loss": "ged", "ged_labels": "ged", "ged_preds": "ged"}, "map_out_to_out": {"ged_loss": "loss", "ged_labels": "labels", "ged_preds": "preds"}, "map_task_index": {"ged": 0}, "map_index_task": {"0": "ged"}, "optimizer_weighting": "fixed", "epochs_to_avg_over": 2, "temp": 2, "init_task_weightings": {"aes": 1.0, "ged": 1.0, "ner": 1.0}, "metrics_to_track_by_task": {"aes": "pearson_aes", "ged": "f_0_5_ged", "ner": "f1_score_avg_ner"}, "regression_tasks": ["aes"], "classification_tasks": ["ner", "ged"], "fce_tasks": ["aes", "ged"], "task_priorities_priority_as_key": {"primary_task": "ged"}, "early_stopping_patience": 2, "early_stopping_metric": "loss", "pretrained_model": "distilroberta-base", "frozen_layers": 3, "scoring": "script", "learning_rate": 0.0005, "batch_size": 8, "weight_decay": 0.01, "adam_epsilon": 1e-08, "normalized_values": null, "model_name": "distilroberta-base_1630611444", "runtime": 328.8352463245392, "steps_per_sec": 0.4952338047056313}, "preds": {}}