{"best": {"aes": {"rmse_aes": 6.883958809354461, "pearson_aes": 0.6390434116282269, "spearman_aes": 0.6310753129879614, "kappa_aes": 0.3448087328670274, "aes": 5.966584760089253, "aes_weight_coef": 0.6000000238418579}, "ged": {"f1_score_avg_ged": 0.7937162696366574, "f1_score_macro_ged": 0.661909033833355, "f1_score_weighted_ged": 0.8161606530510824, "f_0_5_ged": 0.5430373048769733, "ged": 0.04748757426128831, "ged_weight_coef": 0.4000000059604645}, "ner": {"f1_score_avg_ner": 0.986390716872396, "f1_score_macro_ner": 0.928805413178944, "f1_score_weighted_ner": 0.9864048267844753, "ner": 0.0018136824784410555, "ner_weight_coef": 0.03999999910593033}}, "train": {"loss": [23.0782, 6.3102], "learning_rate": [0.0004528301886792453, 0.0004056603773584906], "epoch": [1.89, 3.77], "step": [500, 1000]}, "eval": {"rmse_aes": [5.798706752371601, 5.864204028586394, 5.793914431922898, 6.429100507328637, 6.883958809354461], "pearson_aes": [0.3905805894825428, 0.5485545735961856, 0.6020907876754742, 0.607809093130345, 0.6390434116282269], "spearman_aes": [0.3754623560862642, 0.5394990330941418, 0.5907654012650724, 0.5911736436746057, 0.6310753129879614], "kappa_aes": [0.08657728961395572, 0.2376071745343451, 0.3679539852095316, 0.3496277752157586, 0.3448087328670274], "f1_score_avg_ged": [0.6371730088343474, 0.7597538757691382, 0.7997662507304665, 0.7937162696366574, 0.8271286652229212], "f1_score_macro_ged": [0.5481940984153866, 0.6328291338237919, 0.6614115530411091, 0.661909033833355, 0.6793270208770639], "f1_score_weighted_ged": [0.6947025956094881, 0.7905723073231035, 0.8195641562236575, 0.8161606530510824, 0.8384064919585773], "f_0_5_ged": [0.5035443219246741, 0.5263712191423034, 0.5248134496089185, 0.5430373048769733, 0.511094253745496], "f1_score_avg_ner": [0.9790895993146684, 0.9834897394961255, 0.9851251898290565, 0.9850862505354153, 0.986390716872396], "f1_score_macro_ner": [0.8832604346905303, 0.9133764544803444, 0.9218803182947811, 0.9194469799494068, 0.928805413178944], "f1_score_weighted_ner": [0.9785688791842467, 0.9832774041675902, 0.9851029327539226, 0.9851409949796688, 0.9864048267844753], "aes": [4.253032817397007, 4.292502458705458, 4.222631892492605, 5.063388303268788, 5.966584760089253], "ged": [0.04953912836174632, 0.04678815984448721, 0.046816087392873545, 0.04748757426128831, 0.05079077357469603], "ner": [0.002357010109631648, 0.001950418638866828, 0.0017618162552068054, 0.0018513457171773257, 0.0018136824784410555], "total_loss": [4.304928955868385, 4.341241037188812, 4.271209796140685, 5.112727223247253, 6.01918921614239], "aes_weight_coef": [0.6000000238418579, 0.6000000238418579, 0.6000000238418579, 0.6000000238418579, 0.6000000238418579], "ged_weight_coef": [0.4000000059604645, 0.4000000059604645, 0.4000000059604645, 0.4000000059604645, 0.4000000059604645], "ner_weight_coef": [0.03999999910593033, 0.03999999910593033, 0.03999999910593033, 0.03999999910593033, 0.03999999910593033], "epoch": [1.0, 2.0, 3.0, 4.0, 5.0], "step": [264, 529, 794, 1059, 1324]}, "test": {"rmse_aes": 6.299801584177076, "pearson_aes": 0.7400068442003284, "spearman_aes": 0.7570357199598508, "kappa_aes": 0.44261002414863726, "f1_score_avg_ged": 0.7963927855711422, "f1_score_macro_ged": 0.6630895563280791, "f1_score_weighted_ged": 0.8107984359340986, "f_0_5_ged": 0.5068945426296368, "f1_score_avg_ner": 0.9732098632497039, "f1_score_macro_ner": 0.8594935773377812, "f1_score_weighted_ner": 0.9738367332199142, "aes": 6.707454386211577, "ged": 0.07402198832659494, "ner": 0.003640699167070644, "total_loss": 6.785117073705242, "aes_weight_coef": 0.6000000238418579, "ged_weight_coef": 0.4000000059604645, "ner_weight_coef": 0.03999999910593033}, "info": {"tasks": ["aes", "ged", "ner"], "outputs": ["loss", "labels", "preds"], "map_out_to_task": {"aes_loss": "aes", "aes_labels": "aes", "aes_preds": "aes", "ged_loss": "ged", "ged_labels": "ged", "ged_preds": "ged", "ner_loss": "ner", "ner_labels": "ner", "ner_preds": "ner"}, "map_out_to_out": {"aes_loss": "loss", "aes_labels": "labels", "aes_preds": "preds", "ged_loss": "loss", "ged_labels": "labels", "ged_preds": "preds", "ner_loss": "loss", "ner_labels": "labels", "ner_preds": "preds"}, "map_task_index": {"aes": 0, "ged": 1, "ner": 2}, "map_index_task": {"0": "aes", "1": "ged", "2": "ner"}, "optimizer_weighting": "fixed", "epochs_to_avg_over": 2, "temp": 2, "init_task_weightings": {"aes": 0.6000000000000001, "ged": 0.3999999999999999, "ner": 0.039999999999999994}, "metrics_to_track_by_task": {"aes": "pearson_aes", "ged": "f_0_5_ged", "ner": "f1_score_avg_ner"}, "regression_tasks": ["aes"], "classification_tasks": ["ner", "ged"], "fce_tasks": ["aes", "ged"], "task_priorities_priority_as_key": {"primary_task": "aes", "secondary_task": "ged", "aux_task": "ner"}, "early_stopping_patience": 2, "early_stopping_metric": "loss", "pretrained_model": "distilroberta-base", "frozen_layers": "all", "scoring": "script", "learning_rate": 0.0005, "batch_size": 8, "weight_decay": 0.01, "adam_epsilon": 1e-08, "normalized_values": null, "model_name": "distilroberta-base_1630647584", "runtime": 247.36092066764832, "steps_per_sec": 0.18682848993024798}, "preds": {"aes": {"preds": [34.821407318115234, 30.613027572631836, 31.797380447387695, 34.5020866394043, 35.84354019165039, 33.68157958984375, 33.782161712646484, 33.54482650756836, 29.233108520507812, 32.439247131347656, 31.07160186767578, 33.353904724121094, 34.320743560791016, 34.846370697021484, 32.33163070678711, 24.02676773071289, 27.92979621887207, 33.918758392333984, 33.74062728881836, 27.91351318359375, 35.938133239746094, 34.7817497253418, 33.42694854736328, 28.94123077392578, 29.89722442626953, 33.199649810791016, 26.721923828125, 36.91615676879883, 35.967960357666016, 34.16040802001953, 33.575740814208984, 34.577392578125, 35.89214324951172, 30.480173110961914, 34.704917907714844, 29.051998138427734, 36.07368469238281, 27.41504669189453, 35.40382766723633, 32.60676193237305, 25.900087356567383, 27.02472686767578, 31.731830596923828, 35.84218215942383, 33.57394790649414, 33.554710388183594, 24.332483291625977, 31.69745445251465, 35.32194900512695, 28.497901916503906, 36.278316497802734, 32.12105178833008, 34.25968933105469, 30.60859489440918, 32.25594711303711, 33.51362991333008, 26.973840713500977, 36.89535140991211, 30.653554916381836, 35.22633361816406, 15.897186279296875, 31.58648681640625, 31.543052673339844, 33.769412994384766, 26.84929847717285, 30.195581436157227, 30.878847122192383, 34.88531494140625, 28.027332305908203, 35.95499801635742, 33.99789810180664, 33.14114761352539, 37.01225662231445, 37.18045425415039, 32.14617919921875, 36.64686965942383, 35.016380310058594, 31.482025146484375, 34.52690505981445, 24.904056549072266, 34.20886993408203, 30.749439239501953, 34.5426025390625, 36.19453430175781, 33.50735855102539, 33.90010070800781, 28.62752342224121, 35.2642707824707, 31.638181686401367, 26.888389587402344, 33.07556915283203, 30.015701293945312, 27.636089324951172, 28.30055809020996, 33.50615692138672, 35.253379821777344], "labels": [30.0, 26.0, 23.0, 26.0, 26.0, 38.0, 27.0, 39.0, 25.0, 24.0, 25.0, 27.0, 30.0, 27.0, 20.0, 21.0, 21.0, 26.0, 22.0, 24.0, 38.0, 30.0, 34.0, 24.0, 23.0, 22.0, 23.0, 39.0, 34.0, 37.0, 31.0, 28.0, 26.0, 29.0, 34.0, 26.0, 34.0, 19.0, 26.0, 31.0, 18.0, 19.0, 25.0, 26.0, 29.0, 29.0, 18.0, 27.0, 35.0, 22.0, 36.0, 14.0, 24.0, 29.0, 28.0, 24.0, 25.0, 37.0, 24.0, 36.0, 13.0, 23.0, 29.0, 31.0, 23.0, 28.0, 26.0, 26.0, 21.0, 38.0, 32.0, 29.0, 36.0, 40.0, 29.0, 34.0, 36.0, 25.0, 37.0, 17.0, 32.0, 25.0, 25.0, 36.0, 31.0, 27.0, 19.0, 28.0, 24.0, 20.0, 25.0, 23.0, 22.0, 23.0, 27.0, 30.0]}}}