{"best": {"aes": {"rmse_aes": 6.362869722940358, "pearson_aes": 0.6408663941321021, "spearman_aes": 0.6446327618921427, "kappa_aes": 0.38605240912933214, "aes": 7.569561315137286, "aes_weight_coef": 0.8999999761581421}, "ged": {"f1_score_avg_ged": 0.4676704135299577, "f1_score_macro_ged": 0.4058904726772765, "f1_score_weighted_ged": 0.5458815400160937, "f_0_5_ged": 0.335653666444169, "ged": 0.01456432408371637, "ged_weight_coef": 0.10000000149011612}, "ner": {"f1_score_avg_ner": 0.8325026284023208, "f1_score_macro_ner": 0.10095515347265754, "f1_score_weighted_ner": 0.7564088755507238, "ner": 0.0063515390096188975, "ner_weight_coef": 0.009999999776482582}}, "train": {"loss": [34.3066, 8.855], "learning_rate": [0.0004528301886792453, 0.0004056603773584906], "epoch": [1.89, 3.77], "step": [500, 1000]}, "eval": {"rmse_aes": [5.799904213768438, 5.7566386797235145, 6.306962642808167, 6.362869722940358], "pearson_aes": [0.39134410759642163, 0.5687583726390499, 0.5990164094472917, 0.6408663941321021], "spearman_aes": [0.39053789574465936, 0.574943094224337, 0.591315804540704, 0.6446327618921427], "kappa_aes": [0.08835033670712511, 0.2584832004270794, 0.32104536536924466, 0.38605240912933214], "f1_score_avg_ged": [0.766010106218418, 0.7533257708569661, 0.4676704135299577, 0.5116702760303874], "f1_score_macro_ged": [0.5014357815659681, 0.5027493144245159, 0.4058904726772765, 0.4311142592447228], "f1_score_weighted_ged": [0.7668216073085655, 0.7606788933497299, 0.5458815400160937, 0.5875387818365628], "f_0_5_ged": [0.13893129770992366, 0.15650537368134318, 0.335653666444169, 0.329319284161231], "f1_score_avg_ner": [0.8325026284023208, 0.8325026284023208, 0.8325026284023208, 0.8325026284023208], "f1_score_macro_ner": [0.10095515347265754, 0.10095515347265754, 0.10095515347265754, 0.10095515347265754], "f1_score_weighted_ner": [0.7564088755507238, 0.7564088755507238, 0.7564088755507238, 0.7564088755507238], "aes": [6.368307113647461, 6.217652997305227, 7.401365524114564, 7.569561315137286], "ged": [0.014725089246450468, 0.01466213877117911, 0.01456432408371637, 0.014544519054335217], "ner": [0.0063515390096188975, 0.0063303270117314745, 0.00614771002167186, 0.0054740816961194195], "total_loss": [6.38938374190353, 6.238645463088138, 7.422077558219953, 7.589579915887741], "aes_weight_coef": [0.8999999761581421, 0.8999999761581421, 0.8999999761581421, 0.8999999761581421], "ged_weight_coef": [0.10000000149011612, 0.10000000149011612, 0.10000000149011612, 0.10000000149011612], "ner_weight_coef": [0.009999999776482582, 0.009999999776482582, 0.009999999776482582, 0.009999999776482582], "epoch": [1.0, 2.0, 3.0, 4.0], "step": [264, 529, 794, 1059]}, "test": {"rmse_aes": 5.716387262365395, "pearson_aes": 0.7369425594835624, "spearman_aes": 0.7607287337623393, "kappa_aes": 0.4813412053024396, "f1_score_avg_ged": 0.5041816967267869, "f1_score_macro_ged": 0.4331635707153839, "f1_score_weighted_ged": 0.5730071441287943, "f_0_5_ged": 0.34124016703894333, "f1_score_avg_ner": 0.8253041886508022, "f1_score_macro_ner": 0.10047691335593363, "f1_score_weighted_ner": 0.7463161570982018, "aes": 8.323595841725668, "ged": 0.019879360993703205, "ner": 0.005161702300288847, "total_loss": 8.34863690501966, "aes_weight_coef": 0.8999999761581421, "ged_weight_coef": 0.10000000149011612, "ner_weight_coef": 0.009999999776482582}, "info": {"tasks": ["aes", "ged", "ner"], "outputs": ["loss", "labels", "preds"], "map_out_to_task": {"aes_loss": "aes", "aes_labels": "aes", "aes_preds": "aes", "ged_loss": "ged", "ged_labels": "ged", "ged_preds": "ged", "ner_loss": "ner", "ner_labels": "ner", "ner_preds": "ner"}, "map_out_to_out": {"aes_loss": "loss", "aes_labels": "labels", "aes_preds": "preds", "ged_loss": "loss", "ged_labels": "labels", "ged_preds": "preds", "ner_loss": "loss", "ner_labels": "labels", "ner_preds": "preds"}, "map_task_index": {"aes": 0, "ged": 1, "ner": 2}, "map_index_task": {"0": "aes", "1": "ged", "2": "ner"}, "optimizer_weighting": "fixed", "epochs_to_avg_over": 2, "temp": 2, "init_task_weightings": {"aes": 0.9, "ged": 0.09999999999999998, "ner": 0.009999999999999998}, "metrics_to_track_by_task": {"aes": "pearson_aes", "ged": "f_0_5_ged", "ner": "f1_score_avg_ner"}, "regression_tasks": ["aes"], "classification_tasks": ["ner", "ged"], "fce_tasks": ["aes", "ged"], "task_priorities_priority_as_key": {"primary_task": "aes", "secondary_task": "ged", "aux_task": "ner"}, "early_stopping_patience": 2, "early_stopping_metric": "loss", "pretrained_model": "distilroberta-base", "frozen_layers": "all", "scoring": "script", "learning_rate": 0.0005, "batch_size": 8, "weight_decay": 0.01, "adam_epsilon": 1e-08, "normalized_values": null, "model_name": "distilroberta-base_1630659497", "runtime": 235.82733726501465, "steps_per_sec": 0.22268870374411204}, "preds": {"aes": {"preds": [33.64069747924805, 29.962419509887695, 30.7894229888916, 34.00678253173828, 34.970577239990234, 32.6807975769043, 33.17488098144531, 32.6485710144043, 28.780851364135742, 32.01669692993164, 30.523109436035156, 32.309600830078125, 33.55033874511719, 33.92325210571289, 31.226287841796875, 23.00860595703125, 27.320552825927734, 33.11006546020508, 32.534542083740234, 27.304292678833008, 35.22517776489258, 34.095123291015625, 32.64530563354492, 28.52787208557129, 28.93307113647461, 32.231201171875, 26.093984603881836, 36.00206756591797, 34.951263427734375, 33.19087219238281, 32.94287109375, 33.43290328979492, 35.13759231567383, 29.923114776611328, 34.024803161621094, 28.35334014892578, 34.97917175292969, 26.791427612304688, 34.61907196044922, 32.03569030761719, 25.611515045166016, 26.372814178466797, 30.826387405395508, 35.013038635253906, 32.93558883666992, 32.79835510253906, 23.81452178955078, 30.81953239440918, 34.316959381103516, 28.059961318969727, 35.459659576416016, 31.446516036987305, 33.36651611328125, 29.811399459838867, 31.356096267700195, 32.5898551940918, 26.20102882385254, 36.12497329711914, 29.877641677856445, 34.46550369262695, 15.206974029541016, 30.817853927612305, 31.186105728149414, 32.7220344543457, 26.310787200927734, 29.406200408935547, 30.230945587158203, 33.65607833862305, 27.372804641723633, 35.161399841308594, 33.505558013916016, 32.13911437988281, 36.12161636352539, 35.988372802734375, 30.91901397705078, 35.59434509277344, 34.2507209777832, 30.553281784057617, 33.68549346923828, 24.518539428710938, 33.53214645385742, 29.949771881103516, 33.8730354309082, 35.219810485839844, 32.67610168457031, 32.989200592041016, 27.80270004272461, 34.56791687011719, 30.957612991333008, 25.953750610351562, 32.215736389160156, 28.966218948364258, 26.999053955078125, 27.809139251708984, 32.735633850097656, 34.40784454345703], "labels": [30.0, 26.0, 23.0, 26.0, 26.0, 38.0, 27.0, 39.0, 25.0, 24.0, 25.0, 27.0, 30.0, 27.0, 20.0, 21.0, 21.0, 26.0, 22.0, 24.0, 38.0, 30.0, 34.0, 24.0, 23.0, 22.0, 23.0, 39.0, 34.0, 37.0, 31.0, 28.0, 26.0, 29.0, 34.0, 26.0, 34.0, 19.0, 26.0, 31.0, 18.0, 19.0, 25.0, 26.0, 29.0, 29.0, 18.0, 27.0, 35.0, 22.0, 36.0, 14.0, 24.0, 29.0, 28.0, 24.0, 25.0, 37.0, 24.0, 36.0, 13.0, 23.0, 29.0, 31.0, 23.0, 28.0, 26.0, 26.0, 21.0, 38.0, 32.0, 29.0, 36.0, 40.0, 29.0, 34.0, 36.0, 25.0, 37.0, 17.0, 32.0, 25.0, 25.0, 36.0, 31.0, 27.0, 19.0, 28.0, 24.0, 20.0, 25.0, 23.0, 22.0, 23.0, 27.0, 30.0]}}}