{"best": {"aes": {"rmse_aes": 5.5113519212621505, "pearson_aes": 0.5002221602685948, "spearman_aes": 0.47454967323086056, "kappa_aes": 0.177635316075631, "aes": 3.7976003802099894, "aes_weight_coef": 0.6000000238418579}, "ged": {"f1_score_avg_ged": 0.8400192499398439, "f1_score_macro_ged": 0.7003509617929837, "f1_score_weighted_ged": 0.8498363251250319, "f_0_5_ged": 0.5452552309232161, "ged": 0.04664724337500195, "ged_weight_coef": 0.4000000059604645}, "ner": {"f1_score_avg_ner": 0.9881624547330712, "f1_score_macro_ner": 0.93166848537324, "f1_score_weighted_ner": 0.9881101680202963, "ner": 0.001355659742203411, "ner_weight_coef": 0.03999999910593033}}, "train": {"loss": [103.0424, 10.2489, 8.9992, 8.7465, 8.3625, 8.282, 7.821, 7.9278, 7.6112, 7.6362], "learning_rate": [6.339622641509433e-05, 5.679245283018868e-05, 5.0188679245283013e-05, 4.3584905660377356e-05, 3.69811320754717e-05, 3.0377358490566036e-05, 2.3773584905660375e-05, 1.7169811320754714e-05, 1.0566037735849056e-05, 3.9622641509433956e-06], "epoch": [1.89, 3.77, 5.66, 7.55, 9.43, 11.32, 13.21, 15.09, 16.98, 18.87], "step": [500, 1000, 1500, 2000, 2500, 3000, 3500, 4000, 4500, 5000]}, "eval": {"rmse_aes": [16.53447576698121, 6.306962642808167, 5.803495115493384, 5.7566386797235145, 5.744562646538029, 5.678908345800274, 5.689903338370521, 5.710613899670605, 5.678908345800274, 5.632248416238601, 5.57150488348226, 5.5665169640549115, 5.576488341440536, 5.569011482201208, 5.559026693385973, 5.547772325697746, 5.547772325697746, 5.5113519212621505, 5.5113519212621505, 5.5113519212621505], "pearson_aes": [0.17492034546816693, 0.13213398359010115, 0.18704917839304744, 0.2570855000703394, 0.3025612917290786, 0.4059839948839608, 0.3918618782031494, 0.3612741230569227, 0.37506251474077074, 0.4220512043723294, 0.47601514621134156, 0.46842591139177636, 0.4646959490212402, 0.44966445745223077, 0.46742339347758805, 0.4696184852986423, 0.4696184852986423, 0.5002221602685948, 0.5002221602685948, 0.5002221602685948], "spearman_aes": [0.20204737395364117, 0.17507022248242127, 0.20124996923466185, 0.24972619970401108, 0.30418072556415465, 0.40017537975834194, 0.37965004360510385, 0.3717420317845653, 0.36262689946565685, 0.42166582603324426, 0.46372657812854223, 0.46952949915470477, 0.46436188173036497, 0.4532101630707299, 0.4655975133736655, 0.4704200352312923, 0.4704200352312923, 0.47454967323086056, 0.47454967323086056, 0.47454967323086056], "kappa_aes": [0.006670633115178792, 0.029478757468722083, 0.04948004025494812, 0.05799115603284899, 0.07046149976945981, 0.09100844928328222, 0.08689075630252108, 0.0880621320305649, 0.09099307159353354, 0.11603683179867497, 0.1472407819846573, 0.15090145714991354, 0.15419149457187176, 0.1564414672003922, 0.16350614470578662, 0.16834099320779283, 0.16834099320779283, 0.177635316075631, 0.177635316075631, 0.177635316075631], "f1_score_avg_ged": [0.7162008868722285, 0.5704169674469767, 0.7908975284452237, 0.8337973943831426, 0.8374067581038809, 0.8007631226152419, 0.8357911381526932, 0.823759925750232, 0.8245505482795367, 0.833384895672201, 0.8331098965315733, 0.8358598879378502, 0.8414973703207177, 0.8509848406723729, 0.8485442232993022, 0.8629816781822557, 0.8603348114537142, 0.8542160805747482, 0.8417723694613455, 0.8400192499398439], "f1_score_macro_ged": [0.5293086718491676, 0.4902598619389573, 0.6198403388119427, 0.6483435524475378, 0.6670461667115927, 0.6594645077022854, 0.6836000352947628, 0.6810812019556839, 0.6831180039255683, 0.6911460892678478, 0.6915956572568059, 0.6955759815592795, 0.6974779676740404, 0.7030784565677788, 0.7015247373328093, 0.7084582335268217, 0.7094454055503877, 0.7071908381190204, 0.7017167896177048, 0.7003509617929837], "f1_score_weighted_ged": [0.7460326811637279, 0.6379626698259171, 0.8061764400743519, 0.8349473732382768, 0.8410744761558653, 0.8197497234130873, 0.8439453105451111, 0.8369513649580844, 0.83780962189996, 0.844300293894397, 0.8442480567424311, 0.8465793742010292, 0.8499999107818733, 0.8562075237269138, 0.854592926253304, 0.863550771561694, 0.8624436931523249, 0.858802149794649, 0.8510677207271795, 0.8498363251250319], "f_0_5_ged": [0.27808626893518723, 0.43148160786187123, 0.40955551387846967, 0.3968857780482857, 0.443268606798782, 0.5153146631678958, 0.5005806638923836, 0.5267957351290684, 0.531601812491241, 0.5334123222748816, 0.5358156699470098, 0.5413861761638381, 0.5305729417428984, 0.5199409158050221, 0.5223990208078336, 0.49916086049941505, 0.5111178186940335, 0.5235317381846945, 0.5445284101779224, 0.5452552309232161], "f1_score_avg_ner": [0.9341341848058876, 0.955550796308555, 0.9711459834118609, 0.9753708967719326, 0.9791480082551303, 0.9824578482146333, 0.9839570110198201, 0.9832366340874577, 0.9844242825435147, 0.9848720844203886, 0.9861960204041899, 0.9862933686382929, 0.9870137455706554, 0.9878509403839414, 0.9878314707371209, 0.9874810170943499, 0.9877535921498384, 0.9878314707371209, 0.9881624547330712, 0.9880261672053269], "f1_score_macro_ner": [0.6533641411816428, 0.7881201937063984, 0.8604651323894293, 0.8840471747001961, 0.8977397787899457, 0.9075007408599612, 0.9139453367746369, 0.9100920735642506, 0.9163041252007732, 0.9187299024510536, 0.92400333642706, 0.9269521847542794, 0.9260909693763743, 0.9307360370288423, 0.9312022223900382, 0.9289182419525859, 0.9313903015123155, 0.9318336495567888, 0.93166848537324, 0.9314664533290657], "f1_score_weighted_ner": [0.9281145975562797, 0.9551567802015828, 0.9711950111241188, 0.9755078786562318, 0.979046917389857, 0.9823548667802902, 0.9839104658796965, 0.9833540515407153, 0.9845996101344784, 0.985016307096691, 0.9862641620037185, 0.9863299923063221, 0.9870656857478982, 0.9878444846793308, 0.9877940009883015, 0.9874887881682277, 0.9877103852930259, 0.9878222927775262, 0.9881101680202963, 0.9879985704733896], "aes": [34.46325346480968, 5.007028047428575, 4.213565116704896, 4.166087716124778, 4.154486456582712, 4.119446399600007, 4.0887278179789694, 4.077834262404331, 3.9950873130975766, 3.9789285327112953, 3.953426261280858, 3.91078407819881, 3.9100485624269, 3.851319523744805, 3.8631238715593206, 3.8247371274371478, 3.8109933165616767, 3.7976003802099894, 3.7898662589317142, 3.7793488613394803], "ged": [0.05815229374308919, 0.05518850025742553, 0.05251043480496074, 0.05231067261030508, 0.05042692949605543, 0.046630649719127386, 0.04758992617906526, 0.04618122653905735, 0.04608722516270571, 0.04623855442501778, 0.045944779418235604, 0.04591539467489997, 0.04626425372999768, 0.047952298508134, 0.04725230398566224, 0.05041576263516448, 0.04994207447351411, 0.04892205984093422, 0.04661300570465798, 0.04664724337500195], "ner": [0.006575207507541013, 0.004394431847559158, 0.003034585328815981, 0.002572516883658462, 0.002237933484138921, 0.0018536615318098908, 0.0017174157242258188, 0.00171471890576487, 0.0015928909516904157, 0.0015363012505478638, 0.001456492956792719, 0.0015094284077180377, 0.0014077191136853207, 0.0013708650868191103, 0.0013626102448798456, 0.0013862835076843324, 0.0013753634611507444, 0.0013938504173068417, 0.001355659742203411, 0.0013639528296216456], "total_loss": [34.52798096606031, 5.066610979533559, 4.269110136838673, 4.220970905618742, 4.207151319562907, 4.1679307108509445, 4.138035159882261, 4.125730207849153, 4.042767429211973, 4.026703388386861, 4.000827533655887, 3.958208901281428, 3.9577205352705827, 3.900642687339758, 3.9117387857898627, 3.8765391735799968, 3.8623107544963418, 3.8479162904682305, 3.837834924378576, 3.827360057544104], "aes_weight_coef": [0.6000000238418579, 0.6000000238418579, 0.6000000238418579, 0.6000000238418579, 0.6000000238418579, 0.6000000238418579, 0.6000000238418579, 0.6000000238418579, 0.6000000238418579, 0.6000000238418579, 0.6000000238418579, 0.6000000238418579, 0.6000000238418579, 0.6000000238418579, 0.6000000238418579, 0.6000000238418579, 0.6000000238418579, 0.6000000238418579, 0.6000000238418579, 0.6000000238418579],