{"best": {"ner": {"f1_score_avg_ner": 0.9888049530781512, "f1_score_macro_ner": 0.9343832894194731, "f1_score_weighted_ner": 0.988789211433516, "ner": 0.04231812919236042, "ner_weight_coef": 1.0}}, "train": {"loss": [0.2128, 0.0407], "learning_rate": [6.240601503759399e-06, 2.481203007518797e-06], "epoch": [3.76, 7.52], "step": [500, 1000]}, "eval": {"f1_score_avg_ner": [0.9493205093259608, 0.9780577080331763, 0.9843269343094116, 0.9860013239359838, 0.9871500330983995, 0.9882403333203535, 0.9886881351972275, 0.9886491959035864, 0.9888049530781512, 0.9888049530781512], "f1_score_macro_ner": [0.6034464327533162, 0.8554387129315126, 0.9016390323711216, 0.914731242208176, 0.9249467665212661, 0.9310773627744956, 0.9339031359221569, 0.9333678239488417, 0.9343832894194731, 0.9345169812634175], "f1_score_weighted_ner": [0.94104428399961, 0.9774989055241695, 0.9841922931357653, 0.9859253567790441, 0.9870873373629921, 0.988147229131253, 0.9886364949216452, 0.9886386870539734, 0.988789211433516, 0.9887777353838316], "ner": [0.16319106632109845, 0.07628782516853376, 0.057321248576045036, 0.05123392306268215, 0.04667572454182488, 0.0441237700623319, 0.04340260173899658, 0.04236981887934786, 0.04231812919236042, 0.04262005609714172], "total_loss": [0.16319106632109845, 0.07628782516853376, 0.057321248576045036, 0.05123392306268215, 0.04667572454182488, 0.0441237700623319, 0.04340260173899658, 0.04236981887934786, 0.04231812919236042, 0.04262005609714172], "ner_weight_coef": [1.0, 1.0, 1.0, 1.0, 1.0, 1.0, 1.0, 1.0, 1.0, 1.0], "epoch": [0.99, 1.99, 2.99, 3.99, 4.99, 5.99, 6.99, 7.99, 8.99, 9.99], "step": [132, 265, 398, 531, 664, 797, 930, 1063, 1196, 1329]}, "test": {"f1_score_avg_ner": 0.9795412942823302, "f1_score_macro_ner": 0.8793298168253132, "f1_score_weighted_ner": 0.9800996487738186, "ner": 0.08766428337742885, "total_loss": 0.08766428337742885, "ner_weight_coef": 1.0}, "info": {"tasks": ["ner"], "outputs": ["loss", "labels", "preds"], "map_out_to_task": {"ner_loss": "ner", "ner_labels": "ner", "ner_preds": "ner"}, "map_out_to_out": {"ner_loss": "loss", "ner_labels": "labels", "ner_preds": "preds"}, "map_task_index": {"ner": 0}, "map_index_task": {"0": "ner"}, "optimizer_weighting": "fixed", "epochs_to_avg_over": 2, "temp": 2, "init_task_weightings": {"aes": 1.0, "ged": 1.0, "ner": 1.0}, "metrics_to_track_by_task": {"aes": "pearson_aes", "ged": "f_0_5_ged", "ner": "f1_score_avg_ner"}, "regression_tasks": ["aes"], "classification_tasks": ["ner", "ged"], "fce_tasks": ["aes", "ged"], "task_priorities_priority_as_key": {"primary_task": "ner"}, "early_stopping_patience": 2, "early_stopping_metric": "loss", "pretrained_model": "distilroberta-base", "frozen_layers": null, "scoring": "script", "learning_rate": 1e-05, "batch_size": 8, "weight_decay": 0.01, "adam_epsilon": 1e-08, "normalized_values": null, "model_name": "distilroberta-base_1630615326", "runtime": 670.5683727264404, "steps_per_sec": 0.5045661194329876}, "preds": {}}