{"best": {"aes": {"rmse_aes": 28.396253665267576, "pearson_aes": NaN, "spearman_aes": NaN, "kappa_aes": 0.0, "aes": 0.0, "aes_weight_coef": 0.0}, "ged": {"f1_score_avg_ged": 0.7469664157299508, "f1_score_macro_ged": 0.6291273578135218, "f1_score_weighted_ged": 0.7818840875445581, "f_0_5_ged": 0.5453280968744886, "ged": 0.11411027437032656, "ged_weight_coef": 1.0}, "ner": {"f1_score_avg_ner": 0.9448814298508625, "f1_score_macro_ner": 0.7735498897568145, "f1_score_weighted_ner": 0.9413889076323663, "ner": 0.013993048942972755, "ner_weight_coef": 0.10000000149011612}}, "train": {"loss": [0.3404, 0.2973, 0.2868, 0.2782], "learning_rate": [0.0004528301886792453, 0.0004056603773584906, 0.0003584905660377358, 0.00031132075471698115], "epoch": [1.89, 3.77, 5.66, 7.55], "step": [500, 1000, 1500, 2000]}, "eval": {"rmse_aes": [28.396253665267576, 28.396253665267576, 28.396253665267576, 28.396253665267576, 28.396253665267576, 28.396253665267576, 28.396253665267576, 28.396253665267576, 28.396253665267576], "pearson_aes": [NaN, NaN, NaN, NaN, NaN, NaN, NaN, NaN, NaN], "spearman_aes": [NaN, NaN, NaN, NaN, NaN, NaN, NaN, NaN, NaN], "kappa_aes": [0.0, 0.0, 0.0, 0.0, 0.0, 0.0, 0.0, 0.0, 0.0], "f1_score_avg_ged": [0.7995600013749957, 0.7698600941872057, 0.7981850056718572, 0.7762538242067993, 0.7843319239627377, 0.764738235193015, 0.7469664157299508, 0.7455226702416555, 0.7792788147537039], "f1_score_macro_ged": [0.6394459183451264, 0.6338071197982676, 0.6523934052185676, 0.6440281325378976, 0.6498418583142583, 0.6402022111139997, 0.6291273578135218, 0.6279819022536317, 0.6459993698146207], "f1_score_weighted_ged": [0.8150130834625272, 0.7969064924908942, 0.8168887370038955, 0.8025572655218708, 0.8084116805722718, 0.7948771900124882, 0.7818840875445581, 0.7807805877429554, 0.8047176421434773], "f_0_5_ged": [0.4513888888888889, 0.5045434876676763, 0.49768202890646307, 0.5248355832467981, 0.5247008284749923, 0.5407341846841152, 0.5453280968744886, 0.5447121273989384, 0.5240953375086987], "f1_score_avg_ner": [0.9167283205482653, 0.9309022234336669, 0.9365873603052841, 0.941493711304077, 0.94351855457342, 0.9440442350375764, 0.9448814298508625, 0.9445309762080916, 0.9435964331607025], "f1_score_macro_ner": [0.5747530635324095, 0.7012916117545909, 0.7317890307352336, 0.7603585139158081, 0.7720568386890393, 0.7741412688899627, 0.7735498897568145, 0.779219653829821, 0.7701839678198301], "f1_score_weighted_ner": [0.9073516651919286, 0.9261710874705125, 0.9317987876871809, 0.9369003886784234, 0.939967329550388, 0.9401583408039629, 0.9413889076323663, 0.9413182473016188, 0.9401900863578401], "aes": [0.0, 0.0, 0.0, 0.0, 0.0, 0.0, 0.0, 0.0, 0.0], "ged": [0.12602527890094492, 0.11999800177507622, 0.11913072924281276, 0.11628263911535573, 0.11581413829049399, 0.11508108710133752, 0.11411027437032656, 0.11574522284574287, 0.1198584894801295], "ner": [0.022101235792560632, 0.017864869799205037, 0.015949178876918414, 0.014985624051024748, 0.01424219709452848, 0.014325621169666911, 0.013993048942972755, 0.013927163480412822, 0.014074615690164095], "total_loss": [0.14812651469350555, 0.13786287157428126, 0.13507990811973117, 0.1312682631663805, 0.13005633538502248, 0.12940670827100442, 0.1281033233132993, 0.1296723863261557, 0.1339331051702936], "aes_weight_coef": [0.0, 0.0, 0.0, 0.0, 0.0, 0.0, 0.0, 0.0, 0.0], "ged_weight_coef": [1.0, 1.0, 1.0, 1.0, 1.0, 1.0, 1.0, 1.0, 1.0], "ner_weight_coef": [0.10000000149011612, 0.10000000149011612, 0.10000000149011612, 0.10000000149011612, 0.10000000149011612, 0.10000000149011612, 0.10000000149011612, 0.10000000149011612, 0.10000000149011612], "epoch": [1.0, 2.0, 3.0, 4.0, 5.0, 6.0, 7.0, 8.0, 9.0], "step": [264, 529, 794, 1059, 1324, 1589, 1854, 2119, 2384]}, "test": {"rmse_aes": 28.024171114712146, "pearson_aes": NaN, "spearman_aes": NaN, "kappa_aes": 0.0, "f1_score_avg_ged": 0.7585036740146961, "f1_score_macro_ged": 0.6374253591606223, "f1_score_weighted_ged": 0.7834616953592869, "f_0_5_ged": 0.5151182638380882, "f1_score_avg_ner": 0.935716593087111, "f1_score_macro_ner": 0.7490468388758378, "f1_score_weighted_ner": 0.9341358221165693, "aes": 0.0, "ged": 0.1727338759672074, "ner": 0.014579211982587973, "total_loss": 0.18731308794979537, "aes_weight_coef": 0.0, "ged_weight_coef": 1.0, "ner_weight_coef": 0.10000000149011612}, "info": {"tasks": ["aes", "ged", "ner"], "outputs": ["loss", "labels", "preds"], "map_out_to_task": {"aes_loss": "aes", "aes_labels": "aes", "aes_preds": "aes", "ged_loss": "ged", "ged_labels": "ged", "ged_preds": "ged", "ner_loss": "ner", "ner_labels": "ner", "ner_preds": "ner"}, "map_out_to_out": {"aes_loss": "loss", "aes_labels": "labels", "aes_preds": "preds", "ged_loss": "loss", "ged_labels": "labels", "ged_preds": "preds", "ner_loss": "loss", "ner_labels": "labels", "ner_preds": "preds"}, "map_task_index": {"aes": 0, "ged": 1, "ner": 2}, "map_index_task": {"0": "aes", "1": "ged", "2": "ner"}, "optimizer_weighting": "fixed", "epochs_to_avg_over": 2, "temp": 2, "init_task_weightings": {"aes": 0, "ged": 1, "ner": 0.1}, "metrics_to_track_by_task": {"aes": "pearson_aes", "ged": "f_0_5_ged", "ner": "f1_score_avg_ner"}, "regression_tasks": ["aes"], "classification_tasks": ["ner", "ged"], "fce_tasks": ["aes", "ged"], "task_priorities_priority_as_key": {"primary_task": "aes", "secondary_task": "ged", "aux_task": "ner"}, "early_stopping_patience": 2, "early_stopping_metric": "loss", "pretrained_model": "distilroberta-base", "frozen_layers": "all", "scoring": "script", "learning_rate": 0.0005, "batch_size": 8, "weight_decay": 0.01, "adam_epsilon": 1e-08, "normalized_values": null, "model_name": "distilroberta-base_1630623830", "runtime": 342.6405065059662, "steps_per_sec": 0.14372504467532138}, "preds": {"aes": {"preds": [-0.11840106546878815, -0.1289786696434021, -0.11922873556613922, -0.12811489403247833, -0.12960614264011383, -0.11941030621528625, -0.11521975696086884, -0.12676668167114258, -0.11971119791269302, -0.13120165467262268, -0.12399693578481674, -0.11305802315473557, -0.12292596697807312, -0.11453399062156677, -0.11077888309955597, -0.1110745519399643, -0.11500567942857742, -0.11583735048770905, -0.12039404362440109, -0.11367471516132355, -0.12400318682193756, -0.11513818800449371, -0.12284331023693085, -0.11962099373340607, -0.11604535579681396, -0.11403067409992218, -0.11713944375514984, -0.13377715647220612, -0.11235509812831879, -0.11591194570064545, -0.12187794595956802, -0.12085720151662827, -0.12836897373199463, -0.11856824159622192, -0.12409413605928421, -0.1103794127702713, -0.11644021421670914, -0.11462541669607162, -0.11853745579719543, -0.10927403718233109, -0.12273766845464706, -0.12145008146762848, -0.12070164084434509, -0.12767264246940613, -0.12426315248012543, -0.11381581425666809, -0.11614415794610977, -0.13128484785556793, -0.1227651983499527, -0.11866816878318787, -0.11608287692070007, -0.12504111230373383, -0.12525932490825653, -0.11293317377567291, -0.12033213675022125, -0.12189088761806488, -0.12152281403541565, -0.12411806732416153, -0.11999835073947906, -0.12961864471435547, -0.11956464499235153, -0.10956583172082901, -0.10283257067203522, -0.12079464644193649, -0.11439085006713867, -0.11151755601167679, -0.13056448101997375, -0.11627627909183502, -0.12258285284042358, -0.1154186800122261, -0.12838320434093475, -0.11379876732826233, -0.12593945860862732, -0.11666090041399002, -0.11505339294672012, -0.12648265063762665, -0.12929685413837433, -0.11289210617542267, -0.11362956464290619, -0.1149989515542984, -0.11862745136022568, -0.11216731369495392, -0.1270124912261963, -0.11810502409934998, -0.12467946112155914, -0.12452158331871033, -0.11041262745857239, -0.12496301531791687, -0.12951846420764923, -0.11214548349380493, -0.13151802122592926, -0.11299144476652145, -0.11434652656316757, -0.12523502111434937, -0.1272568702697754, -0.11369548738002777],