{"best": {"aes": {"rmse_aes": 5.5113519212621505, "pearson_aes": 0.5002221602685948, "spearman_aes": 0.47454967323086056, "kappa_aes": 0.177635316075631, "aes": 1.8989738031875256, "aes_weight_coef": 0.30000001192092896}, "ged": {"f1_score_avg_ged": 0.8372348836409886, "f1_score_macro_ged": 0.7008122912024164, "f1_score_weighted_ged": 0.8484367591044084, "f_0_5_ged": 0.5557128030946316, "ged": 0.07928926237793855, "ged_weight_coef": 0.699999988079071}, "ner": {"f1_score_avg_ner": 0.9879482886180445, "f1_score_macro_ner": 0.930757644847971, "f1_score_weighted_ner": 0.9878991427657517, "ner": 0.002357553088967147, "ner_weight_coef": 0.07000000029802322}}, "train": {"loss": [51.7005, 5.2845, 4.6414, 4.5069, 4.3078, 4.2622, 4.0278, 4.0775, 3.9163, 3.926], "learning_rate": [6.339622641509433e-05, 5.679245283018868e-05, 5.0188679245283013e-05, 4.3584905660377356e-05, 3.69811320754717e-05, 3.0377358490566036e-05, 2.3773584905660375e-05, 1.7169811320754714e-05, 1.0566037735849056e-05, 3.9622641509433956e-06], "epoch": [1.89, 3.77, 5.66, 7.55, 9.43, 11.32, 13.21, 15.09, 16.98, 18.87], "step": [500, 1000, 1500, 2000, 2500, 3000, 3500, 4000, 4500, 5000]}, "eval": {"rmse_aes": [16.53447576698121, 6.306962642808167, 5.803495115493384, 5.7566386797235145, 5.744562646538029, 5.678908345800274, 5.689903338370521, 5.710613899670605, 5.678908345800274, 5.632248416238601, 5.57150488348226, 5.5665169640549115, 5.575242894559244, 5.569011482201208, 5.559026693385973, 5.547772325697746, 5.547772325697746, 5.5113519212621505, 5.5113519212621505, 5.5113519212621505], "pearson_aes": [0.17492034546816693, 0.13213398359010115, 0.18704917839304744, 0.2570855000703394, 0.3025612917290786, 0.4059839948839608, 0.3918618782031494, 0.3612741230569227, 0.37506251474077074, 0.4220512043723294, 0.47601514621134156, 0.46842591139177636, 0.46125934498804827, 0.44966445745223077, 0.46742339347758805, 0.4696184852986423, 0.4696184852986423, 0.5002221602685948, 0.5002221602685948, 0.5002221602685948], "spearman_aes": [0.20204737395364117, 0.17507022248242127, 0.20124996923466185, 0.24972619970401108, 0.30418072556415465, 0.40017537975834194, 0.37965004360510385, 0.3717420317845653, 0.36262689946565685, 0.42166582603324426, 0.46372657812854223, 0.46952949915470477, 0.46011669989488363, 0.4532101630707299, 0.4655975133736655, 0.4704200352312923, 0.4704200352312923, 0.47454967323086056, 0.47454967323086056, 0.47454967323086056], "kappa_aes": [0.006670633115178792, 0.029478757468722083, 0.04948004025494812, 0.05799115603284899, 0.07046149976945981, 0.09100844928328222, 0.08689075630252108, 0.0880621320305649, 0.09099307159353354, 0.11603683179867497, 0.1472407819846573, 0.15090145714991354, 0.15430158017230822, 0.1564414672003922, 0.16350614470578662, 0.16834099320779283, 0.16834099320779283, 0.177635316075631, 0.177635316075631, 0.177635316075631], "f1_score_avg_ged": [0.7614382455054828, 0.7083634113643394, 0.7974287580351311, 0.8230724278986629, 0.8348973909456533, 0.8062631054277956, 0.8337286445979857, 0.829431783025678, 0.8300849059846688, 0.836444261111684, 0.8330755216389949, 0.8372348836409886, 0.8414973703207177, 0.8551098277817882, 0.8519129627719914, 0.8647004228111788, 0.8603691863462927, 0.8568973221958681, 0.8448661097934069, 0.8428379911312777], "f1_score_macro_ged": [0.5512703648220342, 0.567931284742672, 0.6351911567167703, 0.6592186658456308, 0.6788010537215992, 0.6716404355327611, 0.6908735258180647, 0.6915244761306075, 0.6907219609956174, 0.6971576021713375, 0.6959866594029034, 0.7008122912024164, 0.7023601380883189, 0.7081285519063752, 0.7072161835748791, 0.7115621469033577, 0.7127357915660133, 0.7129692117946073, 0.706242922416523, 0.7046950930736298], "f1_score_weighted_ged": [0.7756683074453736, 0.7479231880044618, 0.8129584088417392, 0.8318857003469841, 0.8424174166590608, 0.8252708695242115, 0.8444268864524084, 0.8422362967397543, 0.8424240360484782, 0.8472319348336593, 0.8451598329146821, 0.8484367591044084, 0.851059994577213, 0.8594742688838821, 0.8576156474344953, 0.8651338943663265, 0.8632149607266175, 0.8614876507654616, 0.853696540014122, 0.8522803362766966], "f_0_5_ged": [0.2677590407490565, 0.4145195201385168, 0.4428224979013152, 0.4562167392356071, 0.48730668222935525, 0.5433265811388701, 0.5314250450963637, 0.5467252582861951, 0.5418973444684245, 0.5451617486856439, 0.5514619608579341, 0.5557128030946316, 0.5476804123711341, 0.5238142390335677, 0.5311166691187289, 0.503690506490201, 0.5220893580827538, 0.5345321608536705, 0.5506280563812446, 0.5516829792313201], "f1_score_avg_ner": [0.9341341848058876, 0.9560180678322495, 0.9709318172968342, 0.9754682450060356, 0.9804330049452903, 0.9820879249250418, 0.9832366340874577, 0.9836454966706903, 0.984404812896694, 0.9845995093649001, 0.9857287488804953, 0.9862544293446517, 0.987033215217476, 0.9874810170943499, 0.987422608153888, 0.9872473813325027, 0.9875588956816324, 0.9875394260348117, 0.9879482886180445, 0.9878314707371209], "f1_score_macro_ner": [0.6552960842361585, 0.7882194366383128, 0.859728279032981, 0.8819675918965171, 0.9007436641579782, 0.9057022548298712, 0.9118588411003997, 0.9116732288127714, 0.9167655795850611, 0.9164695509123761, 0.9220456158979972, 0.9261135106203595, 0.9267581000175278, 0.9294672663044731, 0.9286417757594998, 0.9284428095303467, 0.929598952418856, 0.9294943937867749, 0.930757644847971, 0.930554117687799], "f1_score_weighted_ner": [0.9283009795068449, 0.9554317271705818, 0.9710243466962472, 0.9755815537071463, 0.9802967270066975, 0.9819999834956812, 0.9832102784373, 0.9837608568805296, 0.98459357247265, 0.984756221368337, 0.9858196805571782, 0.9862941175894208, 0.9870702516006196, 0.9874835240598728, 0.9874002894734698, 0.9872563741347916, 0.9875172552901121, 0.9875265061044007, 0.9878991427657517, 0.9878089312032565], "aes": [17.231475297794784, 2.504099113996639, 2.1066564903702845, 2.083200354908788, 2.0773588502129843, 2.059779871341794, 2.0443820177122602, 2.0389400803765585, 1.997555644013161, 1.9896180796068768, 1.976756589357243, 1.9554935222448304, 1.9550896023595057, 1.9257402253705402, 1.9315984027330266, 1.912462212318598, 1.905629318813945, 1.8989738031875256, 1.8950808270033015, 1.8898098801457606], "ged": [0.1008972497873528, 0.0948509345220965, 0.08947068383527357, 0.08703416100768156, 0.08447565450224766, 0.07895345327466033, 0.08049722882204277, 0.07919385821320289, 0.07974328204642894, 0.08016992724219034, 0.07950494871583096, 0.07928926237793855, 0.08045657429584237, 0.08550347353136817, 0.0840407651524211, 0.09089462840279867, 0.08882951320603837, 0.08726801497991694, 0.08298063208890516, 0.08306960172431413], "ner": [0.011477404858830363, 0.007627928104294941, 0.005377791648687318, 0.004440211360667681, 0.003716812678883502, 0.0032669476214471425, 0.003110558319793538, 0.0029803701963405623, 0.0028145759756308657, 0.0027374065261832332, 0.0025871072694128596, 0.0026253305793858977, 0.0024599070297987306, 0.002414283712210437, 0.00239267319557257, 0.0024167563215298795, 0.0023849786565162587, 0.0024043833586484802, 0.002357553088967147, 0.0023764162304063955], "total_loss": [17.34384995244097, 2.60657797662303, 2.2015049658542454, 2.174674727277137, 2.1655513173941157, 2.1420002722379015, 2.1279898048540966, 2.121114308786102, 2.080113502035221, 2.07252541337525, 2.058848645342487, 2.037408115202155, 2.0380060836851466, 2.0136579826141188, 2.01803184108102, 2.0057735970429262, 1.9968438106764996, 1.988646201526091, 1.9804190121811738, 1.975255898100481], "aes_weight_coef": [0.30000001192092896, 0.30000001192092896, 0.30000001192092896, 0.30000001192092896, 0.30000001192092896, 0.30000001192092896, 0.30000001192092896, 0.30000001192092896, 0.30000001192092896, 0.30000001192092896, 0.30000001192092896, 0.30000001192092896, 0.30000001192092896, 0.30000001192092896, 0.30000001192092896, 0.30000001192092896, 0.30000001192092896, 0.30000001192092896, 0.30000001192092896, 0.30000001192092896],