{"best": {"ner": {"f1_score_avg_ner": 0.033059460301390134, "f1_score_macro_ner": 0.015793225196840004, "f1_score_weighted_ner": 0.040094507732716354, "ner": 2.41669250979568, "ner_weight_coef": 1.0}}, "train": {"loss": [2.3542], "learning_rate": [6.240601503759399e-06], "epoch": [3.76], "step": [500]}, "eval": {"f1_score_avg_ner": [0.03282582453954285, 0.033059460301390134, 0.03194969043261555, 0.03247537089677193], "f1_score_macro_ner": [0.015211125603083278, 0.015793225196840004, 0.015183526070958056, 0.014625094957408439], "f1_score_weighted_ner": [0.040833637987457906, 0.040094507732716354, 0.03856900967289543, 0.03991563751376629], "ner": [2.4168144717360986, 2.41669250979568, 2.4167544263781924, 2.417247931162516], "total_loss": [2.4168144717360986, 2.41669250979568, 2.4167544263781924, 2.417247931162516], "ner_weight_coef": [1.0, 1.0, 1.0, 1.0], "epoch": [0.99, 1.99, 2.99, 3.99], "step": [132, 265, 398, 531]}, "test": {"f1_score_avg_ner": 0.035942715623990526, "f1_score_macro_ner": 0.018838795987338956, "f1_score_weighted_ner": 0.040744007196166984, "ner": 2.4198455174763995, "total_loss": 2.4198455174763995, "ner_weight_coef": 1.0}, "info": {"tasks": ["ner"], "outputs": ["loss", "labels", "preds"], "map_out_to_task": {"ner_loss": "ner", "ner_labels": "ner", "ner_preds": "ner"}, "map_out_to_out": {"ner_loss": "loss", "ner_labels": "labels", "ner_preds": "preds"}, "map_task_index": {"ner": 0}, "map_index_task": {"0": "ner"}, "optimizer_weighting": "fixed", "epochs_to_avg_over": 2, "temp": 2, "init_task_weightings": {"aes": 1.0, "ged": 1.0, "ner": 1.0}, "metrics_to_track_by_task": {"aes": "pearson_aes", "ged": "f_0_5_ged", "ner": "f1_score_avg_ner"}, "regression_tasks": ["aes"], "classification_tasks": ["ner", "ged"], "fce_tasks": ["aes", "ged"], "task_priorities_priority_as_key": {"primary_task": "ner"}, "early_stopping_patience": 2, "early_stopping_metric": "loss", "pretrained_model": "distilroberta-base", "frozen_layers": "all", "scoring": "script", "learning_rate": 1e-05, "batch_size": 8, "weight_decay": 0.01, "adam_epsilon": 1e-08, "normalized_values": null, "model_name": "distilroberta-base_1630612544", "runtime": 115.16024589538574, "steps_per_sec": 0.21687428605534037}, "preds": {}}