{"best": {"aes": {"rmse_aes": 28.396253665267576, "pearson_aes": NaN, "spearman_aes": NaN, "kappa_aes": 0.0, "aes": 0.0, "aes_weight_coef": 0.0}, "ged": {"f1_score_avg_ged": 0.8083599738750816, "f1_score_macro_ged": 0.686965221220956, "f1_score_weighted_ged": 0.8294077172006837, "f_0_5_ged": 0.5940332658628883, "ged": 0.1116010470445766, "ged_weight_coef": 1.0}, "ner": {"f1_score_avg_ner": 0.9778824812117908, "f1_score_macro_ner": 0.8892452265286105, "f1_score_weighted_ner": 0.9778490155178003, "ner": 0.005866173124157412, "ner_weight_coef": 0.10000000149011612}}, "train": {"loss": [0.3411, 0.2927, 0.2645, 0.2422, 0.2218], "learning_rate": [6.339622641509433e-05, 5.679245283018868e-05, 5.0188679245283013e-05, 4.3584905660377356e-05, 3.69811320754717e-05], "epoch": [1.89, 3.77, 5.66, 7.55, 9.43], "step": [500, 1000, 1500, 2000, 2500]}, "eval": {"rmse_aes": [28.396253665267576, 28.396253665267576, 28.396253665267576, 28.396253665267576, 28.396253665267576, 28.396253665267576, 28.396253665267576, 28.396253665267576, 28.396253665267576, 28.396253665267576], "pearson_aes": [NaN, NaN, NaN, NaN, NaN, NaN, NaN, NaN, NaN, NaN], "spearman_aes": [NaN, NaN, NaN, NaN, NaN, NaN, NaN, NaN, NaN, NaN], "kappa_aes": [0.0, 0.0, 0.0, 0.0, 0.0, 0.0, 0.0, 0.0, 0.0, 0.0], "f1_score_avg_ged": [0.7539445189233783, 0.7842631741775807, 0.7850881715994638, 0.7194665016671823, 0.773538207693101, 0.7526038981128184, 0.7956756385136297, 0.7974631329277097, 0.8064349798906878, 0.8083599738750816], "f1_score_macro_ged": [0.6133799987968799, 0.6377472682103832, 0.6479907527538549, 0.6170931237546531, 0.6572053512418938, 0.6437623878849181, 0.6755973228458015, 0.6782643332115899, 0.6845261961494947, 0.686965221220956], "f1_score_weighted_ged": [0.7837226248916851, 0.8060889045081356, 0.8085129137233458, 0.7617647694325305, 0.8031242471870942, 0.7876457201557189, 0.8198147789817991, 0.8213607857764261, 0.8278249694289982, 0.8294077172006837], "f_0_5_ged": [0.4712244109694863, 0.48274472942124347, 0.5161546259972671, 0.5705426356589147, 0.5812931575643439, 0.5869881269687424, 0.5885148857105821, 0.593473092716663, 0.5905615607698393, 0.5940332658628883], "f1_score_avg_ner": [0.8989720026478719, 0.9291888945134535, 0.9401697753202757, 0.953175499396441, 0.9609633581246836, 0.967777734511896, 0.9718663603442234, 0.9749425645418792, 0.9775514972158406, 0.9778824812117908], "f1_score_macro_ner": [0.45151857071248575, 0.6432332930199595, 0.7192438550820179, 0.7797441561676384, 0.8127486850162644, 0.8478410761108961, 0.8640416879306095, 0.8776209207813022, 0.8851737652461118, 0.8892452265286105], "f1_score_weighted_ner": [0.8888260768359977, 0.9223467424425638, 0.936794443222575, 0.9522105675568416, 0.9594383659119278, 0.9671957664607055, 0.9716768798451911, 0.9749566857657946, 0.9774427763317295, 0.9778490155178003], "aes": [0.0, 0.0, 0.0, 0.0, 0.0, 0.0, 0.0, 0.0, 0.0, 0.0], "ged": [0.12653337245763735, 0.12262944426647453, 0.11793793633926747, 0.10955501919568972, 0.10738118027531823, 0.10627383756083111, 0.10729102825009545, 0.10692844418592232, 0.10963974026746529, 0.1116010470445766], "ner": [0.026767739852847056, 0.01754609904750142, 0.014563742635208507, 0.011833750556201436, 0.009847503003859243, 0.008376107469937482, 0.007271994814969773, 0.006659757367573505, 0.006098704753703502, 0.005866173124157412], "total_loss": [0.1533011123104844, 0.14017554331397594, 0.13250167897447598, 0.12138876975189115, 0.11722868327917747, 0.1146499450307686, 0.11456302306506523, 0.11358820155349582, 0.11573844502116878, 0.11746722016873401], "aes_weight_coef": [0.0, 0.0, 0.0, 0.0, 0.0, 0.0, 0.0, 0.0, 0.0, 0.0], "ged_weight_coef": [1.0, 1.0, 1.0, 1.0, 1.0, 1.0, 1.0, 1.0, 1.0, 1.0], "ner_weight_coef": [0.10000000149011612, 0.10000000149011612, 0.10000000149011612, 0.10000000149011612, 0.10000000149011612, 0.10000000149011612, 0.10000000149011612, 0.10000000149011612, 0.10000000149011612, 0.10000000149011612], "epoch": [1.0, 2.0, 3.0, 4.0, 5.0, 6.0, 7.0, 8.0, 9.0, 10.0], "step": [264, 529, 794, 1059, 1324, 1589, 1854, 2119, 2384, 2649]}, "test": {"rmse_aes": 28.024171114712146, "pearson_aes": NaN, "spearman_aes": NaN, "kappa_aes": 0.0, "f1_score_avg_ged": 0.7771543086172344, "f1_score_macro_ged": 0.6679724766725199, "f1_score_weighted_ged": 0.8006786919596863, "f_0_5_ged": 0.578031176078122, "f1_score_avg_ner": 0.9695919026596317, "f1_score_macro_ner": 0.8465304021109176, "f1_score_weighted_ner": 0.9701241320706, "aes": 0.0, "ged": 0.16686307674362547, "ner": 0.007674117871959295, "total_loss": 0.17453719461558476, "aes_weight_coef": 0.0, "ged_weight_coef": 1.0, "ner_weight_coef": 0.10000000149011612}, "info": {"tasks": ["aes", "ged", "ner"], "outputs": ["loss", "labels", "preds"], "map_out_to_task": {"aes_loss": "aes", "aes_labels": "aes", "aes_preds": "aes", "ged_loss": "ged", "ged_labels": "ged", "ged_preds": "ged", "ner_loss": "ner", "ner_labels": "ner", "ner_preds": "ner"}, "map_out_to_out": {"aes_loss": "loss", "aes_labels": "labels", "aes_preds": "preds", "ged_loss": "loss", "ged_labels": "labels", "ged_preds": "preds", "ner_loss": "loss", "ner_labels": "labels", "ner_preds": "preds"}, "map_task_index": {"aes": 0, "ged": 1, "ner": 2}, "map_index_task": {"0": "aes", "1": "ged", "2": "ner"}, "optimizer_weighting": "fixed", "epochs_to_avg_over": 2, "temp": 2, "init_task_weightings": {"aes": 0, "ged": 1, "ner": 0.1}, "metrics_to_track_by_task": {"aes": "pearson_aes", "ged": "f_0_5_ged", "ner": "f1_score_avg_ner"}, "regression_tasks": ["aes"], "classification_tasks": ["ner", "ged"], "fce_tasks": ["aes", "ged"], "task_priorities_priority_as_key": {"primary_task": "aes", "secondary_task": "ged", "aux_task": "ner"}, "early_stopping_patience": 2, "early_stopping_metric": "loss", "pretrained_model": "distilroberta-base", "frozen_layers": "all", "scoring": "script", "learning_rate": 7e-05, "batch_size": 8, "weight_decay": 0.01, "adam_epsilon": 1e-08, "normalized_values": null, "model_name": "distilroberta-base_1630622403", "runtime": 580.1477522850037, "steps_per_sec": 0.2190063240033989},