{"best": {"aes": {"rmse_aes": 0.28867513459481287, "pearson_aes": NaN, "spearman_aes": NaN, "kappa_aes": 0.0, "aes": 1.1242681530136398e-05, "aes_weight_coef": 0.800000011920929}, "ged": {"f1_score_avg_ged": 0.8109724657110446, "f1_score_macro_ged": 0.6945505629130355, "f1_score_weighted_ged": 0.832344571141169, "f_0_5_ged": 0.6153308277248494, "ged": 0.02091199679430141, "ged_weight_coef": 0.20000000298023224}, "ner": {"f1_score_avg_ner": 0.9800825513025194, "f1_score_macro_ner": 0.8797496832669922, "f1_score_weighted_ner": 0.9797589008242309, "ner": 0.0011243030975767693, "ner_weight_coef": 0.019999999552965164}}, "train": {"loss": [0.0581, 0.044], "learning_rate": [6.119496855345911e-05, 5.238993710691823e-05], "epoch": [1.89, 3.77], "step": [500, 1000]}, "eval": {"rmse_aes": [0.28867513459481287, 0.9354143466934853, 0.5892556509887896, 0.6972166887783963, 2.0241596335818532], "pearson_aes": [NaN, NaN, NaN, NaN, NaN], "spearman_aes": [NaN, NaN, NaN, NaN, NaN], "kappa_aes": [0.0, 0.0, 0.0, 0.0, 0.0], "f1_score_avg_ged": [0.7851569213846207, 0.8220755560138875, 0.7948506410917466, 0.8109724657110446, 0.8405348733285208], "f1_score_macro_ged": [0.6661451073855262, 0.698575454638048, 0.6816145755623599, 0.6945505629130355, 0.7136708862290335], "f1_score_weighted_ged": [0.8117973688961918, 0.8395583049117293, 0.8203579639396827, 0.832344571141169, 0.8529369352774637], "f_0_5_ged": [0.5827972564222724, 0.5956077584267135, 0.6144383433363129, 0.6153308277248494, 0.592233913772232], "f1_score_avg_ner": [0.9507417935438651, 0.9686733382656438, 0.9752540788910089, 0.9782718741482029, 0.9800825513025194], "f1_score_macro_ner": [0.6553071470927392, 0.7962223811804343, 0.8461430119908354, 0.8682524389446225, 0.8797496832669922], "f1_score_weighted_ner": [0.9445723125754969, 0.9673223401609224, 0.9747297375533029, 0.9778723820636186, 0.9797589008242309], "aes": [1.1242681530136398e-05, 7.940895332911507e-05, 2.3346488126472375e-05, 3.0194852517397943e-05, 0.0004221026211717101], "ged": [0.021205489545367485, 0.02057882623617039, 0.020148955112279848, 0.02091199679430141, 0.02377796086461045], "ner": [0.0027172402668267834, 0.001731621312670583, 0.0013946090962976044, 0.001229320673087915, 0.0011243030975767693], "total_loss": [0.023933972493724406, 0.02238985650217009, 0.021566910696703925, 0.022171512319906723, 0.025324366583358928], "aes_weight_coef": [0.800000011920929, 0.800000011920929, 0.800000011920929, 0.800000011920929, 0.800000011920929], "ged_weight_coef": [0.20000000298023224, 0.20000000298023224, 0.20000000298023224, 0.20000000298023224, 0.20000000298023224], "ner_weight_coef": [0.019999999552965164, 0.019999999552965164, 0.019999999552965164, 0.019999999552965164, 0.019999999552965164], "epoch": [1.0, 2.0, 3.0, 4.0, 5.0], "step": [264, 529, 794, 1059, 1324]}, "test": {"rmse_aes": 1.976423537605237, "pearson_aes": NaN, "spearman_aes": NaN, "kappa_aes": 0.0, "f1_score_avg_ged": 0.8207615230460922, "f1_score_macro_ged": 0.7025514103196961, "f1_score_weighted_ged": 0.8332474129674325, "f_0_5_ged": 0.5774593087348421, "f1_score_avg_ner": 0.9742866372348444, "f1_score_macro_ner": 0.85848249406395, "f1_score_weighted_ner": 0.9743643367485595, "aes": 0.0005146789148316852, "ged": 0.03586518232311521, "ner": 0.0013370769101172862, "total_loss": 0.037716938148064184, "aes_weight_coef": 0.800000011920929, "ged_weight_coef": 0.20000000298023224, "ner_weight_coef": 0.019999999552965164}, "info": {"tasks": ["aes", "ged", "ner"], "outputs": ["loss", "labels", "preds"], "map_out_to_task": {"aes_loss": "aes", "aes_labels": "aes", "aes_preds": "aes", "ged_loss": "ged", "ged_labels": "ged", "ged_preds": "ged", "ner_loss": "ner", "ner_labels": "ner", "ner_preds": "ner"}, "map_out_to_out": {"aes_loss": "loss", "aes_labels": "labels", "aes_preds": "preds", "ged_loss": "loss", "ged_labels": "labels", "ged_preds": "preds", "ner_loss": "loss", "ner_labels": "labels", "ner_preds": "preds"}, "map_task_index": {"aes": 0, "ged": 1, "ner": 2}, "map_index_task": {"0": "aes", "1": "ged", "2": "ner"}, "optimizer_weighting": "fixed", "epochs_to_avg_over": 2, "temp": 2, "init_task_weightings": {"aes": 0.8, "ged": 0.19999999999999996, "ner": 0.019999999999999997}, "metrics_to_track_by_task": {"aes": "pearson_aes", "ged": "f_0_5_ged", "ner": "f1_score_avg_ner"}, "regression_tasks": ["aes"], "classification_tasks": ["ner", "ged"], "fce_tasks": ["aes", "ged"], "task_priorities_priority_as_key": {"primary_task": "aes", "secondary_task": "ged", "aux_task": "ner"}, "early_stopping_patience": 2, "early_stopping_metric": "loss", "pretrained_model": "distilroberta-base", "frozen_layers": "all", "scoring": "script", "learning_rate": 7e-05, "batch_size": 8, "weight_decay": 0.01, "adam_epsilon": 1e-08, "normalized_values": [40, 0], "model_name": "distilroberta-base_1630670486", "runtime": 291.149822473526, "steps_per_sec": 0.21990167860538218}, "preds": {"aes": {"preds": [-0.04316849634051323, -0.04223669692873955, -0.050494883209466934, -0.04354717582464218, -0.04858114570379257, -0.053911350667476654, -0.04556046798825264, -0.04817274585366249, -0.047723252326250076, -0.048207301646471024, -0.04087177291512489, -0.04792614281177521, -0.04118932783603668, -0.044186629354953766, -0.04949766397476196, -0.052588000893592834, -0.04722895100712776, -0.04262375086545944, -0.05166056752204895, -0.04981987178325653, -0.05068419128656387, -0.04612152278423309, -0.05004927143454552, -0.04603653401136398, -0.045290619134902954, -0.049178119748830795, -0.044692546129226685, -0.04998733103275299, -0.04059833660721779, -0.04708287864923477, -0.041086722165346146, -0.048045381903648376, -0.04609492048621178, -0.05423002690076828, -0.04627462849020958, -0.046106789261102676, -0.05229800194501877, -0.047062646597623825, -0.04622982442378998, -0.05275880545377731, -0.04612071439623833, -0.040564633905887604, -0.052446410059928894, -0.03695741295814514, -0.04280627518892288, -0.04210329055786133, -0.04124974459409714, -0.04205157607793808, -0.04786621034145355, -0.044730886816978455, -0.058420438319444656, -0.051190335303545, -0.03915388509631157, -0.037272848188877106, -0.049006618559360504, -0.04229822754859924, -0.044752903282642365, -0.053949058055877686, -0.042533017694950104, -0.048686787486076355, -0.05283874645829201, -0.048987168818712234, -0.05149664729833603, -0.04814792424440384, -0.04622143134474754, -0.045953184366226196, -0.0371655598282814, -0.04886486381292343, -0.03790081664919853, -0.04600401222705841, -0.056028589606285095, -0.05017764866352081, -0.05595120042562485, -0.04732237011194229, -0.04118672385811806, -0.04661250486969948, -0.04920069873332977, -0.048773717135190964, -0.047620002180337906, -0.047397688031196594, -0.0469394326210022, -0.05126126483082771, -0.045652445405721664, -0.04673779383301735, -0.05162612721323967, -0.04390089213848114, -0.04831158369779587, -0.054140374064445496, -0.05406758561730385, -0.04550193250179291, -0.04707716405391693, -0.04362974688410759, -0.05447730794548988, -0.05405551940202713, -0.0553937628865242, -0.04315583407878876],