{"best": {"aes": {"rmse_aes": 6.765927710061479, "pearson_aes": 0.6310242962844479, "spearman_aes": 0.6285480513343803, "kappa_aes": 0.34685240698289543, "aes": 2.891420142595158, "aes_weight_coef": 0.30000001192092896}, "ged": {"f1_score_avg_ged": 0.8498848441098622, "f1_score_macro_ged": 0.6697882410644878, "f1_score_weighted_ged": 0.8479819429326465, "f_0_5_ged": 0.41843165616282674, "ged": 0.09695109655690748, "ged_weight_coef": 0.699999988079071}, "ner": {"f1_score_avg_ner": 0.9468089248861026, "f1_score_macro_ner": 0.7909589691881178, "f1_score_weighted_ner": 0.9442537526605552, "ner": 0.009096768067413292, "ner_weight_coef": 0.07000000029802322}}, "train": {"loss": [11.7091, 3.3209], "learning_rate": [0.0004528301886792453, 0.0004056603773584906], "epoch": [1.89, 3.77], "step": [500, 1000]}, "eval": {"rmse_aes": [5.798706752371601, 5.851163227180653, 5.830951894845301, 6.335525936249404, 6.765927710061479], "pearson_aes": [0.3905805894825428, 0.5591690636085428, 0.5909307827470792, 0.6094526267653838, 0.6310242962844479], "spearman_aes": [0.3754623560862642, 0.5562712753450572, 0.5847035567097046, 0.5969692010165304, 0.6285480513343803], "kappa_aes": [0.08657728961395572, 0.23325358851674638, 0.3610069776987276, 0.3547484141854217, 0.34685240698289543], "f1_score_avg_ged": [0.8052662335430202, 0.8459661063559176, 0.834656766697604, 0.8526004606235605, 0.8498848441098622], "f1_score_macro_ged": [0.6120564324960847, 0.6414883337493842, 0.6556351677884749, 0.6572196152248646, 0.6697882410644878], "f1_score_weighted_ged": [0.8121081003409316, 0.8393301185603573, 0.8370636363468233, 0.8463199489971215, 0.8479819429326465], "f_0_5_ged": [0.35643954312721543, 0.3497244595167444, 0.41601650979010424, 0.3760792414852482, 0.41843165616282674], "f1_score_avg_ner": [0.9233674701140921, 0.9380086445231883, 0.9423114364705424, 0.9433433277520346, 0.9468089248861026], "f1_score_macro_ner": [0.582632603519523, 0.740508883698564, 0.7682443399772372, 0.779235165754716, 0.7909589691881178], "f1_score_weighted_ner": [0.914985924817776, 0.9345188034630528, 0.9392156316005321, 0.9408969694465721, 0.9442537526605552], "aes": [2.130410992821982, 2.1419993250869043, 2.114105468572572, 2.4959212846534196, 2.891420142595158], "ged": [0.09738646551620128, 0.10071524353914482, 0.09496619881585587, 0.09865773278613423, 0.09695109655690748], "ner": [0.013484707773598127, 0.010712300643844659, 0.010075625357066477, 0.009703491890239854, 0.009096768067413292], "total_loss": [2.241282166111781, 2.2534268692698936, 2.2191472927454945, 2.604282509329794, 2.997468007219479], "aes_weight_coef": [0.30000001192092896, 0.30000001192092896, 0.30000001192092896, 0.30000001192092896, 0.30000001192092896], "ged_weight_coef": [0.699999988079071, 0.699999988079071, 0.699999988079071, 0.699999988079071, 0.699999988079071], "ner_weight_coef": [0.07000000029802322, 0.07000000029802322, 0.07000000029802322, 0.07000000029802322, 0.07000000029802322], "epoch": [1.0, 2.0, 3.0, 4.0, 5.0], "step": [264, 529, 794, 1059, 1324]}, "test": {"rmse_aes": 6.149186938124422, "pearson_aes": 0.7388589304528496, "spearman_aes": 0.7501856298422028, "kappa_aes": 0.4522707623455221, "f1_score_avg_ged": 0.8187842351369405, "f1_score_macro_ged": 0.6563776749532021, "f1_score_weighted_ged": 0.8210313778718082, "f_0_5_ged": 0.42795931164216544, "f1_score_avg_ner": 0.9386454183266932, "f1_score_macro_ner": 0.7499143321283279, "f1_score_weighted_ner": 0.9365210764021786, "aes": 3.228767996742612, "ged": 0.13677974825813657, "ner": 0.009793296855475222, "total_loss": 3.3753410418562235, "aes_weight_coef": 0.30000001192092896, "ged_weight_coef": 0.699999988079071, "ner_weight_coef": 0.07000000029802322}, "info": {"tasks": ["aes", "ged", "ner"], "outputs": ["loss", "labels", "preds"], "map_out_to_task": {"aes_loss": "aes", "aes_labels": "aes", "aes_preds": "aes", "ged_loss": "ged", "ged_labels": "ged", "ged_preds": "ged", "ner_loss": "ner", "ner_labels": "ner", "ner_preds": "ner"}, "map_out_to_out": {"aes_loss": "loss", "aes_labels": "labels", "aes_preds": "preds", "ged_loss": "loss", "ged_labels": "labels", "ged_preds": "preds", "ner_loss": "loss", "ner_labels": "labels", "ner_preds": "preds"}, "map_task_index": {"aes": 0, "ged": 1, "ner": 2}, "map_index_task": {"0": "aes", "1": "ged", "2": "ner"}, "optimizer_weighting": "fixed", "epochs_to_avg_over": 2, "temp": 2, "init_task_weightings": {"aes": 0.30000000000000004, "ged": 0.7, "ner": 0.06999999999999999}, "metrics_to_track_by_task": {"aes": "pearson_aes", "ged": "f_0_5_ged", "ner": "f1_score_avg_ner"}, "regression_tasks": ["aes"], "classification_tasks": ["ner", "ged"], "fce_tasks": ["aes", "ged"], "task_priorities_priority_as_key": {"primary_task": "aes", "secondary_task": "ged", "aux_task": "ner"}, "early_stopping_patience": 2, "early_stopping_metric": "loss", "pretrained_model": "distilroberta-base", "frozen_layers": "all", "scoring": "script", "learning_rate": 0.0005, "batch_size": 8, "weight_decay": 0.01, "adam_epsilon": 1e-08, "normalized_values": null, "model_name": "distilroberta-base_1630637461", "runtime": 243.21117544174194, "steps_per_sec": 0.18369424127019784}, "preds": {"aes": {"preds": [34.70033645629883, 30.469985961914062, 31.637638092041016, 34.361839294433594, 35.688385009765625, 33.52815628051758, 33.61998748779297, 33.3819580078125, 29.073068618774414, 32.254005432128906, 30.89227294921875, 33.18865203857422, 34.167274475097656, 34.66679763793945, 32.16487503051758, 23.931814193725586, 27.769737243652344, 33.74017333984375, 33.54629135131836, 27.772817611694336, 35.747642517089844, 34.64616394042969, 33.28142547607422, 28.816036224365234, 29.735429763793945, 33.01869201660156, 26.56831169128418, 36.77005386352539, 35.79295349121094, 34.004337310791016, 33.42403793334961, 34.42682647705078, 35.737640380859375, 30.345081329345703, 34.53434371948242, 28.936159133911133, 35.89487838745117, 27.269542694091797, 35.195011138916016, 32.412418365478516, 25.720775604248047, 26.893686294555664, 31.588415145874023, 35.67217254638672, 33.369834899902344, 33.418670654296875, 24.20543098449707, 31.539104461669922, 35.152381896972656, 28.359268188476562, 36.11600875854492, 32.006839752197266, 34.07891082763672, 30.487030029296875, 32.09307098388672, 33.33747100830078, 26.852903366088867, 36.71456527709961, 30.528413772583008, 35.04833984375, 15.843149185180664, 31.437339782714844, 31.428062438964844, 33.59831237792969, 26.74265480041504, 30.0302677154541, 30.758586883544922, 34.76395797729492, 27.870534896850586, 35.79877471923828, 33.84374237060547, 32.98331069946289, 36.840110778808594, 37.02882766723633, 32.01078414916992, 36.468711853027344, 34.8576545715332, 31.33693504333496, 34.34653091430664, 24.802860260009766, 34.04205322265625, 30.56081771850586, 34.35865783691406, 36.05287170410156, 33.3293571472168, 33.690185546875, 28.49513816833496, 35.10316467285156, 31.484004974365234, 26.74734115600586, 32.86530685424805, 29.874834060668945, 27.4979190826416, 28.183637619018555, 33.328857421875, 35.102725982666016], "labels": [30.0, 26.0, 23.0, 26.0, 26.0, 38.0, 27.0, 39.0, 25.0, 24.0, 25.0, 27.0, 30.0, 27.0, 20.0, 21.0, 21.0, 26.0, 22.0, 24.0, 38.0, 30.0, 34.0, 24.0, 23.0, 22.0, 23.0, 39.0, 34.0, 37.0, 31.0, 28.0, 26.0, 29.0, 34.0, 26.0, 34.0, 19.0, 26.0, 31.0, 18.0, 19.0, 25.0, 26.0, 29.0, 29.0, 18.0, 27.0, 35.0, 22.0, 36.0, 14.0, 24.0, 29.0, 28.0, 24.0, 25.0, 37.0, 24.0, 36.0, 13.0, 23.0, 29.0, 31.0, 23.0, 28.0, 26.0, 26.0, 21.0, 38.0, 32.0, 29.0, 36.0, 40.0, 29.0, 34.0, 36.0, 25.0, 37.0, 17.0, 32.0, 25.0, 25.0, 36.0, 31.0, 27.0, 19.0, 28.0, 24.0, 20.0, 25.0, 23.0, 22.0, 23.0, 27.0, 30.0]}}}