{"best": {"aes": {"rmse_aes": 5.5113519212621505, "pearson_aes": 0.5002221602685948, "spearman_aes": 0.47454967323086056, "kappa_aes": 0.177635316075631, "aes": 5.6963315231855525, "aes_weight_coef": 0.8999999761581421}, "ged": {"f1_score_avg_ged": 0.7809631844900484, "f1_score_macro_ged": 0.6554294662245584, "f1_score_weighted_ged": 0.8074011188909701, "f_0_5_ged": 0.5540523128462826, "ged": 0.011114727532447771, "ged_weight_coef": 0.10000000149011612}, "ner": {"f1_score_avg_ner": 0.9881624547330712, "f1_score_macro_ner": 0.9351335318885786, "f1_score_weighted_ner": 0.9881050890556217, "ner": 0.00040379661732004024, "ner_weight_coef": 0.009999999776482582}}, "train": {"loss": [154.3805, 15.207, 13.3478, 12.9762, 12.4065, 12.2898, 11.6014, 11.7641, 11.291, 11.3306], "learning_rate": [6.339622641509433e-05, 5.679245283018868e-05, 5.0188679245283013e-05, 4.3584905660377356e-05, 3.69811320754717e-05, 3.0377358490566036e-05, 2.3773584905660375e-05, 1.7169811320754714e-05, 1.0566037735849056e-05, 3.9622641509433956e-06], "epoch": [1.89, 3.77, 5.66, 7.55, 9.43, 11.32, 13.21, 15.09, 16.98, 18.87], "step": [500, 1000, 1500, 2000, 2500, 3000, 3500, 4000, 4500, 5000]}, "eval": {"rmse_aes": [16.53447576698121, 6.306962642808167, 5.803495115493384, 5.7566386797235145, 5.744562646538029, 5.678908345800274, 5.689903338370521, 5.710613899670605, 5.678908345800274, 5.632248416238601, 5.57150488348226, 5.5665169640549115, 5.576488341440536, 5.569011482201208, 5.559026693385973, 5.547772325697746, 5.547772325697746, 5.5113519212621505, 5.5113519212621505, 5.5113519212621505], "pearson_aes": [0.17492034546816693, 0.13213398359010115, 0.18704917839304744, 0.2570855000703394, 0.3025612917290786, 0.4059839948839608, 0.3918618782031494, 0.3612741230569227, 0.37506251474077074, 0.4220512043723294, 0.47601514621134156, 0.46842591139177636, 0.4646959490212402, 0.44966445745223077, 0.46742339347758805, 0.4696184852986423, 0.4696184852986423, 0.5002221602685948, 0.5002221602685948, 0.5002221602685948], "spearman_aes": [0.20204737395364117, 0.17507022248242127, 0.20124996923466185, 0.24972619970401108, 0.30418072556415465, 0.40017537975834194, 0.37965004360510385, 0.3717420317845653, 0.36262689946565685, 0.42166582603324426, 0.46372657812854223, 0.46952949915470477, 0.46436188173036497, 0.4532101630707299, 0.4655975133736655, 0.4704200352312923, 0.4704200352312923, 0.47454967323086056, 0.47454967323086056, 0.47454967323086056], "kappa_aes": [0.006670633115178792, 0.029478757468722083, 0.04948004025494812, 0.05799115603284899, 0.07046149976945981, 0.09100844928328222, 0.08689075630252108, 0.0880621320305649, 0.09099307159353354, 0.11603683179867497, 0.1472407819846573, 0.15090145714991354, 0.15419149457187176, 0.1564414672003922, 0.16350614470578662, 0.16834099320779283, 0.16834099320779283, 0.177635316075631, 0.177635316075631, 0.177635316075631], "f1_score_avg_ged": [0.5939293939706438, 0.6573510707779038, 0.7712694647829226, 0.7565570107593413, 0.765631982400055, 0.7556976384448798, 0.7904162799491251, 0.7809631844900484, 0.8103880925372108, 0.8107662163555739, 0.8132412086212231, 0.8221443057990444, 0.8288130349592657, 0.8477536007699976, 0.8442817366195731, 0.8485098484067237, 0.8494723453989206, 0.8434911140902684, 0.828159912000275, 0.8253411708088412], "f1_score_macro_ged": [0.4938836035470948, 0.5453459097842281, 0.627083267992663, 0.6286995390104487, 0.6378778309685468, 0.6367694318257653, 0.6586089828820343, 0.6554294662245584, 0.6734871421624342, 0.6743130074549876, 0.6759343733256394, 0.6818246476174016, 0.6864275742425892, 0.6936710924805489, 0.6945172735991265, 0.6942923024913318, 0.6983708915486379, 0.6936313108587255, 0.6869550728844219, 0.684676731080797], "f1_score_weighted_ged": [0.658308635790282, 0.7102391646663228, 0.7965213787323693, 0.7879090918759054, 0.7950437547476757, 0.7886411660623698, 0.8136116225011507, 0.8074011188909701, 0.827975834741753, 0.8283536798713318, 0.830071012419335, 0.8362205777363094, 0.8408267855089461, 0.8524211835385563, 0.8508108172402298, 0.8529508241021868, 0.8543671812278734, 0.8502011445996529, 0.8405834516890942, 0.8385678270817768], "f_0_5_ged": [0.38913573168983806, 0.44351020717342726, 0.4777391992264756, 0.5193302763871945, 0.5298561303738913, 0.5515374442056538, 0.5400597382060968, 0.5540523128462826, 0.5382867530106793, 0.5401599127748501, 0.5388934538482607, 0.53407982158621, 0.5306276190027779, 0.4985155863433945, 0.511893713671665, 0.4982656095143708, 0.5088386332214102, 0.5113192818110851, 0.5344066841907624, 0.5347468709135065], "f1_score_avg_ner": [0.9738522643199252, 0.9822436820996067, 0.9846968575990032, 0.9855535220591098, 0.9862738989914723, 0.9869358669833729, 0.9868190491024493, 0.9871889723920408, 0.987422608153888, 0.9873447295666057, 0.9871500330983995, 0.9870526848642965, 0.9876173046220942, 0.9875978349752735, 0.9878509403839414, 0.987967758264865, 0.9881624547330712, 0.9880456368521475, 0.987870410030762, 0.9881235154394299], "f1_score_macro_ner": [0.8384139779234276, 0.9026817075640697, 0.9175181272424757, 0.9236797306395952, 0.9252099665348532, 0.9272366683626225, 0.9264372898880039, 0.9300681201458048, 0.9315788303231111, 0.9308220828947219, 0.9303525551945658, 0.929343304805686, 0.931761046234919, 0.9318078895855957, 0.9334977488761871, 0.9349347221727543, 0.9351335318885786, 0.9343515542896959, 0.9339127078685124, 0.9343782202958819], "f1_score_weighted_ner": [0.9729194973310212, 0.9820252543009736, 0.9846398427595616, 0.9855394220288244, 0.986215341374162, 0.9868615867954593, 0.9867475182893247, 0.987109693785446, 0.9873481443065143, 0.9872689018383783, 0.9870914148988821, 0.9869970719796742, 0.9875561660667608, 0.9875665766887227, 0.9877728179689403, 0.9879142276762541, 0.9881050890556217, 0.9879733298521378, 0.9878117498736478, 0.9880690604598298], "aes": [51.69491648119549, 7.51047402758931, 6.320398685544036, 6.249035236447356, 6.231678563495015, 6.179133481757585, 6.133076556893283, 6.116714854573095, 5.992602437041526, 5.968320003775663, 5.930091702660849, 5.866121624791345, 5.865018800247547, 5.776929123457088, 5.7946589270303415, 5.737060591231945, 5.716431262881257, 5.6963315231855525, 5.684734976568888, 5.6689606821814245], "ged": [0.014143994727800058, 0.013283798254506533, 0.012298554528591245, 0.011816646643849306, 0.011494725076265113, 0.011244932752709056, 0.011351313701895781, 0.011114727532447771, 0.011488046323837237, 0.011467978791442028, 0.011496237890664921, 0.011672054352455361, 0.011901028194399766, 0.012736392575641011, 0.012576757908560509, 0.01293256073150524, 0.013005071427933005, 0.012813851237297058, 0.012209527800942576, 0.012234094704306402], "ner": [0.000740994177460887, 0.0005087461376692666, 0.00042789019468283756, 0.00041661024036773937, 0.0004006344845334371, 0.0003810336029557728, 0.00039344233376797027, 0.0003876158863381851, 0.0003950839911636268, 0.00040422588401354935, 0.00040323913827007855, 0.00041285136653324266, 0.0004001424663434845, 0.0004075143403687709, 0.00040759749690762474, 0.0004063473362018771, 0.00040379661732004024, 0.000408199156756678, 0.0004060939061377593, 0.0004073363544976442], "total_loss": [51.70980147010076, 7.524266571981486, 6.333125130267311, 6.261268493331573, 6.243573923055814, 6.19075944811325, 6.144821312928946, 6.128217197991881, 6.004485567356528, 5.980192208451118, 5.941991179689784, 5.878206530510334, 5.877319970908291, 5.790073030373097, 5.8076432824358095, 5.750399499299652, 5.72984013092651, 5.709553573579607, 5.697350598275968, 5.681602113240229], "aes_weight_coef": [0.8999999761581421, 0.8999999761581421, 0.8999999761581421, 0.8999999761581421, 0.8999999761581421, 0.8999999761581421, 0.8999999761581421, 0.8999999761581421, 0.8999999761581421, 0.8999999761581421, 0.8999999761581421, 0.8999999761581421, 0.8999999761581421, 0.8999999761581421, 0.8999999761581421, 0.8999999761581421, 0.8999999761581421, 0.8999999761581421, 0.8999999761581421, 0.8999999761581421],