{"best": {"aes": {"rmse_aes": 6.2059559206369554, "pearson_aes": 0.6088226320368744, "spearman_aes": 0.5908099914058689, "kappa_aes": 0.3615821863108939, "aes": 7.249159125394599, "aes_weight_coef": 0.8999999761581421}, "ged": {"f1_score_avg_ged": 0.5784606923103365, "f1_score_macro_ged": 0.5126245721945843, "f1_score_weighted_ged": 0.6435148083805684, "f_0_5_ged": 0.5087893864013266, "ged": 0.012547271196232286, "ged_weight_coef": 0.10000000149011612}, "ner": {"f1_score_avg_ner": 0.9755655932401386, "f1_score_macro_ner": 0.8773958998956031, "f1_score_weighted_ner": 0.975348246896043, "ner": 0.0006964016315895458, "ner_weight_coef": 0.009999999776482582}}, "train": {"loss": [33.9743], "learning_rate": [0.0004528301886792453], "epoch": [1.89], "step": [500]}, "eval": {"rmse_aes": [5.7638721552635275, 5.810670261586772, 6.2059559206369554], "pearson_aes": [0.3822589735552697, 0.5449470723843353, 0.6088226320368744], "spearman_aes": [0.40151216135153767, 0.5662069533299514, 0.5908099914058689], "kappa_aes": [0.08039142821751522, 0.24731325461058795, 0.3615821863108939], "f1_score_avg_ged": [0.48887972225086795, 0.5784606923103365, 0.6764978859441064], "f1_score_macro_ged": [0.4481190110337455, 0.5126245721945843, 0.5727369058801453], "f1_score_weighted_ged": [0.5577130457342732, 0.6435148083805684, 0.726590641456291], "f_0_5_ged": [0.47941462229778964, 0.5087893864013266, 0.5040368218516562], "f1_score_avg_ner": [0.9682060667419493, 0.9740664304349519, 0.9755655932401386], "f1_score_macro_ner": [0.8327245283966624, 0.8693255643004064, 0.8773958998956031], "f1_score_weighted_ner": [0.9675668480995818, 0.973840829306981, 0.975348246896043], "aes": [6.322511185047238, 6.3805398164793505, 7.249159125394599], "ged": [0.013426324655843336, 0.012547271196232286, 0.012304423593504484], "ner": [0.0008808887708488159, 0.0007312575444514149, 0.0006964016315895458], "total_loss": [6.33681839847393, 6.393818345220034, 7.262159950619694], "aes_weight_coef": [0.8999999761581421, 0.8999999761581421, 0.8999999761581421], "ged_weight_coef": [0.10000000149011612, 0.10000000149011612, 0.10000000149011612], "ner_weight_coef": [0.009999999776482582, 0.009999999776482582, 0.009999999776482582], "epoch": [1.0, 2.0, 3.0], "step": [264, 529, 794]}, "test": {"rmse_aes": 5.4198708471697, "pearson_aes": 0.7274280518655092, "spearman_aes": 0.7511999677357112, "kappa_aes": 0.47990278556739574, "f1_score_avg_ged": 0.5889913159652639, "f1_score_macro_ged": 0.5251880457788418, "f1_score_weighted_ged": 0.6465021577996029, "f_0_5_ged": 0.5111012869633559, "f1_score_avg_ner": 0.9659093356304511, "f1_score_macro_ner": 0.8284980722934433, "f1_score_weighted_ner": 0.9660013511690583, "aes": 7.465464955284482, "ged": 0.01737034666751112, "ner": 0.0009083794977327454, "total_loss": 7.483743681449726, "aes_weight_coef": 0.8999999761581421, "ged_weight_coef": 0.10000000149011612, "ner_weight_coef": 0.009999999776482582}, "info": {"tasks": ["aes", "ged", "ner"], "outputs": ["loss", "labels", "preds"], "map_out_to_task": {"aes_loss": "aes", "aes_labels": "aes", "aes_preds": "aes", "ged_loss": "ged", "ged_labels": "ged", "ged_preds": "ged", "ner_loss": "ner", "ner_labels": "ner", "ner_preds": "ner"}, "map_out_to_out": {"aes_loss": "loss", "aes_labels": "labels", "aes_preds": "preds", "ged_loss": "loss", "ged_labels": "labels", "ged_preds": "preds", "ner_loss": "loss", "ner_labels": "labels", "ner_preds": "preds"}, "map_task_index": {"aes": 0, "ged": 1, "ner": 2}, "map_index_task": {"0": "aes", "1": "ged", "2": "ner"}, "optimizer_weighting": "fixed", "epochs_to_avg_over": 2, "temp": 2, "init_task_weightings": {"aes": 0.9, "ged": 0.09999999999999998, "ner": 0.009999999999999998}, "metrics_to_track_by_task": {"aes": "pearson_aes", "ged": "f_0_5_ged", "ner": "f1_score_avg_ner"}, "regression_tasks": ["aes"], "classification_tasks": ["ner", "ged"], "fce_tasks": ["aes", "ged"], "task_priorities_priority_as_key": {"primary_task": "aes", "secondary_task": "ged", "aux_task": "ner"}, "early_stopping_patience": 2, "early_stopping_metric": "loss", "pretrained_model": "distilroberta-base", "frozen_layers": "all", "scoring": "script", "learning_rate": 0.0005, "batch_size": 8, "weight_decay": 0.01, "adam_epsilon": 1e-08, "normalized_values": null, "model_name": "distilroberta-base_1630657758", "runtime": 120.34054946899414, "steps_per_sec": 0.1515624048727886}, "preds": {"aes": {"preds": [32.77986145019531, 29.79688262939453, 30.388290405273438, 33.143917083740234, 33.97306442260742, 31.58519744873047, 32.47296142578125, 31.834970474243164, 28.606386184692383, 31.55999755859375, 30.211942672729492, 31.686203002929688, 32.74616622924805, 33.182552337646484, 31.068008422851562, 23.017988204956055, 27.0601749420166, 32.22849655151367, 31.83228874206543, 26.983009338378906, 34.37866973876953, 32.9529914855957, 31.9167423248291, 28.32883071899414, 28.666542053222656, 31.638601303100586, 25.98628807067871, 34.7986946105957, 33.99324035644531, 32.31536102294922, 32.017940521240234, 32.67938995361328, 34.205413818359375, 29.284557342529297, 33.2838020324707, 27.953725814819336, 34.31575393676758, 26.786514282226562, 33.900760650634766, 31.36676597595215, 25.579975128173828, 26.162357330322266, 29.900371551513672, 34.07011413574219, 32.211246490478516, 32.09020233154297, 24.06813621520996, 30.12830352783203, 33.47673034667969, 27.866247177124023, 34.447410583496094, 30.788923263549805, 32.438053131103516, 29.29867935180664, 30.910619735717773, 31.69948959350586, 26.308568954467773, 35.1000862121582, 29.143896102905273, 33.53336715698242, 15.748079299926758, 30.561992645263672, 30.72643280029297, 32.1375732421875, 26.292457580566406, 29.241493225097656, 29.591371536254883, 32.859153747558594, 27.29700469970703, 34.02616500854492, 32.56428146362305, 31.63962173461914, 34.82897186279297, 34.909637451171875, 30.150632858276367, 34.556297302246094, 33.567909240722656, 30.30084991455078, 32.87805938720703, 24.642314910888672, 32.905025482177734, 29.65423583984375, 33.090885162353516, 33.99031448364258, 32.08150863647461, 32.26921844482422, 27.81388282775879, 33.46234130859375, 29.89057159423828, 26.261089324951172, 31.6380615234375, 28.758241653442383, 26.77499771118164, 27.53693389892578, 32.03765106201172, 33.348724365234375], "labels": [30.0, 26.0, 23.0, 26.0, 26.0, 38.0, 27.0, 39.0, 25.0, 24.0, 25.0, 27.0, 30.0, 27.0, 20.0, 21.0, 21.0, 26.0, 22.0, 24.0, 38.0, 30.0, 34.0, 24.0, 23.0, 22.0, 23.0, 39.0, 34.0, 37.0, 31.0, 28.0, 26.0, 29.0, 34.0, 26.0, 34.0, 19.0, 26.0, 31.0, 18.0, 19.0, 25.0, 26.0, 29.0, 29.0, 18.0, 27.0, 35.0, 22.0, 36.0, 14.0, 24.0, 29.0, 28.0, 24.0, 25.0, 37.0, 24.0, 36.0, 13.0, 23.0, 29.0, 31.0, 23.0, 28.0, 26.0, 26.0, 21.0, 38.0, 32.0, 29.0, 36.0, 40.0, 29.0, 34.0, 36.0, 25.0, 37.0, 17.0, 32.0, 25.0, 25.0, 36.0, 31.0, 27.0, 19.0, 28.0, 24.0, 20.0, 25.0, 23.0, 22.0, 23.0, 27.0, 30.0]}}}