{"best": {"aes": {"rmse_aes": 196.31356012483928, "pearson_aes": 0.688377260353286, "spearman_aes": 0.6865323757382686, "kappa_aes": 0.6000123820518517, "aes": 1.5125362041384676, "aes_weight_coef": 0.30000001192092896}, "ged": {"f1_score_avg_ged": 0.7294008456223574, "f1_score_macro_ged": 0.6245945009155786, "f1_score_weighted_ged": 0.7695342230827764, "f_0_5_ged": 0.5739861018413097, "ged": 0.07729788436446079, "ged_weight_coef": 0.699999988079071}, "ner": {"f1_score_avg_ner": 0.9876173046220942, "f1_score_macro_ner": 0.9323780514326836, "f1_score_weighted_ner": 0.9875441660702562, "ner": 0.0034402798357701233, "ner_weight_coef": 0.07000000029802322}}, "train": {"loss": [11.5363, 3.2835, 2.9168], "learning_rate": [0.0004528301886792453, 0.0004056603773584906, 0.0003584905660377358], "epoch": [1.89, 3.77, 5.66], "step": [500, 1000, 1500]}, "eval": {"rmse_aes": [228.1141283558639, 205.23025686611936, 199.5677968900683, 202.47541002962967, 196.5684783139623, 197.2718795075579, 196.31356012483928], "pearson_aes": [0.4028739593042412, 0.5887860409994002, 0.6197618266721984, 0.6499752917949696, 0.673788251559897, 0.6820745764289547, 0.688377260353286], "spearman_aes": [0.40459449164842237, 0.5732367318825443, 0.5975709552841303, 0.6278760244208486, 0.6602801420679806, 0.6720120739721102, 0.6865323757382686], "kappa_aes": [0.3338567270179845, 0.4929436943823118, 0.5277460947962465, 0.5458422468327206, 0.5757582340003802, 0.5798800799467023, 0.6000123820518517], "f1_score_avg_ged": [0.40912997146883917, 0.7435633013646832, 0.7294008456223574, 0.7548382661304184, 0.7957443882987866, 0.7198446254855454, 0.8025162421367433], "f1_score_macro_ged": [0.394206173650187, 0.6322900083314148, 0.6245945009155786, 0.641943981836586, 0.6674498908728921, 0.6173677773034183, 0.6732399438960068], "f1_score_weighted_ged": [0.4636838719049154, 0.780095819117404, 0.7695342230827764, 0.7888551419978346, 0.8183799994446026, 0.7620605944277938, 0.823421727244096], "f_0_5_ged": [0.5055684198919396, 0.5664479246346472, 0.5739861018413097, 0.5737136328395969, 0.5576779519606552, 0.5706363671617481, 0.5597941802696949], "f1_score_avg_ner": [0.9792258868424126, 0.984949963007671, 0.9852809470036213, 0.986040263229625, 0.9862738989914723, 0.9871695027452202, 0.9876173046220942], "f1_score_macro_ner": [0.8911338593691589, 0.9189603265451526, 0.9205866556015508, 0.9256307855973623, 0.9296804219951758, 0.9314273509575549, 0.9323780514326836], "f1_score_weighted_ner": [0.97875702480972, 0.9848407719362694, 0.9851453778063765, 0.9859970517144643, 0.986159411143499, 0.9870413922539665, 0.9875441660702562], "aes": [2.040933276331702, 1.6525176458580548, 1.5635235974955004, 1.6084103473397189, 1.516739712205044, 1.52683424949646, 1.5125362041384676], "ged": [0.09382940239684526, 0.07716329984886702, 0.07729788436446079, 0.07930195886035298, 0.08128295319024907, 0.08369034875270932, 0.09481965663821199], "ner": [0.004229733633787133, 0.0032082646868603175, 0.003240079907998226, 0.003214259759176436, 0.003424719874855391, 0.003443907098952941, 0.0034402798357701233], "total_loss": [2.1389924123623345, 1.7328892103937823, 1.6440615617679595, 1.6909265659592483, 1.6014473852701485, 1.6139685053481223, 1.6107961406124496], "aes_weight_coef": [0.30000001192092896, 0.30000001192092896, 0.30000001192092896, 0.30000001192092896, 0.30000001192092896, 0.30000001192092896, 0.30000001192092896], "ged_weight_coef": [0.699999988079071, 0.699999988079071, 0.699999988079071, 0.699999988079071, 0.699999988079071, 0.699999988079071, 0.699999988079071], "ner_weight_coef": [0.07000000029802322, 0.07000000029802322, 0.07000000029802322, 0.07000000029802322, 0.07000000029802322, 0.07000000029802322, 0.07000000029802322], "epoch": [1.0, 2.0, 3.0, 4.0, 5.0, 6.0, 7.0], "step": [264, 529, 794, 1059, 1324, 1589, 1854]}, "test": {"rmse_aes": 179.72264511370477, "pearson_aes": 0.7581006446474301, "spearman_aes": 0.7690410242399297, "kappa_aes": 0.634175702598871, "f1_score_avg_ged": 0.7751503006012024, "f1_score_macro_ged": 0.6615538978287401, "f1_score_weighted_ged": 0.7982185120857125, "f_0_5_ged": 0.5593380759014442, "f1_score_avg_ner": 0.9766340045224507, "f1_score_macro_ner": 0.8686600743408404, "f1_score_weighted_ner": 0.9770457852730797, "aes": 1.7307339282262892, "ged": 0.1381994109778177, "ner": 0.006317975121505913, "total_loss": 1.8752513143256129, "aes_weight_coef": 0.30000001192092896, "ged_weight_coef": 0.699999988079071, "ner_weight_coef": 0.07000000029802322}, "info": {"tasks": ["aes", "ged", "ner"], "outputs": ["loss", "labels", "preds"], "map_out_to_task": {"aes_loss": "aes", "aes_labels": "aes", "aes_preds": "aes", "ged_loss": "ged", "ged_labels": "ged", "ged_preds": "ged", "ner_loss": "ner", "ner_labels": "ner", "ner_preds": "ner"}, "map_out_to_out": {"aes_loss": "loss", "aes_labels": "labels", "aes_preds": "preds", "ged_loss": "loss", "ged_labels": "labels", "ged_preds": "preds", "ner_loss": "loss", "ner_labels": "labels", "ner_preds": "preds"}, "map_task_index": {"aes": 0, "ged": 1, "ner": 2}, "map_index_task": {"0": "aes", "1": "ged", "2": "ner"}, "optimizer_weighting": "fixed", "epochs_to_avg_over": 2, "temp": 2, "init_task_weightings": {"aes": 0.3, "ged": 0.7, "ner": 0.06999999999999999}, "metrics_to_track_by_task": {"aes": "pearson_aes", "ged": "f_0_5_ged", "ner": "f1_score_avg_ner"}, "regression_tasks": ["aes"], "classification_tasks": ["ner", "ged"], "fce_tasks": ["aes", "ged"], "task_priorities_priority_as_key": {"primary_task": "aes", "secondary_task": "ged", "aux_task": "ner"}, "early_stopping_patience": 2, "early_stopping_metric": "loss", "pretrained_model": "distilroberta-base", "frozen_layers": "all", "scoring": "script", "learning_rate": 0.0005, "batch_size": 8, "weight_decay": 0.01, "adam_epsilon": 1e-08, "normalized_values": [40, 0], "model_name": "distilroberta-base_1630664447", "runtime": 406.0943145751953, "steps_per_sec": 0.21903684712793706}, "preds": {"aes": {"preds": [32.36949920654297, 27.875978469848633, 28.978052139282227, 31.98481559753418, 33.375186920166016, 31.42156410217285, 31.32450294494629, 31.396167755126953, 26.38973045349121, 29.526763916015625, 28.40692901611328, 30.566425323486328, 31.566852569580078, 32.04099655151367, 28.92959213256836, 21.92547607421875, 25.103727340698242, 31.55677604675293, 30.664236068725586, 24.9365177154541, 33.195064544677734, 32.88880157470703, 31.05373191833496, 25.75163459777832, 27.143491744995117, 30.750391006469727, 24.67268943786621, 34.44879150390625, 33.41974639892578, 31.55804443359375, 31.033878326416016, 31.337430953979492, 33.494041442871094, 27.806665420532227, 32.31401062011719, 26.490909576416016, 32.90712356567383, 24.635698318481445, 32.307647705078125, 30.518787384033203, 23.509605407714844, 24.724769592285156, 29.42867660522461, 33.2657585144043, 30.550085067749023, 31.147634506225586, 21.407791137695312, 29.133066177368164, 32.3575439453125, 25.97802734375, 33.74024200439453, 28.815271377563477, 31.701967239379883, 28.04269790649414, 29.161710739135742, 30.993871688842773, 24.795137405395508, 33.97199630737305, 28.506162643432617, 32.7706298828125, 14.460716247558594, 28.68354606628418, 28.90425682067871, 30.36069679260254, 24.3555965423584, 26.797121047973633, 28.51569366455078, 32.24119567871094, 25.48981475830078, 33.49383544921875, 32.07917022705078, 29.91950798034668, 34.38484573364258, 34.69115447998047, 29.971166610717773, 33.967689514160156, 32.87359619140625, 28.129085540771484, 31.574914932250977, 22.295211791992188, 31.537212371826172, 27.4711856842041, 31.80562400817871, 33.26382064819336, 30.03447914123535, 31.122262954711914, 25.604724884033203, 32.87925338745117, 29.206274032592773, 24.15213394165039, 29.93099594116211, 27.136947631835938, 24.889068603515625, 26.236616134643555, 30.36469841003418, 32.82551574707031],