{"best": {"aes": {"rmse_aes": 234.00914037228927, "pearson_aes": 0.6691494895079176, "spearman_aes": 0.6684121507026867, "kappa_aes": 0.5075525546429069, "aes": 5.732059478759766, "aes_weight_coef": 0.800000011920929}, "ged": {"f1_score_avg_ged": 0.7292977209446221, "f1_score_macro_ged": 0.6291772650483598, "f1_score_weighted_ged": 0.7699724840869181, "f_0_5_ged": 0.592785508823758, "ged": 0.021887132768021074, "ged_weight_coef": 0.20000000298023224}, "ner": {"f1_score_avg_ner": 0.9884934387290214, "f1_score_macro_ner": 0.9408810119660038, "f1_score_weighted_ner": 0.9884062737413554, "ner": 0.0009079255330085965, "ner_weight_coef": 0.019999999552965164}}, "train": {"loss": [30.8036, 8.3146, 7.347, 7.3014], "learning_rate": [0.0004371069182389937, 0.0003742138364779874, 0.00031132075471698115, 0.00024842767295597487], "epoch": [1.89, 3.77, 5.66, 7.55], "step": [500, 1000, 1500, 2000]}, "eval": {"rmse_aes": [228.80025252511317, 220.35466992000772, 220.00962731460436, 222.12655927046035, 217.8142684847702, 220.09338295873917, 214.35377688920403, 216.75937119303515, 234.00914037228927], "pearson_aes": [0.40271726060592594, 0.5683695331140832, 0.6184681570189574, 0.6327553805411116, 0.6471717054854614, 0.6616092966514653, 0.6656711739821236, 0.666866542514842, 0.6691494895079176], "spearman_aes": [0.404896854832999, 0.5538877093573397, 0.5965347282378466, 0.6146003608560406, 0.6317051244068026, 0.6480586490048122, 0.6604843780111593, 0.665223234614285, 0.6684121507026867], "kappa_aes": [0.32172229426079535, 0.4305535396382013, 0.4830341612308202, 0.492357554955523, 0.5106674087942114, 0.5138336458096056, 0.5306795607510103, 0.5361886691640885, 0.5075525546429069], "f1_score_avg_ged": [0.5861262933553333, 0.7587913787769414, 0.828228661785432, 0.7054071706025918, 0.7397133133958956, 0.7292977209446221, 0.7972568835722388, 0.7803100615310578, 0.8094943453301708], "f1_score_macro_ged": [0.5193807006157043, 0.6339722197940195, 0.6633109957596696, 0.6063511578262015, 0.634558855870287, 0.6291772650483598, 0.6736613231830887, 0.664162387801718, 0.6821625446779739], "f1_score_weighted_ged": [0.6502552569173641, 0.7901578133011993, 0.8354944351854864, 0.7506418220890486, 0.7777993751667859, 0.7699724840869181, 0.8204116347058595, 0.8084779770269094, 0.8291615174941229], "f_0_5_ged": [0.5174827505749808, 0.5330342919426512, 0.4557660384728054, 0.5645929368737858, 0.5858461782303761, 0.592785508823758, 0.576529055320633, 0.5890283980787057, 0.5724731374559722], "f1_score_avg_ner": [0.9782718741482029, 0.9841322378412055, 0.9847357968926443, 0.9858260971145983, 0.9868385187492699, 0.9870916241579378, 0.9880066975585063, 0.9881235154394299, 0.9884934387290214], "f1_score_macro_ner": [0.8771737109125254, 0.9105095940614345, 0.9175352790371443, 0.924579594066389, 0.9307224232861913, 0.9303948195925771, 0.935272000695636, 0.9378060525897473, 0.9408810119660038], "f1_score_weighted_ner": [0.9784398719426328, 0.9841387577249098, 0.9847922657314014, 0.9858225984881183, 0.9866861026554739, 0.9870130512844666, 0.9878787132116448, 0.9880210190669834, 0.9884062737413554], "aes": [5.477349214775618, 5.081665360650351, 5.063839280328085, 5.162298513013263, 4.964598810949991, 5.068756669066673, 4.8076006534487705, 4.918282375779262, 5.732059478759766], "ged": [0.024745595143284907, 0.022917030509128127, 0.02542105126519536, 0.022238698982915212, 0.02160844778598741, 0.021887132768021074, 0.023941333210745524, 0.023405485028444334, 0.02658393234014511], "ner": [0.0011633671312538778, 0.0009198120614475852, 0.0009409808553755283, 0.0008850730979289903, 0.0008931756388466416, 0.0009058190835910568, 0.000900495225471596, 0.0009452306640014285, 0.0009079255330085965], "total_loss": [5.5032581770501565, 5.105502203220927, 5.090201312448656, 5.185422285094107, 4.987100434374825, 5.091549620918285, 4.832442481884987, 4.942633091471708, 5.759551336632919], "aes_weight_coef": [0.800000011920929, 0.800000011920929, 0.800000011920929, 0.800000011920929, 0.800000011920929, 0.800000011920929, 0.800000011920929, 0.800000011920929, 0.800000011920929], "ged_weight_coef": [0.20000000298023224, 0.20000000298023224, 0.20000000298023224, 0.20000000298023224, 0.20000000298023224, 0.20000000298023224, 0.20000000298023224, 0.20000000298023224, 0.20000000298023224], "ner_weight_coef": [0.019999999552965164, 0.019999999552965164, 0.019999999552965164, 0.019999999552965164, 0.019999999552965164, 0.019999999552965164, 0.019999999552965164, 0.019999999552965164, 0.019999999552965164], "epoch": [1.0, 2.0, 3.0, 4.0, 5.0, 6.0, 7.0, 8.0, 9.0], "step": [264, 529, 794, 1059, 1324, 1589, 1854, 2119, 2384]}, "test": {"rmse_aes": 212.25225754590537, "pearson_aes": 0.7619761407511767, "spearman_aes": 0.7832251638037979, "kappa_aes": 0.5638791218472925, "f1_score_avg_ged": 0.7912090848363393, "f1_score_macro_ged": 0.6732399579900658, "f1_score_weighted_ged": 0.8100845648200141, "f_0_5_ged": 0.5574683861274572, "f1_score_avg_ner": 0.9780338107031334, "f1_score_macro_ner": 0.8773313787805768, "f1_score_weighted_ner": 0.9781840224381716, "aes": 6.4367294538588755, "ged": 0.038778310730343775, "ner": 0.0017563359689943138, "total_loss": 6.477264100558213, "aes_weight_coef": 0.800000011920929, "ged_weight_coef": 0.20000000298023224, "ner_weight_coef": 0.019999999552965164}, "info": {"tasks": ["aes", "ged", "ner"], "outputs": ["loss", "labels", "preds"], "map_out_to_task": {"aes_loss": "aes", "aes_labels": "aes", "aes_preds": "aes", "ged_loss": "ged", "ged_labels": "ged", "ged_preds": "ged", "ner_loss": "ner", "ner_labels": "ner", "ner_preds": "ner"}, "map_out_to_out": {"aes_loss": "loss", "aes_labels": "labels", "aes_preds": "preds", "ged_loss": "loss", "ged_labels": "labels", "ged_preds": "preds", "ner_loss": "loss", "ner_labels": "labels", "ner_preds": "preds"}, "map_task_index": {"aes": 0, "ged": 1, "ner": 2}, "map_index_task": {"0": "aes", "1": "ged", "2": "ner"}, "optimizer_weighting": "fixed", "epochs_to_avg_over": 2, "temp": 2, "init_task_weightings": {"aes": 0.8, "ged": 0.19999999999999996, "ner": 0.019999999999999997}, "metrics_to_track_by_task": {"aes": "pearson_aes", "ged": "f_0_5_ged", "ner": "f1_score_avg_ner"}, "regression_tasks": ["aes"], "classification_tasks": ["ner", "ged"], "fce_tasks": ["aes", "ged"], "task_priorities_priority_as_key": {"primary_task": "aes", "secondary_task": "ged", "aux_task": "ner"}, "early_stopping_patience": 2, "early_stopping_metric": "loss", "pretrained_model": "distilroberta-base", "frozen_layers": "all", "scoring": "script", "learning_rate": 0.0005, "batch_size": 8, "weight_decay": 0.01, "adam_epsilon": 1e-08, "normalized_values": [40, 0], "model_name": "distilroberta-base_1630673830", "runtime": 522.6080303192139, "steps_per_sec": 0.2192147778184622},