{"best": {"ged": {"f1_score_avg_ged": 0.8424700495515273, "f1_score_macro_ged": 0.7156821795494956, "f1_score_weighted_ged": 0.8542777021234538, "f_0_5_ged": 0.5923515399013102, "ged": 0.5681623617808024, "ged_weight_coef": 1.0}}, "train": {"loss": [0.5314], "learning_rate": [6.240601503759399e-06], "epoch": [3.76], "step": [500]}, "eval": {"f1_score_avg_ged": [0.8337514896819921, 0.8431913692529637, 0.8472056702000879, 0.8424700495515273, 0.8597189989337013, 0.8624788308348491], "f1_score_macro_ged": [0.6809380700923401, 0.703362498736923, 0.7138848247334824, 0.7156821795494956, 0.7291472818532851, 0.731164685820912], "f1_score_weighted_ged": [0.842123784252341, 0.8520312722674986, 0.856454704320026, 0.8542777021234538, 0.8664248141159785, 0.8683182886633802], "f_0_5_ged": [0.4968329374505146, 0.5449823213584182, 0.5695680486216627, 0.5923515399013102, 0.5818109610802226, 0.5791437200213182], "ged": [0.6350119709968567, 0.6031651165750291, 0.5877263247966766, 0.5681623617808024, 0.596885257297092, 0.6072825656996833], "total_loss": [0.6350119709968567, 0.6031651165750291, 0.5877263247966766, 0.5681623617808024, 0.596885257297092, 0.6072825656996833], "ged_weight_coef": [1.0, 1.0, 1.0, 1.0, 1.0, 1.0], "epoch": [0.99, 1.99, 2.99, 3.99, 4.99, 5.99], "step": [132, 265, 398, 531, 664, 797]}, "test": {"f1_score_avg_ged": 0.8463039637121232, "f1_score_macro_ged": 0.7209803489360792, "f1_score_weighted_ged": 0.8516989991099508, "f_0_5_ged": 0.5635633270321361, "ged": 0.644227663675944, "total_loss": 0.644227663675944, "ged_weight_coef": 1.0}, "info": {"tasks": ["ged"], "outputs": ["loss", "labels", "preds"], "map_out_to_task": {"ged_loss": "ged", "ged_labels": "ged", "ged_preds": "ged"}, "map_out_to_out": {"ged_loss": "loss", "ged_labels": "labels", "ged_preds": "preds"}, "map_task_index": {"ged": 0}, "map_index_task": {"0": "ged"}, "optimizer_weighting": "fixed", "epochs_to_avg_over": 2, "temp": 2, "init_task_weightings": {"aes": 1.0, "ged": 1.0, "ner": 1.0}, "metrics_to_track_by_task": {"aes": "pearson_aes", "ged": "f_0_5_ged", "ner": "f1_score_avg_ner"}, "regression_tasks": ["aes"], "classification_tasks": ["ner", "ged"], "fce_tasks": ["aes", "ged"], "task_priorities_priority_as_key": {"primary_task": "ged"}, "early_stopping_patience": 2, "early_stopping_metric": "loss", "pretrained_model": "distilroberta-base", "frozen_layers": 3, "scoring": "script", "learning_rate": 1e-05, "batch_size": 8, "weight_decay": 0.01, "adam_epsilon": 1e-08, "normalized_values": null, "model_name": "distilroberta-base_1630610845", "runtime": 398.56573033332825, "steps_per_sec": 0.5000824721873629}, "preds": {}}