{"best": {"aes": {"rmse_aes": 6.2182527020592095, "pearson_aes": 0.6086374933214695, "spearman_aes": 0.5904924837441256, "kappa_aes": 0.35828575456403744, "aes": 4.893704458724621, "aes_weight_coef": 0.6000000238418579}, "ged": {"f1_score_avg_ged": 0.8296724072737273, "f1_score_macro_ged": 0.6251590067226697, "f1_score_weighted_ged": 0.8274738501475503, "f_0_5_ged": 0.34204815542006817, "ged": 0.05599061971487001, "ged_weight_coef": 0.4000000059604645}, "ner": {"f1_score_avg_ner": 0.9462248354814844, "f1_score_macro_ner": 0.7885485126764525, "f1_score_weighted_ner": 0.9427274814064667, "ner": 0.00539711247696433, "ner_weight_coef": 0.03999999910593033}}, "train": {"loss": [23.0881], "learning_rate": [0.0004528301886792453], "epoch": [1.89], "step": [500]}, "eval": {"rmse_aes": [5.753018531364402, 5.802298395176403, 6.2182527020592095], "pearson_aes": [0.4204882270905782, 0.5510568028148608, 0.6086374933214695], "spearman_aes": [0.4306896725233792, 0.5699520241670701, 0.5904924837441256], "kappa_aes": [0.08962457898628118, 0.25275161130391666, 0.35828575456403744], "f1_score_avg_ged": [0.8296724072737273, 0.8493348458286067, 0.8629473032896772], "f1_score_macro_ged": [0.6251590067226697, 0.6374261915009714, 0.6290546355833111], "f1_score_weighted_ged": [0.8274738501475503, 0.83996855953346, 0.8442865159917191], "f_0_5_ged": [0.34204815542006817, 0.3316847650790238, 0.282380791342577], "f1_score_avg_ner": [0.9307269966122814, 0.9407149254312527, 0.9462248354814844], "f1_score_macro_ner": [0.7062296672640093, 0.7567007124472102, 0.7885485126764525], "f1_score_weighted_ner": [0.9270851715727904, 0.9364997610001788, 0.9427274814064667], "aes": [4.216859640077103, 4.254999243935873, 4.893704458724621], "ged": [0.05599061971487001, 0.056550686096036154, 0.06019526026969732], "ner": [0.00685567379560928, 0.006012932381181176, 0.00539711247696433], "total_loss": [4.279705933587582, 4.317562862413091, 4.959296831471282], "aes_weight_coef": [0.6000000238418579, 0.6000000238418579, 0.6000000238418579], "ged_weight_coef": [0.4000000059604645, 0.4000000059604645, 0.4000000059604645], "ner_weight_coef": [0.03999999910593033, 0.03999999910593033, 0.03999999910593033], "epoch": [1.0, 2.0, 3.0], "step": [264, 529, 794]}, "test": {"rmse_aes": 5.451490621839131, "pearson_aes": 0.7254124290958822, "spearman_aes": 0.7437889039831409, "kappa_aes": 0.47945880975128674, "f1_score_avg_ged": 0.8369806279225117, "f1_score_macro_ged": 0.6274781381371133, "f1_score_weighted_ged": 0.822193182890627, "f_0_5_ged": 0.3088854336531533, "f1_score_avg_ner": 0.9390545924410466, "f1_score_macro_ner": 0.7525424462129097, "f1_score_weighted_ner": 0.9361359927911874, "aes": 5.04909542628697, "ged": 0.0823218013559069, "ner": 0.005625157805514478, "total_loss": 5.1370423854483915, "aes_weight_coef": 0.6000000238418579, "ged_weight_coef": 0.4000000059604645, "ner_weight_coef": 0.03999999910593033}, "info": {"tasks": ["aes", "ged", "ner"], "outputs": ["loss", "labels", "preds"], "map_out_to_task": {"aes_loss": "aes", "aes_labels": "aes", "aes_preds": "aes", "ged_loss": "ged", "ged_labels": "ged", "ged_preds": "ged", "ner_loss": "ner", "ner_labels": "ner", "ner_preds": "ner"}, "map_out_to_out": {"aes_loss": "loss", "aes_labels": "labels", "aes_preds": "preds", "ged_loss": "loss", "ged_labels": "labels", "ged_preds": "preds", "ner_loss": "loss", "ner_labels": "labels", "ner_preds": "preds"}, "map_task_index": {"aes": 0, "ged": 1, "ner": 2}, "map_index_task": {"0": "aes", "1": "ged", "2": "ner"}, "optimizer_weighting": "fixed", "epochs_to_avg_over": 2, "temp": 2, "init_task_weightings": {"aes": 0.6000000000000001, "ged": 0.3999999999999999, "ner": 0.039999999999999994}, "metrics_to_track_by_task": {"aes": "pearson_aes", "ged": "f_0_5_ged", "ner": "f1_score_avg_ner"}, "regression_tasks": ["aes"], "classification_tasks": ["ner", "ged"], "fce_tasks": ["aes", "ged"], "task_priorities_priority_as_key": {"primary_task": "aes", "secondary_task": "ged", "aux_task": "ner"}, "early_stopping_patience": 2, "early_stopping_metric": "loss", "pretrained_model": "distilroberta-base", "frozen_layers": "all", "scoring": "script", "learning_rate": 0.0005, "batch_size": 8, "weight_decay": 0.01, "adam_epsilon": 1e-08, "normalized_values": null, "model_name": "distilroberta-base_1630647330", "runtime": 119.41958618164062, "steps_per_sec": 0.15040250148821238}, "preds": {"aes": {"preds": [32.84065246582031, 29.85298728942871, 30.436338424682617, 33.201759338378906, 34.02653503417969, 31.62894058227539, 32.53220748901367, 31.895998001098633, 28.64249038696289, 31.63240623474121, 30.276657104492188, 31.747848510742188, 32.818729400634766, 33.24501419067383, 31.137065887451172, 23.056476593017578, 27.104816436767578, 32.27107238769531, 31.894044876098633, 27.055761337280273, 34.46253967285156, 33.0170783996582, 31.968727111816406, 28.401836395263672, 28.723134994506836, 31.66790771484375, 26.032855987548828, 34.85148620605469, 34.04228591918945, 32.37320327758789, 32.08692169189453, 32.74303436279297, 34.254398345947266, 29.34402084350586, 33.35218811035156, 28.03482437133789, 34.3903923034668, 26.867799758911133, 33.96971130371094, 31.418514251708984, 25.632905960083008, 26.214670181274414, 29.989957809448242, 34.130218505859375, 32.30192947387695, 32.15068817138672, 24.134733200073242, 30.172094345092773, 33.56125259399414, 27.916589736938477, 34.50885772705078, 30.857666015625, 32.50618362426758, 29.348663330078125, 30.962953567504883, 31.77138900756836, 26.37511444091797, 35.16141891479492, 29.194381713867188, 33.590843200683594, 15.824872016906738, 30.63813018798828, 30.794342041015625, 32.182777404785156, 26.35885238647461, 29.324047088623047, 29.646488189697266, 32.91087341308594, 27.338951110839844, 34.06877136230469, 32.604148864746094, 31.745655059814453, 34.87919998168945, 34.96736526489258, 30.148590087890625, 34.631568908691406, 33.61030578613281, 30.3634033203125, 32.920570373535156, 24.6943302154541, 32.97405242919922, 29.724010467529297, 33.15251922607422, 34.05250549316406, 32.153804779052734, 32.328636169433594, 27.876495361328125, 33.5174674987793, 29.969436645507812, 26.287647247314453, 31.73402976989746, 28.845121383666992, 26.83722496032715, 27.563566207885742, 32.08985900878906, 33.387184143066406], "labels": [30.0, 26.0, 23.0, 26.0, 26.0, 38.0, 27.0, 39.0, 25.0, 24.0, 25.0, 27.0, 30.0, 27.0, 20.0, 21.0, 21.0, 26.0, 22.0, 24.0, 38.0, 30.0, 34.0, 24.0, 23.0, 22.0, 23.0, 39.0, 34.0, 37.0, 31.0, 28.0, 26.0, 29.0, 34.0, 26.0, 34.0, 19.0, 26.0, 31.0, 18.0, 19.0, 25.0, 26.0, 29.0, 29.0, 18.0, 27.0, 35.0, 22.0, 36.0, 14.0, 24.0, 29.0, 28.0, 24.0, 25.0, 37.0, 24.0, 36.0, 13.0, 23.0, 29.0, 31.0, 23.0, 28.0, 26.0, 26.0, 21.0, 38.0, 32.0, 29.0, 36.0, 40.0, 29.0, 34.0, 36.0, 25.0, 37.0, 17.0, 32.0, 25.0, 25.0, 36.0, 31.0, 27.0, 19.0, 28.0, 24.0, 20.0, 25.0, 23.0, 22.0, 23.0, 27.0, 30.0]}}}