{"best": {"ner": {"f1_score_avg_ner": 0.9921732019781161, "f1_score_macro_ner": 0.9542377743641245, "f1_score_weighted_ner": 0.9921444773605326, "ner": 0.026321334388042086, "ner_weight_coef": 1.0}, "ged": {"f1_score_avg_ged": 0.8955690763466364, "f1_score_macro_ged": 0.6896153253221082, "f1_score_weighted_ged": 0.8743627146763893, "f_0_5_ged": 0.3435403907844853, "ged": 0.006512945561214935, "ged_weight_coef": 0.10000000149011612}}, "train": {"loss": [0.0959, 0.0252, 0.0182], "learning_rate": [6.339622641509433e-05, 5.679245283018868e-05, 5.0188679245283013e-05], "epoch": [1.89, 3.77, 5.66], "step": [500, 1000, 1500]}, "eval": {"f1_score_avg_ner": [0.9857482185273159, 0.9890385888399984, 0.99069350881975, 0.9909271445815973, 0.9921732019781161, 0.9919006269226276, 0.9918811572758071], "f1_score_macro_ner": [0.916201570452624, 0.9396042854625342, 0.9438754136951198, 0.9463995958121431, 0.9542377743641245, 0.9541819809922895, 0.9508636946944043], "f1_score_weighted_ner": [0.985768269932491, 0.9890314573780035, 0.9907781039643828, 0.9908537390719959, 0.9921444773605326, 0.9918731109553837, 0.9918416458280979], "f1_score_avg_ged": [0.8765253858581692, 0.8828159912000275, 0.8870097280945997, 0.8907909662782304, 0.8930597091884088, 0.8930597091884088, 0.8955690763466364], "f1_score_macro_ged": [0.564415322301626, 0.6102291858409548, 0.6354346231648108, 0.6705240873681613, 0.6774781120078259, 0.6706492820348322, 0.6896153253221082], "f1_score_weighted_ged": [0.8338376013278774, 0.8484065009312957, 0.8567261900560019, 0.8673715205217533, 0.8701546176951641, 0.8684146317379854, 0.8743627146763893], "f_0_5_ged": [0.13473515446753406, 0.2049775947680756, 0.24556248500839534, 0.31191369606003755, 0.32184312346113264, 0.30615257439773264, 0.3435403907844853], "ged": [0.007121996824131455, 0.006890867078720137, 0.006686813739496608, 0.006413408923287725, 0.00648254381362782, 0.006659857408944951, 0.006512945561214935], "ner": [0.04228683773341567, 0.03394461709053018, 0.02814354418863564, 0.029391176384050657, 0.026321334388042086, 0.03166859884554152, 0.030600431465901176], "total_loss": [0.049408834557547125, 0.04083548416925031, 0.03483035792813225, 0.035804585307338384, 0.032803878201669905, 0.03832845625448647, 0.03711337702711611], "ner_weight_coef": [1.0, 1.0, 1.0, 1.0, 1.0, 1.0, 1.0], "ged_weight_coef": [0.10000000149011612, 0.10000000149011612, 0.10000000149011612, 0.10000000149011612, 0.10000000149011612, 0.10000000149011612, 0.10000000149011612], "epoch": [1.0, 2.0, 3.0, 4.0, 5.0, 6.0, 7.0], "step": [264, 529, 794, 1059, 1324, 1589, 1854]}, "test": {"f1_score_avg_ner": 0.982513190481318, "f1_score_macro_ner": 0.8986038770054835, "f1_score_weighted_ner": 0.9827820882488371, "f1_score_avg_ged": 0.8816032064128256, "f1_score_macro_ged": 0.6743638465476425, "f1_score_weighted_ged": 0.8554275758510755, "f_0_5_ged": 0.3191749054070548, "ged": 0.010067611444918882, "ner": 0.07838882718767438, "total_loss": 0.08845643863259327, "ner_weight_coef": 1.0, "ged_weight_coef": 0.10000000149011612}, "info": {"tasks": ["ner", "ged"], "outputs": ["loss", "labels", "preds"], "map_out_to_task": {"ner_loss": "ner", "ner_labels": "ner", "ner_preds": "ner", "ged_loss": "ged", "ged_labels": "ged", "ged_preds": "ged"}, "map_out_to_out": {"ner_loss": "loss", "ner_labels": "labels", "ner_preds": "preds", "ged_loss": "loss", "ged_labels": "labels", "ged_preds": "preds"}, "map_task_index": {"ner": 0, "ged": 1}, "map_index_task": {"0": "ner", "1": "ged"}, "optimizer_weighting": "fixed", "epochs_to_avg_over": 2, "temp": 2, "init_task_weightings": {"ged": 0.1, "ner": 1.0}, "metrics_to_track_by_task": {"aes": "pearson_aes", "ged": "f_0_5_ged", "ner": "f1_score_avg_ner"}, "regression_tasks": ["aes"], "classification_tasks": ["ner", "ged"], "fce_tasks": ["aes", "ged"], "task_priorities_priority_as_key": {"primary_task": "ner", "secondary_task": "ged"}, "early_stopping_patience": 2, "early_stopping_metric": "loss", "pretrained_model": "distilroberta-base", "frozen_layers": "all", "scoring": "script", "learning_rate": 7e-05, "batch_size": 8, "weight_decay": 0.01, "adam_epsilon": 1e-08, "normalized_values": [40, 0], "model_name": "distilroberta-base_1630668934", "runtime": 494.5589990615845, "steps_per_sec": 0.2667524266783088}, "preds": {}}