{"best": {"aes": {"rmse_aes": 18.64050306269602, "pearson_aes": NaN, "spearman_aes": NaN, "kappa_aes": 0.0, "aes": 398.7633107503255, "aes_weight_coef": 1.0}}, "train": {}, "eval": {"rmse_aes": [18.64050306269602, 16.74756736538856, 14.882663433877552], "pearson_aes": [NaN, NaN, NaN], "spearman_aes": [NaN, NaN, NaN], "kappa_aes": [0.0, 0.0, 0.0], "aes": [398.7633107503255, 301.17562696668836, 252.63377549913196], "total_loss": [398.7633107503255, 301.17562696668836, 252.63377549913196], "aes_weight_coef": [1.0, 1.0, 1.0], "epoch": [0.99, 1.99, 2.99], "step": [132, 265, 398]}, "test": {"rmse_aes": 14.703250219264762, "pearson_aes": NaN, "spearman_aes": NaN, "kappa_aes": 0.0, "aes": 254.45149612426758, "total_loss": 254.45149612426758, "aes_weight_coef": 1.0}, "info": {"tasks": ["aes"], "outputs": ["loss", "labels", "preds"], "map_out_to_task": {"aes_loss": "aes", "aes_labels": "aes", "aes_preds": "aes"}, "map_out_to_out": {"aes_loss": "loss", "aes_labels": "labels", "aes_preds": "preds"}, "map_task_index": {"aes": 0}, "map_index_task": {"0": "aes"}, "optimizer_weighting": "fixed", "epochs_to_avg_over": 2, "temp": 2, "init_task_weightings": {"aes": 1.0, "ged": 1.0, "ner": 1.0}, "metrics_to_track_by_task": {"aes": "pearson_aes", "ged": "f_0_5_ged", "ner": "f1_score_avg_ner"}, "regression_tasks": ["aes"], "classification_tasks": ["ner", "ged"], "fce_tasks": ["aes", "ged"], "task_priorities_priority_as_key": {"primary_task": "aes"}, "early_stopping_patience": 2, "early_stopping_metric": null, "pretrained_model": "distilroberta-base", "frozen_layers": 3, "scoring": "script", "learning_rate": 1e-05, "batch_size": 8, "weight_decay": 0.01, "adam_epsilon": 1e-08, "normalized_values": null, "model_name": "distilroberta-base_1630607551", "runtime": 196.23079204559326, "steps_per_sec": 0.4930421910693298}, "preds": {"aes": {"preds": [13.775486946105957, 13.773653030395508, 13.774283409118652, 13.773665428161621, 13.770045280456543, 13.775336265563965, 13.774638175964355, 13.775446891784668, 13.77465534210205, 13.772207260131836, 13.77306842803955, 13.775978088378906, 13.774718284606934, 13.773475646972656, 13.77619457244873, 13.775915145874023, 13.7736177444458, 13.773407936096191, 13.77443790435791, 13.775376319885254, 13.776463508605957, 13.774956703186035, 13.775823593139648, 13.775500297546387, 13.776534080505371, 13.77528190612793, 13.775232315063477, 13.773571968078613, 13.77413272857666, 13.775145530700684, 13.776257514953613, 13.774576187133789, 13.772937774658203, 13.773619651794434, 13.775179862976074, 13.77318000793457, 13.77297306060791, 13.775708198547363, 13.774515151977539, 13.775567054748535, 13.774818420410156, 13.774322509765625, 13.77688217163086, 13.773736953735352, 13.77283763885498, 13.776966094970703, 13.773688316345215, 13.772665023803711, 13.776238441467285, 13.774704933166504, 13.775324821472168, 13.774944305419922, 13.774690628051758, 13.775664329528809, 13.773293495178223, 13.773197174072266, 13.77713394165039, 13.773715019226074, 13.7756929397583, 13.772881507873535, 13.77358341217041, 13.775792121887207, 13.770620346069336, 13.773053169250488, 13.775233268737793, 13.775856018066406, 13.774903297424316, 13.775864601135254, 13.776355743408203, 13.776217460632324, 13.775140762329102, 13.774044036865234, 13.77357006072998, 13.776261329650879, 13.76809310913086, 13.775218963623047, 13.773332595825195, 13.774336814880371, 13.773222923278809, 13.776369094848633, 13.776410102844238, 13.77486801147461, 13.773404121398926, 13.77338695526123, 13.771889686584473, 13.776575088500977, 13.774687767028809, 13.776457786560059, 13.771147727966309, 13.775832176208496, 13.775312423706055, 13.774632453918457, 13.777348518371582, 13.774083137512207, 13.773707389831543, 13.77597713470459, 13.774418830871582], "labels": [30.0, 26.0, 23.0, 26.0, 26.0, 38.0, 27.0, 39.0, 25.0, 24.0, 25.0, 27.0, 30.0, 27.0, 20.0, 21.0, 21.0, 26.0, 22.0, 24.0, 38.0, 30.0, 34.0, 24.0, 23.0, 22.0, 23.0, 39.0, 34.0, 37.0, 31.0, 28.0, 26.0, 29.0, 34.0, 26.0, 34.0, 19.0, 26.0, 31.0, 18.0, 19.0, 25.0, 26.0, 29.0, 29.0, 18.0, 27.0, 35.0, 22.0, 36.0, 14.0, 24.0, 29.0, 28.0, 24.0, 25.0, 37.0, 24.0, 36.0, 13.0, 23.0, 29.0, 31.0, 23.0, 28.0, 26.0, 26.0, 21.0, 38.0, 32.0, 29.0, 36.0, 40.0, 29.0, 34.0, 36.0, 25.0, 37.0, 17.0, 32.0, 25.0, 25.0, 36.0, 31.0, 27.0, 19.0, 28.0, 24.0, 20.0, 25.0, 23.0, 22.0, 23.0, 27.0, 30.0, 34.0]}}}