{"best": {"aes": {"rmse_aes": 11.292430532961987, "pearson_aes": NaN, "spearman_aes": NaN, "kappa_aes": 0.0, "aes": 133.37194146050348, "aes_weight_coef": 1.0}}, "train": {}, "eval": {"rmse_aes": [11.292430532961987, 6.329556946520072, 5.7080888641481975], "pearson_aes": [NaN, NaN, NaN], "spearman_aes": [NaN, NaN, NaN], "kappa_aes": [0.0, 0.0, 0.0], "aes": [133.37194146050348, 46.31916258070204, 35.925517823961044], "total_loss": [133.37194146050348, 46.31916258070204, 35.925517823961044], "aes_weight_coef": [1.0, 1.0, 1.0], "epoch": [0.99, 1.99, 2.99], "step": [132, 265, 398]}, "test": {"rmse_aes": 5.932611253795398, "pearson_aes": NaN, "spearman_aes": NaN, "kappa_aes": 0.0, "aes": 38.22288258870443, "total_loss": 38.22288258870443, "aes_weight_coef": 1.0}, "info": {"tasks": ["aes"], "outputs": ["loss", "labels", "preds"], "map_out_to_task": {"aes_loss": "aes", "aes_labels": "aes", "aes_preds": "aes"}, "map_out_to_out": {"aes_loss": "loss", "aes_labels": "labels", "aes_preds": "preds"}, "map_task_index": {"aes": 0}, "map_index_task": {"0": "aes"}, "optimizer_weighting": "fixed", "epochs_to_avg_over": 2, "temp": 2, "init_task_weightings": {"aes": 1.0, "ged": 1.0, "ner": 1.0}, "metrics_to_track_by_task": {"aes": "pearson_aes", "ged": "f_0_5_ged", "ner": "f1_score_avg_ner"}, "regression_tasks": ["aes"], "classification_tasks": ["ner", "ged"], "fce_tasks": ["aes", "ged"], "task_priorities_priority_as_key": {"primary_task": "aes"}, "early_stopping_patience": 2, "early_stopping_metric": null, "pretrained_model": "distilroberta-base", "frozen_layers": null, "scoring": "script", "learning_rate": 7e-05, "batch_size": 8, "weight_decay": 0.01, "adam_epsilon": 1e-08, "normalized_values": null, "model_name": "distilroberta-base_1630608342", "runtime": 196.8990240097046, "steps_per_sec": 0.4947211658535291}, "preds": {"aes": {"preds": [27.697425842285156, 27.697349548339844, 27.69698143005371, 27.697345733642578, 27.697032928466797, 27.69752311706543, 27.697391510009766, 27.69739532470703, 27.697298049926758, 27.69723129272461, 27.697303771972656, 27.697532653808594, 27.69754409790039, 27.697437286376953, 27.697120666503906, 27.697145462036133, 27.697290420532227, 27.69721221923828, 27.697444915771484, 27.697057723999023, 27.697261810302734, 27.697593688964844, 27.697389602661133, 27.69731330871582, 27.697509765625, 27.69727325439453, 27.69721031188965, 27.696949005126953, 27.697315216064453, 27.69743537902832, 27.69732093811035, 27.697330474853516, 27.696765899658203, 27.697053909301758, 27.697301864624023, 27.69709014892578, 27.697166442871094, 27.69740104675293, 27.697189331054688, 27.69717025756836, 27.697174072265625, 27.697608947753906, 27.69723892211914, 27.69734001159668, 27.697250366210938, 27.697341918945312, 27.69715690612793, 27.697265625, 27.697391510009766, 27.697166442871094, 27.697359085083008, 27.696983337402344, 27.697444915771484, 27.697484970092773, 27.69723129272461, 27.697486877441406, 27.69721221923828, 27.697458267211914, 27.69727897644043, 27.69742774963379, 27.697044372558594, 27.697189331054688, 27.696636199951172, 27.697525024414062, 27.696979522705078, 27.69729232788086, 27.69704818725586, 27.697330474853516, 27.697246551513672, 27.69761085510254, 27.697124481201172, 27.697185516357422, 27.69736099243164, 27.697359085083008, 27.69733238220215, 27.697359085083008, 27.69713592529297, 27.697402954101562, 27.697383880615234, 27.697355270385742, 27.697261810302734, 27.69735336303711, 27.697265625, 27.697341918945312, 27.697572708129883, 27.697254180908203, 27.697513580322266, 27.697357177734375, 27.697214126586914, 27.69717025756836, 27.697036743164062, 27.69705581665039, 27.697237014770508, 27.697185516357422, 27.697202682495117, 27.697446823120117, 27.697559356689453], "labels": [30.0, 26.0, 23.0, 26.0, 26.0, 38.0, 27.0, 39.0, 25.0, 24.0, 25.0, 27.0, 30.0, 27.0, 20.0, 21.0, 21.0, 26.0, 22.0, 24.0, 38.0, 30.0, 34.0, 24.0, 23.0, 22.0, 23.0, 39.0, 34.0, 37.0, 31.0, 28.0, 26.0, 29.0, 34.0, 26.0, 34.0, 19.0, 26.0, 31.0, 18.0, 19.0, 25.0, 26.0, 29.0, 29.0, 18.0, 27.0, 35.0, 22.0, 36.0, 14.0, 24.0, 29.0, 28.0, 24.0, 25.0, 37.0, 24.0, 36.0, 13.0, 23.0, 29.0, 31.0, 23.0, 28.0, 26.0, 26.0, 21.0, 38.0, 32.0, 29.0, 36.0, 40.0, 29.0, 34.0, 36.0, 25.0, 37.0, 17.0, 32.0, 25.0, 25.0, 36.0, 31.0, 27.0, 19.0, 28.0, 24.0, 20.0, 25.0, 23.0, 22.0, 23.0, 27.0, 30.0, 34.0]}}}