{"best": {"aes": {"rmse_aes": 6.2059559206369554, "pearson_aes": 0.6088226320368744, "spearman_aes": 0.5908099914058689, "kappa_aes": 0.3615821863108939, "aes": 4.832785506581152, "aes_weight_coef": 0.6000000238418579}, "ged": {"f1_score_avg_ged": 0.5977106321542746, "f1_score_macro_ged": 0.5255685631358291, "f1_score_weighted_ged": 0.6607522691588451, "f_0_5_ged": 0.5122381178384975, "ged": 0.049471303820610046, "ged_weight_coef": 0.4000000059604645}, "ner": {"f1_score_avg_ner": 0.9751956699505471, "f1_score_macro_ner": 0.8745939008087473, "f1_score_weighted_ner": 0.9749707673423769, "ner": 0.002809010004776335, "ner_weight_coef": 0.03999999910593033}}, "train": {"loss": [22.7614], "learning_rate": [0.0004528301886792453], "epoch": [1.89], "step": [500]}, "eval": {"rmse_aes": [5.7638721552635275, 5.810670261586772, 6.2059559206369554], "pearson_aes": [0.3822589735552697, 0.5449470723843353, 0.6088226320368744], "spearman_aes": [0.40151216135153767, 0.5662069533299514, 0.5908099914058689], "kappa_aes": [0.08039142821751522, 0.24731325461058795, 0.3615821863108939], "f1_score_avg_ged": [0.5587295039703001, 0.5977106321542746, 0.6906259667938538], "f1_score_macro_ged": [0.4943534326119009, 0.5255685631358291, 0.5826882418891639], "f1_score_weighted_ged": [0.626187936356168, 0.6607522691588451, 0.7377698382594913], "f_0_5_ged": [0.48207602915107356, 0.5122381178384975, 0.5083118977233463], "f1_score_avg_ner": [0.967972430980102, 0.9736575678517192, 0.9751956699505471], "f1_score_macro_ner": [0.8317804024334327, 0.8667290670849013, 0.8745939008087473], "f1_score_weighted_ner": [0.9673382418063299, 0.9734364449804984, 0.9749707673423769], "aes": [4.2150186272554615, 4.253699973572132, 4.832785506581152], "ged": [0.053030743848445805, 0.049471303820610046, 0.048774278094602184], "ner": [0.0035426707878752155, 0.002931689264166147, 0.002809010004776335], "total_loss": [4.2715920418917825, 4.306102966656908, 4.88436879468053], "aes_weight_coef": [0.6000000238418579, 0.6000000238418579, 0.6000000238418579], "ged_weight_coef": [0.4000000059604645, 0.4000000059604645, 0.4000000059604645], "ner_weight_coef": [0.03999999910593033, 0.03999999910593033, 0.03999999910593033], "epoch": [1.0, 2.0, 3.0], "step": [264, 529, 794]}, "test": {"rmse_aes": 5.4198708471697, "pearson_aes": 0.7274280518655092, "spearman_aes": 0.7511999677357112, "kappa_aes": 0.47990278556739574, "f1_score_avg_ged": 0.6077221108884435, "f1_score_macro_ged": 0.5381886494007948, "f1_score_weighted_ged": 0.6630874472871272, "f_0_5_ged": 0.5149951143737629, "f1_score_avg_ner": 0.9657585872725315, "f1_score_macro_ner": 0.8289502353488118, "f1_score_weighted_ner": 0.9658294117636802, "aes": 4.97700293858846, "ged": 0.06911631176869075, "ner": 0.003629595082851925, "total_loss": 5.049748845440003, "aes_weight_coef": 0.6000000238418579, "ged_weight_coef": 0.4000000059604645, "ner_weight_coef": 0.03999999910593033}, "info": {"tasks": ["aes", "ged", "ner"], "outputs": ["loss", "labels", "preds"], "map_out_to_task": {"aes_loss": "aes", "aes_labels": "aes", "aes_preds": "aes", "ged_loss": "ged", "ged_labels": "ged", "ged_preds": "ged", "ner_loss": "ner", "ner_labels": "ner", "ner_preds": "ner"}, "map_out_to_out": {"aes_loss": "loss", "aes_labels": "labels", "aes_preds": "preds", "ged_loss": "loss", "ged_labels": "labels", "ged_preds": "preds", "ner_loss": "loss", "ner_labels": "labels", "ner_preds": "preds"}, "map_task_index": {"aes": 0, "ged": 1, "ner": 2}, "map_index_task": {"0": "aes", "1": "ged", "2": "ner"}, "optimizer_weighting": "fixed", "epochs_to_avg_over": 2, "temp": 2, "init_task_weightings": {"aes": 0.6000000000000001, "ged": 0.3999999999999999, "ner": 0.039999999999999994}, "metrics_to_track_by_task": {"aes": "pearson_aes", "ged": "f_0_5_ged", "ner": "f1_score_avg_ner"}, "regression_tasks": ["aes"], "classification_tasks": ["ner", "ged"], "fce_tasks": ["aes", "ged"], "task_priorities_priority_as_key": {"primary_task": "aes", "secondary_task": "ged", "aux_task": "ner"}, "early_stopping_patience": 2, "early_stopping_metric": "loss", "pretrained_model": "distilroberta-base", "frozen_layers": "all", "scoring": "script", "learning_rate": 0.0005, "batch_size": 8, "weight_decay": 0.01, "adam_epsilon": 1e-08, "normalized_values": null, "model_name": "distilroberta-base_1630647080", "runtime": 120.14550471305847, "steps_per_sec": 0.15131675656556481}, "preds": {"aes": {"preds": [32.77988815307617, 29.796916961669922, 30.388309478759766, 33.14397048950195, 33.97308349609375, 31.585193634033203, 32.47298049926758, 31.834997177124023, 28.60642433166504, 31.560043334960938, 30.212005615234375, 31.686214447021484, 32.746192932128906, 33.1826057434082, 31.068002700805664, 23.018009185791016, 27.0601749420166, 32.22848892211914, 31.832292556762695, 26.983022689819336, 34.378684997558594, 32.953025817871094, 31.916757583618164, 28.328868865966797, 28.666519165039062, 31.63861083984375, 25.986286163330078, 34.7987174987793, 33.99324035644531, 32.31538009643555, 32.01796340942383, 32.67940902709961, 34.20543670654297, 29.284597396850586, 33.28384780883789, 27.95374298095703, 34.31574249267578, 26.786514282226562, 33.90074157714844, 31.366775512695312, 25.580032348632812, 26.16238784790039, 29.900379180908203, 34.07014465332031, 32.211265563964844, 32.0902099609375, 24.068187713623047, 30.128368377685547, 33.47673797607422, 27.866308212280273, 34.44742202758789, 30.78894805908203, 32.4380989074707, 29.298709869384766, 30.91065216064453, 31.69951820373535, 26.308624267578125, 35.10012435913086, 29.14389419555664, 33.53342056274414, 15.748099327087402, 30.5620059967041, 30.72642707824707, 32.1375617980957, 26.292449951171875, 29.241483688354492, 29.591392517089844, 32.85919189453125, 27.29701805114746, 34.02616500854492, 32.56431198120117, 31.639623641967773, 34.82899856567383, 34.909637451171875, 30.150636672973633, 34.55631637573242, 33.567909240722656, 30.300878524780273, 32.87808609008789, 24.64234161376953, 32.90503692626953, 29.654253005981445, 33.09090805053711, 33.990379333496094, 32.081565856933594, 32.26923370361328, 27.813888549804688, 33.462371826171875, 29.890605926513672, 26.261072158813477, 31.638103485107422, 28.758249282836914, 26.775012969970703, 27.536972045898438, 32.037696838378906, 33.34873962402344], "labels": [30.0, 26.0, 23.0, 26.0, 26.0, 38.0, 27.0, 39.0, 25.0, 24.0, 25.0, 27.0, 30.0, 27.0, 20.0, 21.0, 21.0, 26.0, 22.0, 24.0, 38.0, 30.0, 34.0, 24.0, 23.0, 22.0, 23.0, 39.0, 34.0, 37.0, 31.0, 28.0, 26.0, 29.0, 34.0, 26.0, 34.0, 19.0, 26.0, 31.0, 18.0, 19.0, 25.0, 26.0, 29.0, 29.0, 18.0, 27.0, 35.0, 22.0, 36.0, 14.0, 24.0, 29.0, 28.0, 24.0, 25.0, 37.0, 24.0, 36.0, 13.0, 23.0, 29.0, 31.0, 23.0, 28.0, 26.0, 26.0, 21.0, 38.0, 32.0, 29.0, 36.0, 40.0, 29.0, 34.0, 36.0, 25.0, 37.0, 17.0, 32.0, 25.0, 25.0, 36.0, 31.0, 27.0, 19.0, 28.0, 24.0, 20.0, 25.0, 23.0, 22.0, 23.0, 27.0, 30.0]}}}