{"best": {"aes": {"rmse_aes": 201.62558121428938, "pearson_aes": 0.6699949607769177, "spearman_aes": 0.6509420422101391, "kappa_aes": 0.5608534050939752, "aes": 4.255823262902194, "aes_weight_coef": 0.800000011920929}, "ged": {"f1_score_avg_ged": 0.5937231446151731, "f1_score_macro_ged": 0.5263741074757249, "f1_score_weighted_ged": 0.656878982815128, "f_0_5_ged": 0.5274169791108732, "ged": 0.024300613375597222, "ged_weight_coef": 0.20000000298023224}, "ner": {"f1_score_avg_ner": 0.983762314551614, "f1_score_macro_ner": 0.9149415139393753, "f1_score_weighted_ner": 0.9837224964922154, "ner": 0.0010469320729688937, "ner_weight_coef": 0.019999999552965164}}, "train": {"loss": [30.3272, 8.4247], "learning_rate": [0.0004371069182389937, 0.0003742138364779874], "epoch": [1.89, 3.77], "step": [500, 1000]}, "eval": {"rmse_aes": [227.6701744483307, 205.60226571384536, 200.84892747203472, 205.7340853842379, 201.62558121428938], "pearson_aes": [0.41461237243201965, 0.5861946227584648, 0.6159092610796705, 0.646313417384815, 0.6699949607769177], "spearman_aes": [0.42345555425402237, 0.5776906602982428, 0.5935059487926795, 0.6243873609509336, 0.6509420422101391], "kappa_aes": [0.3339187359250553, 0.48657382064921517, 0.5178430482076513, 0.5366765758430689, 0.5608534050939752], "f1_score_avg_ged": [0.1791963150115156, 0.32394898765941355, 0.5678388505035922, 0.6541198308755285, 0.5937231446151731], "f1_score_macro_ged": [0.17367013493648026, 0.3191117270551864, 0.5009694398472404, 0.559887191428692, 0.5263741074757249], "f1_score_weighted_ged": [0.12429224092427917, 0.36104714657560083, 0.6344508054517167, 0.7086950969870758, 0.656878982815128], "f_0_5_ged": [0.439138381805141, 0.4540244855431102, 0.4860398105521147, 0.5083817245535225, 0.5274169791108732], "f1_score_avg_ner": [0.9465558194774347, 0.9723920408083797, 0.9811533818776528, 0.983762314551614, 0.9826330750360188], "f1_score_macro_ner": [0.6614439919190882, 0.8450666728764625, 0.9007515910912919, 0.9149415139393753, 0.904951101077174], "f1_score_weighted_ner": [0.9419652306532065, 0.9717942923908324, 0.9809657355688175, 0.9837224964922154, 0.9823791319891764], "aes": [5.425378089727357, 4.4227346930392955, 4.222540461739828, 4.431104166563167, 4.255823262902194], "ged": [0.030301645744678585, 0.028620657012906184, 0.02571952273679334, 0.02457566871199497, 0.024300613375597222], "ner": [0.00305040844791937, 0.001610933872058901, 0.001223996323587503, 0.0010469320729688937, 0.0011898582567038492], "total_loss": [5.458730143919955, 4.45296628392426, 4.24948398080021, 4.456726767348131, 4.2813137345344945], "aes_weight_coef": [0.800000011920929, 0.800000011920929, 0.800000011920929, 0.800000011920929, 0.800000011920929], "ged_weight_coef": [0.20000000298023224, 0.20000000298023224, 0.20000000298023224, 0.20000000298023224, 0.20000000298023224], "ner_weight_coef": [0.019999999552965164, 0.019999999552965164, 0.019999999552965164, 0.019999999552965164, 0.019999999552965164], "epoch": [1.0, 2.0, 3.0, 4.0, 5.0], "step": [264, 529, 794, 1059, 1324]}, "test": {"rmse_aes": 184.79952538719718, "pearson_aes": 0.750550722170568, "spearman_aes": 0.7610699362689654, "kappa_aes": 0.6185936918688768, "f1_score_avg_ged": 0.532184368737475, "f1_score_macro_ged": 0.4922885767401931, "f1_score_weighted_ged": 0.5914861493499631, "f_0_5_ged": 0.5362506826870562, "f1_score_avg_ner": 0.9740497469581135, "f1_score_macro_ner": 0.8612982641309004, "f1_score_weighted_ner": 0.9740750357889192, "aes": 4.880768537521362, "ged": 0.03426126195561318, "ner": 0.0017349361719208815, "total_loss": 4.916764735648896, "aes_weight_coef": 0.800000011920929, "ged_weight_coef": 0.20000000298023224, "ner_weight_coef": 0.019999999552965164}, "info": {"tasks": ["aes", "ged", "ner"], "outputs": ["loss", "labels", "preds"], "map_out_to_task": {"aes_loss": "aes", "aes_labels": "aes", "aes_preds": "aes", "ged_loss": "ged", "ged_labels": "ged", "ged_preds": "ged", "ner_loss": "ner", "ner_labels": "ner", "ner_preds": "ner"}, "map_out_to_out": {"aes_loss": "loss", "aes_labels": "labels", "aes_preds": "preds", "ged_loss": "loss", "ged_labels": "labels", "ged_preds": "preds", "ner_loss": "loss", "ner_labels": "labels", "ner_preds": "preds"}, "map_task_index": {"aes": 0, "ged": 1, "ner": 2}, "map_index_task": {"0": "aes", "1": "ged", "2": "ner"}, "optimizer_weighting": "fixed", "epochs_to_avg_over": 2, "temp": 2, "init_task_weightings": {"aes": 0.8, "ged": 0.19999999999999996, "ner": 0.019999999999999997}, "metrics_to_track_by_task": {"aes": "pearson_aes", "ged": "f_0_5_ged", "ner": "f1_score_avg_ner"}, "regression_tasks": ["aes"], "classification_tasks": ["ner", "ged"], "fce_tasks": ["aes", "ged"], "task_priorities_priority_as_key": {"primary_task": "aes", "secondary_task": "ged", "aux_task": "ner"}, "early_stopping_patience": 2, "early_stopping_metric": "loss", "pretrained_model": "distilroberta-base", "frozen_layers": "all", "scoring": "script", "learning_rate": 0.0005, "batch_size": 8, "weight_decay": 0.01, "adam_epsilon": 1e-08, "normalized_values": [40, 0], "model_name": "distilroberta-base_1630667949", "runtime": 291.56200551986694, "steps_per_sec": 0.2202129951056397}, "preds": {"aes": {"preds": [32.1229133605957, 28.25822639465332, 29.22920036315918, 32.25614547729492, 33.52214431762695, 31.237930297851562, 31.452919006347656, 31.274507522583008, 26.89417266845703, 29.895936965942383, 28.870590209960938, 30.517236709594727, 31.791067123413086, 32.192359924316406, 29.172578811645508, 22.059276580810547, 25.606616973876953, 31.524036407470703, 30.784400939941406, 25.323577880859375, 33.270851135253906, 32.75570297241211, 30.86054801940918, 26.229372024536133, 27.010604858398438, 30.744609832763672, 24.994657516479492, 34.324562072753906, 33.21635437011719, 31.36614990234375, 31.13671875, 31.395755767822266, 33.62746810913086, 28.158689498901367, 32.38518524169922, 26.505329132080078, 32.949684143066406, 24.986249923706055, 32.41183090209961, 30.71636199951172, 24.17222023010254, 25.008684158325195, 29.077068328857422, 33.34352493286133, 30.828170776367188, 31.073070526123047, 22.14798355102539, 29.393312454223633, 32.25204086303711, 26.40700912475586, 33.781333923339844, 29.168418884277344, 31.768705368041992, 28.318199157714844, 29.46708869934082, 30.977676391601562, 25.18390464782715, 34.056915283203125, 28.35785675048828, 32.879615783691406, 15.046293258666992, 28.901710510253906, 28.919925689697266, 30.288169860839844, 24.76894187927246, 26.95248794555664, 28.5734920501709, 31.895488739013672, 25.725126266479492, 33.249576568603516, 32.19342041015625, 30.161561965942383, 34.353607177734375, 34.37097930908203, 29.70454978942871, 33.85570526123047, 32.85437774658203, 28.427597045898438, 31.68472671508789, 22.686153411865234, 31.653236389160156, 27.82693099975586, 32.08409881591797, 33.23885726928711, 30.435869216918945, 31.16533088684082, 25.80962371826172, 32.93645095825195, 29.28557777404785, 24.331953048706055, 30.330747604370117, 27.10344886779785, 25.12813949584961, 26.426420211791992, 30.49671173095703, 32.613929748535156], "labels": [30.0, 26.0, 23.0, 26.0, 26.0, 38.0, 27.0, 39.0, 25.0, 24.0, 25.0, 27.0, 30.0, 27.0, 20.0, 21.0, 21.0, 26.0, 22.0, 24.0, 38.0, 30.0, 34.0, 24.0, 23.0, 22.0, 23.0, 39.0, 34.0, 37.0, 31.0, 28.0, 26.0, 29.0, 34.0, 26.0, 34.0, 19.0, 26.0, 31.0, 18.0, 19.0, 25.0, 26.0, 29.0, 29.0, 18.0, 27.0, 35.0, 22.0, 36.0, 14.0, 24.0, 29.0, 28.0, 24.0, 25.0, 37.0, 24.0, 36.0, 13.0, 23.0, 29.0, 31.0, 23.0, 28.0, 26.0, 26.0, 21.0, 38.0, 32.0, 29.0, 36.0, 40.0, 29.0, 34.0, 36.0, 25.0, 37.0, 17.0, 32.0, 25.0, 25.0, 36.0, 31.0, 27.0, 19.0, 28.0, 24.0, 20.0, 25.0, 23.0, 22.0, 23.0, 27.0, 30.0]}}}