{
  "best_metric": -0.002473806752037344,
  "best_model_checkpoint": "results/tasks/aes/subtasks/regression/fce_essays/r2_bert_non_weighted_loss_training_output/checkpoint-47",
  "epoch": 3.0,
  "global_step": 141,
  "is_hyper_param_search": false,
  "is_local_process_zero": true,
  "is_world_process_zero": true,
  "log_history": [
    {
      "epoch": 1.0,
      "eval_cohen_kappa": -0.002473806752037344,
      "eval_loss": 2.747225284576416,
      "eval_pearsonr": -7.718184475117289,
      "eval_spearmanr": 0.6930701794705577,
      "step": 47,
      "train_cohen_kappa": -0.0026502355664856925,
      "train_loss": 2.7606146335601807,
      "train_pearsonr": -8.088872269277218,
      "train_spearmanr": 0.8545958501003627
    },
    {
      "epoch": 2.0,
      "eval_cohen_kappa": -0.006093388510541198,
      "eval_loss": 2.7473044395446777,
      "eval_pearsonr": -5.998847809714369,
      "eval_spearmanr": 0.7050505399462667,
      "step": 94,
      "train_cohen_kappa": -0.010992524502011713,
      "train_loss": 2.7592062950134277,
      "train_pearsonr": -5.814598729527184,
      "train_spearmanr": 0.9305036216091073
    },
    {
      "epoch": 3.0,
      "eval_cohen_kappa": -0.027062374245472753,
      "eval_loss": 2.747035026550293,
      "eval_pearsonr": -1.0718808344003654,
      "eval_spearmanr": 0.7128057162516132,
      "step": 141,
      "train_cohen_kappa": -0.036147763642220054,
      "train_loss": 2.7582385540008545,
      "train_pearsonr": -0.7035036652145856,
      "train_spearmanr": 0.9698321563652057
    }
  ],
  "max_steps": 1410,
  "num_train_epochs": 30,
  "total_flos": 0.0,
  "trial_name": null,
  "trial_params": null
}
