{
  "best_metric": 0.9499868276343686,
  "best_model_checkpoint": "results/tasks/aes/subtasks/regression//training_output/asap/r2_bert_asap_dev_set_5epochs_16bs_4E-5lr_1layers_froze/checkpoint-196",
  "epoch": 4.0,
  "global_step": 196,
  "is_hyper_param_search": false,
  "is_local_process_zero": true,
  "is_world_process_zero": true,
  "log_history": [
    {
      "epoch": 1.0,
      "eval_cohen_kappa": 0.362098138747885,
      "eval_loss": 2.7356679439544678,
      "eval_pearsonr": 0.8909495393853732,
      "eval_spearmanr": 0.9334433090717049,
      "step": 49,
      "train_cohen_kappa": 0.42507081146004444,
      "train_loss": 2.7496895790100098,
      "train_pearsonr": 0.8836768010191826,
      "train_spearmanr": 0.9555949340781668
    },
    {
      "epoch": 2.0,
      "eval_cohen_kappa": 0.36027048741296186,
      "eval_loss": 2.709465503692627,
      "eval_pearsonr": 0.9439526296641674,
      "eval_spearmanr": 0.941492462856914,
      "step": 98,
      "train_cohen_kappa": 0.526713961144341,
      "train_loss": 2.719087600708008,
      "train_pearsonr": 0.9585725681642604,
      "train_spearmanr": 0.9768222838632676
    },
    {
      "epoch": 3.0,
      "eval_cohen_kappa": 0.3345934462974425,
      "eval_loss": 0.06050047650933266,
      "eval_pearsonr": 0.9078561661307116,
      "eval_spearmanr": 0.9446698177474799,
      "step": 147,
      "train_cohen_kappa": 0.391990984083582,
      "train_loss": 0.04326750338077545,
      "train_pearsonr": 0.9444735971746351,
      "train_spearmanr": 0.9763989186272437
    },
    {
      "epoch": 4.0,
      "eval_cohen_kappa": 0.44820616472966146,
      "eval_loss": 0.024312522262334824,
      "eval_pearsonr": 0.9499868276343686,
      "eval_spearmanr": 0.9466285989117518,
      "step": 196,
      "train_cohen_kappa": 0.7141743531596988,
      "train_loss": 0.005142445210367441,
      "train_pearsonr": 0.9891381741522052,
      "train_spearmanr": 0.9919559444866747
    }
  ],
  "max_steps": 245,
  "num_train_epochs": 5,
  "total_flos": 0.0,
  "trial_name": null,
  "trial_params": null
}
