{
  "best_metric": 0.05327868852459017,
  "best_model_checkpoint": "results/tasks/ged/subtasks/seq_2_seq/fce_grammar/training_output/checkpoint-32",
  "epoch": 3.0,
  "global_step": 48,
  "is_hyper_param_search": false,
  "is_local_process_zero": true,
  "is_world_process_zero": true,
  "log_history": [
    {
      "epoch": 1.0,
      "eval_accuracy": 0.717193675889328,
      "eval_f1": 0.04992696853007569,
      "eval_loss": 0.6272763013839722,
      "step": 16,
      "train_accuracy": 0.7162450592885375,
      "train_f1": 0.06511264487563485,
      "train_loss": 0.6315085887908936
    },
    {
      "epoch": 2.0,
      "eval_accuracy": 0.8173913043478261,
      "eval_f1": 0.05327868852459017,
      "eval_loss": 0.5752451419830322,
      "step": 32,
      "train_accuracy": 0.8165217391304348,
      "train_f1": 0.0652436568666935,
      "train_loss": 0.5854287147521973
    },
    {
      "epoch": 3.0,
      "eval_accuracy": 0.9139525691699605,
      "eval_f1": 0.05058874836458787,
      "eval_loss": 0.5375161170959473,
      "step": 48,
      "train_accuracy": 0.908498023715415,
      "train_f1": 0.06237343053867962,
      "train_loss": 0.5530502796173096
    }
  ],
  "max_steps": 160,
  "num_train_epochs": 10,
  "total_flos": 50266280552400.0,
  "trial_name": null,
  "trial_params": null
}
