{
  "best_metric": -0.7858760376099434,
  "best_model_checkpoint": "results/tasks/aes/subtasks/regression//training_output/fce_essays/r2_bert_adaptors_fce_essays_dev_set_5epochs_16bs_4E-5lr_1layers_froze/checkpoint-47",
  "epoch": 1.0,
  "global_step": 47,
  "is_hyper_param_search": false,
  "is_local_process_zero": true,
  "is_world_process_zero": true,
  "log_history": [
    {
      "epoch": 1.0,
      "eval_cohen_kappa": -0.019214505598592613,
      "eval_loss": 2.7481281757354736,
      "eval_pearsonr": -0.7858760376099434,
      "eval_spearmanr": 0.6598278776452232,
      "step": 47,
      "train_cohen_kappa": -0.02101415399865947,
      "train_loss": 2.762880563735962,
      "train_pearsonr": -0.8912143497083751,
      "train_spearmanr": 0.6482459221650082
    }
  ],
  "max_steps": 235,
  "num_train_epochs": 5,
  "total_flos": 254306992846848.0,
  "trial_name": null,
  "trial_params": null
}
