{
  "best_metric": 0.9043927648578811,
  "best_model_checkpoint": "results/tasks/ged/subtasks/seq_class//training_output/cola/seq_class_bert_cola_5epochs_16bs_4E-5lr_1layers_froze/checkpoint-1004",
  "epoch": 2.0,
  "global_step": 1004,
  "is_hyper_param_search": false,
  "is_local_process_zero": true,
  "is_world_process_zero": true,
  "log_history": [
    {
      "epoch": 1.0,
      "learning_rate": 3.203187250996016e-05,
      "loss": 0.479,
      "step": 500
    },
    {
      "epoch": 1.0,
      "eval_accuracy": 0.8462998102466793,
      "eval_f1": 0.895483870967742,
      "eval_loss": 0.38110587000846863,
      "step": 502,
      "train_accuracy": 0.9231056829511466,
      "train_f1": 0.9468790357296599,
      "train_loss": 0.21820060908794403
    },
    {
      "epoch": 1.99,
      "learning_rate": 2.4063745019920322e-05,
      "loss": 0.26,
      "step": 1000
    },
    {
      "epoch": 2.0,
      "eval_accuracy": 0.8595825426944972,
      "eval_f1": 0.9043927648578811,
      "eval_loss": 0.4012303948402405,
      "step": 1004,
      "train_accuracy": 0.9698404785643071,
      "train_f1": 0.9787159190853123,
      "train_loss": 0.09940852969884872
    }
  ],
  "max_steps": 2510,
  "num_train_epochs": 5,
  "total_flos": 674686337028096.0,
  "trial_name": null,
  "trial_params": null
}
