{
  "best_metric": 0.9482472390303466,
  "best_model_checkpoint": "results/tasks/aes/subtasks/regression//training_output/asap/r2_bert_adaptors_asap_dev_set_5epochs_16bs_4E-5lr_1layers_froze/checkpoint-147",
  "epoch": 4.0,
  "global_step": 196,
  "is_hyper_param_search": false,
  "is_local_process_zero": true,
  "is_world_process_zero": true,
  "log_history": [
    {
      "epoch": 1.0,
      "eval_cohen_kappa": 0.2837343763285435,
      "eval_loss": 2.7445688247680664,
      "eval_pearsonr": 0.9415063331897615,
      "eval_spearmanr": 0.899928996010444,
      "step": 49,
      "train_cohen_kappa": 0.28677243916019424,
      "train_loss": 2.758998155593872,
      "train_pearsonr": 0.9439117785963008,
      "train_spearmanr": 0.9210599635269693
    },
    {
      "epoch": 2.0,
      "eval_cohen_kappa": 0.31143366437484077,
      "eval_loss": 2.714231014251709,
      "eval_pearsonr": 0.9335150980400356,
      "eval_spearmanr": 0.9121079675431563,
      "step": 98,
      "train_cohen_kappa": 0.31129524116744633,
      "train_loss": 2.7283694744110107,
      "train_pearsonr": 0.9270304679806395,
      "train_spearmanr": 0.9245323082687924
    },
    {
      "epoch": 3.0,
      "eval_cohen_kappa": 0.34179451891873514,
      "eval_loss": 0.06127426028251648,
      "eval_pearsonr": 0.9482472390303466,
      "eval_spearmanr": 0.9152504092115253,
      "step": 147,
      "train_cohen_kappa": 0.3761213930908851,
      "train_loss": 0.05438389629125595,
      "train_pearsonr": 0.9353774868587478,
      "train_spearmanr": 0.9419624600881151
    },
    {
      "epoch": 4.0,
      "eval_cohen_kappa": 0.3388709950839125,
      "eval_loss": 0.033397119492292404,
      "eval_pearsonr": 0.9385707774204745,
      "eval_spearmanr": 0.9162261511173101,
      "step": 196,
      "train_cohen_kappa": 0.3729616662043319,
      "train_loss": 0.02633974887430668,
      "train_pearsonr": 0.9236194266121818,
      "train_spearmanr": 0.9449135942944273
    }
  ],
  "max_steps": 245,
  "num_train_epochs": 5,
  "total_flos": 1060862415200256.0,
  "trial_name": null,
  "trial_params": null
}
