{"best": {"ner": {"f1_score_avg_ner": 0.9919200965694482, "f1_score_macro_ner": 0.9528428039590993, "f1_score_weighted_ner": 0.9919434513257245, "ner": 0.035263497438846214, "ner_weight_coef": 1.0}}, "train": {"loss": [0.1417, 0.0317, 0.0165], "learning_rate": [5.245614035087719e-05, 3.491228070175438e-05, 1.7368421052631577e-05], "epoch": [3.76, 7.52, 11.28], "step": [500, 1000, 1500]}, "eval": {"f1_score_avg_ner": [0.963864335500954, 0.9753514271251119, 0.9844632218371558, 0.9867995794556287, 0.9876951832093765, 0.9895642693041549, 0.9904793427047234, 0.9904209337642615, 0.9908492659943149, 0.9913749464584712, 0.9918227483353452, 0.9919200965694482, 0.9918032786885246, 0.9917838090417039], "f1_score_macro_ner": [0.8315540855115178, 0.8971251673129294, 0.9246805009874746, 0.9332746666953847, 0.9370086368852958, 0.9446890501935284, 0.9481851198445739, 0.94855142611644, 0.9494857927523073, 0.9496455741844798, 0.9534220541416413, 0.9528428039590993, 0.9537299986030767, 0.9532882170748407], "f1_score_weighted_ner": [0.962093614929621, 0.9755784194627792, 0.9843558932859454, 0.9867338036581539, 0.9876123776256448, 0.9895509633050065, 0.990509262810657, 0.9904214477037714, 0.9908872206604347, 0.9913747349000186, 0.9918260620102863, 0.9919434513257245, 0.9918229637762521, 0.9918145480996708], "ner": [0.11822112717411735, 0.07898101075129076, 0.05317940557319106, 0.0474122025524125, 0.04537049328174555, 0.03937855210493912, 0.037722273588632095, 0.03759624317965724, 0.036819093112805575, 0.036380431657149034, 0.03572590866436561, 0.035263497438846214, 0.03623610084424868, 0.03578082394475738], "total_loss": [0.11822112717411735, 0.07898101075129076, 0.05317940557319106, 0.0474122025524125, 0.04537049328174555, 0.03937855210493912, 0.037722273588632095, 0.03759624317965724, 0.036819093112805575, 0.036380431657149034, 0.03572590866436561, 0.035263497438846214, 0.03623610084424868, 0.03578082394475738], "ner_weight_coef": [1.0, 1.0, 1.0, 1.0, 1.0, 1.0, 1.0, 1.0, 1.0, 1.0, 1.0, 1.0, 1.0, 1.0], "epoch": [0.99, 1.99, 2.99, 3.99, 4.99, 5.99, 6.99, 7.99, 8.99, 9.99, 10.99, 11.99, 12.99, 13.99], "step": [132, 265, 398, 531, 664, 797, 930, 1063, 1196, 1329, 1462, 1595, 1728, 1861]}, "test": {"f1_score_avg_ner": 0.9820178744481534, "f1_score_macro_ner": 0.8965097812388877, "f1_score_weighted_ner": 0.9824731784036481, "ner": 0.09890623297542334, "total_loss": 0.09890623297542334, "ner_weight_coef": 1.0}, "info": {"tasks": ["ner"], "outputs": ["loss", "labels", "preds"], "map_out_to_task": {"ner_loss": "ner", "ner_labels": "ner", "ner_preds": "ner"}, "map_out_to_out": {"ner_loss": "loss", "ner_labels": "labels", "ner_preds": "preds"}, "map_task_index": {"ner": 0}, "map_index_task": {"0": "ner"}, "optimizer_weighting": "fixed", "epochs_to_avg_over": 2, "temp": 2, "init_task_weightings": {"aes": 1.0, "ged": 1.0, "ner": 1.0}, "metrics_to_track_by_task": {"aes": "pearson_aes", "ged": "f_0_5_ged", "ner": "f1_score_avg_ner"}, "regression_tasks": ["aes"], "classification_tasks": ["ner", "ged"], "fce_tasks": ["aes", "ged"], "task_priorities_priority_as_key": {"primary_task": "ner"}, "early_stopping_patience": 2, "early_stopping_metric": "loss", "pretrained_model": "distilroberta-base", "frozen_layers": "all", "scoring": "script", "learning_rate": 7e-05, "batch_size": 8, "weight_decay": 0.01, "adam_epsilon": 1e-08}, "preds": {}}