{"best": {"ged": {"f1_score_avg_ged": 0.14965815718497147, "f1_score_macro_ged": 0.1380648235243223, "f1_score_weighted_ged": 0.06509391106210766, "f_0_5_ged": 0.4366069403492856, "ged": 0.8663116494814554, "ged_weight_coef": 1.0}}, "train": {}, "eval": {"f1_score_avg_ged": [0.14965815718497147, 0.1498776892680173, 0.15044220033870664], "f1_score_macro_ged": [0.1380648235243223, 0.1386090428678638, 0.13929337793930013], "f1_score_weighted_ged": [0.06509391106210766, 0.06668992753746252, 0.06778607836129355], "f_0_5_ged": [0.4366069403492856, 0.4347960700132101, 0.4349576708651663], "ged": [0.8663116494814554, 0.8680491579903497, 0.8681134780248007], "total_loss": [0.8663116494814554, 0.8680491579903497, 0.8681134780248007], "ged_weight_coef": [1.0, 1.0, 1.0], "epoch": [0.99, 1.99, 2.99], "step": [132, 265, 398]}, "test": {"f1_score_avg_ged": 0.16184498536353806, "f1_score_macro_ged": 0.14645930610779717, "f1_score_weighted_ged": 0.0663516258815305, "f_0_5_ged": 0.46683741351782854, "ged": 0.8360641946395239, "total_loss": 0.8360641946395239, "ged_weight_coef": 1.0}, "info": {"tasks": ["ged"], "outputs": ["loss", "labels", "preds"], "map_out_to_task": {"ged_loss": "ged", "ged_labels": "ged", "ged_preds": "ged"}, "map_out_to_out": {"ged_loss": "loss", "ged_labels": "labels", "ged_preds": "preds"}, "map_task_index": {"ged": 0}, "map_index_task": {"0": "ged"}, "optimizer_weighting": "fixed", "epochs_to_avg_over": 2, "temp": 2, "init_task_weightings": {"aes": 1.0, "ged": 1.0, "ner": 1.0}, "metrics_to_track_by_task": {"aes": "pearson_aes", "ged": "f_0_5_ged", "ner": "f1_score_avg_ner"}, "regression_tasks": ["aes"], "classification_tasks": ["ner", "ged"], "fce_tasks": ["aes", "ged"], "task_priorities_priority_as_key": {"primary_task": "ged"}, "early_stopping_patience": 2, "early_stopping_metric": "loss", "pretrained_model": "distilroberta-base", "frozen_layers": "all", "scoring": "script", "learning_rate": 7e-05, "batch_size": 8, "weight_decay": 0.01, "adam_epsilon": 1e-08}, "preds": {}}