{"best": {"ner": {"f1_score_avg_ner": 0.9177919138307836, "f1_score_macro_ner": 0.719269816640858, "f1_score_weighted_ner": 0.9140892551702797, "ner": 0.25289995539369003, "ner_weight_coef": 1.0}}, "train": {"loss": [0.4448, 0.2549, 0.2231], "learning_rate": [7.4937343358396e-06, 4.987468671679198e-06, 2.481203007518797e-06], "epoch": [3.76, 7.52, 11.28], "step": [500, 1000, 1500]}, "eval": {"f1_score_avg_ner": [0.8871175460505776, 0.9069817358726194, 0.9131478301592257, 0.9156845145176397, 0.9164064939119575, 0.9162894161723384, 0.9175772713081486, 0.9176943490477677, 0.9177724008741804, 0.917616297221355, 0.9177919138307836, 0.9177724008741804, 0.9175772713081486], "f1_score_macro_ner": [0.41441896941644163, 0.6061765842012267, 0.6748007998008352, 0.6980824999605858, 0.7060284243795364, 0.7093310362110596, 0.7157400449519833, 0.7189484638384902, 0.7193272069700869, 0.717743631133428, 0.719269816640858, 0.7187654769624822, 0.7200330921551688], "f1_score_weighted_ner": [0.8636676892606654, 0.8989729023111842, 0.9082736177284548, 0.911508683610332, 0.9125450581689708, 0.9127251887381485, 0.9138354283801778, 0.9143585711175595, 0.9142713559830158, 0.914082151101432, 0.9140892551702797, 0.9138195075181499, 0.9138728737239992], "ner": [0.4183284098451788, 0.3201446050044262, 0.2880697349707286, 0.2739664329723878, 0.26605979240301886, 0.2618583154046174, 0.25769527437108936, 0.2553255772500327, 0.25394901994502905, 0.25376568712068326, 0.25289995539369003, 0.25381355258551513, 0.25428954760233563], "total_loss": [0.4183284098451788, 0.3201446050044262, 0.2880697349707286, 0.2739664329723878, 0.26605979240301886, 0.2618583154046174, 0.25769527437108936, 0.2553255772500327, 0.25394901994502905, 0.25376568712068326, 0.25289995539369003, 0.25381355258551513, 0.25428954760233563], "ner_weight_coef": [1.0, 1.0, 1.0, 1.0, 1.0, 1.0, 1.0, 1.0, 1.0, 1.0, 1.0, 1.0, 1.0], "epoch": [0.99, 1.99, 2.99, 3.99, 4.99, 5.99, 6.99, 7.99, 8.99, 9.99, 10.99, 11.99, 12.99], "step": [132, 265, 398, 531, 664, 797, 930, 1063, 1196, 1329, 1462, 1595, 1728]}, "test": {"f1_score_avg_ner": 0.9016106744969341, "f1_score_macro_ner": 0.6739598378712065, "f1_score_weighted_ner": 0.8980557379628344, "ner": 0.33813263128201165, "total_loss": 0.33813263128201165, "ner_weight_coef": 1.0}, "info": {"tasks": ["ner"], "outputs": ["loss", "labels", "preds"], "map_out_to_task": {"ner_loss": "ner", "ner_labels": "ner", "ner_preds": "ner"}, "map_out_to_out": {"ner_loss": "loss", "ner_labels": "labels", "ner_preds": "preds"}, "map_task_index": {"ner": 0}, "map_index_task": {"0": "ner"}, "optimizer_weighting": "fixed", "epochs_to_avg_over": 2, "temp": 2, "init_task_weightings": {"aes": 1.0, "ged": 1.0, "ner": 1.0}, "metrics_to_track_by_task": {"aes": "pearson_aes", "ged": "f_0_5_ged", "ner": "f1_score_avg_ner"}, "regression_tasks": ["aes"], "classification_tasks": ["ner", "ged"], "fce_tasks": ["aes", "ged"], "task_priorities_priority_as_key": {"primary_task": "ner"}, "early_stopping_patience": 2, "early_stopping_metric": "loss", "pretrained_model": "distilroberta-base", "frozen_layers": "all", "scoring": "script", "learning_rate": 1e-05, "batch_size": 8, "weight_decay": 0.01, "adam_epsilon": 1e-08}, "preds": {}}