{"best": {"ner": {"f1_score_avg_ner": 0.9202895722759913, "f1_score_macro_ner": 0.7287747483687301, "f1_score_weighted_ner": 0.9162120660361526, "ner": 0.2502507599014224, "ner_weight_coef": 1.0}}, "train": {"loss": [0.3103], "learning_rate": [3.7468671679198e-05], "epoch": [3.76], "step": [500]}, "eval": {"f1_score_avg_ner": [0.912230721198876, 0.9195090540118639, 0.9202895722759913, 0.9185138932251015, 0.9130112394630034], "f1_score_macro_ner": [0.6864737307124622, 0.7244153822337074, 0.7287747483687301, 0.7262597549182058, 0.716721605293697], "f1_score_weighted_ner": [0.9082997461389765, 0.9155044721389815, 0.9162120660361526, 0.9146340137012569, 0.9095330014766968], "ner": [0.28951532009876135, 0.2575147860881054, 0.2502507599014224, 0.25037525503924396, 0.25987836357318994], "total_loss": [0.28951532009876135, 0.2575147860881054, 0.2502507599014224, 0.25037525503924396, 0.25987836357318994], "ner_weight_coef": [1.0, 1.0, 1.0, 1.0, 1.0], "epoch": [0.99, 1.99, 2.99, 3.99, 4.99], "step": [132, 265, 398, 531, 664]}, "test": {"f1_score_avg_ner": 0.8993868209689956, "f1_score_macro_ner": 0.6740249298330265, "f1_score_weighted_ner": 0.8947629387606961, "ner": 0.3309960628549258, "total_loss": 0.3309960628549258, "ner_weight_coef": 1.0}, "info": {"tasks": ["ner"], "outputs": ["loss", "labels", "preds"], "map_out_to_task": {"ner_loss": "ner", "ner_labels": "ner", "ner_preds": "ner"}, "map_out_to_out": {"ner_loss": "loss", "ner_labels": "labels", "ner_preds": "preds"}, "map_task_index": {"ner": 0}, "map_index_task": {"0": "ner"}, "optimizer_weighting": "fixed", "epochs_to_avg_over": 2, "temp": 2, "init_task_weightings": {"aes": 1.0, "ged": 1.0, "ner": 1.0}, "metrics_to_track_by_task": {"aes": "pearson_aes", "ged": "f_0_5_ged", "ner": "f1_score_avg_ner"}, "regression_tasks": ["aes"], "classification_tasks": ["ner", "ged"], "fce_tasks": ["aes", "ged"], "task_priorities_priority_as_key": {"primary_task": "ner"}, "early_stopping_patience": 2, "early_stopping_metric": "loss", "pretrained_model": "distilroberta-base", "frozen_layers": "all", "scoring": "script", "learning_rate": 5e-05, "batch_size": 8, "weight_decay": 0.01, "adam_epsilon": 1e-08}, "preds": {}}