{"best": {"aes": {"rmse_aes": 4.952943121985175, "pearson_aes": 0.6906357061792006, "spearman_aes": 0.7128816097059346, "kappa_aes": 0.6018802958728156, "aes": 0.016728806050701275, "aes_weight_coef": 1.0}}, "train": {"loss": [0.0364], "learning_rate": [7.4937343358396e-05], "epoch": [3.76], "step": [500]}, "eval": {"rmse_aes": [4.8352607825683025, 7.095193595096523, 4.663350238083987, 7.412784030889312, 4.1961404810502785, 4.952943121985175, 4.428046401824269], "pearson_aes": [0.5774889771489428, 0.6433703276020907, 0.6856935336457354, 0.667583877733965, 0.6794323485049569, 0.6906357061792006, 0.6547614613630812], "spearman_aes": [0.5896333807809823, 0.6607589927011703, 0.693822828104825, 0.6949376794453233, 0.687842598695341, 0.7128816097059346, 0.6778984448174596], "kappa_aes": [0.4739285519223255, 0.2703744665881157, 0.5730788029822182, 0.25527590043451887, 0.6636224474630681, 0.6018802958728156, 0.6143811284328017], "aes": [0.015682948132356007, 0.034094689413905144, 0.015201861918386485, 0.038451338186860085, 0.011857021186086867, 0.016728806050701275, 0.013663150421861146], "total_loss": [0.015682948132356007, 0.034094689413905144, 0.015201861918386485, 0.038451338186860085, 0.011857021186086867, 0.016728806050701275, 0.013663150421861146], "aes_weight_coef": [1.0, 1.0, 1.0, 1.0, 1.0, 1.0, 1.0], "epoch": [0.99, 1.99, 2.99, 3.99, 4.99, 5.99, 6.99], "step": [132, 265, 398, 531, 664, 797, 930]}, "test": {"rmse_aes": 4.044851634147789, "pearson_aes": 0.7527628847970645, "spearman_aes": 0.7552734120070712, "kappa_aes": 0.6805103432671105, "aes": 0.010699230265648415, "total_loss": 0.010699230265648415, "aes_weight_coef": 1.0}, "info": {"tasks": ["aes"], "outputs": ["loss", "labels", "preds"], "map_out_to_task": {"aes_loss": "aes", "aes_labels": "aes", "aes_preds": "aes"}, "map_out_to_out": {"aes_loss": "loss", "aes_labels": "labels", "aes_preds": "preds"}, "map_task_index": {"aes": 0}, "map_index_task": {"0": "aes"}, "optimizer_weighting": "fixed", "epochs_to_avg_over": 2, "temp": 2, "init_task_weightings": {"aes": 1.0, "ged": 1.0, "ner": 1.0}, "metrics_to_track_by_task": {"aes": "pearson_aes", "ged": "f_0_5_ged", "ner": "f1_score_avg_ner"}, "regression_tasks": ["aes"], "classification_tasks": ["ner", "ged"], "fce_tasks": ["aes", "ged"], "task_priorities_priority_as_key": {"primary_task": "aes"}, "early_stopping_patience": 2, "early_stopping_metric": "loss", "pretrained_model": "distilroberta-base", "frozen_layers": "all", "scoring": "script", "learning_rate": 0.0001, "batch_size": 8, "weight_decay": 0.01, "adam_epsilon": 1e-08}, "preds": {"aes": {"preds": [0.8202322721481323, 0.6546409130096436, 0.6412201523780823, 0.6848152279853821, 0.7344948053359985, 0.80366450548172, 0.8036842346191406, 0.7962860465049744, 0.5913528203964233, 0.6912788152694702, 0.7201237678527832, 0.7926274538040161, 0.8095484972000122, 0.8018395900726318, 0.6328133344650269, 0.5848719477653503, 0.5870704650878906, 0.7327790856361389, 0.7383789420127869, 0.5767049193382263, 0.7970365881919861, 0.8262201547622681, 0.833950936794281, 0.7067437171936035, 0.6548919677734375, 0.7635060548782349, 0.5488572716712952, 0.780549168586731, 0.8206673264503479, 0.8382276296615601, 0.7066999673843384, 0.7939810752868652, 0.7169966697692871, 0.6262617111206055, 0.8121969699859619, 0.558428168296814, 0.792823076248169, 0.5864105224609375, 0.6880152821540833, 0.7232816219329834, 0.544529914855957, 0.6450305581092834, 0.7040133476257324, 0.8175283074378967, 0.7738961577415466, 0.7428944110870361, 0.5312496423721313, 0.6937035322189331, 0.8123351335525513, 0.5842951536178589, 0.8485292196273804, 0.5526346564292908, 0.7054305076599121, 0.6604016423225403, 0.7417024970054626, 0.6977429986000061, 0.6302364468574524, 0.8333916664123535, 0.6755117177963257, 0.8451212048530579, 0.43750590085983276, 0.7095574736595154, 0.5308333039283752, 0.7507308721542358, 0.6678802967071533, 0.6357573866844177, 0.5901471376419067, 0.8609862923622131, 0.5615557432174683, 0.8422021269798279, 0.7986475825309753, 0.7365037202835083, 0.8093454241752625, 0.86799156665802, 0.7465125322341919, 0.7632874250411987, 0.8012036681175232, 0.8024661540985107, 0.8339128494262695, 0.5508804321289062, 0.7914289236068726, 0.6050615310668945, 0.7699363231658936, 0.7316060066223145, 0.709870457649231, 0.7665020823478699, 0.6992401480674744, 0.7732678055763245, 0.6562979817390442, 0.5823416709899902, 0.7150853276252747, 0.6295730471611023, 0.5853164792060852, 0.6278591156005859, 0.7420855164527893, 0.7207314968109131, 0.7651377320289612], "labels": [0.75, 0.6499999761581421, 0.574999988079071, 0.6499999761581421, 0.6499999761581421, 0.949999988079071, 0.675000011920929, 0.9750000238418579, 0.625, 0.6000000238418579, 0.625, 0.675000011920929, 0.75, 0.675000011920929, 0.5, 0.5249999761581421, 0.5249999761581421, 0.6499999761581421, 0.550000011920929, 0.6000000238418579, 0.949999988079071, 0.75, 0.8500000238418579, 0.6000000238418579, 0.574999988079071, 0.550000011920929, 0.574999988079071, 0.9750000238418579, 0.8500000238418579, 0.925000011920929, 0.7749999761581421, 0.699999988079071, 0.6499999761581421, 0.7250000238418579, 0.8500000238418579, 0.6499999761581421, 0.8500000238418579, 0.4749999940395355, 0.6499999761581421, 0.7749999761581421, 0.44999998807907104, 0.4749999940395355, 0.625, 0.6499999761581421, 0.7250000238418579, 0.7250000238418579, 0.44999998807907104, 0.675000011920929, 0.875, 0.550000011920929, 0.8999999761581421, 0.3499999940395355, 0.6000000238418579, 0.7250000238418579, 0.699999988079071, 0.6000000238418579, 0.625, 0.925000011920929, 0.6000000238418579, 0.8999999761581421, 0.32499998807907104, 0.574999988079071, 0.7250000238418579, 0.7749999761581421, 0.574999988079071, 0.699999988079071, 0.6499999761581421, 0.6499999761581421, 0.5249999761581421, 0.949999988079071, 0.800000011920929, 0.7250000238418579, 0.8999999761581421, 1.0, 0.7250000238418579, 0.8500000238418579, 0.8999999761581421, 0.625, 0.925000011920929, 0.42500001192092896, 0.800000011920929, 0.625, 0.625, 0.8999999761581421, 0.7749999761581421, 0.675000011920929, 0.4749999940395355, 0.699999988079071, 0.6000000238418579, 0.5, 0.625, 0.574999988079071, 0.550000011920929, 0.574999988079071, 0.675000011920929, 0.75, 0.8500000238418579]}}}