{"best": {"aes": {"rmse_aes": 5.972510868633842, "pearson_aes": 0.5558315284092338, "spearman_aes": 0.5962628106506096, "kappa_aes": 0.35659221057566726, "aes": 0.024976024973309703, "aes_weight_coef": 1.0}}, "train": {"loss": [0.0435, 0.0245], "learning_rate": [7.4937343358396e-05, 4.987468671679198e-05], "epoch": [3.76, 7.52], "step": [500, 1000]}, "eval": {"rmse_aes": [5.82008743246345, 6.322553561995644, 5.651257281416189, 6.601687547969281, 5.542699611862596, 5.017690224582763, 5.972510868633842, 5.376931504591005], "pearson_aes": [0.3970912962687258, 0.4245124922553854, 0.4922840872155232, 0.49771174026857734, 0.4978831087629644, 0.547557065749036, 0.5558315284092338, 0.5388589556458222], "spearman_aes": [0.4639063302493172, 0.4826573666438954, 0.5254634231496638, 0.5369230187187388, 0.5384662593146872, 0.5873293449431415, 0.5962628106506096, 0.5839933183919499], "kappa_aes": [0.2312543557004827, 0.2328674272423067, 0.31828689228932094, 0.26747520850011797, 0.34944640130795956, 0.43586334720532127, 0.35659221057566726, 0.40355577204091575], "aes": [0.023790941728899877, 0.027909714340542752, 0.022124496676648658, 0.029541278982328043, 0.020731539620707434, 0.017624913378515177, 0.024976024973309703, 0.019583870566243097], "total_loss": [0.023790941728899877, 0.027909714340542752, 0.022124496676648658, 0.029541278982328043, 0.020731539620707434, 0.017624913378515177, 0.024976024973309703, 0.019583870566243097], "aes_weight_coef": [1.0, 1.0, 1.0, 1.0, 1.0, 1.0, 1.0, 1.0], "epoch": [0.99, 1.99, 2.99, 3.99, 4.99, 5.99, 6.99, 7.99], "step": [132, 265, 398, 531, 664, 797, 930, 1063]}, "test": {"rmse_aes": 5.102051335987472, "pearson_aes": 0.6996175455256665, "spearman_aes": 0.6945320956671297, "kappa_aes": 0.4572520153096953, "aes": 0.016463706560898572, "total_loss": 0.016463706560898572, "aes_weight_coef": 1.0}, "info": {"tasks": ["aes"], "outputs": ["loss", "labels", "preds"], "map_out_to_task": {"aes_loss": "aes", "aes_labels": "aes", "aes_preds": "aes"}, "map_out_to_out": {"aes_loss": "loss", "aes_labels": "labels", "aes_preds": "preds"}, "map_task_index": {"aes": 0}, "map_index_task": {"0": "aes"}, "optimizer_weighting": "fixed", "epochs_to_avg_over": 2, "temp": 2, "init_task_weightings": {"aes": 1.0, "ged": 1.0, "ner": 1.0}, "metrics_to_track_by_task": {"aes": "pearson_aes", "ged": "f_0_5_ged", "ner": "f1_score_avg_ner"}, "regression_tasks": ["aes"], "classification_tasks": ["ner", "ged"], "fce_tasks": ["aes", "ged"], "task_priorities_priority_as_key": {"primary_task": "aes"}, "early_stopping_patience": 2, "early_stopping_metric": "loss", "pretrained_model": "distilroberta-base", "frozen_layers": "all", "scoring": "script", "learning_rate": 0.0001, "batch_size": 8, "weight_decay": 0.01, "adam_epsilon": 1e-08}, "preds": {"aes": {"preds": [0.7553205490112305, 0.7222439050674438, 0.719244122505188, 0.8022326827049255, 0.7719011902809143, 0.8225560188293457, 0.8461089730262756, 0.8240304589271545, 0.6528648734092712, 0.765417754650116, 0.7187263369560242, 0.784187912940979, 0.8270131945610046, 0.7831836938858032, 0.684855580329895, 0.7242748141288757, 0.6102453470230103, 0.6749032139778137, 0.7642830014228821, 0.6178195476531982, 0.8108493089675903, 0.8108925223350525, 0.760887086391449, 0.6810908913612366, 0.6442087888717651, 0.8152483105659485, 0.630772054195404, 0.7268179059028625, 0.7827208638191223, 0.854112446308136, 0.7759138345718384, 0.7644262313842773, 0.7165876626968384, 0.717190682888031, 0.8034152388572693, 0.6434067487716675, 0.862140953540802, 0.7125533223152161, 0.7809635400772095, 0.7986906170845032, 0.6314882040023804, 0.6772946715354919, 0.7607919573783875, 0.7014595866203308, 0.7163236737251282, 0.8167418837547302, 0.6069590449333191, 0.7330003380775452, 0.8161697387695312, 0.6432810425758362, 0.8370398879051208, 0.6405656933784485, 0.793605387210846, 0.761142909526825, 0.7076576352119446, 0.7357813119888306, 0.7145329713821411, 0.8293669819831848, 0.737478494644165, 0.8074577450752258, 0.6303792595863342, 0.759823739528656, 0.6263728141784668, 0.770021378993988, 0.7363981604576111, 0.6939221620559692, 0.7527628540992737, 0.8314143419265747, 0.7161787152290344, 0.8732790946960449, 0.7733786106109619, 0.7803593277931213, 0.7690568566322327, 0.8470478653907776, 0.6991186738014221, 0.7977820634841919, 0.8128090500831604, 0.7668265700340271, 0.8533682227134705, 0.6696802973747253, 0.8038036823272705, 0.7032828330993652, 0.7656989693641663, 0.8200669884681702, 0.7518814206123352, 0.8041871190071106, 0.6982212662696838, 0.7981182932853699, 0.7149418592453003, 0.6654613018035889, 0.7841724157333374, 0.6545819044113159, 0.7247351408004761, 0.7347937226295471, 0.7271392345428467, 0.7746080160140991, 0.8034461736679077], "labels": [0.75, 0.6499999761581421, 0.574999988079071, 0.6499999761581421, 0.6499999761581421, 0.949999988079071, 0.675000011920929, 0.9750000238418579, 0.625, 0.6000000238418579, 0.625, 0.675000011920929, 0.75, 0.675000011920929, 0.5, 0.5249999761581421, 0.5249999761581421, 0.6499999761581421, 0.550000011920929, 0.6000000238418579, 0.949999988079071, 0.75, 0.8500000238418579, 0.6000000238418579, 0.574999988079071, 0.550000011920929, 0.574999988079071, 0.9750000238418579, 0.8500000238418579, 0.925000011920929, 0.7749999761581421, 0.699999988079071, 0.6499999761581421, 0.7250000238418579, 0.8500000238418579, 0.6499999761581421, 0.8500000238418579, 0.4749999940395355, 0.6499999761581421, 0.7749999761581421, 0.44999998807907104, 0.4749999940395355, 0.625, 0.6499999761581421, 0.7250000238418579, 0.7250000238418579, 0.44999998807907104, 0.675000011920929, 0.875, 0.550000011920929, 0.8999999761581421, 0.3499999940395355, 0.6000000238418579, 0.7250000238418579, 0.699999988079071, 0.6000000238418579, 0.625, 0.925000011920929, 0.6000000238418579, 0.8999999761581421, 0.32499998807907104, 0.574999988079071, 0.7250000238418579, 0.7749999761581421, 0.574999988079071, 0.699999988079071, 0.6499999761581421, 0.6499999761581421, 0.5249999761581421, 0.949999988079071, 0.800000011920929, 0.7250000238418579, 0.8999999761581421, 1.0, 0.7250000238418579, 0.8500000238418579, 0.8999999761581421, 0.625, 0.925000011920929, 0.42500001192092896, 0.800000011920929, 0.625, 0.625, 0.8999999761581421, 0.7749999761581421, 0.675000011920929, 0.4749999940395355, 0.699999988079071, 0.6000000238418579, 0.5, 0.625, 0.574999988079071, 0.550000011920929, 0.574999988079071, 0.675000011920929, 0.75, 0.8500000238418579]}}}