{"best": {"ged": {"f1_score_avg_ged": 0.5811352939318318, "f1_score_macro_ged": 0.5113275225693134, "f1_score_weighted_ged": 0.6460480615189093, "f_0_5_ged": 0.494145846777911, "ged": 0.6813946101400588, "ged_weight_coef": 1.0}}, "train": {}, "eval": {"f1_score_avg_ged": [0.5811352939318318, 0.7082793694917395, 0.772435796190416], "f1_score_macro_ged": [0.5113275225693134, 0.5896723540447641, 0.6214981735015767], "f1_score_weighted_ged": [0.6460480615189093, 0.7505862549663921, 0.7958416603460562], "f_0_5_ged": [0.494145846777911, 0.4913410463508695, 0.4550275341627575], "ged": [0.6813946101400588, 0.6842414935429891, 0.7546992897987366], "total_loss": [0.6813946101400588, 0.6842414935429891, 0.7546992897987366], "ged_weight_coef": [1.0, 1.0, 1.0], "epoch": [0.99, 1.99, 2.99], "step": [132, 265, 398]}, "test": {"f1_score_avg_ged": 0.7626563747671015, "f1_score_macro_ged": 0.6292060973360086, "f1_score_weighted_ged": 0.7847707891690328, "f_0_5_ged": 0.47802971071149336, "ged": 0.7398703445990881, "total_loss": 0.7398703445990881, "ged_weight_coef": 1.0}, "info": {"tasks": ["ged"], "outputs": ["loss", "labels", "preds"], "map_out_to_task": {"ged_loss": "ged", "ged_labels": "ged", "ged_preds": "ged"}, "map_out_to_out": {"ged_loss": "loss", "ged_labels": "labels", "ged_preds": "preds"}, "map_task_index": {"ged": 0}, "map_index_task": {"0": "ged"}, "optimizer_weighting": "fixed", "epochs_to_avg_over": 2, "temp": 2, "init_task_weightings": {"aes": 1.0, "ged": 1.0, "ner": 1.0}, "metrics_to_track_by_task": {"aes": "pearson_aes", "ged": "f_0_5_ged", "ner": "f1_score_avg_ner"}, "regression_tasks": ["aes"], "classification_tasks": ["ner", "ged"], "fce_tasks": ["aes", "ged"], "task_priorities_priority_as_key": {"primary_task": "ged"}, "early_stopping_patience": 2, "early_stopping_metric": "loss", "pretrained_model": "distilroberta-base", "frozen_layers": "all", "scoring": "script", "learning_rate": 7e-05, "batch_size": 8, "weight_decay": 0.01, "adam_epsilon": 1e-08}, "preds": {}}