{"best": {"aes": {"rmse_aes": 4.980976468753741, "pearson_aes": 0.7302844805198576, "spearman_aes": 0.7400423749674768, "kappa_aes": 0.5868594647470466, "aes": 0.01717774709686637, "aes_weight_coef": 1.0}}, "train": {"loss": [0.0177], "learning_rate": [7.4937343358396e-06], "epoch": [3.76], "step": [500]}, "eval": {"rmse_aes": [4.980976468753741, 4.469304592920894, 4.416597006058403, 4.843108113859492], "pearson_aes": [0.7302844805198576, 0.7193562261775802, 0.7141359989127423, 0.7179294409801721], "spearman_aes": [0.7400423749674768, 0.7395327892027543, 0.7349904934095504, 0.726516865438821], "kappa_aes": [0.5868594647470466, 0.6225243932391096, 0.6006204961497101, 0.6218547499694338], "aes": [0.01717774709686637, 0.013597363606095314, 0.013611948014133506, 0.01581771123326487], "total_loss": [0.01717774709686637, 0.013597363606095314, 0.013611948014133506, 0.01581771123326487], "aes_weight_coef": [1.0, 1.0, 1.0, 1.0], "epoch": [0.99, 1.99, 2.99, 3.99], "step": [132, 265, 398, 531]}, "test": {"rmse_aes": 3.90347452944961, "pearson_aes": 0.7676785815457655, "spearman_aes": 0.7671064749619398, "kappa_aes": 0.7262331117203168, "aes": 0.010326868000750741, "total_loss": 0.010326868000750741, "aes_weight_coef": 1.0}, "info": {"tasks": ["aes"], "outputs": ["loss", "labels", "preds"], "map_out_to_task": {"aes_loss": "aes", "aes_labels": "aes", "aes_preds": "aes"}, "map_out_to_out": {"aes_loss": "loss", "aes_labels": "labels", "aes_preds": "preds"}, "map_task_index": {"aes": 0}, "map_index_task": {"0": "aes"}, "optimizer_weighting": "fixed", "epochs_to_avg_over": 2, "temp": 2, "init_task_weightings": {"aes": 1.0, "ged": 1.0, "ner": 1.0}, "metrics_to_track_by_task": {"aes": "pearson_aes", "ged": "f_0_5_ged", "ner": "f1_score_avg_ner"}, "regression_tasks": ["aes"], "classification_tasks": ["ner", "ged"], "fce_tasks": ["aes", "ged"], "task_priorities_priority_as_key": {"primary_task": "aes"}, "early_stopping_patience": 2, "early_stopping_metric": "loss", "pretrained_model": "distilroberta-base", "frozen_layers": "all", "scoring": "script", "learning_rate": 1e-05, "batch_size": 8, "weight_decay": 0.01, "adam_epsilon": 1e-08}, "preds": {"aes": {"preds": [0.7835379242897034, 0.6835440993309021, 0.7165448069572449, 0.6858858466148376, 0.7509884238243103, 0.8116112947463989, 0.8350472450256348, 0.7812469601631165, 0.5773669481277466, 0.704659104347229, 0.6529607176780701, 0.8084128499031067, 0.797706127166748, 0.7389126420021057, 0.5773008465766907, 0.6109718084335327, 0.5491209626197815, 0.6964474320411682, 0.7382940649986267, 0.5973377823829651, 0.8417004942893982, 0.8148385882377625, 0.7311794757843018, 0.6738275289535522, 0.5678174495697021, 0.7891284823417664, 0.5457053780555725, 0.8194279074668884, 0.8231800198554993, 0.8642370700836182, 0.7875367999076843, 0.8084757328033447, 0.7083911895751953, 0.6845889091491699, 0.7536646723747253, 0.5959038734436035, 0.8674697279930115, 0.5804740786552429, 0.7733215689659119, 0.781015157699585, 0.5016723275184631, 0.671421229839325, 0.7074706554412842, 0.7640784382820129, 0.7645838856697083, 0.7533330917358398, 0.4161330461502075, 0.6316630244255066, 0.8552665114402771, 0.536314070224762, 0.9048768877983093, 0.5337846875190735, 0.7450039982795715, 0.6538289189338684, 0.782835066318512, 0.7215993404388428, 0.5885390043258667, 0.7554090023040771, 0.6775400042533875, 0.7444826364517212, 0.3744881749153137, 0.6526166200637817, 0.5398766398429871, 0.7744225859642029, 0.6640660166740417, 0.5843096375465393, 0.6284128427505493, 0.9270447492599487, 0.5844846367835999, 0.9052521586418152, 0.7282561659812927, 0.7732345461845398, 0.848127543926239, 0.908953845500946, 0.7244423031806946, 0.822010338306427, 0.8440596461296082, 0.7222099304199219, 0.8672590851783752, 0.5194091796875, 0.8194310665130615, 0.6664799451828003, 0.7087392210960388, 0.7732916474342346, 0.7332392334938049, 0.7620498538017273, 0.702881395816803, 0.8283145427703857, 0.6379796862602234, 0.49044114351272583, 0.7093843817710876, 0.6550872325897217, 0.5416095852851868, 0.6157468557357788, 0.6803387403488159, 0.8162720203399658, 0.747738242149353], "labels": [0.75, 0.6499999761581421, 0.574999988079071, 0.6499999761581421, 0.6499999761581421, 0.949999988079071, 0.675000011920929, 0.9750000238418579, 0.625, 0.6000000238418579, 0.625, 0.675000011920929, 0.75, 0.675000011920929, 0.5, 0.5249999761581421, 0.5249999761581421, 0.6499999761581421, 0.550000011920929, 0.6000000238418579, 0.949999988079071, 0.75, 0.8500000238418579, 0.6000000238418579, 0.574999988079071, 0.550000011920929, 0.574999988079071, 0.9750000238418579, 0.8500000238418579, 0.925000011920929, 0.7749999761581421, 0.699999988079071, 0.6499999761581421, 0.7250000238418579, 0.8500000238418579, 0.6499999761581421, 0.8500000238418579, 0.4749999940395355, 0.6499999761581421, 0.7749999761581421, 0.44999998807907104, 0.4749999940395355, 0.625, 0.6499999761581421, 0.7250000238418579, 0.7250000238418579, 0.44999998807907104, 0.675000011920929, 0.875, 0.550000011920929, 0.8999999761581421, 0.3499999940395355, 0.6000000238418579, 0.7250000238418579, 0.699999988079071, 0.6000000238418579, 0.625, 0.925000011920929, 0.6000000238418579, 0.8999999761581421, 0.32499998807907104, 0.574999988079071, 0.7250000238418579, 0.7749999761581421, 0.574999988079071, 0.699999988079071, 0.6499999761581421, 0.6499999761581421, 0.5249999761581421, 0.949999988079071, 0.800000011920929, 0.7250000238418579, 0.8999999761581421, 1.0, 0.7250000238418579, 0.8500000238418579, 0.8999999761581421, 0.625, 0.925000011920929, 0.42500001192092896, 0.800000011920929, 0.625, 0.625, 0.8999999761581421, 0.7749999761581421, 0.675000011920929, 0.4749999940395355, 0.699999988079071, 0.6000000238418579, 0.5, 0.625, 0.574999988079071, 0.550000011920929, 0.574999988079071, 0.675000011920929, 0.75, 0.8500000238418579]}}}