{"best": {"ged": {"f1_score_avg_ged": 0.6757115329942824, "f1_score_macro_ged": 0.5656605587770827, "f1_score_weighted_ged": 0.7251326043151661, "f_0_5_ged": 0.4774071611074166, "ged": 0.685852395163642, "ged_weight_coef": 1.0}}, "train": {"loss": [0.6146], "learning_rate": [7.4937343358396e-06], "epoch": [3.76], "step": [500]}, "eval": {"f1_score_avg_ged": [0.7092902043781786, 0.6757115329942824, 0.725337208200398, 0.7174716492402944], "f1_score_macro_ged": [0.577210217702626, 0.5656605587770827, 0.5924668552543153, 0.5913060334547854], "f1_score_weighted_ged": [0.74957706365748, 0.7251326043151661, 0.7622007189342221, 0.7569374072738307], "f_0_5_ged": [0.44383112039385353, 0.4774071611074166, 0.4621642073401438, 0.47590741910316897], "ged": [0.702195061577691, 0.685852395163642, 0.6987520919905769, 0.6917573743396335], "total_loss": [0.702195061577691, 0.685852395163642, 0.6987520919905769, 0.6917573743396335], "ged_weight_coef": [1.0, 1.0, 1.0, 1.0], "epoch": [0.99, 1.99, 2.99, 3.99], "step": [132, 265, 398, 531]}, "test": {"f1_score_avg_ged": 0.7058823529411765, "f1_score_macro_ged": 0.5978895298830712, "f1_score_weighted_ged": 0.743621601430511, "f_0_5_ged": 0.5029391621960964, "ged": 0.6695291499296824, "total_loss": 0.6695291499296824, "ged_weight_coef": 1.0}, "info": {"tasks": ["ged"], "outputs": ["loss", "labels", "preds"], "map_out_to_task": {"ged_loss": "ged", "ged_labels": "ged", "ged_preds": "ged"}, "map_out_to_out": {"ged_loss": "loss", "ged_labels": "labels", "ged_preds": "preds"}, "map_task_index": {"ged": 0}, "map_index_task": {"0": "ged"}, "optimizer_weighting": "fixed", "epochs_to_avg_over": 2, "temp": 2, "init_task_weightings": {"aes": 1.0, "ged": 1.0, "ner": 1.0}, "metrics_to_track_by_task": {"aes": "pearson_aes", "ged": "f_0_5_ged", "ner": "f1_score_avg_ner"}, "regression_tasks": ["aes"], "classification_tasks": ["ner", "ged"], "fce_tasks": ["aes", "ged"], "task_priorities_priority_as_key": {"primary_task": "ged"}, "early_stopping_patience": 2, "early_stopping_metric": "loss", "pretrained_model": "distilroberta-base", "frozen_layers": "all", "scoring": "script", "learning_rate": 1e-05, "batch_size": 8, "weight_decay": 0.01, "adam_epsilon": 1e-08}, "preds": {}}