{"best": {"aes": {"rmse_aes": 5.58365607732724, "pearson_aes": 0.36192972854441563, "spearman_aes": 0.35157358512051895, "kappa_aes": 0.079886183359962, "aes": 34.77812025282118, "aes_weight_coef": 1.0}}, "train": {"loss": [261.4552, 30.4508], "learning_rate": [6.12280701754386e-05, 5.245614035087719e-05], "epoch": [3.76, 7.52], "step": [500, 1000]}, "eval": {"rmse_aes": [20.545719317621398, 11.660818305089219, 5.748967986638333, 5.635556198893422, 5.6107942983349375, 5.618684922040438, 5.58365607732724, 5.60515133774168, 5.58138860268457], "pearson_aes": [0.11858430853557074, 0.21501630919402379, 0.2237329565560905, 0.24304070750514412, 0.29997152510417363, 0.2906251882558186, 0.36192972854441563, 0.300118790223662, 0.3404989504855212], "spearman_aes": [0.1914675109421997, 0.20829908809814268, 0.23641456575357786, 0.25028620253283623, 0.28858967114850326, 0.3015791762272341, 0.35157358512051895, 0.325689408570801, 0.3478392500103201], "kappa_aes": [0.002521489971346713, 0.011489964230689154, 0.05473235538920718, 0.06076029364465829, 0.07083964991574754, 0.06544825324300785, 0.079886183359962, 0.07064080085967994, 0.08143162598094233], "aes": [466.45858425564234, 151.22930908203125, 36.89445771111382, 35.2342676586575, 35.13797611660428, 34.889407793680824, 34.77812025282118, 34.33622699313693, 34.36573939853244], "total_loss": [466.45858425564234, 151.22930908203125, 36.89445771111382, 35.2342676586575, 35.13797611660428, 34.889407793680824, 34.77812025282118, 34.33622699313693, 34.36573939853244], "aes_weight_coef": [1.0, 1.0, 1.0, 1.0, 1.0, 1.0, 1.0, 1.0, 1.0], "epoch": [0.99, 1.99, 2.99, 3.99, 4.99, 5.99, 6.99, 7.99, 8.99], "step": [132, 265, 398, 531, 664, 797, 930, 1063, 1196]}, "test": {"rmse_aes": 5.591783368221036, "pearson_aes": 0.5260477092669773, "spearman_aes": 0.511609644800811, "kappa_aes": 0.1378706671335076, "aes": 33.88551012674967, "total_loss": 33.88551012674967, "aes_weight_coef": 1.0}, "info": {"tasks": ["aes"], "outputs": ["loss", "labels", "preds"], "map_out_to_task": {"aes_loss": "aes", "aes_labels": "aes", "aes_preds": "aes"}, "map_out_to_out": {"aes_loss": "loss", "aes_labels": "labels", "aes_preds": "preds"}, "map_task_index": {"aes": 0}, "map_index_task": {"0": "aes"}, "optimizer_weighting": "fixed", "epochs_to_avg_over": 2, "temp": 2, "init_task_weightings": {"aes": 1.0, "ged": 1.0, "ner": 1.0}, "metrics_to_track_by_task": {"aes": "pearson_aes", "ged": "f_0_5_ged", "ner": "f1_score_avg_ner"}, "regression_tasks": ["aes"], "classification_tasks": ["ner", "ged"], "fce_tasks": ["aes", "ged"], "task_priorities_priority_as_key": {"primary_task": "aes"}, "early_stopping_patience": 2, "early_stopping_metric": null, "pretrained_model": "distilroberta-base", "frozen_layers": "all", "scoring": "script", "learning_rate": 7e-05, "batch_size": 8, "weight_decay": 0.01, "adam_epsilon": 1e-08}, "preds": {"aes": {"preds": [28.365665435791016, 28.20954132080078, 28.4422550201416, 28.476356506347656, 28.63921356201172, 28.248619079589844, 28.388519287109375, 28.159826278686523, 27.76581573486328, 28.581283569335938, 28.15903091430664, 28.75220489501953, 28.53666114807129, 28.649150848388672, 28.625526428222656, 26.1859130859375, 27.80002212524414, 28.447067260742188, 28.684234619140625, 27.688610076904297, 29.117626190185547, 28.3642578125, 28.41082000732422, 28.237659454345703, 28.05661392211914, 28.25334930419922, 26.47708511352539, 28.775249481201172, 29.009742736816406, 28.530418395996094, 28.12972640991211, 28.986801147460938, 28.284414291381836, 27.484722137451172, 28.66242218017578, 28.06021499633789, 29.203266143798828, 27.695510864257812, 28.944555282592773, 28.191566467285156, 27.036653518676758, 26.93395233154297, 28.23065185546875, 28.780723571777344, 28.580303192138672, 28.322345733642578, 27.295482635498047, 27.65637969970703, 28.895421981811523, 27.52791976928711, 29.06313705444336, 28.42745590209961, 28.329782485961914, 27.65222930908203, 28.258249282836914, 28.457801818847656, 27.274200439453125, 29.11189842224121, 27.69217872619629, 28.65378761291504, 25.02892303466797, 28.48981475830078, 27.976421356201172, 28.826553344726562, 27.146244049072266, 28.424484252929688, 27.814380645751953, 28.588634490966797, 27.422191619873047, 28.75116539001465, 28.00627899169922, 28.442428588867188, 28.811065673828125, 29.055757522583008, 27.3042049407959, 29.04674530029297, 28.474720001220703, 28.378053665161133, 28.430858612060547, 27.661338806152344, 28.753122329711914, 28.281038284301758, 28.427589416503906, 28.841379165649414, 28.651382446289062, 28.55329132080078, 28.13825225830078, 28.451580047607422, 27.65286636352539, 27.701984405517578, 28.577110290527344, 28.07859230041504, 27.645666122436523, 27.483341217041016, 28.67532730102539, 28.347217559814453, 28.33279037475586], "labels": [30.0, 26.0, 23.0, 26.0, 26.0, 38.0, 27.0, 39.0, 25.0, 24.0, 25.0, 27.0, 30.0, 27.0, 20.0, 21.0, 21.0, 26.0, 22.0, 24.0, 38.0, 30.0, 34.0, 24.0, 23.0, 22.0, 23.0, 39.0, 34.0, 37.0, 31.0, 28.0, 26.0, 29.0, 34.0, 26.0, 34.0, 19.0, 26.0, 31.0, 18.0, 19.0, 25.0, 26.0, 29.0, 29.0, 18.0, 27.0, 35.0, 22.0, 36.0, 14.0, 24.0, 29.0, 28.0, 24.0, 25.0, 37.0, 24.0, 36.0, 13.0, 23.0, 29.0, 31.0, 23.0, 28.0, 26.0, 26.0, 21.0, 38.0, 32.0, 29.0, 36.0, 40.0, 29.0, 34.0, 36.0, 25.0, 37.0, 17.0, 32.0, 25.0, 25.0, 36.0, 31.0, 27.0, 19.0, 28.0, 24.0, 20.0, 25.0, 23.0, 22.0, 23.0, 27.0, 30.0, 34.0]}}}