{"best": {"aes": {"rmse_aes": 27.347968707109917, "pearson_aes": NaN, "spearman_aes": NaN, "kappa_aes": 0.0, "aes": 814.6506144205729, "aes_weight_coef": 1.0}}, "train": {}, "eval": {"rmse_aes": [27.347968707109917, 26.340996588318802, 25.198955172231884], "pearson_aes": [NaN, 0.16259727947219058, 0.1629879646770878], "spearman_aes": [NaN, 0.16117235351912487, 0.19862409465175468], "kappa_aes": [0.0, 0.001139661308112272, 0.003268750352801719], "aes": [814.6506144205729, 753.0463053385416, 694.1590372721354], "total_loss": [814.6506144205729, 753.0463053385416, 694.1590372721354], "aes_weight_coef": [1.0, 1.0, 1.0], "epoch": [0.99, 1.99, 2.99], "step": [132, 265, 398]}, "test": {"rmse_aes": 25.154778603635894, "pearson_aes": 0.11290582897421671, "spearman_aes": 0.11138256353533521, "kappa_aes": 0.0005030594459171089, "aes": 693.1776072184244, "total_loss": 693.1776072184244, "aes_weight_coef": 1.0}, "info": {"tasks": ["aes"], "outputs": ["loss", "labels", "preds"], "map_out_to_task": {"aes_loss": "aes", "aes_labels": "aes", "aes_preds": "aes"}, "map_out_to_out": {"aes_loss": "loss", "aes_labels": "labels", "aes_preds": "preds"}, "map_task_index": {"aes": 0}, "map_index_task": {"0": "aes"}, "optimizer_weighting": "fixed", "epochs_to_avg_over": 2, "temp": 2, "init_task_weightings": {"aes": 1.0, "ged": 1.0, "ner": 1.0}, "metrics_to_track_by_task": {"aes": "pearson_aes", "ged": "f_0_5_ged", "ner": "f1_score_avg_ner"}, "regression_tasks": ["aes"], "classification_tasks": ["ner", "ged"], "fce_tasks": ["aes", "ged"], "task_priorities_priority_as_key": {"primary_task": "aes"}, "early_stopping_patience": 2, "early_stopping_metric": null, "pretrained_model": "distilroberta-base", "frozen_layers": "all", "scoring": "script", "learning_rate": 1e-05, "batch_size": 8, "weight_decay": 0.01, "adam_epsilon": 1e-08}, "preds": {"aes": {"preds": [3.3077640533447266, 3.3150460720062256, 3.3755156993865967, 3.2980237007141113, 3.374359130859375, 3.2974276542663574, 3.3092031478881836, 3.2646617889404297, 3.2181975841522217, 3.3651490211486816, 3.279611825942993, 3.4328067302703857, 3.327986001968384, 3.3519318103790283, 3.419421672821045, 2.9959774017333984, 3.2641661167144775, 3.339794635772705, 3.4072349071502686, 3.233124256134033, 3.4871108531951904, 3.280087947845459, 3.3242173194885254, 3.3474018573760986, 3.3121001720428467, 3.3004531860351562, 3.0167737007141113, 3.3632280826568604, 3.4563121795654297, 3.3455324172973633, 3.2381608486175537, 3.482341766357422, 3.2433578968048096, 3.1427807807922363, 3.3594231605529785, 3.3405938148498535, 3.5361204147338867, 3.2516984939575195, 3.4272758960723877, 3.292185068130493, 3.142488956451416, 3.0815470218658447, 3.351754903793335, 3.377990245819092, 3.36814284324646, 3.2948861122131348, 3.192293405532837, 3.148211717605591, 3.436642646789551, 3.185157299041748, 3.462343692779541, 3.351332664489746, 3.2845892906188965, 3.1835803985595703, 3.315286874771118, 3.3464877605438232, 3.1545534133911133, 3.4620442390441895, 3.210104465484619, 3.341505527496338, 2.9296064376831055, 3.390687942504883, 3.2597036361694336, 3.4716224670410156, 3.1464457511901855, 3.4120688438415527, 3.2157835960388184, 3.353463649749756, 3.183002471923828, 3.3719351291656494, 3.183213472366333, 3.345796585083008, 3.3603525161743164, 3.453381299972534, 3.1005539894104004, 3.450932741165161, 3.2904562950134277, 3.358184337615967, 3.3046436309814453, 3.2913265228271484, 3.4257314205169678, 3.338740587234497, 3.314544200897217, 3.4089744091033936, 3.381439685821533, 3.3578169345855713, 3.3621811866760254, 3.29490327835083, 3.174529552459717, 3.2693986892700195, 3.3687658309936523, 3.3342883586883545, 3.234222888946533, 3.1880311965942383, 3.4015750885009766, 3.2591052055358887, 3.282106399536133], "labels": [30.0, 26.0, 23.0, 26.0, 26.0, 38.0, 27.0, 39.0, 25.0, 24.0, 25.0, 27.0, 30.0, 27.0, 20.0, 21.0, 21.0, 26.0, 22.0, 24.0, 38.0, 30.0, 34.0, 24.0, 23.0, 22.0, 23.0, 39.0, 34.0, 37.0, 31.0, 28.0, 26.0, 29.0, 34.0, 26.0, 34.0, 19.0, 26.0, 31.0, 18.0, 19.0, 25.0, 26.0, 29.0, 29.0, 18.0, 27.0, 35.0, 22.0, 36.0, 14.0, 24.0, 29.0, 28.0, 24.0, 25.0, 37.0, 24.0, 36.0, 13.0, 23.0, 29.0, 31.0, 23.0, 28.0, 26.0, 26.0, 21.0, 38.0, 32.0, 29.0, 36.0, 40.0, 29.0, 34.0, 36.0, 25.0, 37.0, 17.0, 32.0, 25.0, 25.0, 36.0, 31.0, 27.0, 19.0, 28.0, 24.0, 20.0, 25.0, 23.0, 22.0, 23.0, 27.0, 30.0, 34.0]}}}