{"best": {"ged": {"f1_score_avg_ged": 0.5590232807909783, "f1_score_macro_ged": 0.45562068805295985, "f1_score_weighted_ged": 0.6286778214090214, "f_0_5_ged": 0.3174964993975707, "ged": 0.8835466653108597, "ged_weight_coef": 1.0}}, "train": {}, "eval": {"f1_score_avg_ged": [0.5561803076728685, 0.5563698392140759, 0.5590232807909783, 0.5590864579713808, 0.5576649714123258], "f1_score_macro_ged": [0.4522227712600757, 0.4518228006883215, 0.45562068805295985, 0.45443456671989413, 0.4535162845341809], "f1_score_weighted_ged": [0.626284367468313, 0.6264409320878294, 0.6286778214090214, 0.628723554883477, 0.6275320102001176], "f_0_5_ged": [0.31059742796679146, 0.30866008278739276, 0.3174964993975707, 0.3128161613524363, 0.31235742683960116], "ged": [0.8842560648918152, 0.8847076445817947, 0.8835466653108597, 0.8840250074863434, 0.8849616944789886], "total_loss": [0.8842560648918152, 0.8847076445817947, 0.8835466653108597, 0.8840250074863434, 0.8849616944789886], "ged_weight_coef": [1.0, 1.0, 1.0, 1.0, 1.0], "epoch": [0.99, 1.99, 2.99, 3.99, 4.99], "step": [66, 133, 200, 267, 334]}, "test": {"f1_score_avg_ged": 0.5482565877029545, "f1_score_macro_ged": 0.4530317511120679, "f1_score_weighted_ged": 0.6126347975900569, "f_0_5_ged": 0.3168288789330038, "ged": 0.8316774765650431, "total_loss": 0.8316774765650431, "ged_weight_coef": 1.0}, "info": {"tasks": ["ged"], "outputs": ["loss", "labels", "preds"], "map_out_to_task": {"ged_loss": "ged", "ged_labels": "ged", "ged_preds": "ged"}, "map_out_to_out": {"ged_loss": "loss", "ged_labels": "labels", "ged_preds": "preds"}, "map_task_index": {"ged": 0}, "map_index_task": {"0": "ged"}, "optimizer_weighting": "fixed", "epochs_to_avg_over": 2, "temp": 2, "init_task_weightings": {"aes": 1.0, "ged": 1.0, "ner": 1.0}, "metrics_to_track_by_task": {"aes": "pearson_aes", "ged": "f_0_5_ged", "ner": "f1_score_avg_ner"}, "regression_tasks": ["aes"], "classification_tasks": ["ner", "ged"], "fce_tasks": ["aes", "ged"], "task_priorities_priority_as_key": {"primary_task": "ged"}, "early_stopping_patience": 2, "early_stopping_metric": "loss", "pretrained_model": "distilroberta-base", "frozen_layers": "all", "scoring": "script", "learning_rate": 0.0005, "batch_size": 16, "weight_decay": 0.01, "adam_epsilon": 1e-08}, "preds": {}}