{"best": {"ner": {"f1_score_avg_ner": 0.9898757836532845, "f1_score_macro_ner": 0.9400910336197931, "f1_score_weighted_ner": 0.9898263501799853, "ner": 0.04034578216713712, "ner_weight_coef": 1.0}}, "train": {"loss": [0.2106, 0.0375, 0.0266], "learning_rate": [7.4937343358396e-06, 4.987468671679198e-06, 2.481203007518797e-06], "epoch": [3.76, 7.52, 11.28], "step": [500, 1000, 1500]}, "eval": {"f1_score_avg_ner": [0.9500992951987851, 0.9787975546123593, 0.9848136754799268, 0.9864296561660372, 0.9875199563879912, 0.9887465441376894, 0.9892722246018457, 0.9894474514232312, 0.9898757836532845, 0.9897784354191815, 0.9898368443596434, 0.989505860363693], "f1_score_macro_ner": [0.6132542624361615, 0.8608973051748793, 0.9051127015111583, 0.919026206715983, 0.928618541508956, 0.935208733268046, 0.9364116800199801, 0.9380161747785812, 0.9400910336197931, 0.9399253854273465, 0.9406595360660427, 0.9389717200918157], "f1_score_weighted_ner": [0.9423030316983502, 0.9782635612065469, 0.984667814339488, 0.9863734219294213, 0.9874829204458319, 0.9886929807116853, 0.9891848284222076, 0.9893904817926594, 0.9898263501799853, 0.9897721883228404, 0.9898413959717608, 0.9895052314557278], "ner": [0.1600638269023462, 0.07480806563839767, 0.05569820786177209, 0.050018691486029915, 0.045190798146932415, 0.04217161479490725, 0.04247202940115875, 0.040913887597112494, 0.04034578216713712, 0.03995261978442696, 0.04004031229961776, 0.04084770787845959], "total_loss": [0.1600638269023462, 0.07480806563839767, 0.05569820786177209, 0.050018691486029915, 0.045190798146932415, 0.04217161479490725, 0.04247202940115875, 0.040913887597112494, 0.04034578216713712, 0.03995261978442696, 0.04004031229961776, 0.04084770787845959], "ner_weight_coef": [1.0, 1.0, 1.0, 1.0, 1.0, 1.0, 1.0, 1.0, 1.0, 1.0, 1.0, 1.0], "epoch": [0.99, 1.99, 2.99, 3.99, 4.99, 5.99, 6.99, 7.99, 8.99, 9.99, 10.99, 11.99], "step": [132, 265, 398, 531, 664, 797, 930, 1063, 1196, 1329, 1462, 1595]}, "test": {"f1_score_avg_ner": 0.979907397437278, "f1_score_macro_ner": 0.8821688540035236, "f1_score_weighted_ner": 0.9805522799036718, "ner": 0.09379892790069183, "total_loss": 0.09379892790069183, "ner_weight_coef": 1.0}, "info": {"tasks": ["ner"], "outputs": ["loss", "labels", "preds"], "map_out_to_task": {"ner_loss": "ner", "ner_labels": "ner", "ner_preds": "ner"}, "map_out_to_out": {"ner_loss": "loss", "ner_labels": "labels", "ner_preds": "preds"}, "map_task_index": {"ner": 0}, "map_index_task": {"0": "ner"}, "optimizer_weighting": "fixed", "epochs_to_avg_over": 2, "temp": 2, "init_task_weightings": {"aes": 1.0, "ged": 1.0, "ner": 1.0}, "metrics_to_track_by_task": {"aes": "pearson_aes", "ged": "f_0_5_ged", "ner": "f1_score_avg_ner"}, "regression_tasks": ["aes"], "classification_tasks": ["ner", "ged"], "fce_tasks": ["aes", "ged"], "task_priorities_priority_as_key": {"primary_task": "ner"}, "early_stopping_patience": 2, "early_stopping_metric": "loss", "pretrained_model": "distilroberta-base", "frozen_layers": "all", "scoring": "script", "learning_rate": 1e-05, "batch_size": 8, "weight_decay": 0.01, "adam_epsilon": 1e-08}, "preds": {}}