{"best": {"aes": {"rmse_aes": 6.094197281539967, "pearson_aes": 0.23987175888458687, "spearman_aes": 0.31423994077528916, "kappa_aes": 0.1969586077905181, "aes": 0.028850473929196596, "aes_weight_coef": 1.0}}, "train": {"loss": [0.2029], "learning_rate": [5.024875621890548e-06], "epoch": [7.46], "step": [500]}, "eval": {"rmse_aes": [28.249565920267596, 19.420073133392908, 11.835368577576645, 7.199683537349033, 6.845491910277222, 6.6570605897950585, 6.536170054958927, 6.302501010499068, 6.2753284245083965, 6.053558426269062, 6.02631360752181, 6.094197281539967, 6.0900416743185515], "pearson_aes": [0.0896615209256088, 0.12723241491780654, 0.1455194546068052, 0.1662384251172093, 0.18271457011705786, 0.18399282742672285, 0.18918642797023985, 0.20511566155500452, 0.22145829663100403, 0.2299376218538383, 0.23903419349492233, 0.23987175888458687, 0.23737149528022294], "spearman_aes": [0.17812297093583887, 0.21651724301400943, 0.23627876373271706, 0.2500323989785816, 0.2651317696560073, 0.28056086777883704, 0.2704691915932475, 0.28574194463862124, 0.27362913657700416, 0.3077598790442312, 0.3130767841182729, 0.31423994077528916, 0.31675277859037004], "kappa_aes": [0.007001088855049686, 0.016032306610301528, 0.0503023440699607, 0.1601330351257959, 0.19438436776984203, 0.1810046736608164, 0.18473142549856902, 0.1886054072162201, 0.1948320433112386, 0.20416430166890576, 0.20250241094008048, 0.1969586077905181, 0.19305942052709124], "aes": [0.6206427812576294, 0.29334935545921326, 0.10989661887288094, 0.040863998234272, 0.03667139820754528, 0.034110205713659525, 0.03261733474209905, 0.030820618849247694, 0.030562419909983873, 0.028632667381316423, 0.028378918766975403, 0.028850473929196596, 0.028567525558173656], "total_loss": [0.6206427812576294, 0.29334935545921326, 0.10989661887288094, 0.040863998234272, 0.03667139820754528, 0.034110205713659525, 0.03261733474209905, 0.030820618849247694, 0.030562419909983873, 0.028632667381316423, 0.028378918766975403, 0.028850473929196596, 0.028567525558173656], "aes_weight_coef": [1.0, 1.0, 1.0, 1.0, 1.0, 1.0, 1.0, 1.0, 1.0, 1.0, 1.0, 1.0, 1.0], "epoch": [0.99, 1.99, 2.99, 3.99, 4.99, 5.99, 6.99, 7.99, 8.99, 9.99, 10.99, 11.99, 12.99], "step": [66, 133, 200, 267, 334, 401, 468, 535, 602, 669, 736, 803, 870]}, "test": {"rmse_aes": 6.243346974443994, "pearson_aes": 0.2543814082998685, "spearman_aes": 0.3215528779482197, "kappa_aes": 0.18665806902783866, "aes": 0.025525069950769346, "total_loss": 0.025525069950769346, "aes_weight_coef": 1.0}, "info": {"tasks": ["aes"], "outputs": ["loss", "labels", "preds"], "map_out_to_task": {"aes_loss": "aes", "aes_labels": "aes", "aes_preds": "aes"}, "map_out_to_out": {"aes_loss": "loss", "aes_labels": "labels", "aes_preds": "preds"}, "map_task_index": {"aes": 0}, "map_index_task": {"0": "aes"}, "optimizer_weighting": "fixed", "epochs_to_avg_over": 2, "temp": 2, "init_task_weightings": {"aes": 1.0, "ged": 1.0, "ner": 1.0}, "metrics_to_track_by_task": {"aes": "pearson_aes", "ged": "f_0_5_ged", "ner": "f1_score_avg_ner"}, "regression_tasks": ["aes"], "classification_tasks": ["ner", "ged"], "fce_tasks": ["aes", "ged"], "task_priorities_priority_as_key": {"primary_task": "aes"}, "early_stopping_patience": 2, "early_stopping_metric": "loss", "pretrained_model": "distilroberta-base", "frozen_layers": "all", "scoring": "script", "learning_rate": 1e-05, "batch_size": 16, "weight_decay": 0.01, "adam_epsilon": 1e-08}, "preds": {"aes": {"preds": [0.6308159232139587, 0.7490410804748535, 0.7701326608657837, 0.8279361724853516, 0.7449306845664978, 0.7589396238327026, 0.7886720299720764, 0.6919711828231812, 0.5957158803939819, 0.8291787505149841, 0.7519445419311523, 0.7254698276519775, 0.7947888374328613, 0.5898343324661255, 0.7455734014511108, 0.6802260279655457, 0.7089594602584839, 0.8015444874763489, 0.7910579442977905, 0.6866477727890015, 0.7938182353973389, 0.7812967300415039, 0.513603925704956, 0.7227614521980286, 0.7177059650421143, 0.7562134861946106, 0.7053207159042358, 0.7605831623077393, 0.49362853169441223, 0.8212366104125977, 0.7568476796150208, 0.7901591062545776, 0.7833345532417297, 0.7487812638282776, 0.8744561076164246, 0.6392094492912292, 0.8046141266822815, 0.7403470277786255, 0.7655287384986877, 0.5845516920089722, 0.6624152660369873, 0.7261708974838257, 0.6529899835586548, 0.708810567855835, 0.8296498656272888, 0.7113345861434937, 0.8316330909729004, 0.8127483129501343, 0.7388573884963989, 0.7582162618637085, 0.7456483840942383, 0.6468634009361267, 0.8319039344787598, 0.6148329377174377, 0.7482143640518188, 0.7047184109687805, 0.7297633290290833, 0.8130469918251038, 0.6788740754127502, 0.7499097585678101, 0.6242166757583618, 0.6747171878814697, 0.6907347440719604, 0.8230177164077759, 0.5936353206634521, 0.7016922235488892, 0.853526771068573, 0.7560101747512817, 0.6927067041397095, 0.7562495470046997, 0.7437267303466797, 0.7366450428962708, 0.8359500169754028, 0.7459604740142822, 0.7702129483222961, 0.7656686305999756, 0.8243229389190674, 0.633664071559906, 0.7801768779754639, 0.7093730568885803, 0.7887194156646729, 0.640228807926178, 0.8185248374938965, 0.768828809261322, 0.815956175327301, 0.8698599338531494, 0.6561514139175415, 0.8053703308105469, 0.753119707107544, 0.6215755343437195, 0.7657144069671631, 0.685417115688324, 0.6532045006752014, 0.7988441586494446, 0.8324968814849854, 0.7777723073959351, 0.7866827249526978], "labels": [0.75, 0.6499999761581421, 0.574999988079071, 0.6499999761581421, 0.6499999761581421, 0.949999988079071, 0.675000011920929, 0.9750000238418579, 0.625, 0.6000000238418579, 0.625, 0.675000011920929, 0.75, 0.675000011920929, 0.5, 0.5249999761581421, 0.5249999761581421, 0.6499999761581421, 0.550000011920929, 0.6000000238418579, 0.949999988079071, 0.75, 0.8500000238418579, 0.6000000238418579, 0.574999988079071, 0.550000011920929, 0.574999988079071, 0.9750000238418579, 0.8500000238418579, 0.925000011920929, 0.7749999761581421, 0.699999988079071, 0.6499999761581421, 0.7250000238418579, 0.8500000238418579, 0.6499999761581421, 0.8500000238418579, 0.4749999940395355, 0.6499999761581421, 0.7749999761581421, 0.44999998807907104, 0.4749999940395355, 0.625, 0.6499999761581421, 0.7250000238418579, 0.7250000238418579, 0.44999998807907104, 0.675000011920929, 0.875, 0.550000011920929, 0.8999999761581421, 0.3499999940395355, 0.6000000238418579, 0.7250000238418579, 0.699999988079071, 0.6000000238418579, 0.625, 0.925000011920929, 0.6000000238418579, 0.8999999761581421, 0.32499998807907104, 0.574999988079071, 0.7250000238418579, 0.7749999761581421, 0.574999988079071, 0.699999988079071, 0.6499999761581421, 0.6499999761581421, 0.5249999761581421, 0.949999988079071, 0.800000011920929, 0.7250000238418579, 0.8999999761581421, 1.0, 0.7250000238418579, 0.8500000238418579, 0.8999999761581421, 0.625, 0.925000011920929, 0.42500001192092896, 0.800000011920929, 0.625, 0.625, 0.8999999761581421, 0.7749999761581421, 0.675000011920929, 0.4749999940395355, 0.699999988079071, 0.6000000238418579, 0.5, 0.625, 0.574999988079071, 0.550000011920929, 0.574999988079071, 0.675000011920929, 0.75, 0.8500000238418579]}}}