{"best": {"ged": {"f1_score_avg_ged": 0.8186037759518284, "f1_score_macro_ged": 0.7050979713326545, "f1_score_weighted_ged": 0.8386517630784783, "f_0_5_ged": 0.631520044765978, "ged": 0.6140645295381546, "ged_weight_coef": 1.0}}, "train": {}, "eval": {"f1_score_avg_ged": [0.8292354011164774, 0.837514896819921, 0.8186037759518284, 0.8214576930314245], "f1_score_macro_ged": [0.7007162728157332, 0.7177007579195215, 0.7050979713326545, 0.7061701280885209], "f1_score_weighted_ged": [0.84388024650935, 0.851951655577332, 0.8386517630784783, 0.8405231727794047], "f_0_5_ged": [0.5799799213586546, 0.6171966039620443, 0.631520044765978, 0.6263090059610117], "ged": [0.6518978327512741, 0.606184795498848, 0.6140645295381546, 0.6490004807710648], "total_loss": [0.6518978327512741, 0.606184795498848, 0.6140645295381546, 0.6490004807710648], "ged_weight_coef": [1.0, 1.0, 1.0, 1.0], "epoch": [0.99, 1.99, 2.99, 3.99], "step": [66, 133, 200, 267]}, "test": {"f1_score_avg_ged": 0.7962235291015058, "f1_score_macro_ged": 0.690676274211433, "f1_score_weighted_ged": 0.8169851268241265, "f_0_5_ged": 0.6113357861769089, "ged": 0.6932637790838877, "total_loss": 0.6932637790838877, "ged_weight_coef": 1.0}, "info": {"tasks": ["ged"], "outputs": ["loss", "labels", "preds"], "map_out_to_task": {"ged_loss": "ged", "ged_labels": "ged", "ged_preds": "ged"}, "map_out_to_out": {"ged_loss": "loss", "ged_labels": "labels", "ged_preds": "preds"}, "map_task_index": {"ged": 0}, "map_index_task": {"0": "ged"}, "optimizer_weighting": "fixed", "epochs_to_avg_over": 2, "temp": 2, "init_task_weightings": {"aes": 1.0, "ged": 1.0, "ner": 1.0}, "metrics_to_track_by_task": {"aes": "pearson_aes", "ged": "f_0_5_ged", "ner": "f1_score_avg_ner"}, "regression_tasks": ["aes"], "classification_tasks": ["ner", "ged"], "fce_tasks": ["aes", "ged"], "task_priorities_priority_as_key": {"primary_task": "ged"}, "early_stopping_patience": 2, "early_stopping_metric": "loss", "pretrained_model": "distilroberta-base", "frozen_layers": "all", "scoring": "script", "learning_rate": 0.0005, "batch_size": 16, "weight_decay": 0.01, "adam_epsilon": 1e-08}, "preds": {}}