{"best": {"ged": {"f1_score_avg_ged": 0.852223546383993, "f1_score_macro_ged": 0.482646926825581, "f1_score_weighted_ged": 0.8018404480441932, "f_0_5_ged": 0.03137079155229399, "ged": 0.8083623978826735, "ged_weight_coef": 1.0}}, "train": {"loss": [0.7265], "learning_rate": [7.4937343358396e-06], "epoch": [3.76], "step": [500]}, "eval": {"f1_score_avg_ged": [0.851533588408706, 0.8518785673963495, 0.8503418428150286, 0.852223546383993], "f1_score_macro_ged": [0.4798452564668755, 0.4807645173809409, 0.47934266597510305, 0.482646926825581], "f1_score_weighted_ged": [0.8008149683566897, 0.8012026458135799, 0.8001695659649272, 0.8018404480441932], "f_0_5_ged": [0.02773575390821987, 0.028861241874019273, 0.02767682415431926, 0.03137079155229399], "ged": [0.8094979127248129, 0.8081767095459832, 0.8084444867240058, 0.8083623978826735], "total_loss": [0.8094979127248129, 0.8081767095459832, 0.8084444867240058, 0.8083623978826735], "ged_weight_coef": [1.0, 1.0, 1.0, 1.0], "epoch": [0.99, 1.99, 2.99, 3.99], "step": [132, 265, 398, 531]}, "test": {"f1_score_avg_ged": 0.8371792505076611, "f1_score_macro_ged": 0.4718504277428506, "f1_score_weighted_ged": 0.7789110582729211, "f_0_5_ged": 0.022127659574468085, "ged": 0.8012506862481436, "total_loss": 0.8012506862481436, "ged_weight_coef": 1.0}, "info": {"tasks": ["ged"], "outputs": ["loss", "labels", "preds"], "map_out_to_task": {"ged_loss": "ged", "ged_labels": "ged", "ged_preds": "ged"}, "map_out_to_out": {"ged_loss": "loss", "ged_labels": "labels", "ged_preds": "preds"}, "map_task_index": {"ged": 0}, "map_index_task": {"0": "ged"}, "optimizer_weighting": "fixed", "epochs_to_avg_over": 2, "temp": 2, "init_task_weightings": {"aes": 1.0, "ged": 1.0, "ner": 1.0}, "metrics_to_track_by_task": {"aes": "pearson_aes", "ged": "f_0_5_ged", "ner": "f1_score_avg_ner"}, "regression_tasks": ["aes"], "classification_tasks": ["ner", "ged"], "fce_tasks": ["aes", "ged"], "task_priorities_priority_as_key": {"primary_task": "ged"}, "early_stopping_patience": 2, "early_stopping_metric": "loss", "pretrained_model": "distilroberta-base", "frozen_layers": "all", "scoring": "script", "learning_rate": 1e-05, "batch_size": 8, "weight_decay": 0.01, "adam_epsilon": 1e-08}, "preds": {}}