{"best": {"ged": {"f1_score_avg_ged": 0.3433995640774552, "f1_score_macro_ged": 0.32883763490924234, "f1_score_weighted_ged": 0.4009477585256273, "f_0_5_ged": 0.3895289009361744, "ged": 0.7727028462621901, "ged_weight_coef": 1.0}}, "train": {}, "eval": {"f1_score_avg_ged": [0.3433995640774552, 0.4022175190321256, 0.4299523012287962], "f1_score_macro_ged": [0.32883763490924234, 0.3679908035185745, 0.38623284499110794], "f1_score_weighted_ged": [0.4009477585256273, 0.4752704408096575, 0.5057175134707456], "f_0_5_ged": [0.3895289009361744, 0.36121058725329164, 0.357905538453005], "ged": [0.7727028462621901, 0.7740218838055929, 0.7735543648401896], "total_loss": [0.7727028462621901, 0.7740218838055929, 0.7735543648401896], "ged_weight_coef": [1.0, 1.0, 1.0], "epoch": [0.99, 1.99, 2.99], "step": [132, 265, 398]}, "test": {"f1_score_avg_ged": 0.42893265903646527, "f1_score_macro_ged": 0.39130528735663744, "f1_score_weighted_ged": 0.4971420889320359, "f_0_5_ged": 0.37489208155314013, "ged": 0.7552820146083832, "total_loss": 0.7552820146083832, "ged_weight_coef": 1.0}, "info": {"tasks": ["ged"], "outputs": ["loss", "labels", "preds"], "map_out_to_task": {"ged_loss": "ged", "ged_labels": "ged", "ged_preds": "ged"}, "map_out_to_out": {"ged_loss": "loss", "ged_labels": "labels", "ged_preds": "preds"}, "map_task_index": {"ged": 0}, "map_index_task": {"0": "ged"}, "optimizer_weighting": "fixed", "epochs_to_avg_over": 2, "temp": 2, "init_task_weightings": {"aes": 1.0, "ged": 1.0, "ner": 1.0}, "metrics_to_track_by_task": {"aes": "pearson_aes", "ged": "f_0_5_ged", "ner": "f1_score_avg_ner"}, "regression_tasks": ["aes"], "classification_tasks": ["ner", "ged"], "fce_tasks": ["aes", "ged"], "task_priorities_priority_as_key": {"primary_task": "ged"}, "early_stopping_patience": 2, "early_stopping_metric": "loss", "pretrained_model": "distilroberta-base", "frozen_layers": "all", "scoring": "script", "learning_rate": 0.0005, "batch_size": 8, "weight_decay": 0.01, "adam_epsilon": 1e-08}, "preds": {}}