{"best": {"aes": {"rmse_aes": 6.395211816446363, "pearson_aes": 0.34752107686632616, "spearman_aes": 0.34365148057152345, "kappa_aes": 0.21191266777708628, "aes": 0.02832938228837318, "aes_weight_coef": 1.0}}, "train": {"loss": [0.167], "learning_rate": [7.4937343358396e-06], "epoch": [3.76], "step": [500]}, "eval": {"rmse_aes": [14.76396571197264, 6.273310958317532, 6.609352790084477, 6.395211816446363], "pearson_aes": [0.2378702890925409, 0.25266684656665533, 0.2881696282139679, 0.34752107686632616], "spearman_aes": [0.21979482448395127, 0.28128376866070814, 0.29089399053897746, 0.34365148057152345], "kappa_aes": [0.03105460399982274, 0.22452953105849538, 0.20092163398449026, 0.21191266777708628], "aes": [0.1513390839099884, 0.026977848778996203, 0.029814298264682293, 0.02832938228837318], "total_loss": [0.1513390839099884, 0.026977848778996203, 0.029814298264682293, 0.02832938228837318], "aes_weight_coef": [1.0, 1.0, 1.0, 1.0], "epoch": [0.99, 1.99, 2.99, 3.99], "step": [132, 265, 398, 531]}, "test": {"rmse_aes": 6.819468794501171, "pearson_aes": 0.24996778998915822, "spearman_aes": 0.25090558220782955, "kappa_aes": 0.1495175984467566, "aes": 0.02936844025195266, "total_loss": 0.02936844025195266, "aes_weight_coef": 1.0}, "info": {"tasks": ["aes"], "outputs": ["loss", "labels", "preds"], "map_out_to_task": {"aes_loss": "aes", "aes_labels": "aes", "aes_preds": "aes"}, "map_out_to_out": {"aes_loss": "loss", "aes_labels": "labels", "aes_preds": "preds"}, "map_task_index": {"aes": 0}, "map_index_task": {"0": "aes"}, "optimizer_weighting": "fixed", "epochs_to_avg_over": 2, "temp": 2, "init_task_weightings": {"aes": 1.0, "ged": 1.0, "ner": 1.0}, "metrics_to_track_by_task": {"aes": "pearson_aes", "ged": "f_0_5_ged", "ner": "f1_score_avg_ner"}, "regression_tasks": ["aes"], "classification_tasks": ["ner", "ged"], "fce_tasks": ["aes", "ged"], "task_priorities_priority_as_key": {"primary_task": "aes"}, "early_stopping_patience": 2, "early_stopping_metric": "loss", "pretrained_model": "distilroberta-base", "frozen_layers": "all", "scoring": "script", "learning_rate": 1e-05, "batch_size": 8, "weight_decay": 0.01, "adam_epsilon": 1e-08}, "preds": {"aes": {"preds": [0.7417128682136536, 0.6891046762466431, 0.8773504495620728, 0.901970624923706, 0.7904924154281616, 0.7765915989875793, 0.8072397708892822, 0.7434712052345276, 0.7110127806663513, 0.7977338433265686, 0.773284912109375, 0.715347409248352, 0.8457726240158081, 0.5709747672080994, 0.7525089383125305, 0.8336488604545593, 0.818406343460083, 0.7479984760284424, 0.808686375617981, 0.7398954629898071, 0.8454391360282898, 0.844809889793396, 0.6141043901443481, 0.7077430486679077, 0.7800605893135071, 0.7691654562950134, 0.7559400796890259, 0.8088605999946594, 0.620601236820221, 0.8341613411903381, 0.7281990051269531, 0.7863230109214783, 0.7711390852928162, 0.7810357809066772, 0.8824440240859985, 0.6644230484962463, 0.8539940714836121, 0.7825087904930115, 0.7390011548995972, 0.6675081849098206, 0.671222984790802, 0.7974415421485901, 0.7332903742790222, 0.7258625030517578, 0.8180043697357178, 0.7643894553184509, 0.8572254180908203, 0.8234949111938477, 0.7614273428916931, 0.798999011516571, 0.7526754140853882, 0.7055966258049011, 0.8657594323158264, 0.6696348786354065, 0.7351958155632019, 0.7368239164352417, 0.7310623526573181, 0.8958538174629211, 0.7420452833175659, 0.8311573266983032, 0.6890579462051392, 0.7590411901473999, 0.7458164691925049, 0.863523006439209, 0.7413895726203918, 0.7549607157707214, 0.8925544023513794, 0.8293509483337402, 0.7018578052520752, 0.779366135597229, 0.8039518594741821, 0.7468472123146057, 0.8856303691864014, 0.7749248147010803, 0.8530430793762207, 0.7910463809967041, 0.8691064715385437, 0.6803653836250305, 0.7644401788711548, 0.667104959487915, 0.7844332456588745, 0.6604171991348267, 0.8908798098564148, 0.801101565361023, 0.7755167484283447, 0.8431092500686646, 0.629763662815094, 0.855168342590332, 0.8269206285476685, 0.643275260925293, 0.8272297978401184, 0.7221415638923645, 0.7456319332122803, 0.841069757938385, 0.8116704225540161, 0.8260726928710938, 0.8264696598052979], "labels": [0.75, 0.6499999761581421, 0.574999988079071, 0.6499999761581421, 0.6499999761581421, 0.949999988079071, 0.675000011920929, 0.9750000238418579, 0.625, 0.6000000238418579, 0.625, 0.675000011920929, 0.75, 0.675000011920929, 0.5, 0.5249999761581421, 0.5249999761581421, 0.6499999761581421, 0.550000011920929, 0.6000000238418579, 0.949999988079071, 0.75, 0.8500000238418579, 0.6000000238418579, 0.574999988079071, 0.550000011920929, 0.574999988079071, 0.9750000238418579, 0.8500000238418579, 0.925000011920929, 0.7749999761581421, 0.699999988079071, 0.6499999761581421, 0.7250000238418579, 0.8500000238418579, 0.6499999761581421, 0.8500000238418579, 0.4749999940395355, 0.6499999761581421, 0.7749999761581421, 0.44999998807907104, 0.4749999940395355, 0.625, 0.6499999761581421, 0.7250000238418579, 0.7250000238418579, 0.44999998807907104, 0.675000011920929, 0.875, 0.550000011920929, 0.8999999761581421, 0.3499999940395355, 0.6000000238418579, 0.7250000238418579, 0.699999988079071, 0.6000000238418579, 0.625, 0.925000011920929, 0.6000000238418579, 0.8999999761581421, 0.32499998807907104, 0.574999988079071, 0.7250000238418579, 0.7749999761581421, 0.574999988079071, 0.699999988079071, 0.6499999761581421, 0.6499999761581421, 0.5249999761581421, 0.949999988079071, 0.800000011920929, 0.7250000238418579, 0.8999999761581421, 1.0, 0.7250000238418579, 0.8500000238418579, 0.8999999761581421, 0.625, 0.925000011920929, 0.42500001192092896, 0.800000011920929, 0.625, 0.625, 0.8999999761581421, 0.7749999761581421, 0.675000011920929, 0.4749999940395355, 0.699999988079071, 0.6000000238418579, 0.5, 0.625, 0.574999988079071, 0.550000011920929, 0.574999988079071, 0.675000011920929, 0.75, 0.8500000238418579]}}}