{"best": {"aes": {"rmse_aes": 4.152168870495746, "pearson_aes": 0.7152366565881828, "spearman_aes": 0.716720068907252, "kappa_aes": 0.7258821347005927, "aes": 0.012088626933594545, "aes_weight_coef": 1.0}}, "train": {"loss": [0.0184], "learning_rate": [3.7468671679198e-05], "epoch": [3.76], "step": [500]}, "eval": {"rmse_aes": [4.4565412029589595, 4.17800146033144, 4.159783343920021, 4.152168870495746, 7.732882279876655], "pearson_aes": [0.6493280470619255, 0.6974380524632641, 0.6878648247108827, 0.7152366565881828, 0.6827411603963721], "spearman_aes": [0.6726330411706485, 0.712678212783768, 0.699111004279741, 0.716720068907252, 0.6914364842863584], "kappa_aes": [0.5365620240817509, 0.6800134020242365, 0.6624405224545507, 0.7258821347005927, 0.3621201297429575], "aes": [0.013802873643322123, 0.011801354794038666, 0.01166125438693497, 0.012088626933594545, 0.04167606826457712], "total_loss": [0.013802873643322123, 0.011801354794038666, 0.01166125438693497, 0.012088626933594545, 0.04167606826457712], "aes_weight_coef": [1.0, 1.0, 1.0, 1.0, 1.0], "epoch": [0.99, 1.99, 2.99, 3.99, 4.99], "step": [132, 265, 398, 531, 664]}, "test": {"rmse_aes": 6.981566302860491, "pearson_aes": 0.742933931436833, "spearman_aes": 0.7411442259734374, "kappa_aes": 0.44468148308174227, "aes": 0.030493512720568106, "total_loss": 0.030493512720568106, "aes_weight_coef": 1.0}, "info": {"tasks": ["aes"], "outputs": ["loss", "labels", "preds"], "map_out_to_task": {"aes_loss": "aes", "aes_labels": "aes", "aes_preds": "aes"}, "map_out_to_out": {"aes_loss": "loss", "aes_labels": "labels", "aes_preds": "preds"}, "map_task_index": {"aes": 0}, "map_index_task": {"0": "aes"}, "optimizer_weighting": "fixed", "epochs_to_avg_over": 2, "temp": 2, "init_task_weightings": {"aes": 1.0, "ged": 1.0, "ner": 1.0}, "metrics_to_track_by_task": {"aes": "pearson_aes", "ged": "f_0_5_ged", "ner": "f1_score_avg_ner"}, "regression_tasks": ["aes"], "classification_tasks": ["ner", "ged"], "fce_tasks": ["aes", "ged"], "task_priorities_priority_as_key": {"primary_task": "aes"}, "early_stopping_patience": 2, "early_stopping_metric": "loss", "pretrained_model": "distilroberta-base", "frozen_layers": "all", "scoring": "script", "learning_rate": 5e-05, "batch_size": 8, "weight_decay": 0.01, "adam_epsilon": 1e-08}, "preds": {"aes": {"preds": [0.9627246856689453, 0.8072561621665955, 0.8166888356208801, 0.7607819437980652, 0.850903332233429, 0.9230102896690369, 0.9478146433830261, 0.9157500863075256, 0.7069841027259827, 0.7701373100280762, 0.8473930954933167, 0.9664311408996582, 0.9574552774429321, 0.9336094260215759, 0.724848747253418, 0.6801199316978455, 0.6645774245262146, 0.7242293953895569, 0.8708474040031433, 0.7284307479858398, 0.9208862781524658, 0.9537919759750366, 0.9561368227005005, 0.836726188659668, 0.7216381430625916, 0.9046629667282104, 0.6488397121429443, 0.9560230374336243, 0.9142634868621826, 0.9595877528190613, 0.9116876721382141, 0.9096975922584534, 0.8612620234489441, 0.7515330910682678, 0.9354637265205383, 0.6433092951774597, 0.9371048808097839, 0.7268280982971191, 0.9018805623054504, 0.7966983914375305, 0.6628921627998352, 0.798607349395752, 0.8404504060745239, 0.907088041305542, 0.8913901448249817, 0.864428699016571, 0.5522181391716003, 0.8421781659126282, 0.9738600850105286, 0.6687126159667969, 1.0182820558547974, 0.6091554760932922, 0.8136050701141357, 0.8277786374092102, 0.8126481771469116, 0.9315279722213745, 0.7706915140151978, 1.0062108039855957, 0.767611563205719, 0.97366863489151, 0.5156928300857544, 0.8162947297096252, 0.5939562916755676, 0.8399099111557007, 0.7697582840919495, 0.7072904109954834, 0.7084879875183105, 0.9904870390892029, 0.7337090373039246, 0.9772129058837891, 0.9017898440361023, 0.8701292872428894, 0.9663411974906921, 1.018636703491211, 0.826023280620575, 0.8500998020172119, 0.9313138127326965, 0.8643218278884888, 0.9500412344932556, 0.6167119145393372, 0.8832603096961975, 0.7563988566398621, 0.8452615737915039, 0.88102126121521, 0.8388825058937073, 0.8062681555747986, 0.8415966629981995, 0.8752661347389221, 0.7922837138175964, 0.6486874222755432, 0.8421453237533569, 0.7899752259254456, 0.6543933749198914, 0.7037749886512756, 0.8319488763809204, 0.8947547674179077, 0.8894004225730896], "labels": [0.75, 0.6499999761581421, 0.574999988079071, 0.6499999761581421, 0.6499999761581421, 0.949999988079071, 0.675000011920929, 0.9750000238418579, 0.625, 0.6000000238418579, 0.625, 0.675000011920929, 0.75, 0.675000011920929, 0.5, 0.5249999761581421, 0.5249999761581421, 0.6499999761581421, 0.550000011920929, 0.6000000238418579, 0.949999988079071, 0.75, 0.8500000238418579, 0.6000000238418579, 0.574999988079071, 0.550000011920929, 0.574999988079071, 0.9750000238418579, 0.8500000238418579, 0.925000011920929, 0.7749999761581421, 0.699999988079071, 0.6499999761581421, 0.7250000238418579, 0.8500000238418579, 0.6499999761581421, 0.8500000238418579, 0.4749999940395355, 0.6499999761581421, 0.7749999761581421, 0.44999998807907104, 0.4749999940395355, 0.625, 0.6499999761581421, 0.7250000238418579, 0.7250000238418579, 0.44999998807907104, 0.675000011920929, 0.875, 0.550000011920929, 0.8999999761581421, 0.3499999940395355, 0.6000000238418579, 0.7250000238418579, 0.699999988079071, 0.6000000238418579, 0.625, 0.925000011920929, 0.6000000238418579, 0.8999999761581421, 0.32499998807907104, 0.574999988079071, 0.7250000238418579, 0.7749999761581421, 0.574999988079071, 0.699999988079071, 0.6499999761581421, 0.6499999761581421, 0.5249999761581421, 0.949999988079071, 0.800000011920929, 0.7250000238418579, 0.8999999761581421, 1.0, 0.7250000238418579, 0.8500000238418579, 0.8999999761581421, 0.625, 0.925000011920929, 0.42500001192092896, 0.800000011920929, 0.625, 0.625, 0.8999999761581421, 0.7749999761581421, 0.675000011920929, 0.4749999940395355, 0.699999988079071, 0.6000000238418579, 0.5, 0.625, 0.574999988079071, 0.550000011920929, 0.574999988079071, 0.675000011920929, 0.75, 0.8500000238418579]}}}