{"best": {"ged": {"f1_score_avg_ged": 0.20908862823809823, "f1_score_macro_ged": 0.20810286246587772, "f1_score_weighted_ged": 0.18770758769769658, "f_0_5_ged": 0.4241606061925707, "ged": 0.770820697148641, "ged_weight_coef": 1.0}}, "train": {"loss": [0.7018], "learning_rate": [0.00037468671679198], "epoch": [3.76], "step": [500]}, "eval": {"f1_score_avg_ged": [0.20908862823809823, 0.20748918020447846, 0.20755190365677728, 0.393809195258107, 0.8134290911371762], "f1_score_macro_ged": [0.20810286246587772, 0.20654488528998768, 0.20657649054719915, 0.36288410215988376, 0.49546425269760314], "f1_score_weighted_ged": [0.18770758769769658, 0.18656360489936336, 0.18626905267730626, 0.46534851026724944, 0.7878416706061679], "f_0_5_ged": [0.4241606061925707, 0.4202522820853576, 0.42117641934711114, 0.36610546378653114, 0.08004926108374384], "ged": [0.770820697148641, 0.7706442872683207, 0.7702618837356567, 0.7705362240473429, 0.77114956246482], "total_loss": [0.770820697148641, 0.7706442872683207, 0.7702618837356567, 0.7705362240473429, 0.77114956246482], "ged_weight_coef": [1.0, 1.0, 1.0, 1.0, 1.0], "epoch": [0.99, 1.99, 2.99, 3.99, 4.99], "step": [132, 265, 398, 531, 664]}, "test": {"f1_score_avg_ged": 0.7979113373242965, "f1_score_macro_ged": 0.4913419734615513, "f1_score_weighted_ged": 0.7673877010215006, "f_0_5_ged": 0.07988593304425956, "ged": 0.752426341176033, "total_loss": 0.752426341176033, "ged_weight_coef": 1.0}, "info": {"tasks": ["ged"], "outputs": ["loss", "labels", "preds"], "map_out_to_task": {"ged_loss": "ged", "ged_labels": "ged", "ged_preds": "ged"}, "map_out_to_out": {"ged_loss": "loss", "ged_labels": "labels", "ged_preds": "preds"}, "map_task_index": {"ged": 0}, "map_index_task": {"0": "ged"}, "optimizer_weighting": "fixed", "epochs_to_avg_over": 2, "temp": 2, "init_task_weightings": {"aes": 1.0, "ged": 1.0, "ner": 1.0}, "metrics_to_track_by_task": {"aes": "pearson_aes", "ged": "f_0_5_ged", "ner": "f1_score_avg_ner"}, "regression_tasks": ["aes"], "classification_tasks": ["ner", "ged"], "fce_tasks": ["aes", "ged"], "task_priorities_priority_as_key": {"primary_task": "ged"}, "early_stopping_patience": 2, "early_stopping_metric": "loss", "pretrained_model": "distilroberta-base", "frozen_layers": "all", "scoring": "script", "learning_rate": 0.0005, "batch_size": 8, "weight_decay": 0.01, "adam_epsilon": 1e-08}, "preds": {}}