{"best": {"ged": {"f1_score_avg_ged": 0.5146413115582652, "f1_score_macro_ged": 0.43329330391642723, "f1_score_weighted_ged": 0.5899055137261388, "f_0_5_ged": 0.3304933562992126, "ged": 0.8889898955821991, "ged_weight_coef": 1.0}}, "train": {}, "eval": {"f1_score_avg_ged": [0.5157469122153079, 0.5146413115582652, 0.5150835518210822], "f1_score_macro_ged": [0.4336798969160756, 0.43329330391642723, 0.43276047632106646], "f1_score_weighted_ged": [0.5909290422380049, 0.5899055137261388, 0.5903825440135096], "f_0_5_ged": [0.3293791403481744, 0.3304933562992126, 0.3271589718301178], "ged": [0.8883298486471176, 0.8889898955821991, 0.8895945250988007], "total_loss": [0.8883298486471176, 0.8889898955821991, 0.8895945250988007], "ged_weight_coef": [1.0, 1.0, 1.0], "epoch": [0.99, 1.99, 2.99], "step": [66, 133, 200]}, "test": {"f1_score_avg_ged": 0.4952089433058291, "f1_score_macro_ged": 0.4291669006131643, "f1_score_weighted_ged": 0.5649512835623057, "f_0_5_ged": 0.34898766023721106, "ged": 0.8261968096097311, "total_loss": 0.8261968096097311, "ged_weight_coef": 1.0}, "info": {"tasks": ["ged"], "outputs": ["loss", "labels", "preds"], "map_out_to_task": {"ged_loss": "ged", "ged_labels": "ged", "ged_preds": "ged"}, "map_out_to_out": {"ged_loss": "loss", "ged_labels": "labels", "ged_preds": "preds"}, "map_task_index": {"ged": 0}, "map_index_task": {"0": "ged"}, "optimizer_weighting": "fixed", "epochs_to_avg_over": 2, "temp": 2, "init_task_weightings": {"aes": 1.0, "ged": 1.0, "ner": 1.0}, "metrics_to_track_by_task": {"aes": "pearson_aes", "ged": "f_0_5_ged", "ner": "f1_score_avg_ner"}, "regression_tasks": ["aes"], "classification_tasks": ["ner", "ged"], "fce_tasks": ["aes", "ged"], "task_priorities_priority_as_key": {"primary_task": "ged"}, "early_stopping_patience": 2, "early_stopping_metric": "loss", "pretrained_model": "distilroberta-base", "frozen_layers": "all", "scoring": "script", "learning_rate": 1e-05, "batch_size": 16, "weight_decay": 0.01, "adam_epsilon": 1e-08}, "preds": {}}