{"best": {"ner": {"f1_score_avg_ner": 0.9165821105213862, "f1_score_macro_ner": 0.7148770677283083, "f1_score_weighted_ner": 0.9119609887293113, "ner": 0.2615503881013755, "ner_weight_coef": 1.0}}, "train": {"loss": [0.3471], "learning_rate": [3.7468671679198e-05], "epoch": [3.76], "step": [500]}, "eval": {"f1_score_avg_ner": [0.9071573524820481, 0.9145917889478614, 0.9165821105213862, 0.9160942866063065, 0.9156845145176397, 0.9143771464252264], "f1_score_macro_ner": [0.6451156074925637, 0.6993310081273808, 0.7148770677283083, 0.7151689642134518, 0.7153312720016085, 0.715123348412249], "f1_score_weighted_ner": [0.9006239638008889, 0.9094100975662316, 0.9119609887293113, 0.9112536517470066, 0.9114641800936428, 0.9107826802064551], "ner": [0.3163534998893738, 0.27845484244100976, 0.2615503881013755, 0.25614780684312183, 0.25804406088410003, 0.25877909317161096], "total_loss": [0.3163534998893738, 0.27845484244100976, 0.2615503881013755, 0.25614780684312183, 0.25804406088410003, 0.25877909317161096], "ner_weight_coef": [1.0, 1.0, 1.0, 1.0, 1.0, 1.0], "epoch": [0.99, 1.99, 2.99, 3.99, 4.99, 5.99], "step": [132, 265, 398, 531, 664, 797]}, "test": {"f1_score_avg_ner": 0.8972709214958113, "f1_score_macro_ner": 0.6634920065441817, "f1_score_weighted_ner": 0.8933106561468254, "ner": 0.34029869784911476, "total_loss": 0.34029869784911476, "ner_weight_coef": 1.0}, "info": {"tasks": ["ner"], "outputs": ["loss", "labels", "preds"], "map_out_to_task": {"ner_loss": "ner", "ner_labels": "ner", "ner_preds": "ner"}, "map_out_to_out": {"ner_loss": "loss", "ner_labels": "labels", "ner_preds": "preds"}, "map_task_index": {"ner": 0}, "map_index_task": {"0": "ner"}, "optimizer_weighting": "fixed", "epochs_to_avg_over": 2, "temp": 2, "init_task_weightings": {"aes": 1.0, "ged": 1.0, "ner": 1.0}, "metrics_to_track_by_task": {"aes": "pearson_aes", "ged": "f_0_5_ged", "ner": "f1_score_avg_ner"}, "regression_tasks": ["aes"], "classification_tasks": ["ner", "ged"], "fce_tasks": ["aes", "ged"], "task_priorities_priority_as_key": {"primary_task": "ner"}, "early_stopping_patience": 2, "early_stopping_metric": "loss", "pretrained_model": "distilroberta-base", "frozen_layers": "all", "scoring": "script", "learning_rate": 5e-05, "batch_size": 8, "weight_decay": 0.01, "adam_epsilon": 1e-08}, "preds": {}}