{"best": {"aes": {"rmse_aes": 6.485621877602834, "pearson_aes": 0.03861168815035406, "spearman_aes": 0.062086731971840746, "kappa_aes": 0.023245491176280608, "aes": 0.03263287618756294, "aes_weight_coef": 1.0}}, "train": {}, "eval": {"rmse_aes": [6.357493336133931, 6.344538167350089, 6.0660916869455885, 6.752402291692991, 6.485621877602834], "pearson_aes": [-0.13090202794548442, -0.11011240373350628, -0.058172857817827585, 0.01922695573568797, 0.03861168815035406], "spearman_aes": [-0.09649292036732886, -0.0997626726769417, -0.045383016872545874, 0.04041762562488098, 0.062086731971840746], "kappa_aes": [-0.07114785537906632, -0.04658218463129349, -0.026994623064800605, 0.014187171667172316, 0.023245491176280608], "aes": [0.03132187481969595, 0.03132578544318676, 0.028776333667337894, 0.03546854155138135, 0.03263287618756294], "total_loss": [0.03132187481969595, 0.03132578544318676, 0.028776333667337894, 0.03546854155138135, 0.03263287618756294], "aes_weight_coef": [1.0, 1.0, 1.0, 1.0, 1.0], "epoch": [0.99, 1.99, 2.99, 3.99, 4.99], "step": [66, 133, 200, 267, 334]}, "test": {"rmse_aes": 6.468799024915078, "pearson_aes": 0.35886910053851284, "spearman_aes": 0.29254071405724036, "kappa_aes": 0.15813740974481427, "aes": 0.026570751913823187, "total_loss": 0.026570751913823187, "aes_weight_coef": 1.0}, "info": {"tasks": ["aes"], "outputs": ["loss", "labels", "preds"], "map_out_to_task": {"aes_loss": "aes", "aes_labels": "aes", "aes_preds": "aes"}, "map_out_to_out": {"aes_loss": "loss", "aes_labels": "labels", "aes_preds": "preds"}, "map_task_index": {"aes": 0}, "map_index_task": {"0": "aes"}, "optimizer_weighting": "fixed", "epochs_to_avg_over": 2, "temp": 2, "init_task_weightings": {"aes": 1.0, "ged": 1.0, "ner": 1.0}, "metrics_to_track_by_task": {"aes": "pearson_aes", "ged": "f_0_5_ged", "ner": "f1_score_avg_ner"}, "regression_tasks": ["aes"], "classification_tasks": ["ner", "ged"], "fce_tasks": ["aes", "ged"], "task_priorities_priority_as_key": {"primary_task": "aes"}, "early_stopping_patience": 2, "early_stopping_metric": "loss", "pretrained_model": "distilroberta-base", "frozen_layers": "all", "scoring": "script", "learning_rate": 5e-05, "batch_size": 16, "weight_decay": 0.01, "adam_epsilon": 1e-08}, "preds": {"aes": {"preds": [0.7222788333892822, 0.8088696002960205, 0.8189306259155273, 0.8029240965843201, 0.803604006767273, 0.8251397609710693, 0.8343361020088196, 0.8926818370819092, 0.7424211502075195, 0.7285558581352234, 0.8009653687477112, 0.8189506530761719, 0.7510284185409546, 0.7966876029968262, 0.7824851274490356, 0.7160471081733704, 0.6779593229293823, 0.743611216545105, 0.8597300052642822, 0.6996195912361145, 0.7953354120254517, 0.8055328130722046, 0.7762362957000732, 0.8652772307395935, 0.7436164617538452, 0.7514467239379883, 0.7001360654830933, 0.7927455902099609, 0.7576032876968384, 0.7392058372497559, 0.7810031175613403, 0.7372708320617676, 0.7829433679580688, 0.7850961089134216, 0.7279077768325806, 0.8160936236381531, 0.7890692949295044, 0.7679347991943359, 0.7199411392211914, 0.7661605477333069, 0.7434138059616089, 0.7223609089851379, 0.755210280418396, 0.7923491597175598, 0.7547434568405151, 0.7757206559181213, 0.7101287841796875, 0.7752530574798584, 0.7645940780639648, 0.697934627532959, 0.7391087412834167, 0.7454953193664551, 0.7096267938613892, 0.8081716299057007, 0.8013652563095093, 0.8183797001838684, 0.7876958847045898, 0.853875458240509, 0.7605112791061401, 0.8120140433311462, 0.6415268182754517, 0.7954234480857849, 0.7302137613296509, 0.7337956428527832, 0.6493698954582214, 0.7839533090591431, 0.7194443345069885, 0.7604234218597412, 0.7884283661842346, 0.7442993521690369, 0.8252569437026978, 0.7558304071426392, 0.7750945091247559, 0.8333473205566406, 0.7608223557472229, 0.8427955508232117, 0.7407630085945129, 0.7703851461410522, 0.7354176640510559, 0.7328834533691406, 0.7932206988334656, 0.7456792593002319, 0.8016724586486816, 0.829299807548523, 0.757734477519989, 0.8070661425590515, 0.742586076259613, 0.8149979710578918, 0.8064306974411011, 0.7576061487197876, 0.7699267864227295, 0.7558459639549255, 0.8019227385520935, 0.8042808175086975, 0.7494959235191345, 0.6925440430641174, 0.8813229203224182], "labels": [0.75, 0.6499999761581421, 0.574999988079071, 0.6499999761581421, 0.6499999761581421, 0.949999988079071, 0.675000011920929, 0.9750000238418579, 0.625, 0.6000000238418579, 0.625, 0.675000011920929, 0.75, 0.675000011920929, 0.5, 0.5249999761581421, 0.5249999761581421, 0.6499999761581421, 0.550000011920929, 0.6000000238418579, 0.949999988079071, 0.75, 0.8500000238418579, 0.6000000238418579, 0.574999988079071, 0.550000011920929, 0.574999988079071, 0.9750000238418579, 0.8500000238418579, 0.925000011920929, 0.7749999761581421, 0.699999988079071, 0.6499999761581421, 0.7250000238418579, 0.8500000238418579, 0.6499999761581421, 0.8500000238418579, 0.4749999940395355, 0.6499999761581421, 0.7749999761581421, 0.44999998807907104, 0.4749999940395355, 0.625, 0.6499999761581421, 0.7250000238418579, 0.7250000238418579, 0.44999998807907104, 0.675000011920929, 0.875, 0.550000011920929, 0.8999999761581421, 0.3499999940395355, 0.6000000238418579, 0.7250000238418579, 0.699999988079071, 0.6000000238418579, 0.625, 0.925000011920929, 0.6000000238418579, 0.8999999761581421, 0.32499998807907104, 0.574999988079071, 0.7250000238418579, 0.7749999761581421, 0.574999988079071, 0.699999988079071, 0.6499999761581421, 0.6499999761581421, 0.5249999761581421, 0.949999988079071, 0.800000011920929, 0.7250000238418579, 0.8999999761581421, 1.0, 0.7250000238418579, 0.8500000238418579, 0.8999999761581421, 0.625, 0.925000011920929, 0.42500001192092896, 0.800000011920929, 0.625, 0.625, 0.8999999761581421, 0.7749999761581421, 0.675000011920929, 0.4749999940395355, 0.699999988079071, 0.6000000238418579, 0.5, 0.625, 0.574999988079071, 0.550000011920929, 0.574999988079071, 0.675000011920929, 0.75, 0.8500000238418579]}}}