{"best": {"ged": {"f1_score_avg_ged": 0.24368061218089443, "f1_score_macro_ged": 0.24358843075829203, "f1_score_weighted_ged": 0.24968392732787614, "f_0_5_ged": 0.4172197349771648, "ged": 0.8792268931865692, "ged_weight_coef": 1.0}}, "train": {}, "eval": {"f1_score_avg_ged": [0.2408580568274478, 0.24295929247945808, 0.24368061218089443], "f1_score_macro_ged": [0.2407908514756773, 0.24287472031116808, 0.24358843075829203], "f1_score_weighted_ged": [0.24600509070170837, 0.2487159719109225, 0.24968392732787614], "f_0_5_ged": [0.4145974247769713, 0.4166291831594099, 0.4172197349771648], "ged": [0.8790735453367233, 0.8800010979175568, 0.8792268931865692], "total_loss": [0.8790735453367233, 0.8800010979175568, 0.8792268931865692], "ged_weight_coef": [1.0, 1.0, 1.0], "epoch": [0.99, 1.99, 2.99], "step": [66, 133, 200]}, "test": {"f1_score_avg_ged": 0.30736570057227247, "f1_score_macro_ged": 0.3037168436377804, "f1_score_weighted_ged": 0.33895190766786515, "f_0_5_ged": 0.4259733802493689, "ged": 0.8180272579193115, "total_loss": 0.8180272579193115, "ged_weight_coef": 1.0}, "info": {"tasks": ["ged"], "outputs": ["loss", "labels", "preds"], "map_out_to_task": {"ged_loss": "ged", "ged_labels": "ged", "ged_preds": "ged"}, "map_out_to_out": {"ged_loss": "loss", "ged_labels": "labels", "ged_preds": "preds"}, "map_task_index": {"ged": 0}, "map_index_task": {"0": "ged"}, "optimizer_weighting": "fixed", "epochs_to_avg_over": 2, "temp": 2, "init_task_weightings": {"aes": 1.0, "ged": 1.0, "ner": 1.0}, "metrics_to_track_by_task": {"aes": "pearson_aes", "ged": "f_0_5_ged", "ner": "f1_score_avg_ner"}, "regression_tasks": ["aes"], "classification_tasks": ["ner", "ged"], "fce_tasks": ["aes", "ged"], "task_priorities_priority_as_key": {"primary_task": "ged"}, "early_stopping_patience": 2, "early_stopping_metric": "loss", "pretrained_model": "distilroberta-base", "frozen_layers": "all", "scoring": "script", "learning_rate": 1e-05, "batch_size": 16, "weight_decay": 0.01, "adam_epsilon": 1e-08}, "preds": {}}