{"best": {"aes": {"rmse_aes": 5.823348899479001, "pearson_aes": 0.6660667837601754, "spearman_aes": 0.6679300991107503, "kappa_aes": 0.429741205330463, "aes": 42.331069469451904, "aes_weight_coef": 1.0}}, "train": {"loss": [57.8192], "learning_rate": [0.0003756218905472637], "epoch": [7.46], "step": [500]}, "eval": {"rmse_aes": [6.162360225133208, 5.6869826931246, 5.617558368661286, 5.523253489920958, 5.42847625309163, 5.683642975095676, 5.626564480044752, 5.735741815773718, 5.710306028288577, 5.6958790344145775, 5.692544535718561, 5.823348899479001, 5.552967048162152, 5.6958790344145775], "pearson_aes": [0.21016890534242436, 0.3515679457788719, 0.4574278155312402, 0.5541907896930995, 0.5708042326663819, 0.61328712881337, 0.6197696900083598, 0.6359054193210735, 0.6390062520522243, 0.6513995097227543, 0.6560043775278065, 0.6660667837601754, 0.6643814116038443, 0.6655894394988797], "spearman_aes": [0.25365946210766077, 0.3686927246032532, 0.49179348916573795, 0.5766930833983259, 0.5751520139800951, 0.6112811585695023, 0.6350653074381217, 0.6376067542340804, 0.6403810326033933, 0.6596857620062002, 0.6574603494834915, 0.6679300991107503, 0.678388091069983, 0.6598804010615645], "kappa_aes": [0.043819595409195, 0.06443519731206859, 0.10725980309637195, 0.20061522271467025, 0.29774872912127814, 0.3477325122737682, 0.39490533762851965, 0.40449766454352454, 0.41233979014789635, 0.42038899707397503, 0.44193404663356295, 0.429741205330463, 0.45737521588660746, 0.44796599685978455], "aes": [47.489792823791504, 40.751341342926025, 39.56784439086914, 38.4128782749176, 36.72902297973633, 40.575435161590576, 40.24090600013733, 41.501293659210205, 40.717777729034424, 40.435646533966064, 40.463040828704834, 42.331069469451904, 38.67810559272766, 40.23525905609131], "total_loss": [47.489792823791504, 40.751341342926025, 39.56784439086914, 38.4128782749176, 36.72902297973633, 40.575435161590576, 40.24090600013733, 41.501293659210205, 40.717777729034424, 40.435646533966064, 40.463040828704834, 42.331069469451904, 38.67810559272766, 40.23525905609131], "aes_weight_coef": [1.0, 1.0, 1.0, 1.0, 1.0, 1.0, 1.0, 1.0, 1.0, 1.0, 1.0, 1.0, 1.0, 1.0], "epoch": [0.99, 1.99, 2.99, 3.99, 4.99, 5.99, 6.99, 7.99, 8.99, 9.99, 10.99, 11.99, 12.99, 13.99], "step": [66, 133, 200, 267, 334, 401, 468, 535, 602, 669, 736, 803, 870, 937]}, "test": {"rmse_aes": 5.1543195777210356, "pearson_aes": 0.7579458961002521, "spearman_aes": 0.7751873701376332, "kappa_aes": 0.5447809476575187, "aes": 27.557481447855633, "total_loss": 27.557481447855633, "aes_weight_coef": 1.0}, "info": {"tasks": ["aes"], "outputs": ["loss", "labels", "preds"], "map_out_to_task": {"aes_loss": "aes", "aes_labels": "aes", "aes_preds": "aes"}, "map_out_to_out": {"aes_loss": "loss", "aes_labels": "labels", "aes_preds": "preds"}, "map_task_index": {"aes": 0}, "map_index_task": {"0": "aes"}, "optimizer_weighting": "fixed", "epochs_to_avg_over": 2, "temp": 2, "init_task_weightings": {"aes": 1.0, "ged": 1.0, "ner": 1.0}, "metrics_to_track_by_task": {"aes": "pearson_aes", "ged": "f_0_5_ged", "ner": "f1_score_avg_ner"}, "regression_tasks": ["aes"], "classification_tasks": ["ner", "ged"], "fce_tasks": ["aes", "ged"], "task_priorities_priority_as_key": {"primary_task": "aes"}, "early_stopping_patience": 2, "early_stopping_metric": null, "pretrained_model": "distilroberta-base", "frozen_layers": "all", "scoring": "script", "learning_rate": 0.0005, "batch_size": 16, "weight_decay": 0.01, "adam_epsilon": 1e-08}, "preds": {"aes": {"preds": [33.41230010986328, 29.000112533569336, 30.21552085876465, 33.31892013549805, 34.42524337768555, 32.35382080078125, 32.406368255615234, 32.28377151489258, 27.948705673217773, 31.27594757080078, 29.519086837768555, 31.761384963989258, 33.03544998168945, 33.39095687866211, 30.43755531311035, 22.736745834350586, 26.360769271850586, 32.32060623168945, 31.950763702392578, 26.366880416870117, 34.84410095214844, 33.71830368041992, 32.13313674926758, 27.700664520263672, 28.4177188873291, 31.94387435913086, 25.463279724121094, 35.79405212402344, 34.58218765258789, 32.773399353027344, 32.25571823120117, 32.7620964050293, 34.742042541503906, 29.2352352142334, 33.41357421875, 27.74754524230957, 34.42900466918945, 25.87453842163086, 33.929832458496094, 31.570146560668945, 24.653820037841797, 25.788240432739258, 30.455322265625, 34.35503387451172, 32.14448547363281, 32.292362213134766, 22.604686737060547, 30.404390335083008, 34.08347702026367, 27.302989959716797, 35.09048843383789, 30.255250930786133, 32.6442985534668, 29.030885696411133, 30.64442253112793, 31.94596290588379, 25.71730613708496, 35.48210144042969, 29.592397689819336, 33.90021896362305, 14.326033592224121, 30.07023048400879, 30.181764602661133, 32.02823257446289, 25.440441131591797, 28.995479583740234, 29.669530868530273, 33.48008346557617, 26.583070755004883, 34.85968780517578, 32.9247932434082, 31.603525161743164, 35.7340202331543, 35.777095794677734, 30.93486213684082, 35.24751663208008, 33.87397766113281, 30.004474639892578, 33.254539489746094, 23.63681411743164, 32.8950309753418, 29.2312068939209, 32.95724868774414, 34.754188537597656, 31.976072311401367, 32.515846252441406, 27.048429489135742, 34.05681610107422, 30.333452224731445, 25.35948371887207, 31.442232131958008, 28.584598541259766, 26.24087905883789, 27.286846160888672, 32.014217376708984, 34.23313522338867, 32.51671600341797], "labels": [30.0, 26.0, 23.0, 26.0, 26.0, 38.0, 27.0, 39.0, 25.0, 24.0, 25.0, 27.0, 30.0, 27.0, 20.0, 21.0, 21.0, 26.0, 22.0, 24.0, 38.0, 30.0, 34.0, 24.0, 23.0, 22.0, 23.0, 39.0, 34.0, 37.0, 31.0, 28.0, 26.0, 29.0, 34.0, 26.0, 34.0, 19.0, 26.0, 31.0, 18.0, 19.0, 25.0, 26.0, 29.0, 29.0, 18.0, 27.0, 35.0, 22.0, 36.0, 14.0, 24.0, 29.0, 28.0, 24.0, 25.0, 37.0, 24.0, 36.0, 13.0, 23.0, 29.0, 31.0, 23.0, 28.0, 26.0, 26.0, 21.0, 38.0, 32.0, 29.0, 36.0, 40.0, 29.0, 34.0, 36.0, 25.0, 37.0, 17.0, 32.0, 25.0, 25.0, 36.0, 31.0, 27.0, 19.0, 28.0, 24.0, 20.0, 25.0, 23.0, 22.0, 23.0, 27.0, 30.0, 34.0]}}}