{"best": {"ner": {"f1_score_avg_ner": 0.10550655635341867, "f1_score_macro_ner": 0.04072403107331311, "f1_score_weighted_ner": 0.16131659923809663, "ner": 2.293333963914351, "ner_weight_coef": 1.0}}, "train": {"loss": [2.2148], "learning_rate": [7.4937343358396e-05], "epoch": [3.76], "step": [500]}, "eval": {"f1_score_avg_ner": [0.1042187012176085, 0.10367233843271932, 0.10550655635341867, 0.10494068061192632, 0.10330159225725882], "f1_score_macro_ner": [0.04039001804915748, 0.03889253412649319, 0.04072403107331311, 0.041261116956578844, 0.039545533043386455], "f1_score_weighted_ner": [0.1586447023971657, 0.15887988678518603, 0.16131659923809663, 0.15987300845563887, 0.15709779101433757], "ner": [2.2944930322242505, 2.2946077765840474, 2.293333963914351, 2.2939239704247676, 2.294727390462702], "total_loss": [2.2944930322242505, 2.2946077765840474, 2.293333963914351, 2.2939239704247676, 2.294727390462702], "ner_weight_coef": [1.0, 1.0, 1.0, 1.0, 1.0], "epoch": [0.99, 1.99, 2.99, 3.99, 4.99], "step": [132, 265, 398, 531, 664]}, "test": {"f1_score_avg_ner": 0.08545642974350116, "f1_score_macro_ner": 0.03731704079273666, "f1_score_weighted_ner": 0.12992798736574812, "ner": 2.317110459009806, "total_loss": 2.317110459009806, "ner_weight_coef": 1.0}, "info": {"tasks": ["ner"], "outputs": ["loss", "labels", "preds"], "map_out_to_task": {"ner_loss": "ner", "ner_labels": "ner", "ner_preds": "ner"}, "map_out_to_out": {"ner_loss": "loss", "ner_labels": "labels", "ner_preds": "preds"}, "map_task_index": {"ner": 0}, "map_index_task": {"0": "ner"}, "optimizer_weighting": "fixed", "epochs_to_avg_over": 2, "temp": 2, "init_task_weightings": {"aes": 1.0, "ged": 1.0, "ner": 1.0}, "metrics_to_track_by_task": {"aes": "pearson_aes", "ged": "f_0_5_ged", "ner": "f1_score_avg_ner"}, "regression_tasks": ["aes"], "classification_tasks": ["ner", "ged"], "fce_tasks": ["aes", "ged"], "task_priorities_priority_as_key": {"primary_task": "ner"}, "early_stopping_patience": 2, "early_stopping_metric": "loss", "pretrained_model": "distilroberta-base", "frozen_layers": "all", "scoring": "script", "learning_rate": 0.0001, "batch_size": 8, "weight_decay": 0.01, "adam_epsilon": 1e-08}, "preds": {}}