{"best": {"ged": {"f1_score_avg_ged": 0.8489619268644546, "f1_score_macro_ged": 0.7310235200975275, "f1_score_weighted_ged": 0.861038408603116, "f_0_5_ged": 0.6286148520285388, "ged": 0.5509728524419997, "ged_weight_coef": 1.0}}, "train": {}, "eval": {"f1_score_avg_ged": [0.8171297748228062, 0.8443831148466412, 0.8489619268644546], "f1_score_macro_ged": [0.6966075451821983, 0.7225819670570345, 0.7310235200975275], "f1_score_weighted_ged": [0.8361943201792023, 0.8567661546730361, 0.861038408603116], "f_0_5_ged": [0.6029387953367876, 0.6120897224686352, 0.6286148520285388], "ged": [0.5437392956680722, 0.5478306710720062, 0.5509728524419997], "total_loss": [0.5437392956680722, 0.5478306710720062, 0.5509728524419997], "ged_weight_coef": [1.0, 1.0, 1.0], "epoch": [0.99, 1.99, 2.99], "step": [132, 265, 398]}, "test": {"f1_score_avg_ged": 0.8326960099158733, "f1_score_macro_ged": 0.7213626094820844, "f1_score_weighted_ged": 0.8444847441267689, "f_0_5_ged": 0.6120445474443157, "ged": 0.5881505931417147, "total_loss": 0.5881505931417147, "ged_weight_coef": 1.0}, "info": {"tasks": ["ged"], "outputs": ["loss", "labels", "preds"], "map_out_to_task": {"ged_loss": "ged", "ged_labels": "ged", "ged_preds": "ged"}, "map_out_to_out": {"ged_loss": "loss", "ged_labels": "labels", "ged_preds": "preds"}, "map_task_index": {"ged": 0}, "map_index_task": {"0": "ged"}, "optimizer_weighting": "fixed", "epochs_to_avg_over": 2, "temp": 2, "init_task_weightings": {"aes": 1.0, "ged": 1.0, "ner": 1.0}, "metrics_to_track_by_task": {"aes": "pearson_aes", "ged": "f_0_5_ged", "ner": "f1_score_avg_ner"}, "regression_tasks": ["aes"], "classification_tasks": ["ner", "ged"], "fce_tasks": ["aes", "ged"], "task_priorities_priority_as_key": {"primary_task": "ged"}, "early_stopping_patience": 2, "early_stopping_metric": "loss", "pretrained_model": "distilroberta-base", "frozen_layers": "all", "scoring": "script", "learning_rate": 7e-05, "batch_size": 8, "weight_decay": 0.01, "adam_epsilon": 1e-08}, "preds": {}}