{"best": {"ged": {"f1_score_avg_ged": 0.8404001756256665, "f1_score_macro_ged": 0.7220421107677368, "f1_score_weighted_ged": 0.8544447789867577, "f_0_5_ged": 0.6241143619238142, "ged": 0.5947602540254593, "ged_weight_coef": 1.0}}, "train": {}, "eval": {"f1_score_avg_ged": [0.8656777269020887, 0.8709778586213385, 0.8732986263563947, 0.8404001756256665, 0.8613811704196199, 0.8782224173618516], "f1_score_macro_ged": [0.7093430059646583, 0.7315912602209711, 0.7402170334990725, 0.7220421107677368, 0.7387927340198155, 0.7480582855033937], "f1_score_weighted_ged": [0.8649490339543794, 0.8727855532128308, 0.875946029877437, 0.8544447789867577, 0.8694175484146996, 0.8802499314363518], "f_0_5_ged": [0.4923888681359731, 0.5491912202721898, 0.5714545702716229, 0.6241143619238142, 0.6122315633575816, 0.580842701764007], "ged": [0.7442147433757782, 0.6952672004699707, 0.7017560750246048, 0.5947602540254593, 0.6577801704406738, 0.7512327432632446], "total_loss": [0.7442147433757782, 0.6952672004699707, 0.7017560750246048, 0.5947602540254593, 0.6577801704406738, 0.7512327432632446], "ged_weight_coef": [1.0, 1.0, 1.0, 1.0, 1.0, 1.0], "epoch": [0.99, 1.99, 2.99, 3.99, 4.99, 5.99], "step": [66, 133, 200, 267, 334, 401]}, "test": {"f1_score_avg_ged": 0.8595690814631187, "f1_score_macro_ged": 0.7329536502349729, "f1_score_weighted_ged": 0.8614942567292073, "f_0_5_ged": 0.5603761191965982, "ged": 0.7787729799747467, "total_loss": 0.7787729799747467, "ged_weight_coef": 1.0}, "info": {"tasks": ["ged"], "outputs": ["loss", "labels", "preds"], "map_out_to_task": {"ged_loss": "ged", "ged_labels": "ged", "ged_preds": "ged"}, "map_out_to_out": {"ged_loss": "loss", "ged_labels": "labels", "ged_preds": "preds"}, "map_task_index": {"ged": 0}, "map_index_task": {"0": "ged"}, "optimizer_weighting": "fixed", "epochs_to_avg_over": 2, "temp": 2, "init_task_weightings": {"aes": 1.0, "ged": 1.0, "ner": 1.0}, "metrics_to_track_by_task": {"aes": "pearson_aes", "ged": "f_0_5_ged", "ner": "f1_score_avg_ner"}, "regression_tasks": ["aes"], "classification_tasks": ["ner", "ged"], "fce_tasks": ["aes", "ged"], "task_priorities_priority_as_key": {"primary_task": "ged"}, "early_stopping_patience": 2, "early_stopping_metric": "loss", "pretrained_model": "distilroberta-base", "frozen_layers": "all", "scoring": "script", "learning_rate": 7e-05, "batch_size": 16, "weight_decay": 0.01, "adam_epsilon": 1e-08}, "preds": {}}