{"best": {"aes": {"rmse_aes": 27.347968707109917, "pearson_aes": NaN, "spearman_aes": NaN, "kappa_aes": 0.0, "aes": 933.2022552490234, "aes_weight_coef": 1.0}}, "train": {}, "eval": {"rmse_aes": [27.84541413963159, 27.347968707109917, 26.716514591142577, 26.370774003031983], "pearson_aes": [0.14492404390408187, NaN, 0.04599465973952335, NaN], "spearman_aes": [0.14756102493651613, NaN, 0.08084631182742842, NaN], "kappa_aes": [0.003420353413862154, 0.0, 0.0014428232721843681, 0.0], "aes": [968.4989624023438, 933.2022552490234, 899.4142456054688, 866.5894165039062], "total_loss": [968.4989624023438, 933.2022552490234, 899.4142456054688, 866.5894165039062], "aes_weight_coef": [1.0, 1.0, 1.0, 1.0], "epoch": [0.99, 1.99, 2.99, 3.99], "step": [66, 133, 200, 267]}, "test": {"rmse_aes": 26.140382316042473, "pearson_aes": NaN, "spearman_aes": NaN, "kappa_aes": 0.0, "aes": 851.566660563151, "total_loss": 851.566660563151, "aes_weight_coef": 1.0}, "info": {"tasks": ["aes"], "outputs": ["loss", "labels", "preds"], "map_out_to_task": {"aes_loss": "aes", "aes_labels": "aes", "aes_preds": "aes"}, "map_out_to_out": {"aes_loss": "loss", "aes_labels": "labels", "aes_preds": "preds"}, "map_task_index": {"aes": 0}, "map_index_task": {"0": "aes"}, "optimizer_weighting": "fixed", "epochs_to_avg_over": 2, "temp": 2, "init_task_weightings": {"aes": 1.0, "ged": 1.0, "ner": 1.0}, "metrics_to_track_by_task": {"aes": "pearson_aes", "ged": "f_0_5_ged", "ner": "f1_score_avg_ner"}, "regression_tasks": ["aes"], "classification_tasks": ["ner", "ged"], "fce_tasks": ["aes", "ged"], "task_priorities_priority_as_key": {"primary_task": "aes"}, "early_stopping_patience": 2, "early_stopping_metric": null, "pretrained_model": "distilroberta-base", "frozen_layers": "all", "scoring": "script", "learning_rate": 1e-05, "batch_size": 16, "weight_decay": 0.01, "adam_epsilon": 1e-08}, "preds": {"aes": {"preds": [1.9705262184143066, 1.977687954902649, 2.0319294929504395, 1.97614586353302, 2.0266013145446777, 1.9721499681472778, 1.978070616722107, 1.9522343873977661, 1.9139418601989746, 2.015099048614502, 1.9692431688308716, 2.0610480308532715, 1.999752402305603, 2.005098819732666, 2.0511326789855957, 1.776173710823059, 1.9511162042617798, 1.9988735914230347, 2.0500922203063965, 1.9399325847625732, 2.0983030796051025, 1.9683581590652466, 1.9935076236724854, 2.0109989643096924, 1.980754017829895, 1.9718610048294067, 1.792614221572876, 2.0142695903778076, 2.081319808959961, 2.012511730194092, 1.9353032112121582, 2.1043763160705566, 1.9335702657699585, 1.8676778078079224, 2.0223097801208496, 1.9958207607269287, 2.1207878589630127, 1.9339016675949097, 2.067969560623169, 1.975570797920227, 1.86250638961792, 1.8364619016647339, 2.011543035507202, 2.0294859409332275, 2.0161173343658447, 1.976087212562561, 1.9033535718917847, 1.8828721046447754, 2.063737392425537, 1.8925520181655884, 2.0804638862609863, 2.0118954181671143, 1.9759416580200195, 1.8951733112335205, 1.9805959463119507, 2.0039374828338623, 1.8812198638916016, 2.06787109375, 1.9134286642074585, 1.9997749328613281, 1.7271236181259155, 2.0313544273376465, 1.9427695274353027, 2.0695176124572754, 1.8639801740646362, 2.0444679260253906, 1.923248529434204, 2.000737190246582, 1.8975163698196411, 2.020838499069214, 1.914080023765564, 2.0107715129852295, 2.0122230052948, 2.0762524604797363, 1.8447644710540771, 2.0805249214172363, 1.9689327478408813, 2.003178596496582, 1.9746432304382324, 1.957976222038269, 2.0478382110595703, 2.011906147003174, 1.976082682609558, 2.02388072013855, 2.0216991901397705, 2.019594669342041, 2.0040102005004883, 1.971801519393921, 1.8930585384368896, 1.956955075263977, 2.0300402641296387, 1.9851984977722168, 1.9286986589431763, 1.8897840976715088, 2.0398025512695312, 1.9494184255599976, 1.961977481842041], "labels": [30.0, 26.0, 23.0, 26.0, 26.0, 38.0, 27.0, 39.0, 25.0, 24.0, 25.0, 27.0, 30.0, 27.0, 20.0, 21.0, 21.0, 26.0, 22.0, 24.0, 38.0, 30.0, 34.0, 24.0, 23.0, 22.0, 23.0, 39.0, 34.0, 37.0, 31.0, 28.0, 26.0, 29.0, 34.0, 26.0, 34.0, 19.0, 26.0, 31.0, 18.0, 19.0, 25.0, 26.0, 29.0, 29.0, 18.0, 27.0, 35.0, 22.0, 36.0, 14.0, 24.0, 29.0, 28.0, 24.0, 25.0, 37.0, 24.0, 36.0, 13.0, 23.0, 29.0, 31.0, 23.0, 28.0, 26.0, 26.0, 21.0, 38.0, 32.0, 29.0, 36.0, 40.0, 29.0, 34.0, 36.0, 25.0, 37.0, 17.0, 32.0, 25.0, 25.0, 36.0, 31.0, 27.0, 19.0, 28.0, 24.0, 20.0, 25.0, 23.0, 22.0, 23.0, 27.0, 30.0, 34.0]}}}