{"best": {"ner": {"f1_score_avg_ner": 0.016412912269771426, "f1_score_macro_ner": 0.014993155558952318, "f1_score_weighted_ner": 0.010585397006984363, "ner": 2.269680897394816, "ner_weight_coef": 1.0}}, "train": {"loss": [2.2021], "learning_rate": [5.245614035087719e-05], "epoch": [3.76], "step": [500]}, "eval": {"f1_score_avg_ner": [0.01567306569058837, 0.015381020988279273, 0.016412912269771426, 0.015770413924691407], "f1_score_macro_ner": [0.014563525065911511, 0.016163729121512357, 0.014993155558952318, 0.015185393448323937], "f1_score_weighted_ner": [0.009796390468222779, 0.009977152363547301, 0.010585397006984363, 0.009922198835085891], "ner": [2.269446676427668, 2.2693792978922525, 2.269680897394816, 2.2699112964398935], "total_loss": [2.269446676427668, 2.2693792978922525, 2.269680897394816, 2.2699112964398935], "ner_weight_coef": [1.0, 1.0, 1.0, 1.0], "epoch": [0.99, 1.99, 2.99, 3.99], "step": [132, 265, 398, 531]}, "test": {"f1_score_avg_ner": 0.01585011306126844, "f1_score_macro_ner": 0.01612885325159352, "f1_score_weighted_ner": 0.011065341995494788, "ner": 2.277987734476725, "total_loss": 2.277987734476725, "ner_weight_coef": 1.0}, "info": {"tasks": ["ner"], "outputs": ["loss", "labels", "preds"], "map_out_to_task": {"ner_loss": "ner", "ner_labels": "ner", "ner_preds": "ner"}, "map_out_to_out": {"ner_loss": "loss", "ner_labels": "labels", "ner_preds": "preds"}, "map_task_index": {"ner": 0}, "map_index_task": {"0": "ner"}, "optimizer_weighting": "fixed", "epochs_to_avg_over": 2, "temp": 2, "init_task_weightings": {"aes": 1.0, "ged": 1.0, "ner": 1.0}, "metrics_to_track_by_task": {"aes": "pearson_aes", "ged": "f_0_5_ged", "ner": "f1_score_avg_ner"}, "regression_tasks": ["aes"], "classification_tasks": ["ner", "ged"], "fce_tasks": ["aes", "ged"], "task_priorities_priority_as_key": {"primary_task": "ner"}, "early_stopping_patience": 2, "early_stopping_metric": "loss", "pretrained_model": "distilroberta-base", "frozen_layers": "all", "scoring": "script", "learning_rate": 7e-05, "batch_size": 8, "weight_decay": 0.01, "adam_epsilon": 1e-08}, "preds": {}}