{"best": {"aes": {"rmse_aes": 5.684756432443041, "pearson_aes": 0.468367152058041, "spearman_aes": 0.512890979409488, "kappa_aes": 0.30800909581000946, "aes": 0.025257753091864288, "aes_weight_coef": 1.0}}, "train": {}, "eval": {"rmse_aes": [6.133535127848944, 5.466815887641277, 5.28432120833995, 5.303450035446833, 5.684756432443041], "pearson_aes": [0.3070329979675249, 0.4155004766054795, 0.41594874881045835, 0.4599770996188443, 0.468367152058041], "spearman_aes": [0.3729324210300328, 0.4633118289663367, 0.4478946135870975, 0.5007787380599704, 0.512890979409488], "kappa_aes": [0.19349492771694965, 0.26471853388985267, 0.28806616470955393, 0.3181448788006165, 0.30800909581000946], "aes": [0.029387622140347958, 0.02357948396820575, 0.021798960864543915, 0.022080365219153464, 0.025257753091864288], "total_loss": [0.029387622140347958, 0.02357948396820575, 0.021798960864543915, 0.022080365219153464, 0.025257753091864288], "aes_weight_coef": [1.0, 1.0, 1.0, 1.0, 1.0], "epoch": [0.99, 1.99, 2.99, 3.99, 4.99], "step": [66, 133, 200, 267, 334]}, "test": {"rmse_aes": 5.64682193256918, "pearson_aes": 0.6355621433760379, "spearman_aes": 0.6343418793042649, "kappa_aes": 0.3255411456818842, "aes": 0.020189108268823475, "total_loss": 0.020189108268823475, "aes_weight_coef": 1.0}, "info": {"tasks": ["aes"], "outputs": ["loss", "labels", "preds"], "map_out_to_task": {"aes_loss": "aes", "aes_labels": "aes", "aes_preds": "aes"}, "map_out_to_out": {"aes_loss": "loss", "aes_labels": "labels", "aes_preds": "preds"}, "map_task_index": {"aes": 0}, "map_index_task": {"0": "aes"}, "optimizer_weighting": "fixed", "epochs_to_avg_over": 2, "temp": 2, "init_task_weightings": {"aes": 1.0, "ged": 1.0, "ner": 1.0}, "metrics_to_track_by_task": {"aes": "pearson_aes", "ged": "f_0_5_ged", "ner": "f1_score_avg_ner"}, "regression_tasks": ["aes"], "classification_tasks": ["ner", "ged"], "fce_tasks": ["aes", "ged"], "task_priorities_priority_as_key": {"primary_task": "aes"}, "early_stopping_patience": 2, "early_stopping_metric": "loss", "pretrained_model": "distilroberta-base", "frozen_layers": "all", "scoring": "script", "learning_rate": 0.0001, "batch_size": 16, "weight_decay": 0.01, "adam_epsilon": 1e-08}, "preds": {"aes": {"preds": [0.7569461464881897, 0.7485496997833252, 0.739592432975769, 0.8157393336296082, 0.7780711650848389, 0.8017239570617676, 0.8252174854278564, 0.833868682384491, 0.6860933303833008, 0.7794370055198669, 0.740505576133728, 0.7792099714279175, 0.8170217275619507, 0.805722713470459, 0.7326094508171082, 0.7236135005950928, 0.6378347277641296, 0.6910322308540344, 0.783155083656311, 0.6515743732452393, 0.8037917017936707, 0.7921220064163208, 0.804796576499939, 0.6969465017318726, 0.675270676612854, 0.8022888898849487, 0.6734112501144409, 0.7324684262275696, 0.7425988912582397, 0.8421466946601868, 0.772776186466217, 0.7678760290145874, 0.7222615480422974, 0.7306208610534668, 0.7863600850105286, 0.6686971187591553, 0.8577144145965576, 0.7331793904304504, 0.788053572177887, 0.7832633256912231, 0.6881539821624756, 0.6972914338111877, 0.7663043737411499, 0.6870809197425842, 0.7161259651184082, 0.8097464442253113, 0.6399948596954346, 0.7434133887290955, 0.7947732210159302, 0.6634803414344788, 0.8201642036437988, 0.6911837458610535, 0.7794893980026245, 0.7899553775787354, 0.7138396501541138, 0.741243839263916, 0.7455862164497375, 0.8351649045944214, 0.7423298358917236, 0.791773796081543, 0.6874548196792603, 0.7870744466781616, 0.6666967868804932, 0.7626911401748657, 0.7465950846672058, 0.7290400862693787, 0.7490079998970032, 0.8015228509902954, 0.7564803957939148, 0.832089364528656, 0.7894468307495117, 0.7861467003822327, 0.774390697479248, 0.853856086730957, 0.681545615196228, 0.7874375581741333, 0.8084316253662109, 0.7737827897071838, 0.8393988609313965, 0.7216800451278687, 0.7951510548591614, 0.7332862019538879, 0.7687132358551025, 0.820426344871521, 0.7538084983825684, 0.8121181726455688, 0.7120388746261597, 0.7987448573112488, 0.7590457201004028, 0.7126280069351196, 0.7820193767547607, 0.6734182834625244, 0.7654292583465576, 0.7548768520355225, 0.7500507235527039, 0.7506610751152039, 0.8097490668296814], "labels": [0.75, 0.6499999761581421, 0.574999988079071, 0.6499999761581421, 0.6499999761581421, 0.949999988079071, 0.675000011920929, 0.9750000238418579, 0.625, 0.6000000238418579, 0.625, 0.675000011920929, 0.75, 0.675000011920929, 0.5, 0.5249999761581421, 0.5249999761581421, 0.6499999761581421, 0.550000011920929, 0.6000000238418579, 0.949999988079071, 0.75, 0.8500000238418579, 0.6000000238418579, 0.574999988079071, 0.550000011920929, 0.574999988079071, 0.9750000238418579, 0.8500000238418579, 0.925000011920929, 0.7749999761581421, 0.699999988079071, 0.6499999761581421, 0.7250000238418579, 0.8500000238418579, 0.6499999761581421, 0.8500000238418579, 0.4749999940395355, 0.6499999761581421, 0.7749999761581421, 0.44999998807907104, 0.4749999940395355, 0.625, 0.6499999761581421, 0.7250000238418579, 0.7250000238418579, 0.44999998807907104, 0.675000011920929, 0.875, 0.550000011920929, 0.8999999761581421, 0.3499999940395355, 0.6000000238418579, 0.7250000238418579, 0.699999988079071, 0.6000000238418579, 0.625, 0.925000011920929, 0.6000000238418579, 0.8999999761581421, 0.32499998807907104, 0.574999988079071, 0.7250000238418579, 0.7749999761581421, 0.574999988079071, 0.699999988079071, 0.6499999761581421, 0.6499999761581421, 0.5249999761581421, 0.949999988079071, 0.800000011920929, 0.7250000238418579, 0.8999999761581421, 1.0, 0.7250000238418579, 0.8500000238418579, 0.8999999761581421, 0.625, 0.925000011920929, 0.42500001192092896, 0.800000011920929, 0.625, 0.625, 0.8999999761581421, 0.7749999761581421, 0.675000011920929, 0.4749999940395355, 0.699999988079071, 0.6000000238418579, 0.5, 0.625, 0.574999988079071, 0.550000011920929, 0.574999988079071, 0.675000011920929, 0.75, 0.8500000238418579]}}}