{"best": {"ged": {"f1_score_avg_ged": 0.7134598982847395, "f1_score_macro_ged": 0.496010636391092, "f1_score_weighted_ged": 0.737480334688015, "f_0_5_ged": 0.18893387314439947, "ged": 0.9053664207458496, "ged_weight_coef": 1.0}}, "train": {}, "eval": {"f1_score_avg_ged": [0.7127333607101115, 0.7121015889060871, 0.7134598982847395, 0.7115961714628676, 0.7133335439239347], "f1_score_macro_ged": [0.4943266361977229, 0.4932885978882645, 0.496010636391092, 0.4938032936834976, 0.4944588609237644], "f1_score_weighted_ged": [0.7367313310170243, 0.7361675468664187, 0.737480334688015, 0.7359923300814475, 0.7370913767738331], "f_0_5_ged": [0.1854352137040631, 0.18352107328186304, 0.18893387314439947, 0.18554399561939258, 0.18499746578813986], "ged": [0.9065125435590744, 0.9077879041433334, 0.9053664207458496, 0.9062587469816208, 0.9079884588718414], "total_loss": [0.9065125435590744, 0.9077879041433334, 0.9053664207458496, 0.9062587469816208, 0.9079884588718414], "ged_weight_coef": [1.0, 1.0, 1.0, 1.0, 1.0], "epoch": [0.99, 1.99, 2.99, 3.99, 4.99], "step": [66, 133, 200, 267, 334]}, "test": {"f1_score_avg_ged": 0.71243013042321, "f1_score_macro_ged": 0.5005005721474991, "f1_score_weighted_ged": 0.7280356005119984, "f_0_5_ged": 0.190899407496172, "ged": 0.8457073370615641, "total_loss": 0.8457073370615641, "ged_weight_coef": 1.0}, "info": {"tasks": ["ged"], "outputs": ["loss", "labels", "preds"], "map_out_to_task": {"ged_loss": "ged", "ged_labels": "ged", "ged_preds": "ged"}, "map_out_to_out": {"ged_loss": "loss", "ged_labels": "labels", "ged_preds": "preds"}, "map_task_index": {"ged": 0}, "map_index_task": {"0": "ged"}, "optimizer_weighting": "fixed", "epochs_to_avg_over": 2, "temp": 2, "init_task_weightings": {"aes": 1.0, "ged": 1.0, "ner": 1.0}, "metrics_to_track_by_task": {"aes": "pearson_aes", "ged": "f_0_5_ged", "ner": "f1_score_avg_ner"}, "regression_tasks": ["aes"], "classification_tasks": ["ner", "ged"], "fce_tasks": ["aes", "ged"], "task_priorities_priority_as_key": {"primary_task": "ged"}, "early_stopping_patience": 2, "early_stopping_metric": "loss", "pretrained_model": "distilroberta-base", "frozen_layers": "all", "scoring": "script", "learning_rate": 7e-05, "batch_size": 16, "weight_decay": 0.01, "adam_epsilon": 1e-08}, "preds": {}}