{"best": {"ged": {"f1_score_avg_ged": 0.8159380292291287, "f1_score_macro_ged": 0.7074924762858459, "f1_score_weighted_ged": 0.8375042553385295, "f_0_5_ged": 0.6501615063420783, "ged": 0.4998868538273705, "ged_weight_coef": 1.0}}, "train": {"loss": [0.4308], "learning_rate": [5.245614035087719e-05], "epoch": [3.76], "step": [500]}, "eval": {"f1_score_avg_ged": [0.8193878191055636, 0.8159380292291287, 0.8489932885906041, 0.8787242049802421], "f1_score_macro_ged": [0.7018372066460624, 0.7074924762858459, 0.7337296656943583, 0.7555760431629507], "f1_score_weighted_ged": [0.8384991144232639, 0.8375042553385295, 0.8616135537029869, 0.882222825050428], "f_0_5_ged": [0.6160209846650525, 0.6501615063420783, 0.6393249937032994, 0.6074070732587513], "ged": [0.5300794409381019, 0.4998868538273705, 0.5569595230950249, 0.6848234335581461], "total_loss": [0.5300794409381019, 0.4998868538273705, 0.5569595230950249, 0.6848234335581461], "ged_weight_coef": [1.0, 1.0, 1.0, 1.0], "epoch": [0.99, 1.99, 2.99, 3.99], "step": [132, 265, 398, 531]}, "test": {"f1_score_avg_ged": 0.8657928742846595, "f1_score_macro_ged": 0.7410177460128504, "f1_score_weighted_ged": 0.8666793845045238, "f_0_5_ged": 0.5667374725772191, "ged": 0.7870806703964869, "total_loss": 0.7870806703964869, "ged_weight_coef": 1.0}, "info": {"tasks": ["ged"], "outputs": ["loss", "labels", "preds"], "map_out_to_task": {"ged_loss": "ged", "ged_labels": "ged", "ged_preds": "ged"}, "map_out_to_out": {"ged_loss": "loss", "ged_labels": "labels", "ged_preds": "preds"}, "map_task_index": {"ged": 0}, "map_index_task": {"0": "ged"}, "optimizer_weighting": "fixed", "epochs_to_avg_over": 2, "temp": 2, "init_task_weightings": {"aes": 1.0, "ged": 1.0, "ner": 1.0}, "metrics_to_track_by_task": {"aes": "pearson_aes", "ged": "f_0_5_ged", "ner": "f1_score_avg_ner"}, "regression_tasks": ["aes"], "classification_tasks": ["ner", "ged"], "fce_tasks": ["aes", "ged"], "task_priorities_priority_as_key": {"primary_task": "ged"}, "early_stopping_patience": 2, "early_stopping_metric": "loss", "pretrained_model": "distilroberta-base", "frozen_layers": "all", "scoring": "script", "learning_rate": 7e-05, "batch_size": 8, "weight_decay": 0.01, "adam_epsilon": 1e-08}, "preds": {}}