{"best": {"ged": {"f1_score_avg_ged": 0.8370444709276799, "f1_score_macro_ged": 0.7138455938016091, "f1_score_weighted_ged": 0.8509059639376583, "f_0_5_ged": 0.6038778843335147, "ged": 0.5636391010549333, "ged_weight_coef": 1.0}}, "train": {"loss": [0.5282], "learning_rate": [7.4937343358396e-06], "epoch": [3.76], "step": [500]}, "eval": {"f1_score_avg_ged": [0.7527127893119238, 0.8222730979113091, 0.8411842187794016, 0.8370444709276799, 0.8498714169227874, 0.8542620585837044], "f1_score_macro_ged": [0.6381584117547251, 0.6926576881184886, 0.7106188590962323, 0.7138455938016091, 0.7232715744402214, 0.7280349589497345], "f1_score_weighted_ged": [0.7867770891986443, 0.838353746375971, 0.8525106936272553, 0.8509059639376583, 0.8599033699437317, 0.86328616601507], "f_0_5_ged": [0.5640357408786298, 0.5719266207354528, 0.5777701749133987, 0.6038778843335147, 0.5952483429456831, 0.5975387815235289], "ged": [0.5993469887309604, 0.5847746166918013, 0.5816453893979391, 0.5636391010549333, 0.5820696784390343, 0.5942764414681329], "total_loss": [0.5993469887309604, 0.5847746166918013, 0.5816453893979391, 0.5636391010549333, 0.5820696784390343, 0.5942764414681329], "ged_weight_coef": [1.0, 1.0, 1.0, 1.0, 1.0, 1.0], "epoch": [0.99, 1.99, 2.99, 3.99, 4.99, 5.99], "step": [132, 265, 398, 531, 664, 797]}, "test": {"f1_score_avg_ged": 0.8402911469184314, "f1_score_macro_ged": 0.7193686413943792, "f1_score_weighted_ged": 0.8481418065515063, "f_0_5_ged": 0.578186160684668, "ged": 0.6473236978054047, "total_loss": 0.6473236978054047, "ged_weight_coef": 1.0}, "info": {"tasks": ["ged"], "outputs": ["loss", "labels", "preds"], "map_out_to_task": {"ged_loss": "ged", "ged_labels": "ged", "ged_preds": "ged"}, "map_out_to_out": {"ged_loss": "loss", "ged_labels": "labels", "ged_preds": "preds"}, "map_task_index": {"ged": 0}, "map_index_task": {"0": "ged"}, "optimizer_weighting": "fixed", "epochs_to_avg_over": 2, "temp": 2, "init_task_weightings": {"aes": 1.0, "ged": 1.0, "ner": 1.0}, "metrics_to_track_by_task": {"aes": "pearson_aes", "ged": "f_0_5_ged", "ner": "f1_score_avg_ner"}, "regression_tasks": ["aes"], "classification_tasks": ["ner", "ged"], "fce_tasks": ["aes", "ged"], "task_priorities_priority_as_key": {"primary_task": "ged"}, "early_stopping_patience": 2, "early_stopping_metric": "loss", "pretrained_model": "distilroberta-base", "frozen_layers": "all", "scoring": "script", "learning_rate": 1e-05, "batch_size": 8, "weight_decay": 0.01, "adam_epsilon": 1e-08}, "preds": {}}