{"best": {"ged": {"f1_score_avg_ged": 0.8282945493319952, "f1_score_macro_ged": 0.6941501043221191, "f1_score_weighted_ged": 0.8420094641767328, "f_0_5_ged": 0.558816078365141, "ged": 0.588682042227851, "ged_weight_coef": 1.0}}, "train": {"loss": [0.5594], "learning_rate": [7.4937343358396e-06], "epoch": [3.76], "step": [500]}, "eval": {"f1_score_avg_ged": [0.825503355704698, 0.8390202596750925, 0.8282945493319952, 0.8479583516276736, 0.8503418428150286], "f1_score_macro_ged": [0.6593203998456914, 0.6890255150550999, 0.6941501043221191, 0.7072026661629252, 0.7126583512980416], "f1_score_weighted_ged": [0.8330103181471837, 0.8466808627983804, 0.8420094641767328, 0.855394693251648, 0.8578523051105366], "f_0_5_ged": [0.4496027695175536, 0.5084745762711864, 0.558816078365141, 0.5431190234874189, 0.5545778520832416], "ged": [0.6770982543627421, 0.6363748179541694, 0.588682042227851, 0.6092293858528137, 0.6054816113577949], "total_loss": [0.6770982543627421, 0.6363748179541694, 0.588682042227851, 0.6092293858528137, 0.6054816113577949], "ged_weight_coef": [1.0, 1.0, 1.0, 1.0, 1.0], "epoch": [0.99, 1.99, 2.99, 3.99, 4.99], "step": [132, 265, 398, 531, 664]}, "test": {"f1_score_avg_ged": 0.8365726944275956, "f1_score_macro_ged": 0.7078115969113797, "f1_score_weighted_ged": 0.8434015544778161, "f_0_5_ged": 0.5483006864222334, "ged": 0.6320520142714182, "total_loss": 0.6320520142714182, "ged_weight_coef": 1.0}, "info": {"tasks": ["ged"], "outputs": ["loss", "labels", "preds"], "map_out_to_task": {"ged_loss": "ged", "ged_labels": "ged", "ged_preds": "ged"}, "map_out_to_out": {"ged_loss": "loss", "ged_labels": "labels", "ged_preds": "preds"}, "map_task_index": {"ged": 0}, "map_index_task": {"0": "ged"}, "optimizer_weighting": "fixed", "epochs_to_avg_over": 2, "temp": 2, "init_task_weightings": {"aes": 1.0, "ged": 1.0, "ner": 1.0}, "metrics_to_track_by_task": {"aes": "pearson_aes", "ged": "f_0_5_ged", "ner": "f1_score_avg_ner"}, "regression_tasks": ["aes"], "classification_tasks": ["ner", "ged"], "fce_tasks": ["aes", "ged"], "task_priorities_priority_as_key": {"primary_task": "ged"}, "early_stopping_patience": 2, "early_stopping_metric": "loss", "pretrained_model": "distilroberta-base", "frozen_layers": "all", "scoring": "script", "learning_rate": 1e-05, "batch_size": 8, "weight_decay": 0.01, "adam_epsilon": 1e-08}, "preds": {}}