{"best": {"aes": {"rmse_aes": 6.108719644590225, "pearson_aes": 0.5029553446359233, "spearman_aes": 0.5395296221781897, "kappa_aes": 0.268881557819753, "aes": 0.02609211951494217, "aes_weight_coef": 1.0}}, "train": {"loss": [0.0487], "learning_rate": [3.7468671679198e-05], "epoch": [3.76], "step": [500]}, "eval": {"rmse_aes": [6.605521280898659, 6.5448791461702855, 5.694767751790712, 6.108719644590225, 6.022111156796272], "pearson_aes": [0.3454395755449867, 0.46150407063117094, 0.49785918524075656, 0.5029553446359233, 0.5022900263786882], "spearman_aes": [0.3395363979675661, 0.4754111946103956, 0.5253425775196833, 0.5395296221781897, 0.5350245920583413], "kappa_aes": [0.2135150899061775, 0.20936082838707926, 0.2858301694291592, 0.268881557819753, 0.2692476968969706], "aes": [0.03030146099627018, 0.029652279077304736, 0.02267131654338704, 0.02609211951494217, 0.025030302970359724], "total_loss": [0.03030146099627018, 0.029652279077304736, 0.02267131654338704, 0.02609211951494217, 0.025030302970359724], "aes_weight_coef": [1.0, 1.0, 1.0, 1.0, 1.0], "epoch": [0.99, 1.99, 2.99, 3.99, 4.99], "step": [132, 265, 398, 531, 664]}, "test": {"rmse_aes": 6.164414002968976, "pearson_aes": 0.544896721846283, "spearman_aes": 0.536390776844394, "kappa_aes": 0.27977356396569497, "aes": 0.023653036209604277, "total_loss": 0.023653036209604277, "aes_weight_coef": 1.0}, "info": {"tasks": ["aes"], "outputs": ["loss", "labels", "preds"], "map_out_to_task": {"aes_loss": "aes", "aes_labels": "aes", "aes_preds": "aes"}, "map_out_to_out": {"aes_loss": "loss", "aes_labels": "labels", "aes_preds": "preds"}, "map_task_index": {"aes": 0}, "map_index_task": {"0": "aes"}, "optimizer_weighting": "fixed", "epochs_to_avg_over": 2, "temp": 2, "init_task_weightings": {"aes": 1.0, "ged": 1.0, "ner": 1.0}, "metrics_to_track_by_task": {"aes": "pearson_aes", "ged": "f_0_5_ged", "ner": "f1_score_avg_ner"}, "regression_tasks": ["aes"], "classification_tasks": ["ner", "ged"], "fce_tasks": ["aes", "ged"], "task_priorities_priority_as_key": {"primary_task": "aes"}, "early_stopping_patience": 2, "early_stopping_metric": "loss", "pretrained_model": "distilroberta-base", "frozen_layers": "all", "scoring": "script", "learning_rate": 5e-05, "batch_size": 8, "weight_decay": 0.01, "adam_epsilon": 1e-08}, "preds": {"aes": {"preds": [0.8086418509483337, 0.785910964012146, 0.7934228181838989, 0.7749730348587036, 0.8201358318328857, 0.7944602370262146, 0.780261754989624, 0.8119162917137146, 0.7209770679473877, 0.839539110660553, 0.7566719055175781, 0.8229684829711914, 0.8833329677581787, 0.7812936902046204, 0.7472691535949707, 0.7315159440040588, 0.6644881963729858, 0.730012059211731, 0.8159476518630981, 0.7206099629402161, 0.8143647909164429, 0.7898750901222229, 0.8465700745582581, 0.7907756567001343, 0.6894822120666504, 0.7913398742675781, 0.6898649334907532, 0.7724716663360596, 0.8590569496154785, 0.8332496881484985, 0.7329374551773071, 0.7313753366470337, 0.7839013934135437, 0.8089349865913391, 0.7908969521522522, 0.6231766939163208, 0.7893182039260864, 0.7140228748321533, 0.8042094707489014, 0.7980136871337891, 0.7115911245346069, 0.7706928253173828, 0.764549970626831, 0.7960434556007385, 0.6941500902175903, 0.8136715888977051, 0.6602652072906494, 0.7764284610748291, 0.8423019647598267, 0.6759941577911377, 0.8462151288986206, 0.7123863101005554, 0.7916786670684814, 0.776508629322052, 0.8149509429931641, 0.8449234962463379, 0.7808887958526611, 0.8374233245849609, 0.7264837026596069, 0.8256274461746216, 0.6458949446678162, 0.8025564551353455, 0.6474597454071045, 0.789995551109314, 0.7026702165603638, 0.7522864937782288, 0.7443987131118774, 0.8084806203842163, 0.7407193183898926, 0.8069503307342529, 0.7911188006401062, 0.7950202226638794, 0.7539076805114746, 0.853857159614563, 0.6737891435623169, 0.8450276851654053, 0.8302051424980164, 0.8434494733810425, 0.8657885193824768, 0.7191413044929504, 0.7828814387321472, 0.7896628379821777, 0.813478946685791, 0.8004817366600037, 0.7827038764953613, 0.8633397221565247, 0.7342836260795593, 0.8218317627906799, 0.761464536190033, 0.709604024887085, 0.8089796304702759, 0.6559129357337952, 0.7450851202011108, 0.7658979892730713, 0.7767986059188843, 0.7455806136131287, 0.8565056324005127], "labels": [0.75, 0.6499999761581421, 0.574999988079071, 0.6499999761581421, 0.6499999761581421, 0.949999988079071, 0.675000011920929, 0.9750000238418579, 0.625, 0.6000000238418579, 0.625, 0.675000011920929, 0.75, 0.675000011920929, 0.5, 0.5249999761581421, 0.5249999761581421, 0.6499999761581421, 0.550000011920929, 0.6000000238418579, 0.949999988079071, 0.75, 0.8500000238418579, 0.6000000238418579, 0.574999988079071, 0.550000011920929, 0.574999988079071, 0.9750000238418579, 0.8500000238418579, 0.925000011920929, 0.7749999761581421, 0.699999988079071, 0.6499999761581421, 0.7250000238418579, 0.8500000238418579, 0.6499999761581421, 0.8500000238418579, 0.4749999940395355, 0.6499999761581421, 0.7749999761581421, 0.44999998807907104, 0.4749999940395355, 0.625, 0.6499999761581421, 0.7250000238418579, 0.7250000238418579, 0.44999998807907104, 0.675000011920929, 0.875, 0.550000011920929, 0.8999999761581421, 0.3499999940395355, 0.6000000238418579, 0.7250000238418579, 0.699999988079071, 0.6000000238418579, 0.625, 0.925000011920929, 0.6000000238418579, 0.8999999761581421, 0.32499998807907104, 0.574999988079071, 0.7250000238418579, 0.7749999761581421, 0.574999988079071, 0.699999988079071, 0.6499999761581421, 0.6499999761581421, 0.5249999761581421, 0.949999988079071, 0.800000011920929, 0.7250000238418579, 0.8999999761581421, 1.0, 0.7250000238418579, 0.8500000238418579, 0.8999999761581421, 0.625, 0.925000011920929, 0.42500001192092896, 0.800000011920929, 0.625, 0.625, 0.8999999761581421, 0.7749999761581421, 0.675000011920929, 0.4749999940395355, 0.699999988079071, 0.6000000238418579, 0.5, 0.625, 0.574999988079071, 0.550000011920929, 0.574999988079071, 0.675000011920929, 0.75, 0.8500000238418579]}}}