{"best": {"ner": {"f1_score_avg_ner": 0.917616297221355, "f1_score_macro_ner": 0.7212046087585664, "f1_score_weighted_ner": 0.9142204965590095, "ner": 0.26043542609973386, "ner_weight_coef": 1.0}}, "train": {"loss": [0.297], "learning_rate": [7.4937343358396e-05], "epoch": [3.76], "step": [500]}, "eval": {"f1_score_avg_ner": [0.9133234467686544, 0.917616297221355, 0.9147869185138933, 0.9106111458008117, 0.9064939119575398], "f1_score_macro_ner": [0.6972886304831135, 0.7212046087585664, 0.7193379819690977, 0.7028881085637914, 0.6942286591990902], "f1_score_weighted_ner": [0.9095423024014477, 0.9142204965590095, 0.9112351537638607, 0.9056145063018142, 0.9036041928589195], "ner": [0.27856657992709766, 0.26043542609973386, 0.2570356356375145, 0.2635439293402614, 0.2982245394677827], "total_loss": [0.27856657992709766, 0.26043542609973386, 0.2570356356375145, 0.2635439293402614, 0.2982245394677827], "ner_weight_coef": [1.0, 1.0, 1.0, 1.0, 1.0], "epoch": [0.99, 1.99, 2.99, 3.99, 4.99], "step": [132, 265, 398, 531, 664]}, "test": {"f1_score_avg_ner": 0.8930607133603938, "f1_score_macro_ner": 0.6579380385541752, "f1_score_weighted_ner": 0.8900608781123547, "ner": 0.36439193586508434, "total_loss": 0.36439193586508434, "ner_weight_coef": 1.0}, "info": {"tasks": ["ner"], "outputs": ["loss", "labels", "preds"], "map_out_to_task": {"ner_loss": "ner", "ner_labels": "ner", "ner_preds": "ner"}, "map_out_to_out": {"ner_loss": "loss", "ner_labels": "labels", "ner_preds": "preds"}, "map_task_index": {"ner": 0}, "map_index_task": {"0": "ner"}, "optimizer_weighting": "fixed", "epochs_to_avg_over": 2, "temp": 2, "init_task_weightings": {"aes": 1.0, "ged": 1.0, "ner": 1.0}, "metrics_to_track_by_task": {"aes": "pearson_aes", "ged": "f_0_5_ged", "ner": "f1_score_avg_ner"}, "regression_tasks": ["aes"], "classification_tasks": ["ner", "ged"], "fce_tasks": ["aes", "ged"], "task_priorities_priority_as_key": {"primary_task": "ner"}, "early_stopping_patience": 2, "early_stopping_metric": "loss", "pretrained_model": "distilroberta-base", "frozen_layers": "all", "scoring": "script", "learning_rate": 0.0001, "batch_size": 8, "weight_decay": 0.01, "adam_epsilon": 1e-08}, "preds": {}}