{"best": {"ged": {"f1_score_avg_ged": 0.3530024954986259, "f1_score_macro_ged": 0.3371012375662266, "f1_score_weighted_ged": 0.41198925447771584, "f_0_5_ged": 0.39592960129283133, "ged": 0.7909289532237582, "ged_weight_coef": 1.0}}, "train": {"loss": [0.7165], "learning_rate": [0.00037468671679198], "epoch": [3.76], "step": [500]}, "eval": {"f1_score_avg_ged": [0.35426603910667465, 0.35499257668130274, 0.3530024954986259, 0.35271819818681494], "f1_score_macro_ged": [0.33794136700384414, 0.33846348804156284, 0.3371012375662266, 0.33664327060669935], "f1_score_weighted_ged": [0.41377178412845894, 0.4147371063030005, 0.41198925447771584, 0.411965136019128], "f_0_5_ged": [0.3948400151764259, 0.3945369854690902, 0.39592960129283133, 0.39403203800090963], "ged": [0.7905996375613742, 0.7898390028211806, 0.7909289532237582, 0.7907143963707818], "total_loss": [0.7905996375613742, 0.7898390028211806, 0.7909289532237582, 0.7907143963707818], "ged_weight_coef": [1.0, 1.0, 1.0, 1.0], "epoch": [0.99, 1.99, 2.99, 3.99], "step": [132, 265, 398, 531]}, "test": {"f1_score_avg_ged": 0.39901517167953154, "f1_score_macro_ged": 0.3762530936948176, "f1_score_weighted_ged": 0.4595818991804485, "f_0_5_ged": 0.4126792994908845, "ged": 0.7591389666001002, "total_loss": 0.7591389666001002, "ged_weight_coef": 1.0}, "info": {"tasks": ["ged"], "outputs": ["loss", "labels", "preds"], "map_out_to_task": {"ged_loss": "ged", "ged_labels": "ged", "ged_preds": "ged"}, "map_out_to_out": {"ged_loss": "loss", "ged_labels": "labels", "ged_preds": "preds"}, "map_task_index": {"ged": 0}, "map_index_task": {"0": "ged"}, "optimizer_weighting": "fixed", "epochs_to_avg_over": 2, "temp": 2, "init_task_weightings": {"aes": 1.0, "ged": 1.0, "ner": 1.0}, "metrics_to_track_by_task": {"aes": "pearson_aes", "ged": "f_0_5_ged", "ner": "f1_score_avg_ner"}, "regression_tasks": ["aes"], "classification_tasks": ["ner", "ged"], "fce_tasks": ["aes", "ged"], "task_priorities_priority_as_key": {"primary_task": "ged"}, "early_stopping_patience": 2, "early_stopping_metric": "loss", "pretrained_model": "distilroberta-base", "frozen_layers": "all", "scoring": "script", "learning_rate": 0.0005, "batch_size": 8, "weight_decay": 0.01, "adam_epsilon": 1e-08}, "preds": {}}