{"best": {"aes": {"rmse_aes": 5.182736679947274, "pearson_aes": 0.7012095330623079, "spearman_aes": 0.7085212222314965, "kappa_aes": 0.5316638908715996, "aes": 29.80212672551473, "aes_weight_coef": 1.0}}, "train": {"loss": [59.8164, 18.5139, 17.493, 16.4718], "learning_rate": [0.00043734335839599, 0.00037468671679198, 0.0003120300751879699, 0.0002493734335839599], "epoch": [3.76, 7.52, 11.28, 15.04], "step": [500, 1000, 1500, 2000]}, "eval": {"rmse_aes": [5.674727451214695, 5.45290539209969, 5.421476280801304, 5.1607084196266175, 5.232565989592777, 4.906724912514314, 5.165611706642057, 5.186398960474906, 5.2639206642476735, 5.2819252339667955, 5.141048506563174, 5.323699104184865, 5.0478720921025575, 5.410959343097879, 5.002531004971004, 5.182736679947274, 5.1508878428500315, 5.345055682887182], "pearson_aes": [0.2976376253268792, 0.4622415577343956, 0.5853122386544758, 0.6201705969609571, 0.6340437880929184, 0.6574077548654832, 0.6601729437505928, 0.6850691097231284, 0.6690782449237769, 0.6855262759651615, 0.6833868406559468, 0.6880841030385426, 0.6887455984988262, 0.6939349316406696, 0.679175434967006, 0.7012095330623079, 0.6864046761546888, 0.6934431163198558], "spearman_aes": [0.30989160865380927, 0.4729552663553747, 0.5939859654073402, 0.6132128025707616, 0.6245971621742324, 0.6573814514058329, 0.6662427883021445, 0.689316312748672, 0.6795842281260512, 0.6886531515923219, 0.6753818537532288, 0.7085223815204467, 0.693303862385829, 0.7182009348761895, 0.6811624626810201, 0.7085212222314965, 0.6840307101795301, 0.7023733880040515], "kappa_aes": [0.07777388409479191, 0.1804900660134584, 0.33782224266141414, 0.4362505735072426, 0.4526112629225507, 0.5042924286993221, 0.49698640445129405, 0.48938824650548685, 0.48364179888732284, 0.4979848712424475, 0.5126058087791456, 0.4993924299788104, 0.5234601530438522, 0.49436994524661826, 0.5400335621233496, 0.5316638908715996, 0.5277969356430957, 0.5008600813706046], "aes": [35.537241299947105, 32.29394870334201, 32.38211292690701, 29.706555101606583, 30.19424369600084, 26.578011353810627, 29.020481957329643, 29.19730546739366, 29.62954298655192, 31.062842898898655, 28.74161285824246, 30.908102618323433, 27.79685073428684, 32.26249286863539, 27.13063642713759, 29.80212672551473, 28.810046937730576, 31.056923654344345], "total_loss": [35.537241299947105, 32.29394870334201, 32.38211292690701, 29.706555101606583, 30.19424369600084, 26.578011353810627, 29.020481957329643, 29.19730546739366, 29.62954298655192, 31.062842898898655, 28.74161285824246, 30.908102618323433, 27.79685073428684, 32.26249286863539, 27.13063642713759, 29.80212672551473, 28.810046937730576, 31.056923654344345], "aes_weight_coef": [1.0, 1.0, 1.0, 1.0, 1.0, 1.0, 1.0, 1.0, 1.0, 1.0, 1.0, 1.0, 1.0, 1.0, 1.0, 1.0, 1.0, 1.0], "epoch": [0.99, 1.99, 2.99, 3.99, 4.99, 5.99, 6.99, 7.99, 8.99, 9.99, 10.99, 11.99, 12.99, 13.99, 14.99, 15.99, 16.99, 17.99], "step": [132, 265, 398, 531, 664, 797, 930, 1063, 1196, 1329, 1462, 1595, 1728, 1861, 1994, 2127, 2260, 2393]}, "test": {"rmse_aes": 4.834370074851382, "pearson_aes": 0.7669830735644194, "spearman_aes": 0.7747957941449214, "kappa_aes": 0.5897668867027677, "aes": 23.745634973049164, "total_loss": 23.745634973049164, "aes_weight_coef": 1.0}, "info": {"tasks": ["aes"], "outputs": ["loss", "labels", "preds"], "map_out_to_task": {"aes_loss": "aes", "aes_labels": "aes", "aes_preds": "aes"}, "map_out_to_out": {"aes_loss": "loss", "aes_labels": "labels", "aes_preds": "preds"}, "map_task_index": {"aes": 0}, "map_index_task": {"0": "aes"}, "optimizer_weighting": "fixed", "epochs_to_avg_over": 2, "temp": 2, "init_task_weightings": {"aes": 1.0, "ged": 1.0, "ner": 1.0}, "metrics_to_track_by_task": {"aes": "pearson_aes", "ged": "f_0_5_ged", "ner": "f1_score_avg_ner"}, "regression_tasks": ["aes"], "classification_tasks": ["ner", "ged"], "fce_tasks": ["aes", "ged"], "task_priorities_priority_as_key": {"primary_task": "aes"}, "early_stopping_patience": 2, "early_stopping_metric": null, "pretrained_model": "distilroberta-base", "frozen_layers": "all", "scoring": "script", "learning_rate": 0.0005, "batch_size": 8, "weight_decay": 0.01, "adam_epsilon": 1e-08}, "preds": {"aes": {"preds": [33.472572326660156, 28.154674530029297, 29.378747940063477, 32.718833923339844, 33.96156692504883, 32.67902755737305, 31.830232620239258, 32.07067108154297, 26.94068717956543, 30.457231521606445, 28.575035095214844, 31.535381317138672, 32.101619720458984, 32.823246002197266, 29.561880111694336, 22.89407730102539, 25.257822036743164, 31.818452835083008, 31.553686141967773, 25.778335571289062, 34.68931579589844, 33.88161087036133, 32.06535720825195, 26.576601028442383, 28.097667694091797, 31.92841339111328, 24.57481575012207, 35.63051986694336, 34.39291763305664, 32.76255416870117, 31.820470809936523, 32.43258285522461, 34.035404205322266, 28.106966018676758, 32.98448181152344, 27.774267196655273, 33.93941879272461, 25.32428550720215, 33.57741165161133, 30.717443466186523, 23.170888900756836, 25.500614166259766, 30.519742965698242, 34.026729583740234, 31.649843215942383, 31.88817024230957, 21.767696380615234, 30.07191276550293, 33.86753463745117, 26.45669937133789, 34.816673278808594, 29.38456916809082, 31.701078414916992, 27.793642044067383, 29.811323165893555, 31.741323471069336, 24.747175216674805, 35.278480529785156, 29.85256004333496, 33.4006462097168, 14.066472053527832, 29.20802879333496, 29.039804458618164, 31.746347427368164, 24.933387756347656, 28.71493148803711, 29.2153377532959, 34.04196548461914, 26.149311065673828, 35.10817337036133, 32.50168991088867, 30.682939529418945, 36.031185150146484, 36.16941452026367, 30.632532119750977, 35.637264251708984, 33.34937286376953, 29.37192726135254, 32.43417739868164, 22.86604118347168, 32.484275817871094, 28.40091896057129, 31.47211456298828, 34.74551773071289, 31.045942306518555, 32.29923629760742, 26.75361442565918, 33.67729568481445, 29.487070083618164, 25.032894134521484, 30.444597244262695, 28.451807022094727, 25.792469024658203, 26.54888343811035, 31.34769630432129, 34.2843132019043, 32.01835632324219], "labels": [30.0, 26.0, 23.0, 26.0, 26.0, 38.0, 27.0, 39.0, 25.0, 24.0, 25.0, 27.0, 30.0, 27.0, 20.0, 21.0, 21.0, 26.0, 22.0, 24.0, 38.0, 30.0, 34.0, 24.0, 23.0, 22.0, 23.0, 39.0, 34.0, 37.0, 31.0, 28.0, 26.0, 29.0, 34.0, 26.0, 34.0, 19.0, 26.0, 31.0, 18.0, 19.0, 25.0, 26.0, 29.0, 29.0, 18.0, 27.0, 35.0, 22.0, 36.0, 14.0, 24.0, 29.0, 28.0, 24.0, 25.0, 37.0, 24.0, 36.0, 13.0, 23.0, 29.0, 31.0, 23.0, 28.0, 26.0, 26.0, 21.0, 38.0, 32.0, 29.0, 36.0, 40.0, 29.0, 34.0, 36.0, 25.0, 37.0, 17.0, 32.0, 25.0, 25.0, 36.0, 31.0, 27.0, 19.0, 28.0, 24.0, 20.0, 25.0, 23.0, 22.0, 23.0, 27.0, 30.0, 34.0]}}}