{"best": {"ged": {"f1_score_avg_ged": 0.5213696812711248, "f1_score_macro_ged": 0.4338795346313237, "f1_score_weighted_ged": 0.5962125981957792, "f_0_5_ged": 0.3165840117276441, "ged": 0.7942247523201836, "ged_weight_coef": 1.0}}, "train": {"loss": [0.717], "learning_rate": [7.4937343358396e-06], "epoch": [3.76], "step": [500]}, "eval": {"f1_score_avg_ged": [0.5201061376630761, 0.519505954449253, 0.51994819471207, 0.5213696812711248], "f1_score_macro_ged": [0.43201762771069774, 0.4322248098843035, 0.4315459307733518, 0.4338795346313237], "f1_score_weighted_ged": [0.595172499236355, 0.59460064852024, 0.5950589615815017, 0.5962125981957792], "f_0_5_ged": [0.3119635444302257, 0.31423319000436223, 0.3104115920304791, 0.3165840117276441], "ged": [0.7930486665831672, 0.7924626270929972, 0.7930472824308608, 0.7942247523201836], "total_loss": [0.7930486665831672, 0.7924626270929972, 0.7930472824308608, 0.7942247523201836], "ged_weight_coef": [1.0, 1.0, 1.0, 1.0], "epoch": [0.99, 1.99, 2.99, 3.99], "step": [132, 265, 398, 531]}, "test": {"f1_score_avg_ged": 0.5277615118445568, "f1_score_macro_ged": 0.44413924235052876, "f1_score_weighted_ged": 0.5949141194220421, "f_0_5_ged": 0.32897701667417756, "ged": 0.7723063429196676, "total_loss": 0.7723063429196676, "ged_weight_coef": 1.0}, "info": {"tasks": ["ged"], "outputs": ["loss", "labels", "preds"], "map_out_to_task": {"ged_loss": "ged", "ged_labels": "ged", "ged_preds": "ged"}, "map_out_to_out": {"ged_loss": "loss", "ged_labels": "labels", "ged_preds": "preds"}, "map_task_index": {"ged": 0}, "map_index_task": {"0": "ged"}, "optimizer_weighting": "fixed", "epochs_to_avg_over": 2, "temp": 2, "init_task_weightings": {"aes": 1.0, "ged": 1.0, "ner": 1.0}, "metrics_to_track_by_task": {"aes": "pearson_aes", "ged": "f_0_5_ged", "ner": "f1_score_avg_ner"}, "regression_tasks": ["aes"], "classification_tasks": ["ner", "ged"], "fce_tasks": ["aes", "ged"], "task_priorities_priority_as_key": {"primary_task": "ged"}, "early_stopping_patience": 2, "early_stopping_metric": "loss", "pretrained_model": "distilroberta-base", "frozen_layers": "all", "scoring": "script", "learning_rate": 1e-05, "batch_size": 8, "weight_decay": 0.01, "adam_epsilon": 1e-08}, "preds": {}}