{"best": {"ged": {"f1_score_avg_ged": 0.7992222291914947, "f1_score_macro_ged": 0.6671815570732753, "f1_score_weighted_ged": 0.8202077811433647, "f_0_5_ged": 0.5461827891734433, "ged": 0.6757988035678864, "ged_weight_coef": 1.0}}, "train": {}, "eval": {"f1_score_avg_ged": [0.8095088753685002, 0.8193878191055636, 0.7992222291914947, 0.8323088502791194, 0.8379539609860127], "f1_score_macro_ged": [0.6357156622642701, 0.664079284481997, 0.6671815570732753, 0.6905600281071402, 0.6975055342748158], "f1_score_weighted_ged": [0.8193885113477274, 0.8308133581823861, 0.8202077811433647, 0.8434419883904908, 0.8479670604924169], "f_0_5_ged": [0.41577029459542525, 0.48075259515570934, 0.5461827891734433, 0.5338070628768303, 0.540868510011268], "ged": [0.7909872978925705, 0.7371965795755386, 0.6757988035678864, 0.685622051358223, 0.6784297972917557], "total_loss": [0.7909872978925705, 0.7371965795755386, 0.6757988035678864, 0.685622051358223, 0.6784297972917557], "ged_weight_coef": [1.0, 1.0, 1.0, 1.0, 1.0], "epoch": [0.99, 1.99, 2.99, 3.99, 4.99], "step": [66, 133, 200, 267, 334]}, "test": {"f1_score_avg_ged": 0.8234921807009679, "f1_score_macro_ged": 0.6927019931349339, "f1_score_weighted_ged": 0.8328449109865332, "f_0_5_ged": 0.5353311990494736, "ged": 0.676721602678299, "total_loss": 0.676721602678299, "ged_weight_coef": 1.0}, "info": {"tasks": ["ged"], "outputs": ["loss", "labels", "preds"], "map_out_to_task": {"ged_loss": "ged", "ged_labels": "ged", "ged_preds": "ged"}, "map_out_to_out": {"ged_loss": "loss", "ged_labels": "labels", "ged_preds": "preds"}, "map_task_index": {"ged": 0}, "map_index_task": {"0": "ged"}, "optimizer_weighting": "fixed", "epochs_to_avg_over": 2, "temp": 2, "init_task_weightings": {"aes": 1.0, "ged": 1.0, "ner": 1.0}, "metrics_to_track_by_task": {"aes": "pearson_aes", "ged": "f_0_5_ged", "ner": "f1_score_avg_ner"}, "regression_tasks": ["aes"], "classification_tasks": ["ner", "ged"], "fce_tasks": ["aes", "ged"], "task_priorities_priority_as_key": {"primary_task": "ged"}, "early_stopping_patience": 2, "early_stopping_metric": "loss", "pretrained_model": "distilroberta-base", "frozen_layers": "all", "scoring": "script", "learning_rate": 1e-05, "batch_size": 16, "weight_decay": 0.01, "adam_epsilon": 1e-08}, "preds": {}}