{"best": {"ged": {"f1_score_avg_ged": 0.13695665809446153, "f1_score_macro_ged": 0.12148868794990379, "f1_score_weighted_ged": 0.03639474489040821, "f_0_5_ged": 0.4383871757219775, "ged": 0.7699792451328702, "ged_weight_coef": 1.0}}, "train": {"loss": [0.7026], "learning_rate": [0.00037468671679198], "epoch": [3.76], "step": [500]}, "eval": {"f1_score_avg_ged": [0.20469798657718122, 0.13695665809446153, 0.14504798344100858, 0.16264191181082607, 0.41416295552907234], "f1_score_macro_ged": [0.203471915552902, 0.12148868794990379, 0.13231258219259034, 0.15453677338141295, 0.37630333210589917], "f1_score_weighted_ged": [0.18065974196287587, 0.03639474489040821, 0.055577091781463396, 0.09410909814662109, 0.4884749964131522], "f_0_5_ged": [0.42224007643533396, 0.4383871757219775, 0.43605129048167024, 0.4334035849174718, 0.36202463120855327], "ged": [0.7700275646315681, 0.7699792451328702, 0.7699360118971931, 0.7700919906298319, 0.7700425320201449], "total_loss": [0.7700275646315681, 0.7699792451328702, 0.7699360118971931, 0.7700919906298319, 0.7700425320201449], "ged_weight_coef": [1.0, 1.0, 1.0, 1.0, 1.0], "epoch": [0.99, 1.99, 2.99, 3.99, 4.99], "step": [132, 265, 398, 531, 664]}, "test": {"f1_score_avg_ged": 0.4196840633982964, "f1_score_macro_ged": 0.38653896407261457, "f1_score_weighted_ged": 0.48621869493554254, "f_0_5_ged": 0.3840079614044956, "ged": 0.7507575551668803, "total_loss": 0.7507575551668803, "ged_weight_coef": 1.0}, "info": {"tasks": ["ged"], "outputs": ["loss", "labels", "preds"], "map_out_to_task": {"ged_loss": "ged", "ged_labels": "ged", "ged_preds": "ged"}, "map_out_to_out": {"ged_loss": "loss", "ged_labels": "labels", "ged_preds": "preds"}, "map_task_index": {"ged": 0}, "map_index_task": {"0": "ged"}, "optimizer_weighting": "fixed", "epochs_to_avg_over": 2, "temp": 2, "init_task_weightings": {"aes": 1.0, "ged": 1.0, "ner": 1.0}, "metrics_to_track_by_task": {"aes": "pearson_aes", "ged": "f_0_5_ged", "ner": "f1_score_avg_ner"}, "regression_tasks": ["aes"], "classification_tasks": ["ner", "ged"], "fce_tasks": ["aes", "ged"], "task_priorities_priority_as_key": {"primary_task": "ged"}, "early_stopping_patience": 2, "early_stopping_metric": "loss", "pretrained_model": "distilroberta-base", "frozen_layers": "all", "scoring": "script", "learning_rate": 0.0005, "batch_size": 8, "weight_decay": 0.01, "adam_epsilon": 1e-08}, "preds": {}}