{"best": {"ner": {"f1_score_avg_ner": 0.9169333437402435, "f1_score_macro_ner": 0.717307053064323, "f1_score_weighted_ner": 0.9128676834413473, "ner": 0.2657636510151805, "ner_weight_coef": 1.0}}, "train": {"loss": [0.3224], "learning_rate": [7.4937343358396e-05], "epoch": [3.76], "step": [500]}, "eval": {"f1_score_avg_ner": [0.9103769903215735, 0.9169333437402435, 0.9163869809553543, 0.9149039962535124, 0.9123868248517015, 0.9123673118950983], "f1_score_macro_ner": [0.690557811409788, 0.717307053064323, 0.7178602951495521, 0.716437851880103, 0.7109226960183433, 0.713625920265864], "f1_score_weighted_ner": [0.9067330478039991, 0.9128676834413473, 0.9118842722982078, 0.9102545398038302, 0.9088224255082066, 0.9093826618874136], "ner": [0.2978070852431384, 0.2657636510151805, 0.2573531773505789, 0.2555607304428563, 0.26607866314324463, 0.2739296727108233], "total_loss": [0.2978070852431384, 0.2657636510151805, 0.2573531773505789, 0.2555607304428563, 0.26607866314324463, 0.2739296727108233], "ner_weight_coef": [1.0, 1.0, 1.0, 1.0, 1.0, 1.0], "epoch": [0.99, 1.99, 2.99, 3.99, 4.99, 5.99], "step": [132, 265, 398, 531, 664, 797]}, "test": {"f1_score_avg_ner": 0.8960618360825633, "f1_score_macro_ner": 0.6659476530061219, "f1_score_weighted_ner": 0.8928407054444935, "ner": 0.36420297175645827, "total_loss": 0.36420297175645827, "ner_weight_coef": 1.0}, "info": {"tasks": ["ner"], "outputs": ["loss", "labels", "preds"], "map_out_to_task": {"ner_loss": "ner", "ner_labels": "ner", "ner_preds": "ner"}, "map_out_to_out": {"ner_loss": "loss", "ner_labels": "labels", "ner_preds": "preds"}, "map_task_index": {"ner": 0}, "map_index_task": {"0": "ner"}, "optimizer_weighting": "fixed", "epochs_to_avg_over": 2, "temp": 2, "init_task_weightings": {"aes": 1.0, "ged": 1.0, "ner": 1.0}, "metrics_to_track_by_task": {"aes": "pearson_aes", "ged": "f_0_5_ged", "ner": "f1_score_avg_ner"}, "regression_tasks": ["aes"], "classification_tasks": ["ner", "ged"], "fce_tasks": ["aes", "ged"], "task_priorities_priority_as_key": {"primary_task": "ner"}, "early_stopping_patience": 2, "early_stopping_metric": "loss", "pretrained_model": "distilroberta-base", "frozen_layers": "all", "scoring": "script", "learning_rate": 0.0001, "batch_size": 8, "weight_decay": 0.01, "adam_epsilon": 1e-08}, "preds": {}}