{"best": {"ner": {"f1_score_avg_ner": 0.9915307036330361, "f1_score_macro_ner": 0.9544405656246077, "f1_score_weighted_ner": 0.991512935947688, "ner": 0.04017015978002526, "ner_weight_coef": 1.0}}, "train": {"loss": [0.1348, 0.0343], "learning_rate": [0.00037468671679198, 0.0002493734335839599], "epoch": [3.76, 7.52], "step": [500, 1000]}, "eval": {"f1_score_avg_ner": [0.971983178225147, 0.9760523344106538, 0.9805303531793933, 0.9851251898290565, 0.986234959697831, 0.9875588956816324, 0.9892332853082045, 0.9900315408278494, 0.9900120711810287, 0.9915307036330361], "f1_score_macro_ner": [0.8754108425772874, 0.8971535825395599, 0.9055373989826505, 0.9313756733012034, 0.9359517428941871, 0.9392068481180331, 0.945253867834188, 0.9460289350112085, 0.9460641561653733, 0.9544405656246077], "f1_score_weighted_ner": [0.9719453584074539, 0.9762095752612707, 0.9804182099562183, 0.985186477170552, 0.9862629721168447, 0.9875877409595905, 0.9892320160836684, 0.990045833716905, 0.9899514934140992, 0.991512935947688], "ner": [0.09434849306037932, 0.08247222457871292, 0.06967265474976915, 0.0569790012739373, 0.05368806054872094, 0.04863356197760864, 0.045021352732102525, 0.03956160544784683, 0.044827052039291826, 0.04017015978002526], "total_loss": [0.09434849306037932, 0.08247222457871292, 0.06967265474976915, 0.0569790012739373, 0.05368806054872094, 0.04863356197760864, 0.045021352732102525, 0.03956160544784683, 0.044827052039291826, 0.04017015978002526], "ner_weight_coef": [1.0, 1.0, 1.0, 1.0, 1.0, 1.0, 1.0, 1.0, 1.0, 1.0], "epoch": [0.99, 1.99, 2.99, 3.99, 4.99, 5.99, 6.99, 7.99, 8.99, 9.99], "step": [132, 265, 398, 531, 664, 797, 930, 1063, 1196, 1329]}, "test": {"f1_score_avg_ner": 0.9812856681382578, "f1_score_macro_ner": 0.8922484144978626, "f1_score_weighted_ner": 0.9816766437297488, "ner": 0.10651178155094385, "total_loss": 0.10651178155094385, "ner_weight_coef": 1.0}, "info": {"tasks": ["ner"], "outputs": ["loss", "labels", "preds"], "map_out_to_task": {"ner_loss": "ner", "ner_labels": "ner", "ner_preds": "ner"}, "map_out_to_out": {"ner_loss": "loss", "ner_labels": "labels", "ner_preds": "preds"}, "map_task_index": {"ner": 0}, "map_index_task": {"0": "ner"}, "optimizer_weighting": "fixed", "epochs_to_avg_over": 2, "temp": 2, "init_task_weightings": {"aes": 1.0, "ged": 1.0, "ner": 1.0}, "metrics_to_track_by_task": {"aes": "pearson_aes", "ged": "f_0_5_ged", "ner": "f1_score_avg_ner"}, "regression_tasks": ["aes"], "classification_tasks": ["ner", "ged"], "fce_tasks": ["aes", "ged"], "task_priorities_priority_as_key": {"primary_task": "ner"}, "early_stopping_patience": 2, "early_stopping_metric": "loss", "pretrained_model": "distilroberta-base", "frozen_layers": "all", "scoring": "script", "learning_rate": 0.0005, "batch_size": 8, "weight_decay": 0.01, "adam_epsilon": 1e-08}, "preds": {}}