{"best": {"ged": {"f1_score_avg_ged": 0.5947751364235088, "f1_score_macro_ged": 0.46212106326060226, "f1_score_weighted_ged": 0.6571104037683265, "f_0_5_ged": 0.27014430711869086, "ged": 0.874004140496254, "ged_weight_coef": 1.0}}, "train": {}, "eval": {"f1_score_avg_ged": [0.5932070501160384, 0.5947751364235088, 0.5930502414852914], "f1_score_macro_ged": [0.4605745215610816, 0.46212106326060226, 0.46092197302686366], "f1_score_weighted_ged": [0.6558281256750006, 0.6571104037683265, 0.6557412797947823], "f_0_5_ged": [0.2676785098309762, 0.27014430711869086, 0.26917111838704116], "ged": [0.8733197599649429, 0.874004140496254, 0.8736200332641602], "total_loss": [0.8733197599649429, 0.874004140496254, 0.8736200332641602], "ged_weight_coef": [1.0, 1.0, 1.0], "epoch": [0.99, 1.99, 2.99], "step": [66, 133, 200]}, "test": {"f1_score_avg_ged": 0.6245417864395159, "f1_score_macro_ged": 0.4783451700823381, "f1_score_weighted_ged": 0.6713925801540581, "f_0_5_ged": 0.25798701484426395, "ged": 0.8154782851537069, "total_loss": 0.8154782851537069, "ged_weight_coef": 1.0}, "info": {"tasks": ["ged"], "outputs": ["loss", "labels", "preds"], "map_out_to_task": {"ged_loss": "ged", "ged_labels": "ged", "ged_preds": "ged"}, "map_out_to_out": {"ged_loss": "loss", "ged_labels": "labels", "ged_preds": "preds"}, "map_task_index": {"ged": 0}, "map_index_task": {"0": "ged"}, "optimizer_weighting": "fixed", "epochs_to_avg_over": 2, "temp": 2, "init_task_weightings": {"aes": 1.0, "ged": 1.0, "ner": 1.0}, "metrics_to_track_by_task": {"aes": "pearson_aes", "ged": "f_0_5_ged", "ner": "f1_score_avg_ner"}, "regression_tasks": ["aes"], "classification_tasks": ["ner", "ged"], "fce_tasks": ["aes", "ged"], "task_priorities_priority_as_key": {"primary_task": "ged"}, "early_stopping_patience": 2, "early_stopping_metric": "loss", "pretrained_model": "distilroberta-base", "frozen_layers": "all", "scoring": "script", "learning_rate": 0.0005, "batch_size": 16, "weight_decay": 0.01, "adam_epsilon": 1e-08}, "preds": {}}