{"best": {"ner": {"f1_score_avg_ner": 0.9928351699700168, "f1_score_macro_ner": 0.958831550099777, "f1_score_weighted_ner": 0.9928414582252826, "ner": 0.034539565475742245, "ner_weight_coef": 1.0}}, "train": {"loss": [0.0985, 0.0093], "learning_rate": [5.245614035087719e-05, 3.491228070175438e-05], "epoch": [3.76, 7.52], "step": [500, 1000]}, "eval": {"f1_score_avg_ner": [0.9837817841984347, 0.9889801798995366, 0.9900704801214906, 0.9907908570538531, 0.9923289591526809, 0.9921926716249367, 0.9928351699700168, 0.9926794127954519, 0.9924263073867841], "f1_score_macro_ner": [0.9081083939029129, 0.9378262813623451, 0.946325773789392, 0.9448050117757689, 0.9568702761696591, 0.9555149567194329, 0.958831550099777, 0.9597101021866129, 0.9568000562579336], "f1_score_weighted_ner": [0.9836718027371005, 0.9888776285851951, 0.9900487369719226, 0.9908800055978493, 0.9922936527837025, 0.9921763167319193, 0.9928414582252826, 0.9926893884703457, 0.9924672654640476], "ner": [0.05963230906336597, 0.0438360145005087, 0.039501300476717224, 0.038643021446963154, 0.03519505698050401, 0.03668242551132359, 0.034539565475742245, 0.03551076197375854, 0.03641506141601977], "total_loss": [0.05963230906336597, 0.0438360145005087, 0.039501300476717224, 0.038643021446963154, 0.03519505698050401, 0.03668242551132359, 0.034539565475742245, 0.03551076197375854, 0.03641506141601977], "ner_weight_coef": [1.0, 1.0, 1.0, 1.0, 1.0, 1.0, 1.0, 1.0, 1.0], "epoch": [0.99, 1.99, 2.99, 3.99, 4.99, 5.99, 6.99, 7.99, 8.99], "step": [132, 265, 398, 531, 664, 797, 930, 1063, 1196]}, "test": {"f1_score_avg_ner": 0.9817379132120168, "f1_score_macro_ner": 0.8973625586364931, "f1_score_weighted_ner": 0.9822703202736015, "ner": 0.11969791570057471, "total_loss": 0.11969791570057471, "ner_weight_coef": 1.0}, "info": {"tasks": ["ner"], "outputs": ["loss", "labels", "preds"], "map_out_to_task": {"ner_loss": "ner", "ner_labels": "ner", "ner_preds": "ner"}, "map_out_to_out": {"ner_loss": "loss", "ner_labels": "labels", "ner_preds": "preds"}, "map_task_index": {"ner": 0}, "map_index_task": {"0": "ner"}, "optimizer_weighting": "fixed", "epochs_to_avg_over": 2, "temp": 2, "init_task_weightings": {"aes": 1.0, "ged": 1.0, "ner": 1.0}, "metrics_to_track_by_task": {"aes": "pearson_aes", "ged": "f_0_5_ged", "ner": "f1_score_avg_ner"}, "regression_tasks": ["aes"], "classification_tasks": ["ner", "ged"], "fce_tasks": ["aes", "ged"], "task_priorities_priority_as_key": {"primary_task": "ner"}, "early_stopping_patience": 2, "early_stopping_metric": "loss", "pretrained_model": "distilroberta-base", "frozen_layers": "all", "scoring": "script", "learning_rate": 7e-05, "batch_size": 8, "weight_decay": 0.01, "adam_epsilon": 1e-08}, "preds": {}}