{"best": {"aes": {"rmse_aes": 5.626564480044752, "pearson_aes": 0.25125314511946156, "spearman_aes": 0.2558104143496183, "kappa_aes": 0.06147733511430076, "aes": 39.73791694641113, "aes_weight_coef": 1.0}}, "train": {"loss": [265.2958], "learning_rate": [5.258706467661691e-05], "epoch": [7.46], "step": [500]}, "eval": {"rmse_aes": [24.478096641484882, 20.5577297667947, 16.2375560922234, 12.098226672020777, 8.445656512317479, 6.020008831315277, 5.647896438251607, 5.626564480044752, 5.626564480044752, 5.626564480044752], "pearson_aes": [0.11609322364120324, 0.11679616724431012, 0.16762542012122877, 0.13476460877608537, 0.20359435839255188, 0.21958152164682482, 0.1919089960359802, 0.25125314511946156, 0.25125314511946156, 0.25125314511946156], "spearman_aes": [0.1622545925558046, 0.19234368723357992, 0.17332993508145084, 0.19070007479759776, 0.2064669144986927, 0.21614918718999224, 0.22997773536333765, 0.2558104143496183, 0.2558104143496183, 0.2558104143496183], "kappa_aes": [0.0015345934946766615, 0.002620172722828773, 0.005474065377597315, 0.006564275655742691, 0.021537777105104516, 0.046132945634816624, 0.05008402216368435, 0.06147733511430076, 0.06147733511430076, 0.06147733511430076], "aes": [760.075439453125, 526.6955718994141, 329.2809181213379, 182.75885391235352, 89.91767024993896, 45.57954263687134, 39.682727336883545, 39.73791694641113, 39.5555305480957, 39.347227573394775], "total_loss": [760.075439453125, 526.6955718994141, 329.2809181213379, 182.75885391235352, 89.91767024993896, 45.57954263687134, 39.682727336883545, 39.73791694641113, 39.5555305480957, 39.347227573394775], "aes_weight_coef": [1.0, 1.0, 1.0, 1.0, 1.0, 1.0, 1.0, 1.0, 1.0, 1.0], "epoch": [0.99, 1.99, 2.99, 3.99, 4.99, 5.99, 6.99, 7.99, 8.99, 9.99], "step": [66, 133, 200, 267, 334, 401, 468, 535, 602, 669]}, "test": {"rmse_aes": 5.618452661478813, "pearson_aes": 0.4989609496894003, "spearman_aes": 0.47217144092803337, "kappa_aes": 0.12173735517786965, "aes": 37.56537024180094, "total_loss": 37.56537024180094, "aes_weight_coef": 1.0}, "info": {"tasks": ["aes"], "outputs": ["loss", "labels", "preds"], "map_out_to_task": {"aes_loss": "aes", "aes_labels": "aes", "aes_preds": "aes"}, "map_out_to_out": {"aes_loss": "loss", "aes_labels": "labels", "aes_preds": "preds"}, "map_task_index": {"aes": 0}, "map_index_task": {"0": "aes"}, "optimizer_weighting": "fixed", "epochs_to_avg_over": 2, "temp": 2, "init_task_weightings": {"aes": 1.0, "ged": 1.0, "ner": 1.0}, "metrics_to_track_by_task": {"aes": "pearson_aes", "ged": "f_0_5_ged", "ner": "f1_score_avg_ner"}, "regression_tasks": ["aes"], "classification_tasks": ["ner", "ged"], "fce_tasks": ["aes", "ged"], "task_priorities_priority_as_key": {"primary_task": "aes"}, "early_stopping_patience": 2, "early_stopping_metric": null, "pretrained_model": "distilroberta-base", "frozen_layers": "all", "scoring": "script", "learning_rate": 7e-05, "batch_size": 16, "weight_decay": 0.01, "adam_epsilon": 1e-08}, "preds": {"aes": {"preds": [28.15563201904297, 28.102453231811523, 28.32557487487793, 28.228477478027344, 28.38595962524414, 28.06987190246582, 28.183013916015625, 27.963306427001953, 27.68815040588379, 28.426555633544922, 28.017131805419922, 28.633441925048828, 28.313114166259766, 28.41374969482422, 28.526329040527344, 26.267230987548828, 27.786521911621094, 28.255874633789062, 28.52890396118164, 27.6777400970459, 28.919662475585938, 28.107643127441406, 28.24754524230957, 28.21009063720703, 28.029315948486328, 28.06694221496582, 26.436832427978516, 28.49576187133789, 28.806039810180664, 28.3636474609375, 27.90389633178711, 28.86029815673828, 27.961997985839844, 27.324970245361328, 28.43173599243164, 28.036975860595703, 29.032133102416992, 27.697891235351562, 28.74156951904297, 28.01263427734375, 27.029930114746094, 26.891876220703125, 28.159440994262695, 28.525245666503906, 28.410627365112305, 28.143388748168945, 27.37717056274414, 27.448505401611328, 28.719449996948242, 27.457199096679688, 28.836153030395508, 28.29355239868164, 28.109012603759766, 27.51580047607422, 28.11056137084961, 28.299758911132812, 27.273517608642578, 28.86033058166504, 27.584819793701172, 28.38763427734375, 25.491729736328125, 28.41517448425293, 27.847084045410156, 28.721054077148438, 27.14136505126953, 28.393712997436523, 27.680301666259766, 28.379711151123047, 27.37637710571289, 28.526124954223633, 27.730026245117188, 28.28392791748047, 28.51698112487793, 28.821989059448242, 27.076374053955078, 28.828472137451172, 28.217655181884766, 28.284082412719727, 28.206256866455078, 27.768722534179688, 28.57339096069336, 28.190895080566406, 28.192441940307617, 28.607215881347656, 28.47645378112793, 28.369077682495117, 28.136756896972656, 28.192922592163086, 27.502965927124023, 27.746736526489258, 28.396404266357422, 28.03231430053711, 27.654949188232422, 27.413341522216797, 28.525001525878906, 28.08017349243164, 28.122089385986328], "labels": [30.0, 26.0, 23.0, 26.0, 26.0, 38.0, 27.0, 39.0, 25.0, 24.0, 25.0, 27.0, 30.0, 27.0, 20.0, 21.0, 21.0, 26.0, 22.0, 24.0, 38.0, 30.0, 34.0, 24.0, 23.0, 22.0, 23.0, 39.0, 34.0, 37.0, 31.0, 28.0, 26.0, 29.0, 34.0, 26.0, 34.0, 19.0, 26.0, 31.0, 18.0, 19.0, 25.0, 26.0, 29.0, 29.0, 18.0, 27.0, 35.0, 22.0, 36.0, 14.0, 24.0, 29.0, 28.0, 24.0, 25.0, 37.0, 24.0, 36.0, 13.0, 23.0, 29.0, 31.0, 23.0, 28.0, 26.0, 26.0, 21.0, 38.0, 32.0, 29.0, 36.0, 40.0, 29.0, 34.0, 36.0, 25.0, 37.0, 17.0, 32.0, 25.0, 25.0, 36.0, 31.0, 27.0, 19.0, 28.0, 24.0, 20.0, 25.0, 23.0, 22.0, 23.0, 27.0, 30.0, 34.0]}}}