{"best": {"ner": {"f1_score_avg_ner": 0.13251248829222603, "f1_score_macro_ner": 0.05537832604050575, "f1_score_weighted_ner": 0.19363275992969065, "ner": 2.2616176785844746, "ner_weight_coef": 1.0}}, "train": {"loss": [2.191], "learning_rate": [3.7468671679198e-05], "epoch": [3.76], "step": [500]}, "eval": {"f1_score_avg_ner": [0.13095145176397127, 0.1314392756790509, 0.1324149235092101, 0.13251248829222603, 0.1316734311582891], "f1_score_macro_ner": [0.05476167457992612, 0.05540968726105613, 0.05541672873713192, 0.05537832604050575, 0.05570009172167229], "f1_score_weighted_ner": [0.19152676118472264, 0.19243141093759972, 0.19319660252384452, 0.19363275992969065, 0.19199989601850784], "ner": [2.2619802337704282, 2.2616568009058633, 2.261316772663232, 2.2616176785844746, 2.2620599161494863], "total_loss": [2.2619802337704282, 2.2616568009058633, 2.261316772663232, 2.2616176785844746, 2.2620599161494863], "ner_weight_coef": [1.0, 1.0, 1.0, 1.0, 1.0], "epoch": [0.99, 1.99, 2.99, 3.99, 4.99], "step": [132, 265, 398, 531, 664]}, "test": {"f1_score_avg_ner": 0.14165731064858797, "f1_score_macro_ner": 0.05539026767233807, "f1_score_weighted_ner": 0.20828270978543792, "ner": 2.248253679275513, "total_loss": 2.248253679275513, "ner_weight_coef": 1.0}, "info": {"tasks": ["ner"], "outputs": ["loss", "labels", "preds"], "map_out_to_task": {"ner_loss": "ner", "ner_labels": "ner", "ner_preds": "ner"}, "map_out_to_out": {"ner_loss": "loss", "ner_labels": "labels", "ner_preds": "preds"}, "map_task_index": {"ner": 0}, "map_index_task": {"0": "ner"}, "optimizer_weighting": "fixed", "epochs_to_avg_over": 2, "temp": 2, "init_task_weightings": {"aes": 1.0, "ged": 1.0, "ner": 1.0}, "metrics_to_track_by_task": {"aes": "pearson_aes", "ged": "f_0_5_ged", "ner": "f1_score_avg_ner"}, "regression_tasks": ["aes"], "classification_tasks": ["ner", "ged"], "fce_tasks": ["aes", "ged"], "task_priorities_priority_as_key": {"primary_task": "ner"}, "early_stopping_patience": 2, "early_stopping_metric": "loss", "pretrained_model": "distilroberta-base", "frozen_layers": "all", "scoring": "script", "learning_rate": 5e-05, "batch_size": 8, "weight_decay": 0.01, "adam_epsilon": 1e-08}, "preds": {}}