,eval_loss,eval_f1,eval_acc,eval_f0_5,eval_runtime,eval_samples_per_second,eval_steps_per_second,epoch,step,loss,learning_rate,train_runtime,train_samples_per_second,train_steps_per_second,total_flos,train_loss
0,0.5762619376182556,0.41042345276872966,0.7502352129461205,0.5245430117700489,1.438,54.939,6.954,1.0,133,,,,,,,
1,0.5599035620689392,0.45403073604745214,0.8094775136423509,0.525330671325181,1.5004,52.652,6.665,2.0,266,,,,,,,
2,0.5281742215156555,0.47067745197168853,0.8029856363294235,0.5634911027720616,1.6396,48.183,6.099,3.0,399,,,,,,,
3,,,,,,,,3.76,500,0.5768,7.4937343358396e-05,,,,,
4,0.5473043918609619,0.49841834717279565,0.8408706015179076,0.5473058052190527,1.5622,50.57,6.401,4.0,532,,,,,,,
5,0.5444098114967346,0.5106990014265336,0.8494009910305463,0.5512781028641823,1.5851,49.838,6.309,5.0,665,,,,,,,
6,0.5367133617401123,0.5145269930632351,0.8485542244245123,0.5596623217566267,1.5826,49.917,6.319,6.0,798,,,,,,,
7,,,,,,,,6.0,798,,,246.3962,64.348,8.097,1608625751298048.0,0.5511471358755776
8,0.5573367476463318,0.4754511934795265,0.7861494237717239,0.5640482549037665,1.9399,50.003,6.701,6.0,798,,,,,,,
