{
  "best_metric": -9.84706270674279,
  "best_model_checkpoint": "results/tasks/aes/subtasks/regression//fce_essays/r2_bert_training_output/checkpoint-141",
  "epoch": 3.0,
  "global_step": 141,
  "is_hyper_param_search": false,
  "is_local_process_zero": true,
  "is_world_process_zero": true,
  "log_history": [
    {
      "epoch": 1.0,
      "eval_cohen_kappa": 0.0,
      "eval_loss": 2.252084970474243,
      "eval_pearsonr": -23.691959500128245,
      "eval_spearmanr": 0.5685551268144255,
      "step": 47,
      "train_cohen_kappa": 0.0,
      "train_loss": 2.1558785438537598,
      "train_pearsonr": -25.603519155260127,
      "train_spearmanr": 0.6321045288629112
    },
    {
      "epoch": 2.0,
      "eval_cohen_kappa": 0.0,
      "eval_loss": 381.6485290527344,
      "eval_pearsonr": -12.191716799292028,
      "eval_spearmanr": 0.05181313575514371,
      "step": 94,
      "train_cohen_kappa": -1.7969258193195614e-05,
      "train_loss": 394.76666259765625,
      "train_pearsonr": -13.416162597779408,
      "train_spearmanr": 0.046407201971028614
    },
    {
      "epoch": 3.0,
      "eval_cohen_kappa": 0.0,
      "eval_loss": 338.4293518066406,
      "eval_pearsonr": -9.84706270674279,
      "eval_spearmanr": NaN,
      "step": 141,
      "train_cohen_kappa": 0.0,
      "train_loss": 350.52630615234375,
      "train_pearsonr": -10.885258270612301,
      "train_spearmanr": NaN
    }
  ],
  "max_steps": 141,
  "num_train_epochs": 3,
  "total_flos": 0.0,
  "trial_name": null,
  "trial_params": null
}
