,rmse_aes,pearson_aes,spearman_aes,kappa_aes,aes,model,learning_rate,batch_size
3,4.980976468753741,0.7302844805198576,0.7400423749674768,0.5868594647470466,0.01717774709686637,1630571499.8029048,1e-05,8
4,4.152168870495746,0.7152366565881828,0.716720068907252,0.7258821347005927,0.012088626933594545,1630571900.7538073,5e-05,8
5,4.952943121985175,0.6906357061792006,0.7128816097059346,0.6018802958728156,0.016728806050701275,1630572456.9853528,0.0001,8
2,5.972510868633842,0.5558315284092338,0.5962628106506096,0.35659221057566726,0.024976024973309703,1630551494.0789013,0.0001,8
1,6.108719644590225,0.5029553446359233,0.5395296221781897,0.268881557819753,0.02609211951494217,1630551143.798047,5e-05,8
8,5.684756432443041,0.468367152058041,0.512890979409488,0.30800909581000946,0.025257753091864288,1630576774.3495452,0.0001,16
0,6.395211816446363,0.34752107686632616,0.34365148057152345,0.21191266777708628,0.02832938228837318,1630550922.4727178,1e-05,8
6,6.094197281539967,0.23987175888458687,0.31423994077528916,0.1969586077905181,0.028850473929196596,1630576316.0000377,1e-05,16
7,6.485621877602834,0.03861168815035406,0.062086731971840746,0.023245491176280608,0.03263287618756294,1630576545.14719,5e-05,16
