,f1_score_avg_ged,f1_score_macro_ged,f1_score_weighted_ged,f_0_5_ged,ged,model,learning_rate,batch_size
4,0.5811352939318318,0.5113275225693134,0.6460480615189093,0.494145846777911,0.6813946101400588,1630573780.9877944,7e-05,8
3,0.6757115329942824,0.5656605587770827,0.7251326043151661,0.4774071611074166,0.685852395163642,1630573484.9405053,1e-05,8
1,0.3530024954986259,0.3371012375662266,0.41198925447771584,0.39592960129283133,0.7909289532237582,1630572913.8460243,7e-05,8
2,0.3530024954986259,0.3371012375662266,0.41198925447771584,0.39592960129283133,0.7909289532237582,1630573093.2515087,0.0005,8
5,0.3433995640774552,0.32883763490924234,0.4009477585256273,0.3895289009361744,0.7727028462621901,1630574074.7046719,0.0005,8
6,0.5146413115582652,0.43329330391642723,0.5899055137261388,0.3304933562992126,0.8889898955821991,1630575891.4821146,1e-05,16
8,0.5590232807909783,0.45562068805295985,0.6286778214090214,0.3174964993975707,0.8835466653108597,1630576340.9976182,0.0005,16
0,0.5213696812711248,0.4338795346313237,0.5962125981957792,0.3165840117276441,0.7942247523201836,1630572733.3177173,1e-05,8
7,0.7134598982847395,0.496010636391092,0.737480334688015,0.18893387314439947,0.9053664207458496,1630576115.3191564,7e-05,16
