{
  "best_metric": 0.9526513298216767,
  "best_model_checkpoint": "results/tasks/aes/subtasks/regression//asap/r2_bert_training_output/checkpoint-974",
  "epoch": 2.0,
  "global_step": 974,
  "is_hyper_param_search": false,
  "is_local_process_zero": true,
  "is_world_process_zero": true,
  "log_history": [
    {
      "epoch": 1.0,
      "eval_cohen_kappa": 0.2985624228960969,
      "eval_loss": 2.753582239151001,
      "eval_pearsonr": 0.9320203592410924,
      "eval_spearmanr": 0.9450661805713109,
      "step": 487,
      "train_cohen_kappa": 0.3002666725986949,
      "train_loss": 2.752267599105835,
      "train_pearsonr": 0.9437556560157568,
      "train_spearmanr": 0.9559296262083483
    },
    {
      "epoch": 1.03,
      "learning_rate": 3.863107460643395e-05,
      "loss": 2.7561,
      "step": 500
    },
    {
      "epoch": 2.0,
      "eval_cohen_kappa": 0.45024042662147123,
      "eval_loss": 2.7543158531188965,
      "eval_pearsonr": 0.9526513298216767,
      "eval_spearmanr": 0.9517896182952083,
      "step": 974,
      "train_cohen_kappa": 0.5831171650099998,
      "train_loss": 2.750523805618286,
      "train_pearsonr": 0.9769011562713984,
      "train_spearmanr": 0.9728919311463405
    }
  ],
  "max_steps": 14610,
  "num_train_epochs": 30,
  "total_flos": 0.0,
  "trial_name": null,
  "trial_params": null
}
