{
  "best_metric": 0.9415063331897615,
  "best_model_checkpoint": "results/tasks/aes/subtasks/regression//training_output/asap/r2_bert_adaptors_asap_dev_set_5epochs_16bs_4E-5lr_1layers_froze/checkpoint-49",
  "epoch": 1.0,
  "global_step": 49,
  "is_hyper_param_search": false,
  "is_local_process_zero": true,
  "is_world_process_zero": true,
  "log_history": [
    {
      "epoch": 1.0,
      "eval_cohen_kappa": 0.2837343763285435,
      "eval_loss": 2.7445688247680664,
      "eval_pearsonr": 0.9415063331897615,
      "eval_spearmanr": 0.899928996010444,
      "step": 49,
      "train_cohen_kappa": 0.28677243916019424,
      "train_loss": 2.758998155593872,
      "train_pearsonr": 0.9439117785963008,
      "train_spearmanr": 0.9210599635269693
    }
  ],
  "max_steps": 245,
  "num_train_epochs": 5,
  "total_flos": 265215603800064.0,
  "trial_name": null,
  "trial_params": null
}
