{
  "best_metric": 0.23704842521221878,
  "best_model_checkpoint": "results/tasks/ged/subtasks/seq_2_seq/fce_grammar/training_output/checkpoint-1580",
  "epoch": 1.0,
  "global_step": 1580,
  "is_hyper_param_search": false,
  "is_local_process_zero": true,
  "is_world_process_zero": true,
  "log_history": [
    {
      "epoch": 0.32,
      "learning_rate": 9.472573839662447e-05,
      "loss": 0.2888,
      "step": 500
    },
    {
      "epoch": 0.63,
      "learning_rate": 8.945147679324895e-05,
      "loss": 0.2599,
      "step": 1000
    },
    {
      "epoch": 0.95,
      "learning_rate": 8.417721518987342e-05,
      "loss": 0.263,
      "step": 1500
    },
    {
      "epoch": 1.0,
      "eval_accuracy": 0.899487717077416,
      "eval_f1": 0.23704842521221878,
      "eval_loss": 0.25320687890052795,
      "step": 1580,
      "train_accuracy": 0.899487717077416,
      "train_f1": 0.23704842521221878,
      "train_loss": 0.25320687890052795
    }
  ],
  "max_steps": 9480,
  "num_train_epochs": 6,
  "total_flos": 1674151918424400.0,
  "trial_name": null,
  "trial_params": null
}
