{
  "best_metric": 0.9320203592410924,
  "best_model_checkpoint": "results/tasks/aes/subtasks/regression//asap/r2_bert_training_output/checkpoint-487",
  "epoch": 1.0,
  "global_step": 487,
  "is_hyper_param_search": false,
  "is_local_process_zero": true,
  "is_world_process_zero": true,
  "log_history": [
    {
      "epoch": 1.0,
      "eval_cohen_kappa": 0.2985624228960969,
      "eval_loss": 2.753582239151001,
      "eval_pearsonr": 0.9320203592410924,
      "eval_spearmanr": 0.9450661805713109,
      "step": 487,
      "train_cohen_kappa": 0.3002666725986949,
      "train_loss": 2.752267599105835,
      "train_pearsonr": 0.9437556560157568,
      "train_spearmanr": 0.9559296262083483
    }
  ],
  "max_steps": 14610,
  "num_train_epochs": 30,
  "total_flos": 0.0,
  "trial_name": null,
  "trial_params": null
}
