{"best": {"aes": {"rmse_aes": 6.191051116252444, "pearson_aes": 0.7231949240182438, "spearman_aes": 0.709895426887539, "kappa_aes": 0.5040123677231916, "aes": 0.026504633120364614, "aes_weight_coef": 1.0}}, "train": {"loss": [0.0236, 0.0124], "learning_rate": [5.300751879699248e-06, 6.015037593984962e-07], "epoch": [3.76, 7.52], "step": [500, 1000]}, "eval": {"rmse_aes": [5.194934241369365, 5.582522455129519, 7.063903607582367, 5.191277982212819, 5.523253489920958, 7.003615702720446, 5.32726447958453, 6.191051116252444], "pearson_aes": [0.5972350743165405, 0.6541834958081779, 0.6645136912299996, 0.6883727396887526, 0.6942694167298741, 0.6975138742503243, 0.716645605621582, 0.7231949240182438], "spearman_aes": [0.596983068112619, 0.651426274618092, 0.6741877659222247, 0.6821683705454412, 0.6830174021225729, 0.6861217804143374, 0.7048787679709917, 0.709895426887539], "kappa_aes": [0.3350409094200276, 0.49420478910830223, 0.3980936337175208, 0.5389070536782896, 0.5267167954102829, 0.4129228875643868, 0.5609996261106085, 0.5040123677231916], "aes": [0.018136817910191085, 0.021387506586809952, 0.03451568384965261, 0.018163816020306613, 0.020941403228789568, 0.03370029686225785, 0.019637601708786354, 0.026504633120364614], "total_loss": [0.018136817910191085, 0.021387506586809952, 0.03451568384965261, 0.018163816020306613, 0.020941403228789568, 0.03370029686225785, 0.019637601708786354, 0.026504633120364614], "aes_weight_coef": [1.0, 1.0, 1.0, 1.0, 1.0, 1.0, 1.0, 1.0], "epoch": [0.99, 1.99, 2.99, 3.99, 4.99, 5.99, 6.99, 7.99], "step": [132, 265, 398, 531, 664, 797, 930, 1063]}, "test": {"rmse_aes": 5.115168467764112, "pearson_aes": 0.7989630560449619, "spearman_aes": 0.8049419477615469, "kappa_aes": 0.6501083284765707, "aes": 0.016794893638386082, "total_loss": 0.016794893638386082, "aes_weight_coef": 1.0}, "info": {"tasks": ["aes"], "outputs": ["loss", "labels", "preds"], "map_out_to_task": {"aes_loss": "aes", "aes_labels": "aes", "aes_preds": "aes"}, "map_out_to_out": {"aes_loss": "loss", "aes_labels": "labels", "aes_preds": "preds"}, "map_task_index": {"aes": 0}, "map_index_task": {"0": "aes"}, "optimizer_weighting": "fixed", "epochs_to_avg_over": 2, "temp": 2, "init_task_weightings": {"aes": 1.0, "ged": 1.0, "ner": 1.0}, "metrics_to_track_by_task": {"aes": "pearson_aes", "ged": "f_0_5_ged", "ner": "f1_score_avg_ner"}, "regression_tasks": ["aes"], "classification_tasks": ["ner", "ged"], "fce_tasks": ["aes", "ged"], "task_priorities_priority_as_key": {"primary_task": "aes"}, "early_stopping_patience": 2, "early_stopping_metric": null, "pretrained_model": "distilroberta-base", "frozen_layers": null, "scoring": "script", "shared_encoder_n_layers": 0, "normalised_values": [40, 0], "output_layer_by_task": {"aes": -1, "ged": -1, "ner": -1}, "save_results": true, "learning_rate": 1e-05, "batch_size": 8, "weight_decay": 0.01, "adam_epsilon": 1e-08, "runtime": 258.9078805446625, "steps_per_sec": 0.2435633871539628, "model_name": "1630758066"}, "preds": {"aes": {"preds": [0.9585483074188232, 0.6904311776161194, 0.6916763186454773, 0.7962924242019653, 0.7535836696624756, 0.8984129428863525, 0.824209451675415, 0.823845386505127, 0.6135914325714111, 0.7274912595748901, 0.7237607836723328, 0.8583166003227234, 0.8758328557014465, 0.8681685924530029, 0.7559430599212646, 0.5430954694747925, 0.5623083710670471, 0.8128663897514343, 0.8379856944084167, 0.6062334775924683, 0.9314612150192261, 0.875968337059021, 0.8902664184570312, 0.6950469613075256, 0.7074041962623596, 0.7849829792976379, 0.5614043474197388, 0.9016809463500977, 0.9245876669883728, 0.9326759576797485, 0.8255367875099182, 0.8441176414489746, 0.7804275751113892, 0.6625919938087463, 0.8917771577835083, 0.5969705581665039, 0.9074870944023132, 0.7054919004440308, 0.8428853750228882, 0.7880289554595947, 0.5073953866958618, 0.6761571168899536, 0.8115652203559875, 0.9316126108169556, 0.8556830883026123, 0.8818979263305664, 0.5024656057357788, 0.7872127890586853, 0.9463446140289307, 0.6050878167152405, 0.990740954875946, 0.6097419857978821, 0.7667573094367981, 0.6889687180519104, 0.7225332260131836, 0.8089609146118164, 0.6189584732055664, 0.984154224395752, 0.7826529145240784, 0.9452030658721924, 0.38440054655075073, 0.7450434565544128, 0.6489725112915039, 0.8870076537132263, 0.6317906975746155, 0.7685219049453735, 0.6496502161026001, 0.9698588848114014, 0.632193922996521, 0.9117255210876465, 0.8569418787956238, 0.78001868724823, 0.9895795583724976, 1.0163487195968628, 0.7465914487838745, 0.951280415058136, 0.9192608594894409, 0.763972282409668, 0.8558692932128906, 0.6191388368606567, 0.8769140243530273, 0.7182367444038391, 0.7958361506462097, 0.9234245419502258, 0.8252518773078918, 0.8328632712364197, 0.6851260662078857, 0.888771653175354, 0.6809561848640442, 0.6076023578643799, 0.757850170135498, 0.7334439754486084, 0.6140317320823669, 0.6411249041557312, 0.7483670711517334, 0.9070722460746765, 0.8197486400604248], "labels": [0.75, 0.6499999761581421, 0.574999988079071, 0.6499999761581421, 0.6499999761581421, 0.949999988079071, 0.675000011920929, 0.9750000238418579, 0.625, 0.6000000238418579, 0.625, 0.675000011920929, 0.75, 0.675000011920929, 0.5, 0.5249999761581421, 0.5249999761581421, 0.6499999761581421, 0.550000011920929, 0.6000000238418579, 0.949999988079071, 0.75, 0.8500000238418579, 0.6000000238418579, 0.574999988079071, 0.550000011920929, 0.574999988079071, 0.9750000238418579, 0.8500000238418579, 0.925000011920929, 0.7749999761581421, 0.699999988079071, 0.6499999761581421, 0.7250000238418579, 0.8500000238418579, 0.6499999761581421, 0.8500000238418579, 0.4749999940395355, 0.6499999761581421, 0.7749999761581421, 0.44999998807907104, 0.4749999940395355, 0.625, 0.6499999761581421, 0.7250000238418579, 0.7250000238418579, 0.44999998807907104, 0.675000011920929, 0.875, 0.550000011920929, 0.8999999761581421, 0.3499999940395355, 0.6000000238418579, 0.7250000238418579, 0.699999988079071, 0.6000000238418579, 0.625, 0.925000011920929, 0.6000000238418579, 0.8999999761581421, 0.32499998807907104, 0.574999988079071, 0.7250000238418579, 0.7749999761581421, 0.574999988079071, 0.699999988079071, 0.6499999761581421, 0.6499999761581421, 0.5249999761581421, 0.949999988079071, 0.800000011920929, 0.7250000238418579, 0.8999999761581421, 1.0, 0.7250000238418579, 0.8500000238418579, 0.8999999761581421, 0.625, 0.925000011920929, 0.42500001192092896, 0.800000011920929, 0.625, 0.625, 0.8999999761581421, 0.7749999761581421, 0.675000011920929, 0.4749999940395355, 0.699999988079071, 0.6000000238418579, 0.5, 0.625, 0.574999988079071, 0.550000011920929, 0.574999988079071, 0.675000011920929, 0.75, 0.8500000238418579]}}}