{"best": {"ner": {"accuracy_ner": 0.03272847630543982, "f1_score_macro_ner": 0.017627475237132675, "f1_score_weighted_ner": 0.03971457596274635, "ner": 2.4163703629464814, "ner_weight_coef": 1.0}}, "train": {}, "eval": {"accuracy_ner": [0.03272847630543982, 0.03185234219851252, 0.03265059771815739], "f1_score_macro_ner": [0.017627475237132675, 0.013441608758878069, 0.014835575586395386], "f1_score_weighted_ner": [0.03971457596274635, 0.03926916225357027, 0.0402097530006495], "ner": [2.4163703629464814, 2.4168024568846733, 2.416976618044304], "total_loss": [2.4163703629464814, 2.4168024568846733, 2.416976618044304], "ner_weight_coef": [1.0, 1.0, 1.0], "epoch": [0.99, 1.99, 2.99], "step": [132, 265, 398]}, "test": {"accuracy_ner": 0.03473672876063314, "f1_score_macro_ner": 0.014334299915730566, "f1_score_weighted_ner": 0.03876836423362628, "ner": 2.4202481269836427, "total_loss": 2.4202481269836427, "ner_weight_coef": 1.0}, "info": {"tasks": ["ner"], "outputs": ["loss", "labels", "preds"], "map_out_to_task": {"ner_loss": "ner", "ner_labels": "ner", "ner_preds": "ner"}, "map_out_to_out": {"ner_loss": "loss", "ner_labels": "labels", "ner_preds": "preds"}, "map_task_index": {"ner": 0}, "map_index_task": {"0": "ner"}, "optimizer_weighting": "fixed", "epochs_to_avg_over": 2, "temp": 2, "init_task_weightings": {"aes": 1.0, "ged": 1.0, "ner": 1.0}, "metrics_to_track_by_task": {"aes": "pearson_aes", "ged": "f_0_5_ged", "ner": "f1_score_macro_ner"}, "regression_tasks": ["aes"], "classification_tasks": ["ner", "ged"], "fce_tasks": ["aes", "ged"], "task_priorities_priority_as_key": {"primary_task": "ner"}, "early_stopping_patience": 2, "early_stopping_metric": null, "pretrained_model": "distilroberta-base", "frozen_layers": 6, "scoring": "script", "shared_encoder_n_layers": 0, "normalised_values": [40, 0], "output_layer_by_task": {"aes": -1, "ged": -1, "ner": -1}, "save_results": true, "learning_rate": 8e-05, "batch_size": 8, "weight_decay": 0.01, "adam_epsilon": 1e-08, "runtime": 46.65893888473511, "steps_per_sec": 0.1172335147857666, "model_name": "1630763624"}, "preds": {}}