{"best": {"aes": {"rmse_aes": 5.844037797428912, "pearson_aes": 0.6509760639391162, "spearman_aes": 0.6391288404061511, "kappa_aes": 0.44348235294117644, "aes": 0.004414561442857565, "aes_weight_coef": 1.0}, "ged": {"accuracy_ged": 0.857034821766182, "f1_score_macro_ged": 0.7286539162782442, "f1_score_weighted_ged": 0.8650353709487636, "f_0_5_ged": 0.5906778033794162, "ged": 0.1168425582176031, "ged_weight_coef": 1.0}, "ner": {"accuracy_ner": 0.9905572212920057, "f1_score_macro_ner": 0.9474364938209278, "f1_score_weighted_ner": 0.9905839669098143, "ner": 0.032562148167080314, "ner_weight_coef": 1.0}}, "train": {"loss": [0.3962, 0.2592, 0.2236], "learning_rate": [3.0566037735849064e-05, 2.1132075471698115e-05, 1.169811320754717e-05], "epoch": [1.89, 3.77, 5.66], "step": [500, 1000, 1500]}, "eval": {"rmse_aes": [5.688682721958671, 5.048377076953653, 6.430180574620143, 5.844037797428912, 7.090682462060882, 7.997395409340052], "pearson_aes": [0.5632915197020926, 0.6105245282053986, 0.628770676052636, 0.6509760639391162, 0.6382930094585326, 0.6481728656784909], "spearman_aes": [0.5466683606654383, 0.6095706302355539, 0.614681400676422, 0.6391288404061511, 0.6558358629604503, 0.656718924290321], "kappa_aes": [0.41290533204770985, 0.5396345541614276, 0.37262113501261596, 0.44348235294117644, 0.397351062172129, 0.31945796211724187], "accuracy_ged": [0.7109071534151455, 0.8235193015021828, 0.8593723144615173, 0.8484410986215668, 0.8577910694029082, 0.857034821766182], "f1_score_macro_ged": [0.6147987411584335, 0.6971195756807183, 0.7228373985005951, 0.7203118943360018, 0.7276386080588855, 0.7286539162782442], "f1_score_weighted_ged": [0.7553930924997678, 0.840091904302379, 0.8649826971871131, 0.8586380749098086, 0.8652144842791684, 0.8650353709487636], "f_0_5_ged": [0.5843563528562197, 0.5855140822713047, 0.5608597728162945, 0.5900151285930408, 0.5841211653482539, 0.5906778033794162], "accuracy_ner": [0.9817958802227328, 0.9871889723920408, 0.9888244227249717, 0.98940851212959, 0.9900899497683112, 0.9905572212920057], "f1_score_macro_ner": [0.889907741379194, 0.9294908588377501, 0.9370430656454515, 0.9405987842284278, 0.9428260407663847, 0.9474364938209278], "f1_score_weighted_ner": [0.9817412848469538, 0.9873197522187926, 0.9889303592291815, 0.9894835571880943, 0.9900994956693033, 0.9905839669098143], "aes": [0.0041942371293729125, 0.0033047854207282844, 0.005425794158390788, 0.004414561442857565, 0.006519388082588828, 0.008376237719731276], "ged": [0.10902458914490633, 0.10719203186589618, 0.11617767394975174, 0.11149736129960348, 0.11748214031374732, 0.1168425582176031], "ner": [0.05346527609021165, 0.03883152407442415, 0.03426321193056051, 0.03309080466563099, 0.03361878779088689, 0.032562148167080314], "total_loss": [0.16668410236449088, 0.1493283413610486, 0.15586668003870305, 0.14900272740809203, 0.15762031618722303, 0.1577809441044147], "aes_weight_coef": [1.0, 1.0, 1.0, 1.0, 1.0, 1.0], "ged_weight_coef": [1.0, 1.0, 1.0, 1.0, 1.0, 1.0], "ner_weight_coef": [1.0, 1.0, 1.0, 1.0, 1.0, 1.0], "epoch": [1.0, 2.0, 3.0, 4.0, 5.0, 6.0], "step": [264, 529, 794, 1059, 1324, 1589]}, "test": {"rmse_aes": 7.333570071936315, "pearson_aes": 0.7722193151398755, "spearman_aes": 0.779159383496899, "kappa_aes": 0.42960460846286463, "accuracy_ged": 0.8377822311289245, "f1_score_macro_ged": 0.7164037945376974, "f1_score_weighted_ged": 0.8457191236702803, "f_0_5_ged": 0.5734366131347869, "accuracy_ner": 0.9801442877140089, "f1_score_macro_ner": 0.8852550732743132, "f1_score_weighted_ner": 0.9807466195348697, "aes": 0.009540664032101631, "ged": 0.18246315064884366, "ner": 0.07612388075462409, "total_loss": 0.2681276954355694, "aes_weight_coef": 1.0, "ged_weight_coef": 1.0, "ner_weight_coef": 1.0}, "info": {"tasks": ["aes", "ged", "ner"], "outputs": ["loss", "labels", "preds"], "map_out_to_task": {"aes_loss": "aes", "aes_labels": "aes", "aes_preds": "aes", "ged_loss": "ged", "ged_labels": "ged", "ged_preds": "ged", "ner_loss": "ner", "ner_labels": "ner", "ner_preds": "ner"}, "map_out_to_out": {"aes_loss": "loss", "aes_labels": "labels", "aes_preds": "preds", "ged_loss": "loss", "ged_labels": "labels", "ged_preds": "preds", "ner_loss": "loss", "ner_labels": "labels", "ner_preds": "preds"}, "map_task_index": {"aes": 0, "ged": 1, "ner": 2}, "map_index_task": {"0": "aes", "1": "ged", "2": "ner"}, "optimizer_weighting": "fixed", "epochs_to_avg_over": 2, "temp": 2, "init_task_weightings": {"aes": 1.0, "ged": 1.0, "ner": 1.0}, "metrics_to_track_by_task": {"aes": "pearson_aes", "ged": "f_0_5_ged", "ner": "f1_score_macro_ner"}, "regression_tasks": ["aes"], "classification_tasks": ["ner", "ged"], "fce_tasks": ["aes", "ged"], "task_priorities_priority_as_key": {"primary_task": "aes", "secondary_task": "ged", "aux_task": "ner"}, "early_stopping_patience": 2, "early_stopping_metric": "los", "pretrained_model": "distilroberta-base", "frozen_layers": null, "scoring": "script", "shared_encoder_n_layers": 2, "normalised_values": [40, 0], "output_layer_by_task": {"aes": -1, "ged": 4, "ner": 4}, "save_results": true, "learning_rate": 4e-05, "batch_size": 8, "weight_decay": 0.01, "adam_epsilon": 1e-08, "runtime": 491.8926537036896, "steps_per_sec": 0.3095611414120136, "model_name": "1630770873"}, "preds": {"aes": {"preds": [0.9408510327339172, 0.8415418863296509, 0.7239420413970947, 0.8945180773735046, 0.7309410572052002, 0.9501199722290039, 0.9408994317054749, 0.8748461008071899, 0.7415233850479126, 0.8358930349349976, 0.8336787223815918, 0.9121440052986145, 0.9383164048194885, 0.9250097870826721, 0.7961646318435669, 0.6677055358886719, 0.7100313901901245, 0.8092866539955139, 0.9161463379859924, 0.6811559796333313, 0.9583358764648438, 0.9255151152610779, 0.9457035660743713, 0.7877929210662842, 0.760622501373291, 0.8378536105155945, 0.6327775716781616, 0.9488504528999329, 0.9977045655250549, 0.9936643838882446, 0.9102933406829834, 0.9294477105140686, 0.8791192173957825, 0.7805034518241882, 0.9450024962425232, 0.6635985374450684, 0.9092428684234619, 0.7293259501457214, 0.934924840927124, 0.8495789766311646, 0.6459333896636963, 0.7253868579864502, 0.8230512738227844, 0.9805306196212769, 0.9149192571640015, 0.9169434309005737, 0.5779826641082764, 0.8313006162643433, 0.9623443484306335, 0.7079122066497803, 0.9884033799171448, 0.7288395166397095, 0.8503196835517883, 0.794471263885498, 0.7483170628547668, 0.87167888879776, 0.7531964778900146, 1.0116004943847656, 0.7984881401062012, 0.9675097465515137, 0.4712333679199219, 0.8824026584625244, 0.7172136306762695, 0.9006509184837341, 0.7637447714805603, 0.7905727624893188, 0.8126182556152344, 0.9683594703674316, 0.7120673656463623, 0.9822649955749512, 0.9048107862472534, 0.8439275622367859, 1.0010117292404175, 1.0153381824493408, 0.7747408747673035, 0.9906027317047119, 0.996336042881012, 0.8265479803085327, 0.9578811526298523, 0.7160594463348389, 0.9011067748069763, 0.8252409100532532, 0.8977823853492737, 0.8826688528060913, 0.9548958539962769, 0.8616955876350403, 0.7895417213439941, 0.946570873260498, 0.7801514863967896, 0.6919257044792175, 0.8095601201057434, 0.722983717918396, 0.7057893872261047, 0.6811862587928772, 0.8214059472084045, 0.9698348641395569],