{"best": {"aes": {"rmse_aes": 4.344536799245692, "pearson_aes": 0.670987420553343, "spearman_aes": 0.6412197859655384, "kappa_aes": 0.6354388843314192, "aes": 0.001473116596380985, "aes_weight_coef": 0.6000000238418579}, "ged": {"accuracy_ged": 0.8457598570004469, "f1_score_macro_ged": 0.7274203622185363, "f1_score_weighted_ged": 0.8586569357045064, "f_0_5_ged": 0.6270185475685153, "ged": 0.04136224818784137, "ged_weight_coef": 0.4000000059604645}, "ner": {"accuracy_ner": 0.9829445893851485, "f1_score_macro_ner": 0.8921197021348595, "f1_score_weighted_ner": 0.9828303555235748, "ner": 0.0019485320189296332, "ner_weight_coef": 0.03999999910593033}}, "train": {"loss": [0.12, 0.0853], "learning_rate": [3.0566037735849064e-05, 2.1132075471698115e-05], "epoch": [1.89, 3.77], "step": [500, 1000]}, "eval": {"rmse_aes": [4.611278444085641, 4.987484335815001, 4.344536799245692, 4.73462423711393, 6.119186583561939], "pearson_aes": [0.6348493072943503, 0.6296593949304384, 0.670987420553343, 0.6617880016596269, 0.6344968107899108], "spearman_aes": [0.6186319561334779, 0.618132249028439, 0.6412197859655384, 0.6423610180275351, 0.6214950482841396], "kappa_aes": [0.5555699314270928, 0.5037260187093706, 0.6354388843314192, 0.6008425199004295, 0.4575228910440483], "accuracy_ged": [0.8393317520882747, 0.8475473514145269, 0.8457598570004469, 0.8569316970884466, 0.8777972568835722], "f1_score_macro_ged": [0.7101510678580492, 0.7238043450051924, 0.7274203622185363, 0.7374882874737227, 0.7515797117632034], "f1_score_weighted_ged": [0.8515440859663806, 0.85889088399673, 0.8586569357045064, 0.866877705920453, 0.8809685213997621], "f_0_5_ged": [0.5830726856822744, 0.6064576509124942, 0.6270185475685153, 0.6251472736698243, 0.5968367651447329], "accuracy_ner": [0.9444336279739886, 0.9673104629882014, 0.9787196760250769, 0.9819711070441183, 0.9829445893851485], "f1_score_macro_ner": [0.5437641278035115, 0.7517992388310684, 0.8556178649428925, 0.8822074744403449, 0.8921197021348595], "f1_score_weighted_ner": [0.9349943308934235, 0.9653491791694229, 0.9782827360132694, 0.9817495642828398, 0.9828303555235748], "aes": [0.001652455052122647, 0.001950864961674047, 0.001473116596380985, 0.0017654010457484875, 0.0029638703089467314], "ged": [0.04278826297715653, 0.041528684455294944, 0.04136224818784137, 0.0461482142293176, 0.056661267266717066], "ner": [0.005717769108149548, 0.0033768656457839317, 0.002372541191424568, 0.002047823293968429, 0.0019485320189296332], "total_loss": [0.05015848713742872, 0.04685641506275292, 0.045207905975646924, 0.04996143856903452, 0.061573669594593435], "aes_weight_coef": [0.6000000238418579, 0.6000000238418579, 0.6000000238418579, 0.6000000238418579, 0.6000000238418579], "ged_weight_coef": [0.4000000059604645, 0.4000000059604645, 0.4000000059604645, 0.4000000059604645, 0.4000000059604645], "ner_weight_coef": [0.03999999910593033, 0.03999999910593033, 0.03999999910593033, 0.03999999910593033, 0.03999999910593033], "epoch": [1.0, 2.0, 3.0, 4.0, 5.0], "step": [264, 529, 794, 1059, 1324]}, "test": {"rmse_aes": 5.619905100029122, "pearson_aes": 0.7567427504227479, "spearman_aes": 0.7549908248280963, "kappa_aes": 0.5501348835442076, "accuracy_ged": 0.8645023380093521, "f1_score_macro_ged": 0.7431938076138607, "f1_score_weighted_ged": 0.8662142965092184, "f_0_5_ged": 0.5774387907916274, "accuracy_ner": 0.9746096694303865, "f1_score_macro_ner": 0.8495220174012554, "f1_score_weighted_ner": 0.9752653247811424, "aes": 0.0033586957004098665, "ged": 0.08764452948456719, "ner": 0.002831497695297003, "total_loss": 0.09383472288027406, "aes_weight_coef": 0.6000000238418579, "ged_weight_coef": 0.4000000059604645, "ner_weight_coef": 0.03999999910593033}, "info": {"tasks": ["aes", "ged", "ner"], "outputs": ["loss", "labels", "preds"], "map_out_to_task": {"aes_loss": "aes", "aes_labels": "aes", "aes_preds": "aes", "ged_loss": "ged", "ged_labels": "ged", "ged_preds": "ged", "ner_loss": "ner", "ner_labels": "ner", "ner_preds": "ner"}, "map_out_to_out": {"aes_loss": "loss", "aes_labels": "labels", "aes_preds": "preds", "ged_loss": "loss", "ged_labels": "labels", "ged_preds": "preds", "ner_loss": "loss", "ner_labels": "labels", "ner_preds": "preds"}, "map_task_index": {"aes": 0, "ged": 1, "ner": 2}, "map_index_task": {"0": "aes", "1": "ged", "2": "ner"}, "optimizer_weighting": "fixed", "epochs_to_avg_over": 2, "temp": 2, "init_task_weightings": {"aes": 0.6000000000000001, "ged": 0.3999999999999999, "ner": 0.039999999999999994}, "metrics_to_track_by_task": {"aes": "pearson_aes", "ged": "f_0_5_ged", "ner": "f1_score_macro_ner"}, "regression_tasks": ["aes"], "classification_tasks": ["ner", "ged"], "fce_tasks": ["aes", "ged"], "task_priorities_priority_as_key": {"primary_task": "aes", "secondary_task": "ged", "aux_task": "ner"}, "early_stopping_patience": 2, "early_stopping_metric": "los", "pretrained_model": "distilroberta-base", "frozen_layers": null, "scoring": "script", "shared_encoder_n_layers": 0, "normalised_values": [40, 0], "output_layer_by_task": {"aes": -1, "ged": -1, "ner": -1}, "save_results": true, "learning_rate": 4e-05, "batch_size": 8, "weight_decay": 0.01, "adam_epsilon": 1e-08, "runtime": 339.0162260532379, "steps_per_sec": 0.25605455139972655, "model_name": "1630778877"}, "preds": {"aes": {"preds": [0.9180395603179932, 0.6973801255226135, 0.7190941572189331, 0.7303780317306519, 0.6975996494293213, 0.8810508251190186, 0.8317726850509644, 0.8188363313674927, 0.6769611835479736, 0.8233960270881653, 0.8733978867530823, 0.7716621160507202, 0.9086764454841614, 0.9359163045883179, 0.650476336479187, 0.6185964345932007, 0.6383967399597168, 0.6738117337226868, 0.8526323437690735, 0.6353873014450073, 0.8988901376724243, 0.8943127393722534, 0.8713635802268982, 0.7515219449996948, 0.6966149210929871, 0.7839928865432739, 0.603126585483551, 0.8912437558174133, 0.9673804640769958, 0.8932065367698669, 0.8717950582504272, 0.7682539224624634, 0.7886354923248291, 0.7453574538230896, 0.8984353542327881, 0.6508530974388123, 0.8565300703048706, 0.6640363335609436, 0.8061355948448181, 0.7786913514137268, 0.6197541952133179, 0.7385467886924744, 0.7907593250274658, 0.9375712871551514, 0.800478994846344, 0.8435975313186646, 0.5708311200141907, 0.8204501867294312, 0.9202287197113037, 0.6590994000434875, 0.9606400728225708, 0.6711609959602356, 0.8459769487380981, 0.7337856888771057, 0.7114667296409607, 0.819607138633728, 0.6779972314834595, 0.9335820078849792, 0.7789853811264038, 0.9298210740089417, 0.5083179473876953, 0.7800941467285156, 0.5711920857429504, 0.9034110307693481, 0.7377240657806396, 0.77525794506073, 0.7432259321212769, 0.9406830072402954, 0.6856474876403809, 0.8917940855026245, 0.816893458366394, 0.7501219511032104, 0.9501084089279175, 0.9899963736534119, 0.8254907131195068, 0.9540491104125977, 0.9475825428962708, 0.7363184094429016, 0.8796213865280151, 0.6668769717216492, 0.8396187424659729, 0.7372700572013855, 0.8298142552375793, 0.8583301901817322, 0.8557915091514587, 0.7974563837051392, 0.6970164775848389, 0.8323515057563782, 0.7042179107666016, 0.6370140910148621, 0.8278964757919312, 0.6889616847038269, 0.6624075770378113, 0.712364912033081, 0.7616046667098999, 0.8446298241615295],