{"best": {"ner": {"accuracy_ner": 0.9914138857521124, "f1_score_macro_ner": 0.9505699544104641, "f1_score_weighted_ner": 0.9914118798650199, "ner": 0.03713402044465483, "ner_weight_coef": 1.0}}, "train": {"loss": [0.1059, 0.0159], "learning_rate": [2.1203007518796993e-05, 2.406015037593985e-06], "epoch": [3.76, 7.52], "step": [500, 1000]}, "eval": {"accuracy_ner": [0.9804330049452903, 0.988220863673533, 0.9897394961255402, 0.99069350881975, 0.9910244928157004, 0.9914138857521124, 0.9912970678711888, 0.9913554768116506], "f1_score_macro_ner": [0.8845791214579335, 0.9331348322508689, 0.9416621987703641, 0.944670312456038, 0.9493233881630201, 0.9505699544104641, 0.948716042982289, 0.9493374576760178], "f1_score_weighted_ner": [0.980122099266741, 0.9881090546162196, 0.989716303314713, 0.9906473747165755, 0.9909792185965953, 0.9914118798650199, 0.9913107770313041, 0.9913380102045337], "ner": [0.07070070431765282, 0.04511038504653808, 0.04023650136183609, 0.03824935849248008, 0.039664287557543226, 0.03713402044465483, 0.03759042726773204, 0.03781314163511111], "total_loss": [0.07070070431765282, 0.04511038504653808, 0.04023650136183609, 0.03824935849248008, 0.039664287557543226, 0.03713402044465483, 0.03759042726773204, 0.03781314163511111], "ner_weight_coef": [1.0, 1.0, 1.0, 1.0, 1.0, 1.0, 1.0, 1.0], "epoch": [0.99, 1.99, 2.99, 3.99, 4.99, 5.99, 6.99, 7.99], "step": [132, 265, 398, 531, 664, 797, 930, 1063]}, "test": {"accuracy_ner": 0.9815225584149887, "f1_score_macro_ner": 0.8928516273450801, "f1_score_weighted_ner": 0.9820380001465906, "ner": 0.09815307365109523, "total_loss": 0.09815307365109523, "ner_weight_coef": 1.0}, "info": {"tasks": ["ner"], "outputs": ["loss", "labels", "preds"], "map_out_to_task": {"ner_loss": "ner", "ner_labels": "ner", "ner_preds": "ner"}, "map_out_to_out": {"ner_loss": "loss", "ner_labels": "labels", "ner_preds": "preds"}, "map_task_index": {"ner": 0}, "map_index_task": {"0": "ner"}, "optimizer_weighting": "fixed", "epochs_to_avg_over": 2, "temp": 2, "init_task_weightings": {"aes": 1.0, "ged": 1.0, "ner": 1.0}, "metrics_to_track_by_task": {"aes": "pearson_aes", "ged": "f_0_5_ged", "ner": "f1_score_macro_ner"}, "regression_tasks": ["aes"], "classification_tasks": ["ner", "ged"], "fce_tasks": ["aes", "ged"], "task_priorities_priority_as_key": {"primary_task": "ner"}, "early_stopping_patience": 2, "early_stopping_metric": null, "pretrained_model": "distilroberta-base", "frozen_layers": 3.0, "scoring": "script", "shared_encoder_n_layers": 0, "normalised_values": [40, 0], "output_layer_by_task": {"aes": -1, "ged": -1, "ner": -1}, "save_results": true, "learning_rate": 4e-05, "batch_size": 8, "weight_decay": 0.01, "adam_epsilon": 1e-08, "runtime": 277.59262347221375, "steps_per_sec": 0.2611407558534466, "model_name": "1630763164"}, "preds": {}}