{"best": {"ner": {"accuracy_ner": 0.33295043027919474, "f1_score_macro_ner": 0.08502119054734537, "f1_score_weighted_ner": 0.45205166367905975, "ner": 2.0774497949715816, "ner_weight_coef": 1.0}}, "train": {}, "eval": {"accuracy_ner": [0.33295043027919474, 0.3327167945173475, 0.33209376581908806], "f1_score_macro_ner": [0.08502119054734537, 0.08495632995688464, 0.0841206053933986], "f1_score_weighted_ner": [0.45205166367905975, 0.45188523240676653, 0.4509322967703714], "ner": [2.0774497949715816, 2.076964020729065, 2.0774384448022554], "total_loss": [2.0774497949715816, 2.076964020729065, 2.0774384448022554], "ner_weight_coef": [1.0, 1.0, 1.0], "epoch": [0.99, 1.99, 2.99], "step": [132, 265, 398]}, "test": {"accuracy_ner": 0.33143103262625173, "f1_score_macro_ner": 0.0840717772680224, "f1_score_weighted_ner": 0.44936566625808005, "ner": 2.083950384457906, "total_loss": 2.083950384457906, "ner_weight_coef": 1.0}, "info": {"tasks": ["ner"], "outputs": ["loss", "labels", "preds"], "map_out_to_task": {"ner_loss": "ner", "ner_labels": "ner", "ner_preds": "ner"}, "map_out_to_out": {"ner_loss": "loss", "ner_labels": "labels", "ner_preds": "preds"}, "map_task_index": {"ner": 0}, "map_index_task": {"0": "ner"}, "optimizer_weighting": "fixed", "epochs_to_avg_over": 2, "temp": 2, "init_task_weightings": {"aes": 1.0, "ged": 1.0, "ner": 1.0}, "metrics_to_track_by_task": {"aes": "pearson_aes", "ged": "f_0_5_ged", "ner": "f1_score_macro_ner"}, "regression_tasks": ["aes"], "classification_tasks": ["ner", "ged"], "fce_tasks": ["aes", "ged"], "task_priorities_priority_as_key": {"primary_task": "ner"}, "early_stopping_patience": 2, "early_stopping_metric": null, "pretrained_model": "distilroberta-base", "frozen_layers": 6, "scoring": "script", "shared_encoder_n_layers": 0, "normalised_values": [40, 0], "output_layer_by_task": {"aes": -1, "ged": -1, "ner": -1}, "save_results": true, "learning_rate": 1e-05, "batch_size": 8, "weight_decay": 0.01, "adam_epsilon": 1e-08, "runtime": 46.79666876792908, "steps_per_sec": 0.11757956976866603, "model_name": "1630763494"}, "preds": {}}