{"best": {"aes": {"rmse_aes": 5.271780217978237, "pearson_aes": 0.6629605413336278, "spearman_aes": 0.6614599264252395, "kappa_aes": 0.5500404639870515, "aes": 0.0036441778850763345, "aes_weight_coef": 1.0}, "ged": {"accuracy_ged": 0.8530473342270806, "f1_score_macro_ged": 0.738706197791977, "f1_score_weighted_ged": 0.8650078781703283, "f_0_5_ged": 0.6449671265857949, "ged": 0.1164979401022889, "ged_weight_coef": 1.0}, "ner": {"accuracy_ner": 0.9918422179821658, "f1_score_macro_ner": 0.9558893210574583, "f1_score_weighted_ner": 0.9918509425482493, "ner": 0.02806578423059004, "ner_weight_coef": 1.0}}, "train": {"loss": [0.3784, 0.2401, 0.2005, 0.1758], "learning_rate": [3.0566037735849064e-05, 2.1132075471698115e-05, 1.169811320754717e-05, 2.2641509433962266e-06], "epoch": [1.89, 3.77, 5.66, 7.55], "step": [500, 1000, 1500, 2000]}, "eval": {"rmse_aes": [4.831896338108074, 5.124830620507266, 5.926634795564849, 5.5565276927232174, 6.97814047181944, 7.212065507806268, 6.01502747753953, 5.271780217978237], "pearson_aes": [0.5776000530750763, 0.6155980897909372, 0.6312228593573639, 0.6320545520423729, 0.6456002296701625, 0.6571236999040267, 0.6614953243689545, 0.6629605413336278], "spearman_aes": [0.5707819155732043, 0.6200228274106215, 0.6127319907529206, 0.621307036387414, 0.6459829996671009, 0.6557532117672585, 0.6576878402552955, 0.6614599264252395], "kappa_aes": [0.534667032063579, 0.4992187079045207, 0.4907629280358662, 0.4903841802796507, 0.4061745732215738, 0.3954443614637789, 0.4913576367064738, 0.5500404639870515], "accuracy_ged": [0.6962978240692997, 0.8373723832113025, 0.8410504967171978, 0.8466879791000653, 0.8714722766491355, 0.8604035612388712, 0.8530473342270806, 0.8629129283970988], "f1_score_macro_ged": [0.6075487161931342, 0.7160838345488104, 0.7231344915046196, 0.7303751482267058, 0.749722266119967, 0.7437060209437617, 0.738706197791977, 0.7447992862337347], "f1_score_weighted_ged": [0.7439185142359022, 0.8516802729057364, 0.8551619090871201, 0.8597759880170968, 0.8772747537403975, 0.8700758433611403, 0.8650078781703283, 0.8716620870758663], "f_0_5_ged": [0.5944534952606635, 0.6122869708631116, 0.6270302420277257, 0.6353807223372442, 0.6157551576488905, 0.6364322081840468, 0.6449671265857949, 0.6308488907890362], "accuracy_ner": [0.985203068416339, 0.9898368443596434, 0.9904598730579027, 0.9903041158833379, 0.9905182819983646, 0.9918811572758071, 0.9918422179821658, 0.9917838090417039], "f1_score_macro_ner": [0.9130315686677473, 0.9406961683273365, 0.9476192011105913, 0.9416141204135869, 0.9415304422739879, 0.9535157072919243, 0.9558893210574583, 0.9553764306577283], "f1_score_weighted_ner": [0.985243491958379, 0.989934929396317, 0.9904939278987068, 0.9903454433256244, 0.9905514057257708, 0.9918793012259157, 0.9918509425482493, 0.9917816257717432], "aes": [0.00307530322826879, 0.0034647850200620503, 0.004557982184599305, 0.004069550049512885, 0.006340929848510165, 0.0067625038195834606, 0.004738982355352058, 0.0036441778850763345], "ged": [0.10623866319656372, 0.10333127337832783, 0.10125993504080662, 0.10270863494207692, 0.1187488783237546, 0.11404497886812964, 0.1164979401022889, 0.12790587336518044], "ner": [0.04228844313860633, 0.031268226686691825, 0.031008760877993216, 0.030060017224249624, 0.03138901885642215, 0.027917838942389504, 0.02806578423059004, 0.0283325407816487], "total_loss": [0.15160240956343884, 0.1380642850850817, 0.13682667810339913, 0.13683820221583945, 0.15647882702868693, 0.1487253216301026, 0.14930270668823098, 0.15988259203190547], "aes_weight_coef": [1.0, 1.0, 1.0, 1.0, 1.0, 1.0, 1.0, 1.0], "ged_weight_coef": [1.0, 1.0, 1.0, 1.0, 1.0, 1.0, 1.0, 1.0], "ner_weight_coef": [1.0, 1.0, 1.0, 1.0, 1.0, 1.0, 1.0, 1.0], "epoch": [1.0, 2.0, 3.0, 4.0, 5.0, 6.0, 7.0, 8.0], "step": [264, 529, 794, 1059, 1324, 1589, 1854, 2119]}, "test": {"rmse_aes": 4.373213921133975, "pearson_aes": 0.7972957685215046, "spearman_aes": 0.7917124216768229, "kappa_aes": 0.6797558677018355, "accuracy_ged": 0.8494589178356713, "f1_score_macro_ged": 0.7351466064134229, "f1_score_weighted_ged": 0.8564235675493627, "f_0_5_ged": 0.6033905119270973, "accuracy_ner": 0.9816517712932056, "f1_score_macro_ner": 0.8956506955571331, "f1_score_weighted_ner": 0.9821089238324695, "aes": 0.0033657968132978396, "ged": 0.2019676339058649, "ner": 0.07295355630949849, "total_loss": 0.2782869870286612, "aes_weight_coef": 1.0, "ged_weight_coef": 1.0, "ner_weight_coef": 1.0}, "info": {"tasks": ["aes", "ged", "ner"], "outputs": ["loss", "labels", "preds"], "map_out_to_task": {"aes_loss": "aes", "aes_labels": "aes", "aes_preds": "aes", "ged_loss": "ged", "ged_labels": "ged", "ged_preds": "ged", "ner_loss": "ner", "ner_labels": "ner", "ner_preds": "ner"}, "map_out_to_out": {"aes_loss": "loss", "aes_labels": "labels", "aes_preds": "preds", "ged_loss": "loss", "ged_labels": "labels", "ged_preds": "preds", "ner_loss": "loss", "ner_labels": "labels", "ner_preds": "preds"}, "map_task_index": {"aes": 0, "ged": 1, "ner": 2}, "map_index_task": {"0": "aes", "1": "ged", "2": "ner"}, "optimizer_weighting": "fixed", "epochs_to_avg_over": 2, "temp": 2, "init_task_weightings": {"aes": 1.0, "ged": 1.0, "ner": 1.0}, "metrics_to_track_by_task": {"aes": "pearson_aes", "ged": "f_0_5_ged", "ner": "f1_score_macro_ner"}, "regression_tasks": ["aes"], "classification_tasks": ["ner", "ged"], "fce_tasks": ["aes", "ged"], "task_priorities_priority_as_key": {"primary_task": "aes", "secondary_task": "ged", "aux_task": "ner"}, "early_stopping_patience": 2, "early_stopping_metric": "los", "pretrained_model": "distilroberta-base", "frozen_layers": null, "scoring": "script", "shared_encoder_n_layers": 2, "normalised_values": [40, 0], "output_layer_by_task": {"aes": -1, "ged": -1, "ner": -1}, "save_results": true, "learning_rate": 4e-05, "batch_size": 8, "weight_decay": 0.01, "adam_epsilon": 1e-08, "runtime": 702.1134757995605, "steps_per_sec": 0.33134189513900925, "model_name": "1630772236"}, "preds": {"aes": {"preds": [0.8593716025352478, 0.7228816747665405, 0.6691522002220154, 0.752988874912262, 0.6689901947975159, 0.8649402260780334, 0.816146731376648, 0.8019838929176331, 0.632487952709198, 0.7812191843986511, 0.7736926078796387, 0.7605313062667847, 0.8463889360427856, 0.8392313718795776, 0.6494226455688477, 0.5804100036621094, 0.6044961810112, 0.7014618515968323, 0.8130250573158264, 0.5952959656715393, 0.8503656387329102, 0.8141956925392151, 0.808049201965332, 0.681553840637207, 0.6528450846672058, 0.757246732711792, 0.5644798874855042, 0.8336010575294495, 0.8951829075813293, 0.8829464912414551, 0.8114194273948669, 0.8115379810333252, 0.7330979704856873, 0.6765938401222229, 0.8373181819915771, 0.6013765931129456, 0.8585669994354248, 0.6101593971252441, 0.8367782235145569, 0.7656436562538147, 0.5355738401412964, 0.653351902961731, 0.7469694018363953, 0.8821035027503967, 0.8194612264633179, 0.83265221118927, 0.5177659392356873, 0.7278381586074829, 0.8660222291946411, 0.608757734298706, 0.905008852481842, 0.6140332221984863, 0.7945563793182373, 0.6855044960975647, 0.6718306541442871, 0.771649181842804, 0.6427072882652283, 0.9299025535583496, 0.7408156991004944, 0.8702520132064819, 0.42254048585891724, 0.7501760721206665, 0.6198825836181641, 0.8500482439994812, 0.664076030254364, 0.7251264452934265, 0.7083984017372131, 0.8591932654380798, 0.6142877340316772, 0.9016321301460266, 0.7807172536849976, 0.7073106169700623, 0.8998965620994568, 0.9868624210357666, 0.7287911176681519, 0.8965095281600952, 0.9062563180923462, 0.7532787919044495, 0.8212368488311768, 0.6400790810585022, 0.8017615675926208, 0.6944859623908997, 0.7996872067451477, 0.8142932653427124, 0.8454356789588928, 0.7672604918479919, 0.6626126766204834, 0.8368861675262451, 0.6727371215820312, 0.5890502333641052, 0.7472590208053589, 0.6175681352615356, 0.6024728417396545, 0.6529607772827148, 0.7379899024963379, 0.8404295444488525],