{"best": {"ged": {"accuracy_ged": 0.8441098621566807, "f1_score_macro_ged": 0.7305011830159768, "f1_score_weighted_ged": 0.8583590659307344, "f_0_5_ged": 0.6454404664298077, "ged": 0.10384684662486232, "ged_weight_coef": 1.0}, "ner": {"accuracy_ner": 0.9915696429266773, "f1_score_macro_ner": 0.9523906475365315, "f1_score_weighted_ner": 0.9915684476795452, "ner": 0.02750159701505719, "ner_weight_coef": 1.0}}, "train": {"loss": [0.3438, 0.2152], "learning_rate": [3.245283018867925e-05, 2.4905660377358492e-05], "epoch": [1.89, 3.77], "step": [500, 1000]}, "eval": {"accuracy_ged": [0.8457254821078685, 0.8276442886115981, 0.8339005190608779, 0.8585473170396343, 0.8441098621566807], "f1_score_macro_ged": [0.7138980628995948, 0.7118995027272537, 0.7204792666491042, 0.7401652199315025, 0.7305011830159768], "f1_score_weighted_ged": [0.8558059704354368, 0.845333361046225, 0.8505853355345975, 0.868320049745495, 0.8583590659307344], "f_0_5_ged": [0.5754918227068027, 0.6291568093558898, 0.6418358657164627, 0.6295388097708194, 0.6454404664298077], "accuracy_ner": [0.9862544293446517, 0.9897979050660021, 0.9908297963474942, 0.9906156302324676, 0.9915696429266773], "f1_score_macro_ner": [0.9176090272608202, 0.940844563171425, 0.9467930955935828, 0.9470923200040416, 0.9523906475365315], "f1_score_weighted_ner": [0.9860363087658823, 0.9897370025594121, 0.9908306364832583, 0.9905743669590216, 0.9915684476795452], "ged": [0.10826341773188392, 0.09929411425146946, 0.09797271600989409, 0.10794404426286387, 0.10384684662486232], "ner": [0.03908629046189924, 0.02944612570193618, 0.02708920508319902, 0.02937973424965559, 0.02750159701505719], "total_loss": [0.14734970819378315, 0.12874023995340564, 0.1250619210930931, 0.13732377851251945, 0.13134844363991952], "ged_weight_coef": [1.0, 1.0, 1.0, 1.0, 1.0], "ner_weight_coef": [1.0, 1.0, 1.0, 1.0, 1.0], "epoch": [1.0, 2.0, 3.0, 4.0, 5.0], "step": [264, 529, 794, 1059, 1324]}, "test": {"accuracy_ged": 0.8262124248496994, "f1_score_macro_ged": 0.7211657522782182, "f1_score_weighted_ged": 0.8404527861046553, "f_0_5_ged": 0.6316742944317314, "accuracy_ner": 0.9821470873263702, "f1_score_macro_ner": 0.8960481453950878, "f1_score_weighted_ner": 0.9825754875918493, "ged": 0.15872158110141754, "ner": 0.06737316315550179, "total_loss": 0.22609474425691933, "ged_weight_coef": 1.0, "ner_weight_coef": 1.0}, "info": {"tasks": ["ged", "ner"], "outputs": ["loss", "labels", "preds"], "map_out_to_task": {"ged_loss": "ged", "ged_labels": "ged", "ged_preds": "ged", "ner_loss": "ner", "ner_labels": "ner", "ner_preds": "ner"}, "map_out_to_out": {"ged_loss": "loss", "ged_labels": "labels", "ged_preds": "preds", "ner_loss": "loss", "ner_labels": "labels", "ner_preds": "preds"}, "map_task_index": {"ged": 0, "ner": 1}, "map_index_task": {"0": "ged", "1": "ner"}, "optimizer_weighting": "fixed", "epochs_to_avg_over": 2, "temp": 2, "init_task_weightings": {"aes": 1.0, "ged": 1.0, "ner": 1.0}, "metrics_to_track_by_task": {"aes": "pearson_aes", "ged": "f_0_5_ged", "ner": "f1_score_macro_ner"}, "regression_tasks": ["aes"], "classification_tasks": ["ner", "ged"], "fce_tasks": ["aes", "ged"], "task_priorities_priority_as_key": {"primary_task": "ged", "aux_task": "ner"}, "early_stopping_patience": 2, "early_stopping_metric": "loss", "pretrained_model": "distilroberta-base", "frozen_layers": null, "scoring": "script", "shared_encoder_n_layers": 0, "normalised_values": [40, 0], "output_layer_by_task": {"aes": -1, "ged": -1, "ner": -1}, "save_results": true, "learning_rate": 4e-05, "batch_size": 8, "weight_decay": 0.01, "adam_epsilon": 1e-08, "runtime": 339.5679774284363, "steps_per_sec": 0.25647128204564673, "model_name": "1630837337"}, "preds": {}}