{"best": {"ged": {"accuracy_ged": 0.8347237031926237, "f1_score_macro_ged": 0.7072667971854475, "f1_score_weighted_ged": 0.8482690283747553, "f_0_5_ged": 0.5866756449644376, "ged": 0.5728482703367869, "ged_weight_coef": 1.0}}, "train": {"loss": [0.5287], "learning_rate": [5.300751879699248e-06], "epoch": [3.76], "step": [500]}, "eval": {"accuracy_ged": [0.8011980179389073, 0.8301135294486609, 0.8347237031926237, 0.8588722323276673, 0.8576491250078404], "f1_score_macro_ged": [0.6645974950069088, 0.6968065155555407, 0.7072667971854475, 0.7228540135085505, 0.7247340001165914], "f1_score_weighted_ged": [0.8208466360833842, 0.8435621346907752, 0.8482690283747553, 0.8645838040553211, 0.8643617677281232], "f_0_5_ged": [0.5314493701946671, 0.5628117338743766, 0.5866756449644376, 0.5618127587588478, 0.5729994700582935], "ged": [0.6224989030096266, 0.5905073086420695, 0.5728482703367869, 0.6113968888918558, 0.6092999577522278], "total_loss": [0.6224989030096266, 0.5905073086420695, 0.5728482703367869, 0.6113968888918558, 0.6092999577522278], "ged_weight_coef": [1.0, 1.0, 1.0, 1.0, 1.0], "epoch": [0.99, 1.99, 2.99, 3.99, 4.99], "step": [132, 265, 398, 531, 664]}, "test": {"accuracy_ged": 0.842954719270023, "f1_score_macro_ged": 0.7161914154311411, "f1_score_weighted_ged": 0.848782169706938, "f_0_5_ged": 0.5575012628388617, "ged": 0.6500508586565653, "total_loss": 0.6500508586565653, "ged_weight_coef": 1.0}, "info": {"tasks": ["ged"], "outputs": ["loss", "labels", "preds"], "map_out_to_task": {"ged_loss": "ged", "ged_labels": "ged", "ged_preds": "ged"}, "map_out_to_out": {"ged_loss": "loss", "ged_labels": "labels", "ged_preds": "preds"}, "map_task_index": {"ged": 0}, "map_index_task": {"0": "ged"}, "optimizer_weighting": "fixed", "epochs_to_avg_over": 2, "temp": 2, "init_task_weightings": {"aes": 1.0, "ged": 1.0, "ner": 1.0}, "metrics_to_track_by_task": {"aes": "pearson_aes", "ged": "f_0_5_ged", "ner": "f1_score_avg_ner"}, "regression_tasks": ["aes"], "classification_tasks": ["ner", "ged"], "fce_tasks": ["aes", "ged"], "task_priorities_priority_as_key": {"primary_task": "ged"}, "early_stopping_patience": 2, "early_stopping_metric": null, "pretrained_model": "distilroberta-base", "frozen_layers": null, "scoring": "script", "shared_encoder_n_layers": 0, "normalised_values": [40, 0], "output_layer_by_task": {"aes": -1, "ged": -1, "ner": -1}, "save_results": true, "learning_rate": 1e-05, "batch_size": 8, "weight_decay": 0.01, "adam_epsilon": 1e-08, "runtime": 164.349675655365, "steps_per_sec": 0.247514571770128, "model_name": "1630759418"}, "preds": {}}