{"best": {"aes": {"rmse_aes": 6.172294729047068, "pearson_aes": 0.6265887230510366, "spearman_aes": 0.6254448836918597, "kappa_aes": 0.31484250141774495, "aes": 0.00499725355875007, "aes_weight_coef": 1.0}, "ner": {"accuracy_ner": 0.9913749464584712, "f1_score_macro_ner": 0.9532430638729955, "f1_score_weighted_ner": 0.9913905706602244, "ner": 0.028378320208122563, "ner_weight_coef": 1.0}}, "train": {"loss": [0.0778, 0.0219], "learning_rate": [6.49056603773585e-05, 4.9811320754716985e-05], "epoch": [1.89, 3.77], "step": [500, 1000]}, "eval": {"rmse_aes": [5.287564026405102, 6.99205898780101, 5.092205372484063, 6.172294729047068, 5.531475591758697], "pearson_aes": [0.5493229904060827, 0.5474386898937511, 0.621721406156365, 0.6265887230510366, 0.5879574452127696], "spearman_aes": [0.5676067012791974, 0.5671661400924357, 0.6357234124309102, 0.6254448836918597, 0.5823716468390717], "kappa_aes": [0.2530593034201445, 0.18351379671673074, 0.4262250576896973, 0.31484250141774495, 0.3704881928300502], "accuracy_ner": [0.984210116428488, 0.9897005568318991, 0.9910244928157004, 0.9913749464584712, 0.9911607803434446], "f1_score_macro_ner": [0.9151438931295264, 0.9414444841270685, 0.9496668558355795, 0.9532430638729955, 0.951738765140695], "f1_score_weighted_ner": [0.9845912066952162, 0.989764832417873, 0.9910187686743545, 0.9913905706602244, 0.991126983992302], "aes": [0.003638013081928325, 0.006320649974567946, 0.00336623708392645, 0.00499725355875007, 0.003981055280323638], "ner": [0.04662439322402311, 0.03422222934056853, 0.028445412372347226, 0.028378320208122563, 0.03126271710687772], "total_loss": [0.05026240630595143, 0.040542879315136476, 0.031811649456273676, 0.033375573766872633, 0.035243772387201354], "aes_weight_coef": [1.0, 1.0, 1.0, 1.0, 1.0], "ner_weight_coef": [1.0, 1.0, 1.0, 1.0, 1.0], "epoch": [1.0, 2.0, 3.0, 4.0, 5.0], "step": [264, 529, 794, 1059, 1324]}, "test": {"rmse_aes": 5.338539126015656, "pearson_aes": 0.7082840864793298, "spearman_aes": 0.7217880943189211, "kappa_aes": 0.4308707548688234, "accuracy_ner": 0.9835038225476472, "f1_score_macro_ner": 0.9065911297503616, "f1_score_weighted_ner": 0.9836808406739526, "aes": 0.005100077838592586, "ner": 0.0636107652403769, "total_loss": 0.06871084307896949, "aes_weight_coef": 1.0, "ner_weight_coef": 1.0}, "info": {"tasks": ["aes", "ner"], "outputs": ["loss", "labels", "preds"], "map_out_to_task": {"aes_loss": "aes", "aes_labels": "aes", "aes_preds": "aes", "ner_loss": "ner", "ner_labels": "ner", "ner_preds": "ner"}, "map_out_to_out": {"aes_loss": "loss", "aes_labels": "labels", "aes_preds": "preds", "ner_loss": "loss", "ner_labels": "labels", "ner_preds": "preds"}, "map_task_index": {"aes": 0, "ner": 1}, "map_index_task": {"0": "aes", "1": "ner"}, "optimizer_weighting": "fixed", "epochs_to_avg_over": 2, "temp": 2, "init_task_weightings": {"aes": 1.0, "ged": 1.0, "ner": 1.0}, "metrics_to_track_by_task": {"aes": "pearson_aes", "ged": "f_0_5_ged", "ner": "f1_score_macro_ner"}, "regression_tasks": ["aes"], "classification_tasks": ["ner", "ged"], "fce_tasks": ["aes", "ged"], "task_priorities_priority_as_key": {"primary_task": "aes", "secondary_task": "ged", "aux_task": "ner"}, "early_stopping_patience": 2, "early_stopping_metric": "loss", "pretrained_model": "distilroberta-base", "frozen_layers": 0, "scoring": "script", "shared_encoder_n_layers": 1, "normalised_values": [40, 0], "output_layer_by_task": {"aes": -1, "ged": -1, "ner": -1}, "save_results": true, "learning_rate": 8e-05, "batch_size": 8, "weight_decay": 0.01, "adam_epsilon": 1e-08, "runtime": 364.8844859600067, "steps_per_sec": 0.27559251205438573, "model_name": "1630844323"}, "preds": {"aes": {"preds": [0.8103035688400269, 0.7784164547920227, 0.6910890340805054, 0.7839999198913574, 0.75727379322052, 0.7504023909568787, 0.80439293384552, 0.8200353384017944, 0.6483659148216248, 0.8066242337226868, 0.8288690447807312, 0.7877832651138306, 0.8275189399719238, 0.8301063179969788, 0.6734105944633484, 0.6710134148597717, 0.6437841653823853, 0.7462527751922607, 0.7990602254867554, 0.6500874757766724, 0.7955670952796936, 0.8327414393424988, 0.8197610378265381, 0.7282955050468445, 0.6794650554656982, 0.7651435732841492, 0.6572863459587097, 0.8214442133903503, 0.8439444303512573, 0.795311689376831, 0.7596376538276672, 0.8046643733978271, 0.7779174447059631, 0.7292448282241821, 0.8365281224250793, 0.6814089417457581, 0.8318173885345459, 0.719596266746521, 0.7966405153274536, 0.7281800508499146, 0.6486365795135498, 0.7487363815307617, 0.7444790005683899, 0.7802088856697083, 0.8094728589057922, 0.7755368947982788, 0.6286474466323853, 0.8034772276878357, 0.8212206959724426, 0.707835853099823, 0.8257789015769958, 0.694221019744873, 0.7762248516082764, 0.719550609588623, 0.7405815124511719, 0.7575701475143433, 0.6883299350738525, 0.8487676382064819, 0.7138162851333618, 0.8355300426483154, 0.5456787347793579, 0.6950744390487671, 0.6576413512229919, 0.8140125870704651, 0.7033195495605469, 0.7329752445220947, 0.7259275913238525, 0.8358634114265442, 0.6529915928840637, 0.7647750973701477, 0.811293363571167, 0.6795600652694702, 0.7892729043960571, 0.8583290576934814, 0.7777577638626099, 0.8341166377067566, 0.8454718589782715, 0.7486805319786072, 0.8321623206138611, 0.6786578893661499, 0.8108197450637817, 0.7176127433776855, 0.7894420623779297, 0.8279006481170654, 0.8193100094795227, 0.8059334754943848, 0.6848928332328796, 0.8408398032188416, 0.7245112061500549, 0.6767019033432007, 0.8034300208091736, 0.7157243490219116, 0.693709135055542, 0.7455257177352905, 0.8117902278900146, 0.7767413854598999], "labels": [0.75, 0.6499999761581421, 0.574999988079071, 0.6499999761581421, 0.6499999761581421, 0.949999988079071, 0.675000011920929, 0.9750000238418579, 0.625, 0.6000000238418579, 0.625, 0.675000011920929, 0.75, 0.675000011920929, 0.5, 0.5249999761581421, 0.5249999761581421, 0.6499999761581421, 0.550000011920929, 0.6000000238418579, 0.949999988079071, 0.75, 0.8500000238418579, 0.6000000238418579, 0.574999988079071, 0.550000011920929, 0.574999988079071, 0.9750000238418579, 0.8500000238418579, 0.925000011920929, 0.7749999761581421, 0.699999988079071, 0.6499999761581421, 0.7250000238418579, 0.8500000238418579, 0.6499999761581421, 0.8500000238418579, 0.4749999940395355, 0.6499999761581421, 0.7749999761581421, 0.44999998807907104, 0.4749999940395355, 0.625, 0.6499999761581421, 0.7250000238418579, 0.7250000238418579, 0.44999998807907104, 0.675000011920929, 0.875, 0.550000011920929, 0.8999999761581421, 0.3499999940395355, 0.6000000238418579, 0.7250000238418579, 0.699999988079071, 0.6000000238418579, 0.625, 0.925000011920929, 0.6000000238418579, 0.8999999761581421, 0.32499998807907104, 0.574999988079071, 0.7250000238418579, 0.7749999761581421, 0.574999988079071, 0.699999988079071, 0.6499999761581421, 0.6499999761581421, 0.5249999761581421, 0.949999988079071, 0.800000011920929, 0.7250000238418579, 0.8999999761581421, 1.0, 0.7250000238418579, 0.8500000238418579, 0.8999999761581421, 0.625, 0.925000011920929, 0.42500001192092896, 0.800000011920929, 0.625, 0.625, 0.8999999761581421, 0.7749999761581421, 0.675000011920929, 0.4749999940395355, 0.699999988079071, 0.6000000238418579, 0.5, 0.625, 0.574999988079071, 0.550000011920929, 0.574999988079071, 0.675000011920929, 0.75]}}}