{"best": {"ner": {"accuracy_ner": 0.9927378217359137, "f1_score_macro_ner": 0.9592118440408286, "f1_score_weighted_ner": 0.9927975003910321, "ner": 0.035090007080174415, "ner_weight_coef": 1.0}}, "train": {"loss": [0.0893, 0.0088], "learning_rate": [4.992481203007519e-05, 1.9849624060150377e-05], "epoch": [3.76, 7.52], "step": [500, 1000]}, "eval": {"accuracy_ner": [0.9859818542891632, 0.9890191191931779, 0.9903041158833379, 0.9911218410498034, 0.9923678984463222, 0.9923873680931428, 0.9926794127954519, 0.9927378217359137, 0.9929130485572991], "f1_score_macro_ner": [0.9228768696184247, 0.9387679486093202, 0.946985170956281, 0.9454761465034794, 0.9551148137499992, 0.955462919475946, 0.9583876989435479, 0.9592118440408286, 0.958908067826854], "f1_score_weighted_ner": [0.9859316698926199, 0.9889841453835757, 0.9902539898945514, 0.9910621868335069, 0.9923427571157055, 0.9923825382475003, 0.9927244231901321, 0.9927975003910321, 0.9929297323689843], "ner": [0.05130044613597971, 0.042189536884314184, 0.03906120561684171, 0.03881308574681029, 0.03471349728131441, 0.0345304831844811, 0.033348174285933826, 0.035090007080174415, 0.034146279833018496], "total_loss": [0.05130044613597971, 0.042189536884314184, 0.03906120561684171, 0.03881308574681029, 0.03471349728131441, 0.0345304831844811, 0.033348174285933826, 0.035090007080174415, 0.034146279833018496], "ner_weight_coef": [1.0, 1.0, 1.0, 1.0, 1.0, 1.0, 1.0, 1.0, 1.0], "epoch": [0.99, 1.99, 2.99, 3.99, 4.99, 5.99, 6.99, 7.99, 8.99], "step": [132, 265, 398, 531, 664, 797, 930, 1063, 1196]}, "test": {"accuracy_ner": 0.9835468935070528, "f1_score_macro_ner": 0.9043247068294059, "f1_score_weighted_ner": 0.983947780255346, "ner": 0.10290629683683315, "total_loss": 0.10290629683683315, "ner_weight_coef": 1.0}, "info": {"tasks": ["ner"], "outputs": ["loss", "labels", "preds"], "map_out_to_task": {"ner_loss": "ner", "ner_labels": "ner", "ner_preds": "ner"}, "map_out_to_out": {"ner_loss": "loss", "ner_labels": "labels", "ner_preds": "preds"}, "map_task_index": {"ner": 0}, "map_index_task": {"0": "ner"}, "optimizer_weighting": "fixed", "epochs_to_avg_over": 2, "temp": 2, "init_task_weightings": {"aes": 1.0, "ged": 1.0, "ner": 1.0}, "metrics_to_track_by_task": {"aes": "pearson_aes", "ged": "f_0_5_ged", "ner": "f1_score_macro_ner"}, "regression_tasks": ["aes"], "classification_tasks": ["ner", "ged"], "fce_tasks": ["aes", "ged"], "task_priorities_priority_as_key": {"primary_task": "ner"}, "early_stopping_patience": 2, "early_stopping_metric": "loss", "pretrained_model": "distilroberta-base", "frozen_layers": null, "scoring": "script", "shared_encoder_n_layers": 0, "normalised_values": [40, 0], "output_layer_by_task": {"aes": -1, "ged": -1, "ner": -1}, "save_results": true, "learning_rate": 8e-05, "batch_size": 8, "weight_decay": 0.01, "adam_epsilon": 1e-08, "runtime": 313.2505736351013, "steps_per_sec": 0.2619151953470747, "model_name": "1630839305"}, "preds": {}}