{"best": {"ged": {"accuracy_ged": 0.8392630023031178, "f1_score_macro_ged": 0.7176308995818755, "f1_score_weighted_ged": 0.8530487808758287, "f_0_5_ged": 0.6117522644719297, "ged": 0.1062422581883364, "ged_weight_coef": 1.0}, "ner": {"accuracy_ner": 0.9912191892839064, "f1_score_macro_ner": 0.9500997991201365, "f1_score_weighted_ner": 0.9911954632022926, "ner": 0.02749351788647906, "ner_weight_coef": 1.0}}, "train": {"loss": [0.3649, 0.2418, 0.207], "learning_rate": [3.0566037735849064e-05, 2.1132075471698115e-05, 1.169811320754717e-05], "epoch": [1.89, 3.77, 5.66], "step": [500, 1000, 1500]}, "eval": {"accuracy_ged": [0.8367880100374686, 0.825925543982675, 0.8428379911312777, 0.852256711697776, 0.8392630023031178, 0.8553848269224159, 0.8639098002818741], "f1_score_macro_ged": [0.6931103134880471, 0.6996898658188981, 0.7154859115568224, 0.7246739611471908, 0.7176308995818755, 0.7284862510191457, 0.7343507814647532], "f1_score_weighted_ged": [0.8465469774192732, 0.8419618456040318, 0.8545766558158882, 0.8616242478943396, 0.8530487808758287, 0.8641199511386053, 0.8699107373121414], "f_0_5_ged": [0.5299231026412571, 0.5875528865838678, 0.5912343888862903, 0.5929464328152477, 0.6117522644719297, 0.5960675765963539, 0.5865731267660528], "accuracy_ner": [0.9815427748140648, 0.9879872279116857, 0.9886881351972275, 0.9897589657723609, 0.9902067676492349, 0.9909076749347767, 0.9912191892839064], "f1_score_macro_ner": [0.8850027478625819, 0.9330324817867659, 0.9370734739473566, 0.9431154607499733, 0.9445137112215014, 0.9484768821951735, 0.9500997991201365], "f1_score_weighted_ner": [0.9811714451639939, 0.9879029054964162, 0.9885826345129481, 0.9896634964770112, 0.990158943965386, 0.9908847111441378, 0.9911954632022926], "ged": [0.1147029441456462, 0.10509631107019823, 0.1063520118247631, 0.11097897485245106, 0.1062422581883364, 0.11587295837180558, 0.1222437952840051], "ner": [0.05236022772137509, 0.034908159722595714, 0.033788209640269365, 0.03079347879365953, 0.029122475518433506, 0.02824710447308716, 0.02749351788647906], "total_loss": [0.1670631718670213, 0.14000447079279396, 0.14014022146503247, 0.14177245364611057, 0.1353647337067699, 0.14412006284489276, 0.14973731317048417], "ged_weight_coef": [1.0, 1.0, 1.0, 1.0, 1.0, 1.0, 1.0], "ner_weight_coef": [1.0, 1.0, 1.0, 1.0, 1.0, 1.0, 1.0], "epoch": [1.0, 2.0, 3.0, 4.0, 5.0, 6.0, 7.0], "step": [264, 529, 794, 1059, 1324, 1589, 1854]}, "test": {"accuracy_ged": 0.8475617902471609, "f1_score_macro_ged": 0.7253293056357806, "f1_score_weighted_ged": 0.8530403671229174, "f_0_5_ged": 0.5729749906681598, "accuracy_ner": 0.9806396037471735, "f1_score_macro_ner": 0.8899796993765139, "f1_score_weighted_ner": 0.9811189708666379, "ged": 0.18483526649929227, "ner": 0.07208212159041848, "total_loss": 0.25691738808971076, "ged_weight_coef": 1.0, "ner_weight_coef": 1.0}, "info": {"tasks": ["ged", "ner"], "outputs": ["loss", "labels", "preds"], "map_out_to_task": {"ged_loss": "ged", "ged_labels": "ged", "ged_preds": "ged", "ner_loss": "ner", "ner_labels": "ner", "ner_preds": "ner"}, "map_out_to_out": {"ged_loss": "loss", "ged_labels": "labels", "ged_preds": "preds", "ner_loss": "loss", "ner_labels": "labels", "ner_preds": "preds"}, "map_task_index": {"ged": 0, "ner": 1}, "map_index_task": {"0": "ged", "1": "ner"}, "optimizer_weighting": "fixed", "epochs_to_avg_over": 2, "temp": 2, "init_task_weightings": {"aes": 1.0, "ged": 1.0, "ner": 1.0}, "metrics_to_track_by_task": {"aes": "pearson_aes", "ged": "f_0_5_ged", "ner": "f1_score_macro_ner"}, "regression_tasks": ["aes"], "classification_tasks": ["ner", "ged"], "fce_tasks": ["aes", "ged"], "task_priorities_priority_as_key": {"primary_task": "ged", "aux_task": "ner"}, "early_stopping_patience": 2, "early_stopping_metric": "los", "pretrained_model": "distilroberta-base", "frozen_layers": null, "scoring": "script", "shared_encoder_n_layers": 0, "normalised_values": [40, 0], "output_layer_by_task": {"aes": -1, "ged": 4, "ner": 4}, "save_results": true, "learning_rate": 4e-05, "batch_size": 8, "weight_decay": 0.01, "adam_epsilon": 1e-08, "runtime": 231.22000074386597, "steps_per_sec": 0.1247141320085577, "model_name": "1630771740"}, "preds": {}}