{"best": {"ged": {"accuracy_ged": 0.836981747475381, "f1_score_macro_ged": 0.7093444863617587, "f1_score_weighted_ged": 0.8499448124233144, "f_0_5_ged": 0.5870051962316759, "ged": 0.5717650122112699, "ged_weight_coef": 1.0}}, "train": {"loss": [0.5417], "learning_rate": [5.300751879699248e-06], "epoch": [3.76], "step": [500]}, "eval": {"accuracy_ged": [0.8310543812331431, 0.8491814589475005, 0.8444772000250894, 0.836981747475381, 0.8579941039954839, 0.8641723640469171], "f1_score_macro_ged": [0.6730317127077589, 0.7035418516572396, 0.7071529936809622, 0.7093444863617587, 0.7228013272039744, 0.7278086198967872], "f1_score_weighted_ged": [0.8389601483371557, 0.8552223518714823, 0.853539905834198, 0.8499448124233144, 0.8641138416910938, 0.8684441158797029], "f_0_5_ged": [0.4784836970928692, 0.5264564404061999, 0.5542976574066011, 0.5870051962316759, 0.5647272888652198, 0.5606783015473192], "ged": [0.6517385443051656, 0.6246608363257514, 0.6001802186171213, 0.5717650122112699, 0.6157519486215379, 0.6346945630179511], "total_loss": [0.6517385443051656, 0.6246608363257514, 0.6001802186171213, 0.5717650122112699, 0.6157519486215379, 0.6346945630179511], "ged_weight_coef": [1.0, 1.0, 1.0, 1.0, 1.0, 1.0], "epoch": [0.99, 1.99, 2.99, 3.99, 4.99, 5.99], "step": [132, 265, 398, 531, 664, 797]}, "test": {"accuracy_ged": 0.8505498562725811, "f1_score_macro_ged": 0.7197356956520762, "f1_score_weighted_ged": 0.8535846478472326, "f_0_5_ged": 0.5446088359479592, "ged": 0.667966033021609, "total_loss": 0.667966033021609, "ged_weight_coef": 1.0}, "info": {"tasks": ["ged"], "outputs": ["loss", "labels", "preds"], "map_out_to_task": {"ged_loss": "ged", "ged_labels": "ged", "ged_preds": "ged"}, "map_out_to_out": {"ged_loss": "loss", "ged_labels": "labels", "ged_preds": "preds"}, "map_task_index": {"ged": 0}, "map_index_task": {"0": "ged"}, "optimizer_weighting": "fixed", "epochs_to_avg_over": 2, "temp": 2, "init_task_weightings": {"aes": 1.0, "ged": 1.0, "ner": 1.0}, "metrics_to_track_by_task": {"aes": "pearson_aes", "ged": "f_0_5_ged", "ner": "f1_score_avg_ner"}, "regression_tasks": ["aes"], "classification_tasks": ["ner", "ged"], "fce_tasks": ["aes", "ged"], "task_priorities_priority_as_key": {"primary_task": "ged"}, "early_stopping_patience": 2, "early_stopping_metric": null, "pretrained_model": "distilroberta-base", "frozen_layers": 3.0, "scoring": "script", "shared_encoder_n_layers": 0, "normalised_values": [40, 0], "output_layer_by_task": {"aes": -1, "ged": -1, "ner": -1}, "save_results": true, "learning_rate": 1e-05, "batch_size": 8, "weight_decay": 0.01, "adam_epsilon": 1e-08, "runtime": 196.9345247745514, "steps_per_sec": 0.24709476132315106, "model_name": "1630759985"}, "preds": {}}