{"best": {"aes": {"rmse_aes": 6.848560270434786, "pearson_aes": 0.6257735648376258, "spearman_aes": 0.6307600685029415, "kappa_aes": 0.32018393030009684, "aes": 0.006247546480492104, "aes_weight_coef": 1.0}, "ged": {"accuracy_ged": 0.8317692757210133, "f1_score_macro_ged": 0.719244243849845, "f1_score_weighted_ged": 0.8491212380663529, "f_0_5_ged": 0.6443701226309921, "ged": 0.09982510846714641, "ged_weight_coef": 1.0}, "ner": {"accuracy_ner": 0.9916669911607804, "f1_score_macro_ner": 0.9546871072969488, "f1_score_weighted_ner": 0.9916130105159944, "ner": 0.02676536737085688, "ner_weight_coef": 1.0}}, "train": {"loss": [0.3446, 0.213], "learning_rate": [6.113207547169813e-05, 4.226415094339623e-05], "epoch": [1.89, 3.77], "step": [500, 1000]}, "eval": {"rmse_aes": [5.7638721552635275, 6.848560270434786, 6.277163195088828, 5.324210948321095], "pearson_aes": [0.5738667876934858, 0.6257735648376258, 0.5784380046666496, 0.5866327162214712], "spearman_aes": [0.5742957766294337, 0.6307600685029415, 0.5703220327986189, 0.5814304961657025], "kappa_aes": [0.362903452344167, 0.32018393030009684, 0.35440390425284685, 0.49351617230585776], "accuracy_ged": [0.8209068096662198, 0.8302567804475611, 0.8541817056821698, 0.8317692757210133], "f1_score_macro_ged": [0.6968665661049369, 0.7131617966705885, 0.7346050481481292, 0.719244243849845], "f1_score_weighted_ged": [0.8385573317227665, 0.8470773328059039, 0.8647756329384758, 0.8491212380663529], "f_0_5_ged": [0.592812485944317, 0.6252527521905189, 0.6242083040112597, 0.6443701226309921], "accuracy_ner": [0.9850278415949535, 0.9902651765896967, 0.9910050231688797, 0.9916669911607804], "f1_score_macro_ner": [0.9152671100699811, 0.946385343851549, 0.9513422169339802, 0.9546871072969488], "f1_score_weighted_ner": [0.9850000781035442, 0.9902427213779357, 0.9909899616171188, 0.9916130105159944], "aes": [0.004309567996452368, 0.006247546480492104, 0.005075558803455774, 0.0037225993068585564], "ged": [0.10347599761430608, 0.09865842378416727, 0.102678669746532, 0.09982510846714641], "ner": [0.04350330303747987, 0.030829403733531404, 0.02858306969472662, 0.02676536737085688], "total_loss": [0.15128886864823832, 0.13573537399819077, 0.13633729824471438, 0.13031307514486185], "aes_weight_coef": [1.0, 1.0, 1.0, 1.0], "ged_weight_coef": [1.0, 1.0, 1.0, 1.0], "ner_weight_coef": [1.0, 1.0, 1.0, 1.0], "epoch": [1.0, 2.0, 3.0, 4.0], "step": [264, 529, 794, 1059]}, "test": {"rmse_aes": 4.3600936534284065, "pearson_aes": 0.7824595871744542, "spearman_aes": 0.7736955529061268, "kappa_aes": 0.6476709736848657, "accuracy_ged": 0.8139746158984636, "f1_score_macro_ged": 0.7100029825903167, "f1_score_weighted_ged": 0.8310302508683752, "f_0_5_ged": 0.6287079248110911, "accuracy_ner": 0.9828792936362657, "f1_score_macro_ner": 0.9040949282265688, "f1_score_weighted_ner": 0.9831073148519351, "aes": 0.0034135102427431513, "ged": 0.15359253187974295, "ner": 0.06290576815427769, "total_loss": 0.2199118102767638, "aes_weight_coef": 1.0, "ged_weight_coef": 1.0, "ner_weight_coef": 1.0}, "info": {"tasks": ["aes", "ged", "ner"], "outputs": ["loss", "labels", "preds"], "map_out_to_task": {"aes_loss": "aes", "aes_labels": "aes", "aes_preds": "aes", "ged_loss": "ged", "ged_labels": "ged", "ged_preds": "ged", "ner_loss": "ner", "ner_labels": "ner", "ner_preds": "ner"}, "map_out_to_out": {"aes_loss": "loss", "aes_labels": "labels", "aes_preds": "preds", "ged_loss": "loss", "ged_labels": "labels", "ged_preds": "preds", "ner_loss": "loss", "ner_labels": "labels", "ner_preds": "preds"}, "map_task_index": {"aes": 0, "ged": 1, "ner": 2}, "map_index_task": {"0": "aes", "1": "ged", "2": "ner"}, "optimizer_weighting": "fixed", "epochs_to_avg_over": 2, "temp": 2, "init_task_weightings": {"aes": 1.0, "ged": 1.0, "ner": 1.0}, "metrics_to_track_by_task": {"aes": "pearson_aes", "ged": "f_0_5_ged", "ner": "f1_score_macro_ner"}, "regression_tasks": ["aes"], "classification_tasks": ["ner", "ged"], "fce_tasks": ["aes", "ged"], "task_priorities_priority_as_key": {"primary_task": "aes", "secondary_task": "ged", "aux_task": "ner"}, "early_stopping_patience": 2, "early_stopping_metric": "los", "pretrained_model": "distilroberta-base", "frozen_layers": null, "scoring": "script", "shared_encoder_n_layers": 0, "normalised_values": [40, 0], "output_layer_by_task": {"aes": -1, "ged": -1, "ner": -1}, "save_results": true, "learning_rate": 8e-05, "batch_size": 8, "weight_decay": 0.01, "adam_epsilon": 1e-08, "runtime": 270.4882242679596, "steps_per_sec": 0.25541853094236033, "model_name": "1630773694"}, "preds": {"aes": {"preds": [0.8265365958213806, 0.7350313067436218, 0.7109231352806091, 0.751433789730072, 0.6893095374107361, 0.8481677770614624, 0.7674712538719177, 0.7517787218093872, 0.6431832909584045, 0.7888473868370056, 0.7708054780960083, 0.7742136716842651, 0.8288500905036926, 0.8557496070861816, 0.6710153222084045, 0.6034221649169922, 0.613307774066925, 0.6815491914749146, 0.7776702046394348, 0.6160422563552856, 0.8162055015563965, 0.8066660761833191, 0.784727931022644, 0.7053630948066711, 0.6443237662315369, 0.7551491260528564, 0.5739508271217346, 0.8979453444480896, 0.8826408386230469, 0.8212262988090515, 0.7927939891815186, 0.7789137363433838, 0.7677717208862305, 0.6980363726615906, 0.8509289622306824, 0.577416181564331, 0.7927520275115967, 0.6457205414772034, 0.7721392512321472, 0.7290253639221191, 0.5710456371307373, 0.682485818862915, 0.7240743041038513, 0.883921205997467, 0.8149870038032532, 0.732972264289856, 0.5508484840393066, 0.7372358441352844, 0.8464196920394897, 0.6208873987197876, 0.9117308259010315, 0.6478673815727234, 0.8082473874092102, 0.6815038919448853, 0.7154346704483032, 0.749285876750946, 0.6550319194793701, 0.9078278541564941, 0.6742115616798401, 0.8670610189437866, 0.41295069456100464, 0.7157876491546631, 0.6260684728622437, 0.7683068513870239, 0.6645121574401855, 0.7330588102340698, 0.739989161491394, 0.8440023064613342, 0.6138356328010559, 0.8320983052253723, 0.7559143900871277, 0.7075688242912292, 0.8805508613586426, 0.9012153744697571, 0.758845865726471, 0.8549475073814392, 0.8838322162628174, 0.7364137172698975, 0.8401287794113159, 0.6262999176979065, 0.8115513920783997, 0.6862300634384155, 0.8123751878738403, 0.7728031277656555, 0.8338140845298767, 0.7439374327659607, 0.6499009728431702, 0.7869595289230347, 0.711085855960846, 0.5839183926582336, 0.7242327928543091, 0.630641520023346, 0.6287941336631775, 0.6480410695075989, 0.7449620962142944, 0.8003199696540833],