{"best": {"aes": {"rmse_aes": 5.7412564231582355, "pearson_aes": 0.6997136322778127, "spearman_aes": 0.7052884021549524, "kappa_aes": 0.5301489579651099, "aes": 0.023280909336689446, "aes_weight_coef": 1.0}}, "train": {"loss": [0.0297, 0.0133], "learning_rate": [5.300751879699248e-06, 6.015037593984962e-07], "epoch": [3.76, 7.52], "step": [500, 1000]}, "eval": {"rmse_aes": [6.594013395363088, 4.897687390202839, 6.045188483204503, 6.046235359735548, 5.524399274289663, 5.7412564231582355, 5.323699104184865, 7.020764861502366], "pearson_aes": [0.5725947579842231, 0.6670604525791276, 0.6535916327715856, 0.6732455303698639, 0.6965071105235607, 0.6997136322778127, 0.6969301061127828, 0.6869156135966751], "spearman_aes": [0.607314400287508, 0.6853878573244617, 0.6786742842436766, 0.6893826489301317, 0.7021606045511631, 0.7052884021549524, 0.6970883106544139, 0.6923951774134961], "kappa_aes": [0.3084147224913374, 0.608871472684013, 0.47162445049194057, 0.47242350574667713, 0.5333430109207853, 0.5301489579651099, 0.5690271380209778, 0.4308433306170647], "aes": [0.030279130312717624, 0.01610802080378764, 0.02492227643314335, 0.02571753981626696, 0.021085599540836282, 0.023280909336689446, 0.019537643632955022, 0.03368278510040707], "total_loss": [0.030279130312717624, 0.01610802080378764, 0.02492227643314335, 0.02571753981626696, 0.021085599540836282, 0.023280909336689446, 0.019537643632955022, 0.03368278510040707], "aes_weight_coef": [1.0, 1.0, 1.0, 1.0, 1.0, 1.0, 1.0, 1.0], "epoch": [0.99, 1.99, 2.99, 3.99, 4.99, 5.99, 6.99, 7.99], "step": [132, 265, 398, 531, 664, 797, 930, 1063]}, "test": {"rmse_aes": 6.029138865867789, "pearson_aes": 0.7848124925422479, "spearman_aes": 0.7900071453460329, "kappa_aes": 0.5696322151896314, "aes": 0.022707008424665293, "total_loss": 0.022707008424665293, "aes_weight_coef": 1.0}, "info": {"tasks": ["aes"], "outputs": ["loss", "labels", "preds"], "map_out_to_task": {"aes_loss": "aes", "aes_labels": "aes", "aes_preds": "aes"}, "map_out_to_out": {"aes_loss": "loss", "aes_labels": "labels", "aes_preds": "preds"}, "map_task_index": {"aes": 0}, "map_index_task": {"0": "aes"}, "optimizer_weighting": "fixed", "epochs_to_avg_over": 2, "temp": 2, "init_task_weightings": {"aes": 1.0, "ged": 1.0, "ner": 1.0}, "metrics_to_track_by_task": {"aes": "pearson_aes", "ged": "f_0_5_ged", "ner": "f1_score_avg_ner"}, "regression_tasks": ["aes"], "classification_tasks": ["ner", "ged"], "fce_tasks": ["aes", "ged"], "task_priorities_priority_as_key": {"primary_task": "aes"}, "early_stopping_patience": 2, "early_stopping_metric": null, "pretrained_model": "distilroberta-base", "frozen_layers": 3.0, "scoring": "script", "shared_encoder_n_layers": 0, "normalised_values": [40, 0], "output_layer_by_task": {"aes": -1, "ged": -1, "ner": -1}, "save_results": true, "learning_rate": 1e-05, "batch_size": 8, "weight_decay": 0.01, "adam_epsilon": 1e-08, "runtime": 259.0948095321655, "steps_per_sec": 0.24373923756553673, "model_name": "1630758625"}, "preds": {"aes": {"preds": [0.9875159859657288, 0.7529488205909729, 0.6795196533203125, 0.814877986907959, 0.7218062877655029, 0.9148255586624146, 0.8580175638198853, 0.8565235733985901, 0.6314440369606018, 0.7218454480171204, 0.7454196810722351, 0.887494683265686, 0.9055337309837341, 0.8680501580238342, 0.7674842476844788, 0.5407684445381165, 0.6046546697616577, 0.8276066184043884, 0.8734217882156372, 0.6245747804641724, 0.9496144652366638, 0.9165305495262146, 0.9654168486595154, 0.7443289756774902, 0.7767294049263, 0.8090863227844238, 0.5671852231025696, 0.8974696397781372, 0.9821281433105469, 0.9638885259628296, 0.8657783269882202, 0.8980915546417236, 0.7989582419395447, 0.6727662086486816, 0.9169360399246216, 0.6524467468261719, 0.9185569882392883, 0.7210205793380737, 0.8894692659378052, 0.8066126108169556, 0.5284964442253113, 0.7098961472511292, 0.8592861294746399, 0.9510777592658997, 0.8768744468688965, 0.9109176993370056, 0.5012243390083313, 0.815102756023407, 0.9842880368232727, 0.6370169520378113, 0.9945346713066101, 0.6511987447738647, 0.7782915830612183, 0.7287591695785522, 0.7320141792297363, 0.8672537803649902, 0.6689951419830322, 0.9834204912185669, 0.8174360990524292, 0.9631449580192566, 0.36074113845825195, 0.7711279988288879, 0.6612566709518433, 0.9131571650505066, 0.7061866521835327, 0.7655808925628662, 0.6993034482002258, 0.9719711542129517, 0.6156421899795532, 0.9947129487991333, 0.9054264426231384, 0.8038110136985779, 0.9646625518798828, 1.0494614839553833, 0.7939688563346863, 0.9742015600204468, 0.9588045477867126, 0.7820237278938293, 0.9083397388458252, 0.6758388876914978, 0.8968411087989807, 0.7607913613319397, 0.8062642216682434, 0.9131962656974792, 0.858488917350769, 0.8899187445640564, 0.7128472328186035, 0.9205442070960999, 0.6959807276725769, 0.6739369034767151, 0.8060091733932495, 0.7368592619895935, 0.6522336006164551, 0.6662575006484985, 0.7555152773857117, 0.919843852519989, 0.8489665985107422], "labels": [0.75, 0.6499999761581421, 0.574999988079071, 0.6499999761581421, 0.6499999761581421, 0.949999988079071, 0.675000011920929, 0.9750000238418579, 0.625, 0.6000000238418579, 0.625, 0.675000011920929, 0.75, 0.675000011920929, 0.5, 0.5249999761581421, 0.5249999761581421, 0.6499999761581421, 0.550000011920929, 0.6000000238418579, 0.949999988079071, 0.75, 0.8500000238418579, 0.6000000238418579, 0.574999988079071, 0.550000011920929, 0.574999988079071, 0.9750000238418579, 0.8500000238418579, 0.925000011920929, 0.7749999761581421, 0.699999988079071, 0.6499999761581421, 0.7250000238418579, 0.8500000238418579, 0.6499999761581421, 0.8500000238418579, 0.4749999940395355, 0.6499999761581421, 0.7749999761581421, 0.44999998807907104, 0.4749999940395355, 0.625, 0.6499999761581421, 0.7250000238418579, 0.7250000238418579, 0.44999998807907104, 0.675000011920929, 0.875, 0.550000011920929, 0.8999999761581421, 0.3499999940395355, 0.6000000238418579, 0.7250000238418579, 0.699999988079071, 0.6000000238418579, 0.625, 0.925000011920929, 0.6000000238418579, 0.8999999761581421, 0.32499998807907104, 0.574999988079071, 0.7250000238418579, 0.7749999761581421, 0.574999988079071, 0.699999988079071, 0.6499999761581421, 0.6499999761581421, 0.5249999761581421, 0.949999988079071, 0.800000011920929, 0.7250000238418579, 0.8999999761581421, 1.0, 0.7250000238418579, 0.8500000238418579, 0.8999999761581421, 0.625, 0.925000011920929, 0.42500001192092896, 0.800000011920929, 0.625, 0.625, 0.8999999761581421, 0.7749999761581421, 0.675000011920929, 0.4749999940395355, 0.699999988079071, 0.6000000238418579, 0.5, 0.625, 0.574999988079071, 0.550000011920929, 0.574999988079071, 0.675000011920929, 0.75, 0.8500000238418579]}}}