{"best": {"aes": {"rmse_aes": 5.596377796793605, "pearson_aes": 0.6093013419837885, "spearman_aes": 0.6034117066445766, "kappa_aes": 0.33426698071169403, "aes": 0.004082094379809014, "aes_weight_coef": 1.0}, "ged": {"accuracy_ged": 0.7130727716475886, "f1_score_macro_ged": 0.595876783669681, "f1_score_weighted_ged": 0.7548985579864423, "f_0_5_ged": 0.5042500794407372, "ged": 0.12160282218179037, "ged_weight_coef": 1.0}, "ner": {"accuracy_ner": 0.9847163272458238, "f1_score_macro_ner": 0.9151484507303435, "f1_score_weighted_ner": 0.9848530435039882, "ner": 0.04362528073753035, "ner_weight_coef": 1.0}}, "train": {"loss": [0.4352], "learning_rate": [3.0566037735849064e-05], "epoch": [1.89], "step": [500]}, "eval": {"rmse_aes": [5.596377796793605, 5.833333333333333, 6.276056794587577], "pearson_aes": [0.6093013419837885, 0.5992665833718411, 0.5583822375783201], "spearman_aes": [0.6034117066445766, 0.5855053174707632, 0.5653912108980403], "kappa_aes": [0.33426698071169403, 0.4682329220451905, 0.41433150656602213], "accuracy_ged": [0.7130727716475886, 0.8006599979375064, 0.8511910900278437], "f1_score_macro_ged": [0.595876783669681, 0.6558639725419697, 0.6872568098301226], "f1_score_weighted_ged": [0.7548985579864423, 0.8189762731160515, 0.8527088558923653], "f_0_5_ged": [0.5042500794407372, 0.5031403604587656, 0.467644084934277], "accuracy_ner": [0.9735602196176162, 0.9817180016354503, 0.9847163272458238], "f1_score_macro_ner": [0.8308743580130881, 0.8975085459668671, 0.9151484507303435], "f1_score_weighted_ner": [0.9730774558225013, 0.9819401411419373, 0.9848530435039882], "aes": [0.004082094379809014, 0.0045180981220720815, 0.005183359207368867], "ged": [0.12160282218179037, 0.12058988975924115, 0.12881589213082956], "ner": [0.07338831946253777, 0.05252720653837503, 0.04362528073753035], "total_loss": [0.19907323602413715, 0.17763519441968825, 0.17762453207572879], "aes_weight_coef": [1.0, 1.0, 1.0], "ged_weight_coef": [1.0, 1.0, 1.0], "ner_weight_coef": [1.0, 1.0, 1.0], "epoch": [1.0, 2.0, 3.0], "step": [264, 529, 794]}, "test": {"rmse_aes": 5.311151789709397, "pearson_aes": 0.7417445036073799, "spearman_aes": 0.7358202075589191, "kappa_aes": 0.5733504678526966, "accuracy_ged": 0.8305945223780895, "f1_score_macro_ged": 0.6742619946685359, "f1_score_weighted_ged": 0.8315472179995693, "f_0_5_ged": 0.45232917075908524, "accuracy_ner": 0.9739851405190051, "f1_score_macro_ner": 0.8586138014399329, "f1_score_weighted_ner": 0.974947241028599, "aes": 0.005107182410678693, "ged": 0.18663705672536576, "ner": 0.07481108721168268, "total_loss": 0.26655532634772716, "aes_weight_coef": 1.0, "ged_weight_coef": 1.0, "ner_weight_coef": 1.0}, "info": {"tasks": ["aes", "ged", "ner"], "outputs": ["loss", "labels", "preds"], "map_out_to_task": {"aes_loss": "aes", "aes_labels": "aes", "aes_preds": "aes", "ged_loss": "ged", "ged_labels": "ged", "ged_preds": "ged", "ner_loss": "ner", "ner_labels": "ner", "ner_preds": "ner"}, "map_out_to_out": {"aes_loss": "loss", "aes_labels": "labels", "aes_preds": "preds", "ged_loss": "loss", "ged_labels": "labels", "ged_preds": "preds", "ner_loss": "loss", "ner_labels": "labels", "ner_preds": "preds"}, "map_task_index": {"aes": 0, "ged": 1, "ner": 2}, "map_index_task": {"0": "aes", "1": "ged", "2": "ner"}, "optimizer_weighting": "fixed", "epochs_to_avg_over": 2, "temp": 2, "init_task_weightings": {"aes": 1.0, "ged": 1.0, "ner": 1.0}, "metrics_to_track_by_task": {"aes": "pearson_aes", "ged": "f_0_5_ged", "ner": "f1_score_macro_ner"}, "regression_tasks": ["aes"], "classification_tasks": ["ner", "ged"], "fce_tasks": ["aes", "ged"], "task_priorities_priority_as_key": {"primary_task": "aes", "secondary_task": "ged", "aux_task": "ner"}, "early_stopping_patience": 2, "early_stopping_metric": "los", "pretrained_model": "distilroberta-base", "frozen_layers": null, "scoring": "script", "shared_encoder_n_layers": 2, "normalised_values": [40, 0], "output_layer_by_task": {"aes": -1, "ged": 2, "ner": 2}, "save_results": true, "learning_rate": 4e-05, "batch_size": 8, "weight_decay": 0.01, "adam_epsilon": 1e-08, "runtime": 230.078763961792, "steps_per_sec": 0.2897717430249269, "model_name": "1630769654"}, "preds": {"aes": {"preds": [0.8930755853652954, 0.6123047471046448, 0.6642149090766907, 0.6762788891792297, 0.6609614491462708, 0.8842892050743103, 0.8605716228485107, 0.8170585632324219, 0.6917433142662048, 0.8140144348144531, 0.8347410559654236, 0.8871726393699646, 0.8755140900611877, 0.8802125453948975, 0.7209044098854065, 0.6359803676605225, 0.6534180641174316, 0.6582861542701721, 0.8601218461990356, 0.614077091217041, 0.9066523313522339, 0.8377197980880737, 0.8663598299026489, 0.7058927416801453, 0.6912729740142822, 0.7510396838188171, 0.6349332928657532, 0.8864943385124207, 0.9085623025894165, 0.8900676369667053, 0.8065987825393677, 0.865161657333374, 0.7790548205375671, 0.6525801420211792, 0.9076733589172363, 0.6649629473686218, 0.9092996716499329, 0.6730762720108032, 0.8064744472503662, 0.7619786858558655, 0.5842094421386719, 0.6848360896110535, 0.8049809336662292, 0.8962133526802063, 0.8565332293510437, 0.8665260672569275, 0.5620894432067871, 0.8230170607566833, 0.9003826975822449, 0.6801415681838989, 0.8598334193229675, 0.6081109642982483, 0.7557604312896729, 0.7671964168548584, 0.7208894491195679, 0.8196172714233398, 0.683211088180542, 0.9346383810043335, 0.7910223007202148, 0.8887973427772522, 0.4623757004737854, 0.7742440104484558, 0.6048004627227783, 0.8968363404273987, 0.7347885966300964, 0.7576208710670471, 0.6613117456436157, 0.8959804773330688, 0.629970133304596, 0.9082326292991638, 0.838365912437439, 0.7733120322227478, 0.8810498118400574, 0.9456995725631714, 0.8013714551925659, 0.8632634282112122, 0.9173330068588257, 0.7514254450798035, 0.877137303352356, 0.6581121683120728, 0.8845226168632507, 0.8189564943313599, 0.8594872951507568, 0.8366724848747253, 0.7724069952964783, 0.843615710735321, 0.6817537546157837, 0.8684425950050354, 0.6952877640724182, 0.6560680270195007, 0.8401843309402466, 0.708274781703949, 0.5789491534233093, 0.6815042495727539, 0.8067283034324646, 0.6845249533653259], "labels": [0.75, 0.6499999761581421, 0.574999988079071, 0.6499999761581421, 0.6499999761581421, 0.949999988079071, 0.675000011920929, 0.9750000238418579, 0.625, 0.6000000238418579, 0.625, 0.675000011920929, 0.75, 0.675000011920929, 0.5, 0.5249999761581421, 0.5249999761581421, 0.6499999761581421, 0.550000011920929, 0.6000000238418579, 0.949999988079071, 0.75, 0.8500000238418579, 0.6000000238418579, 0.574999988079071, 0.550000011920929, 0.574999988079071, 0.9750000238418579, 0.8500000238418579, 0.925000011920929, 0.7749999761581421, 0.699999988079071, 0.6499999761581421, 0.7250000238418579, 0.8500000238418579, 0.6499999761581421, 0.8500000238418579, 0.4749999940395355, 0.6499999761581421, 0.7749999761581421, 0.44999998807907104, 0.4749999940395355, 0.625, 0.6499999761581421, 0.7250000238418579, 0.7250000238418579, 0.44999998807907104, 0.675000011920929, 0.875, 0.550000011920929, 0.8999999761581421, 0.3499999940395355, 0.6000000238418579, 0.7250000238418579, 0.699999988079071, 0.6000000238418579, 0.625, 0.925000011920929, 0.6000000238418579, 0.8999999761581421, 0.32499998807907104, 0.574999988079071, 0.7250000238418579, 0.7749999761581421, 0.574999988079071, 0.699999988079071, 0.6499999761581421, 0.6499999761581421, 0.5249999761581421, 0.949999988079071, 0.800000011920929, 0.7250000238418579, 0.8999999761581421, 1.0, 0.7250000238418579, 0.8500000238418579, 0.8999999761581421, 0.625, 0.925000011920929, 0.42500001192092896, 0.800000011920929, 0.625, 0.625, 0.8999999761581421, 0.7749999761581421, 0.675000011920929, 0.4749999940395355, 0.699999988079071, 0.6000000238418579, 0.5, 0.625, 0.574999988079071, 0.550000011920929, 0.574999988079071, 0.675000011920929, 0.75]}}}