{"best": {"ner": {"accuracy_ner": 0.9875783653284529, "f1_score_macro_ner": 0.9296245481008703, "f1_score_weighted_ner": 0.987537377734752, "ner": 0.04720903530886227, "ner_weight_coef": 1.0}}, "train": {"loss": [0.2378, 0.0449], "learning_rate": [5.300751879699248e-06, 6.015037593984962e-07], "epoch": [3.76, 7.52], "step": [500, 1000]}, "eval": {"accuracy_ner": [0.9490089949768311, 0.9773762703944551, 0.9831782251469958, 0.9851446594758771, 0.9863323079319342, 0.9873057902729645, 0.9875783653284529, 0.9876562439157354], "f1_score_macro_ner": [0.5581304646195527, 0.8517245521950199, 0.8968992606549568, 0.9119206626305214, 0.9220211256546526, 0.9285077554144535, 0.9296245481008703, 0.9293368551780067], "f1_score_weighted_ner": [0.9390721612320849, 0.9766288490886577, 0.9829718970556616, 0.9850984643708375, 0.9862089960598242, 0.9872358756033588, 0.987537377734752, 0.9875997009727016], "ner": [0.1679542087244265, 0.08217084531982739, 0.062001054965411175, 0.054322999845625775, 0.050428047268228096, 0.04800263673744418, 0.04720903530886227, 0.04719588387701096], "total_loss": [0.1679542087244265, 0.08217084531982739, 0.062001054965411175, 0.054322999845625775, 0.050428047268228096, 0.04800263673744418, 0.04720903530886227, 0.04719588387701096], "ner_weight_coef": [1.0, 1.0, 1.0, 1.0, 1.0, 1.0, 1.0, 1.0], "epoch": [0.99, 1.99, 2.99, 3.99, 4.99, 5.99, 6.99, 7.99], "step": [132, 265, 398, 531, 664, 797, 930, 1063]}, "test": {"accuracy_ner": 0.9793474749650048, "f1_score_macro_ner": 0.8798394181714488, "f1_score_weighted_ner": 0.9798854794068236, "ner": 0.08516985562940439, "total_loss": 0.08516985562940439, "ner_weight_coef": 1.0}, "info": {"tasks": ["ner"], "outputs": ["loss", "labels", "preds"], "map_out_to_task": {"ner_loss": "ner", "ner_labels": "ner", "ner_preds": "ner"}, "map_out_to_out": {"ner_loss": "loss", "ner_labels": "labels", "ner_preds": "preds"}, "map_task_index": {"ner": 0}, "map_index_task": {"0": "ner"}, "optimizer_weighting": "fixed", "epochs_to_avg_over": 2, "temp": 2, "init_task_weightings": {"aes": 1.0, "ged": 1.0, "ner": 1.0}, "metrics_to_track_by_task": {"aes": "pearson_aes", "ged": "f_0_5_ged", "ner": "f1_score_macro_ner"}, "regression_tasks": ["aes"], "classification_tasks": ["ner", "ged"], "fce_tasks": ["aes", "ged"], "task_priorities_priority_as_key": {"primary_task": "ner"}, "early_stopping_patience": 2, "early_stopping_metric": null, "pretrained_model": "distilroberta-base", "frozen_layers": null, "scoring": "script", "shared_encoder_n_layers": 0, "normalised_values": [40, 0], "output_layer_by_task": {"aes": -1, "ged": -1, "ner": -1}, "save_results": true, "learning_rate": 1e-05, "batch_size": 8, "weight_decay": 0.01, "adam_epsilon": 1e-08, "runtime": 277.4827346801758, "steps_per_sec": 0.26103737975557456, "model_name": "1630762041"}, "preds": {}}