{"best": {"aes": {"rmse_aes": 4.357446703305951, "pearson_aes": 0.6639381360286414, "spearman_aes": 0.6871479188299683, "kappa_aes": 0.6566587819544587, "aes": 0.013100544145951668, "aes_weight_coef": 1.0}}, "train": {"loss": [0.0239], "learning_rate": [2.4962406015037596e-05], "epoch": [3.76], "step": [500]}, "eval": {"rmse_aes": [5.31298862235426, 4.357446703305951, 4.870474205592488, 5.550687036960243], "pearson_aes": [0.6139682110875415, 0.6639381360286414, 0.6162982294876352, 0.6339888587933851], "spearman_aes": [0.6432998460514276, 0.6871479188299683, 0.6439576610748106, 0.6434645328273911], "kappa_aes": [0.40049726580077327, 0.6566587819544587, 0.5828787214673455, 0.5619367242222493], "aes": [0.019412721507251263, 0.013100544145951668, 0.016234852295989793, 0.021253617687357798], "total_loss": [0.019412721507251263, 0.013100544145951668, 0.016234852295989793, 0.021253617687357798], "aes_weight_coef": [1.0, 1.0, 1.0, 1.0], "epoch": [0.99, 1.99, 2.99, 3.99], "step": [132, 265, 398, 531]}, "test": {"rmse_aes": 3.9507274548721294, "pearson_aes": 0.7893122363565444, "spearman_aes": 0.797949078065974, "kappa_aes": 0.7507920983028433, "aes": 0.010819634577880302, "total_loss": 0.010819634577880302, "aes_weight_coef": 1.0}, "info": {"tasks": ["aes"], "outputs": ["loss", "labels", "preds"], "map_out_to_task": {"aes_loss": "aes", "aes_labels": "aes", "aes_preds": "aes"}, "map_out_to_out": {"aes_loss": "loss", "aes_labels": "labels", "aes_preds": "preds"}, "map_task_index": {"aes": 0}, "map_index_task": {"0": "aes"}, "optimizer_weighting": "fixed", "epochs_to_avg_over": 2, "temp": 2, "init_task_weightings": {"aes": 1.0, "ged": 1.0, "ner": 1.0}, "metrics_to_track_by_task": {"aes": "pearson_aes", "ged": "f_0_5_ged", "ner": "f1_score_macro_ner"}, "regression_tasks": ["aes"], "classification_tasks": ["ner", "ged"], "fce_tasks": ["aes", "ged"], "task_priorities_priority_as_key": {"primary_task": "aes", "secondary_task": "ged", "aux_task": "ner"}, "early_stopping_patience": 2, "early_stopping_metric": null, "pretrained_model": "distilroberta-base", "frozen_layers": 0, "scoring": "script", "shared_encoder_n_layers": 1, "normalised_values": [40, 0], "output_layer_by_task": {"aes": -1, "ged": -1, "ner": -1}, "save_results": true, "learning_rate": 4e-05, "batch_size": 8, "weight_decay": 0.01, "adam_epsilon": 1e-08, "runtime": 130.61768102645874, "steps_per_sec": 0.24598433338316147, "model_name": "1630835699"}, "preds": {"aes": {"preds": [0.918785572052002, 0.6171535849571228, 0.5865136384963989, 0.695992648601532, 0.6504825949668884, 0.8411376476287842, 0.7942561507225037, 0.7799838185310364, 0.571363091468811, 0.6828562021255493, 0.7293617129325867, 0.768646776676178, 0.8575451970100403, 0.8458751440048218, 0.6503487825393677, 0.5131062269210815, 0.5113475918769836, 0.7004391551017761, 0.7734474539756775, 0.5673490762710571, 0.8226498365402222, 0.8426253795623779, 0.8390882015228271, 0.6501418352127075, 0.6623580455780029, 0.6714087128639221, 0.5442587733268738, 0.8116528391838074, 0.904534101486206, 0.8846953511238098, 0.7853635549545288, 0.8259598016738892, 0.7647059559822083, 0.6351608037948608, 0.9058089256286621, 0.5595749020576477, 0.8482342958450317, 0.637062132358551, 0.8109001517295837, 0.7063385248184204, 0.4947822093963623, 0.684067964553833, 0.7745542526245117, 0.8029474020004272, 0.7222784757614136, 0.8335603475570679, 0.43939751386642456, 0.7412441968917847, 0.8377357125282288, 0.5374396443367004, 0.9303151369094849, 0.5639525055885315, 0.7225700616836548, 0.6921275854110718, 0.6526882648468018, 0.787424623966217, 0.5800690054893494, 0.9409914612770081, 0.6812823414802551, 0.8837206959724426, 0.39320746064186096, 0.6808647513389587, 0.6519694328308105, 0.812031090259552, 0.5866537094116211, 0.6627903580665588, 0.5761532187461853, 0.896240770816803, 0.5846264362335205, 0.8794434070587158, 0.8331598043441772, 0.6816339492797852, 0.9268491268157959, 0.9804666638374329, 0.7376474738121033, 0.8403540849685669, 0.8905900716781616, 0.7354901432991028, 0.8308046460151672, 0.5740401744842529, 0.77418053150177, 0.6309438943862915, 0.7661905288696289, 0.8249382972717285, 0.827130913734436, 0.7886425852775574, 0.6491976380348206, 0.8550837635993958, 0.6286585330963135, 0.5418553352355957, 0.7470083832740784, 0.621487021446228, 0.5814335346221924, 0.6066875457763672, 0.7239056825637817, 0.8521978855133057, 0.7311845421791077], "labels": [0.75, 0.6499999761581421, 0.574999988079071, 0.6499999761581421, 0.6499999761581421, 0.949999988079071, 0.675000011920929, 0.9750000238418579, 0.625, 0.6000000238418579, 0.625, 0.675000011920929, 0.75, 0.675000011920929, 0.5, 0.5249999761581421, 0.5249999761581421, 0.6499999761581421, 0.550000011920929, 0.6000000238418579, 0.949999988079071, 0.75, 0.8500000238418579, 0.6000000238418579, 0.574999988079071, 0.550000011920929, 0.574999988079071, 0.9750000238418579, 0.8500000238418579, 0.925000011920929, 0.7749999761581421, 0.699999988079071, 0.6499999761581421, 0.7250000238418579, 0.8500000238418579, 0.6499999761581421, 0.8500000238418579, 0.4749999940395355, 0.6499999761581421, 0.7749999761581421, 0.44999998807907104, 0.4749999940395355, 0.625, 0.6499999761581421, 0.7250000238418579, 0.7250000238418579, 0.44999998807907104, 0.675000011920929, 0.875, 0.550000011920929, 0.8999999761581421, 0.3499999940395355, 0.6000000238418579, 0.7250000238418579, 0.699999988079071, 0.6000000238418579, 0.625, 0.925000011920929, 0.6000000238418579, 0.8999999761581421, 0.32499998807907104, 0.574999988079071, 0.7250000238418579, 0.7749999761581421, 0.574999988079071, 0.699999988079071, 0.6499999761581421, 0.6499999761581421, 0.5249999761581421, 0.949999988079071, 0.800000011920929, 0.7250000238418579, 0.8999999761581421, 1.0, 0.7250000238418579, 0.8500000238418579, 0.8999999761581421, 0.625, 0.925000011920929, 0.42500001192092896, 0.800000011920929, 0.625, 0.625, 0.8999999761581421, 0.7749999761581421, 0.675000011920929, 0.4749999940395355, 0.699999988079071, 0.6000000238418579, 0.5, 0.625, 0.574999988079071, 0.550000011920929, 0.574999988079071, 0.675000011920929, 0.75, 0.8500000238418579]}}}