{"best": {"aes": {"rmse_aes": 6.9412214743196, "pearson_aes": 0.6462913610599113, "spearman_aes": 0.6414950395566571, "kappa_aes": 0.3649990452549169, "aes": 0.006204264325111411, "aes_weight_coef": 1.0}, "ner": {"accuracy_ner": 0.9911218410498034, "f1_score_macro_ner": 0.9535700204154384, "f1_score_weighted_ner": 0.9910800370437864, "ner": 0.031186529153654743, "ner_weight_coef": 1.0}}, "train": {"loss": [0.0803, 0.0225], "learning_rate": [6.49056603773585e-05, 4.9811320754716985e-05], "epoch": [1.89, 3.77], "step": [500, 1000]}, "eval": {"rmse_aes": [5.325515102890153, 6.9412214743196, 5.597618541248888, 8.349151653511472, 6.555320146432378], "pearson_aes": [0.5322498965894156, 0.6462913610599113, 0.5671042012681152, 0.585430529019177, 0.5830208160129486], "spearman_aes": [0.5237344364806306, 0.6414950395566571, 0.5342562200648571, 0.5849006476525849, 0.5685025257681426], "kappa_aes": [0.2836209703679583, 0.3649990452549169, 0.39103351715861356, 0.2379032258064515, 0.3541069373234279], "accuracy_ner": [0.9823994392741716, 0.988960710252716, 0.9898368443596434, 0.9897979050660021, 0.9911218410498034], "f1_score_macro_ner": [0.9046745093786571, 0.9382819512954284, 0.9421273096503039, 0.9424355558699791, 0.9535700204154384], "f1_score_weighted_ner": [0.9823042908589273, 0.9890346650959959, 0.9898105613974127, 0.9897652342459798, 0.9910800370437864], "aes": [0.003678565563330817, 0.006204264325111411, 0.0041056905201701235, 0.009024651981023856, 0.005663045400450396], "ner": [0.050830884706662145, 0.03263130181923855, 0.03138294366058395, 0.03341217410512442, 0.031186529153654743], "total_loss": [0.05450945026999296, 0.038835566144349964, 0.035488634180754076, 0.04243682608614827, 0.03684957455410514], "aes_weight_coef": [1.0, 1.0, 1.0, 1.0, 1.0], "ner_weight_coef": [1.0, 1.0, 1.0, 1.0, 1.0], "epoch": [1.0, 2.0, 3.0, 4.0, 5.0], "step": [264, 529, 794, 1059, 1324]}, "test": {"rmse_aes": 5.968668193156661, "pearson_aes": 0.6983577523102691, "spearman_aes": 0.69070210792302, "kappa_aes": 0.4479784366576819, "accuracy_ner": 0.9811995262194465, "f1_score_macro_ner": 0.8935752862357135, "f1_score_weighted_ner": 0.9814335533157411, "aes": 0.006344898759076993, "ner": 0.06920813210308552, "total_loss": 0.07555303086216252, "aes_weight_coef": 1.0, "ner_weight_coef": 1.0}, "info": {"tasks": ["aes", "ner"], "outputs": ["loss", "labels", "preds"], "map_out_to_task": {"aes_loss": "aes", "aes_labels": "aes", "aes_preds": "aes", "ner_loss": "ner", "ner_labels": "ner", "ner_preds": "ner"}, "map_out_to_out": {"aes_loss": "loss", "aes_labels": "labels", "aes_preds": "preds", "ner_loss": "loss", "ner_labels": "labels", "ner_preds": "preds"}, "map_task_index": {"aes": 0, "ner": 1}, "map_index_task": {"0": "aes", "1": "ner"}, "optimizer_weighting": "fixed", "epochs_to_avg_over": 2, "temp": 2, "init_task_weightings": {"aes": 1.0, "ged": 1.0, "ner": 1.0}, "metrics_to_track_by_task": {"aes": "pearson_aes", "ged": "f_0_5_ged", "ner": "f1_score_macro_ner"}, "regression_tasks": ["aes"], "classification_tasks": ["ner", "ged"], "fce_tasks": ["aes", "ged"], "task_priorities_priority_as_key": {"primary_task": "aes", "secondary_task": "ged", "aux_task": "ner"}, "early_stopping_patience": 2, "early_stopping_metric": "loss", "pretrained_model": "distilroberta-base", "frozen_layers": 0, "scoring": "script", "shared_encoder_n_layers": 1, "normalised_values": [40, 0], "output_layer_by_task": {"aes": -1, "ged": -1, "ner": -1}, "save_results": true, "learning_rate": 8e-05, "batch_size": 8, "weight_decay": 0.01, "adam_epsilon": 1e-08, "runtime": 365.1121485233307, "steps_per_sec": 0.2757644626309144, "model_name": "1630842787"}, "preds": {"aes": {"preds": [0.8562313318252563, 0.6956999897956848, 0.7424547672271729, 0.7503921389579773, 0.6468263268470764, 0.8716431856155396, 0.8248301148414612, 0.8393672704696655, 0.6809015274047852, 0.8123797178268433, 0.882152795791626, 0.8449079394340515, 0.8185349106788635, 0.9068087935447693, 0.7143980264663696, 0.6827384233474731, 0.6672437787055969, 0.7435640692710876, 0.8733432292938232, 0.6846764087677002, 0.8481900691986084, 0.8663977980613708, 0.9129900336265564, 0.7284088730812073, 0.7045416831970215, 0.8163423538208008, 0.6497946381568909, 0.8353126645088196, 0.8610501289367676, 0.839543342590332, 0.7691624760627747, 0.8681049346923828, 0.7935135364532471, 0.7218267321586609, 0.9098399877548218, 0.6468278765678406, 0.8908147215843201, 0.7540414929389954, 0.8060944080352783, 0.7415215373039246, 0.6321962475776672, 0.7637389302253723, 0.7983659505844116, 0.8948785066604614, 0.8311806321144104, 0.7808710932731628, 0.643123984336853, 0.8026782274246216, 0.8820269107818604, 0.6858320236206055, 0.8757176399230957, 0.7242711186408997, 0.7810776829719543, 0.7391639947891235, 0.7749437689781189, 0.8443126678466797, 0.7074155807495117, 0.9412789344787598, 0.8287906646728516, 0.8894144296646118, 0.5712038278579712, 0.6929649710655212, 0.6656560301780701, 0.8640199303627014, 0.7289534211158752, 0.7681209444999695, 0.719932496547699, 0.9424234628677368, 0.6594440340995789, 0.84468674659729, 0.8026044964790344, 0.7268047332763672, 0.9234758019447327, 0.9425305128097534, 0.771323561668396, 0.916046142578125, 0.9138237237930298, 0.7718598246574402, 0.8387690186500549, 0.7335832715034485, 0.8528024554252625, 0.7241017818450928, 0.7968798279762268, 0.9116883873939514, 0.8308610320091248, 0.843269944190979, 0.7346342206001282, 0.9117040038108826, 0.7208819389343262, 0.6747456789016724, 0.8295512795448303, 0.6636850237846375, 0.6880849599838257, 0.7163182497024536, 0.7938150763511658, 0.8120810389518738], "labels": [0.75, 0.6499999761581421, 0.574999988079071, 0.6499999761581421, 0.6499999761581421, 0.949999988079071, 0.675000011920929, 0.9750000238418579, 0.625, 0.6000000238418579, 0.625, 0.675000011920929, 0.75, 0.675000011920929, 0.5, 0.5249999761581421, 0.5249999761581421, 0.6499999761581421, 0.550000011920929, 0.6000000238418579, 0.949999988079071, 0.75, 0.8500000238418579, 0.6000000238418579, 0.574999988079071, 0.550000011920929, 0.574999988079071, 0.9750000238418579, 0.8500000238418579, 0.925000011920929, 0.7749999761581421, 0.699999988079071, 0.6499999761581421, 0.7250000238418579, 0.8500000238418579, 0.6499999761581421, 0.8500000238418579, 0.4749999940395355, 0.6499999761581421, 0.7749999761581421, 0.44999998807907104, 0.4749999940395355, 0.625, 0.6499999761581421, 0.7250000238418579, 0.7250000238418579, 0.44999998807907104, 0.675000011920929, 0.875, 0.550000011920929, 0.8999999761581421, 0.3499999940395355, 0.6000000238418579, 0.7250000238418579, 0.699999988079071, 0.6000000238418579, 0.625, 0.925000011920929, 0.6000000238418579, 0.8999999761581421, 0.32499998807907104, 0.574999988079071, 0.7250000238418579, 0.7749999761581421, 0.574999988079071, 0.699999988079071, 0.6499999761581421, 0.6499999761581421, 0.5249999761581421, 0.949999988079071, 0.800000011920929, 0.7250000238418579, 0.8999999761581421, 1.0, 0.7250000238418579, 0.8500000238418579, 0.8999999761581421, 0.625, 0.925000011920929, 0.42500001192092896, 0.800000011920929, 0.625, 0.625, 0.8999999761581421, 0.7749999761581421, 0.675000011920929, 0.4749999940395355, 0.699999988079071, 0.6000000238418579, 0.5, 0.625, 0.574999988079071, 0.550000011920929, 0.574999988079071, 0.675000011920929, 0.75]}}}