{"best": {"ged": {"accuracy_ged": 0.8563319325095653, "f1_score_macro_ged": 0.7442051664527525, "f1_score_weighted_ged": 0.8678308879599467, "f_0_5_ged": 0.6536513296749683, "ged": 0.6052922242217593, "ged_weight_coef": 1.0}}, "train": {"loss": [0.4175], "learning_rate": [4.2406015037593987e-05], "epoch": [3.76], "step": [500]}, "eval": {"accuracy_ged": [0.761744966442953, 0.8306466787932008, 0.8563946559618641, 0.8563319325095653, 0.8646741516653077, 0.892648811390579], "f1_score_macro_ged": [0.6601968331896585, 0.7180142766879598, 0.7399480933124187, 0.7442051664527525, 0.7493400454803196, 0.7658372541663492], "f1_score_weighted_ged": [0.795796302503162, 0.8481071603422665, 0.8669767380248193, 0.8678308879599467, 0.8734565860305892, 0.891627401447456], "f_0_5_ged": [0.6264157837047862, 0.6424195707736623, 0.6360808046368905, 0.6536513296749683, 0.6410754358708787, 0.5856299212598425], "ged": [0.5135421421792772, 0.5091618200143179, 0.6048789719740549, 0.6052922242217593, 0.6995404760042826, 0.990221745438046], "total_loss": [0.5135421421792772, 0.5091618200143179, 0.6048789719740549, 0.6052922242217593, 0.6995404760042826, 0.990221745438046], "ged_weight_coef": [1.0, 1.0, 1.0, 1.0, 1.0, 1.0], "epoch": [0.99, 1.99, 2.99, 3.99, 4.99, 5.99], "step": [132, 265, 398, 531, 664, 797]}, "test": {"accuracy_ged": 0.8810886363037, "f1_score_macro_ged": 0.7504812720932059, "f1_score_weighted_ged": 0.8766753889965946, "f_0_5_ged": 0.541245516791653, "ged": 1.163183555006981, "total_loss": 1.163183555006981, "ged_weight_coef": 1.0}, "info": {"tasks": ["ged"], "outputs": ["loss", "labels", "preds"], "map_out_to_task": {"ged_loss": "ged", "ged_labels": "ged", "ged_preds": "ged"}, "map_out_to_out": {"ged_loss": "loss", "ged_labels": "labels", "ged_preds": "preds"}, "map_task_index": {"ged": 0}, "map_index_task": {"0": "ged"}, "optimizer_weighting": "fixed", "epochs_to_avg_over": 2, "temp": 2, "init_task_weightings": {"aes": 1.0, "ged": 1.0, "ner": 1.0}, "metrics_to_track_by_task": {"aes": "pearson_aes", "ged": "f_0_5_ged", "ner": "f1_score_avg_ner"}, "regression_tasks": ["aes"], "classification_tasks": ["ner", "ged"], "fce_tasks": ["aes", "ged"], "task_priorities_priority_as_key": {"primary_task": "ged"}, "early_stopping_patience": 2, "early_stopping_metric": null, "pretrained_model": "distilroberta-base", "frozen_layers": null, "scoring": "script", "shared_encoder_n_layers": 0, "normalised_values": [40, 0], "output_layer_by_task": {"aes": -1, "ged": -1, "ner": -1}, "save_results": true, "learning_rate": 8e-05, "batch_size": 8, "weight_decay": 0.01, "adam_epsilon": 1e-08, "runtime": 196.9059088230133, "steps_per_sec": 0.24705885674154743, "model_name": "1630759785"}, "preds": {}}