{"best": {"ged": {"accuracy_ged": 0.8537004571860713, "f1_score_macro_ged": 0.7363344116087458, "f1_score_weighted_ged": 0.8648752962930267, "f_0_5_ged": 0.6329025334764148, "ged": 0.1051420271396637, "ged_weight_coef": 1.0}, "ner": {"accuracy_ner": 0.9911607803434446, "f1_score_macro_ner": 0.9492485509422139, "f1_score_weighted_ner": 0.9910800853952826, "ner": 0.028507040152975987, "ner_weight_coef": 1.0}}, "train": {"loss": [0.3369, 0.2104], "learning_rate": [3.245283018867925e-05, 2.4905660377358492e-05], "epoch": [1.89, 3.77], "step": [500, 1000]}, "eval": {"accuracy_ged": [0.7651163590113781, 0.8462067306039669, 0.8688941597057509, 0.8537004571860713], "f1_score_macro_ged": [0.6592708886196914, 0.725632424483972, 0.746801494311304, 0.7363344116087458], "f1_score_weighted_ged": [0.7980372118043518, 0.858536133335034, 0.8752765098199301, 0.8648752962930267], "f_0_5_ged": [0.6135293162254344, 0.618360625318922, 0.6147957947773848, 0.6329025334764148], "accuracy_ner": [0.9860986721700868, 0.9897589657723609, 0.9911607803434446, 0.9909466142284179], "f1_score_macro_ner": [0.9188106482769225, 0.9402525474278218, 0.9492485509422139, 0.9485727544917211], "f1_score_weighted_ner": [0.9859555931513108, 0.9896655222455435, 0.9910800853952826, 0.9909202554786876], "ged": [0.10023516624472863, 0.10144303981647936, 0.11037405978801638, 0.1051420271396637], "ner": [0.04124290136577085, 0.03108615335618514, 0.028507040152975987, 0.02881789186341298], "total_loss": [0.14147806761049947, 0.13252919317266448, 0.13888109994099238, 0.1339599190030767], "ged_weight_coef": [1.0, 1.0, 1.0, 1.0], "ner_weight_coef": [1.0, 1.0, 1.0, 1.0], "epoch": [1.0, 2.0, 3.0, 4.0], "step": [264, 529, 794, 1059]}, "test": {"accuracy_ged": 0.8365531062124248, "f1_score_macro_ged": 0.7261300121607781, "f1_score_weighted_ged": 0.8473379909664172, "f_0_5_ged": 0.614913110104007, "accuracy_ner": 0.9813933455367718, "f1_score_macro_ner": 0.8952549094254189, "f1_score_weighted_ner": 0.9817559215024592, "ged": 0.15964057048161825, "ner": 0.06758977282082751, "total_loss": 0.22723034330244576, "ged_weight_coef": 1.0, "ner_weight_coef": 1.0}, "info": {"tasks": ["ged", "ner"], "outputs": ["loss", "labels", "preds"], "map_out_to_task": {"ged_loss": "ged", "ged_labels": "ged", "ged_preds": "ged", "ner_loss": "ner", "ner_labels": "ner", "ner_preds": "ner"}, "map_out_to_out": {"ged_loss": "loss", "ged_labels": "labels", "ged_preds": "preds", "ner_loss": "loss", "ner_labels": "labels", "ner_preds": "preds"}, "map_task_index": {"ged": 0, "ner": 1}, "map_index_task": {"0": "ged", "1": "ner"}, "optimizer_weighting": "fixed", "epochs_to_avg_over": 2, "temp": 2, "init_task_weightings": {"aes": 1.0, "ged": 1.0, "ner": 1.0}, "metrics_to_track_by_task": {"aes": "pearson_aes", "ged": "f_0_5_ged", "ner": "f1_score_macro_ner"}, "regression_tasks": ["aes"], "classification_tasks": ["ner", "ged"], "fce_tasks": ["aes", "ged"], "task_priorities_priority_as_key": {"primary_task": "ged", "aux_task": "ner"}, "early_stopping_patience": 2, "early_stopping_metric": "loss", "pretrained_model": "distilroberta-base", "frozen_layers": null, "scoring": "script", "shared_encoder_n_layers": 0, "normalised_values": [40, 0], "output_layer_by_task": {"aes": -1, "ged": -1, "ner": -1}, "save_results": true, "learning_rate": 4e-05, "batch_size": 8, "weight_decay": 0.01, "adam_epsilon": 1e-08, "runtime": 271.8758385181427, "steps_per_sec": 0.2567288371276135, "model_name": "1630838227"}, "preds": {}}