{"best": {"ner": {"accuracy_ner": 0.9923094895058604, "f1_score_macro_ner": 0.9547414006714272, "f1_score_weighted_ner": 0.9923147398939922, "ner": 0.03555553530829705, "ner_weight_coef": 1.0}}, "train": {"loss": [0.0905, 0.0093], "learning_rate": [4.2406015037593987e-05, 4.81203007518797e-06], "epoch": [3.76, 7.52], "step": [500, 1000]}, "eval": {"accuracy_ner": [0.9854367041781862, 0.9881040457926094, 0.9893890424827694, 0.9898757836532845, 0.9916864608076009, 0.9919785055099101, 0.9919785055099101, 0.9923094895058604], "f1_score_macro_ner": [0.9190414340311176, 0.9340275500322355, 0.939316062041493, 0.9373856823290306, 0.9516873172862912, 0.9537717083574164, 0.9532690317725022, 0.9547414006714272], "f1_score_weighted_ner": [0.9853091057845306, 0.9880385462995313, 0.9893636029212542, 0.9898153886801601, 0.9916873418964083, 0.992011721733684, 0.9920217503396757, 0.9923147398939922], "ner": [0.05542309559655912, 0.04548864701593464, 0.042670531339491856, 0.04329370773594939, 0.035842607549222354, 0.03487218543005204, 0.03528698247497563, 0.03555553530829705], "total_loss": [0.05542309559655912, 0.04548864701593464, 0.042670531339491856, 0.04329370773594939, 0.035842607549222354, 0.03487218543005204, 0.03528698247497563, 0.03555553530829705], "ner_weight_coef": [1.0, 1.0, 1.0, 1.0, 1.0, 1.0, 1.0, 1.0], "epoch": [0.99, 1.99, 2.99, 3.99, 4.99, 5.99, 6.99, 7.99], "step": [132, 265, 398, 531, 664, 797, 930, 1063]}, "test": {"accuracy_ner": 0.9828146871971574, "f1_score_macro_ner": 0.8996923436448259, "f1_score_weighted_ner": 0.983235249366581, "ner": 0.10224924466262261, "total_loss": 0.10224924466262261, "ner_weight_coef": 1.0}, "info": {"tasks": ["ner"], "outputs": ["loss", "labels", "preds"], "map_out_to_task": {"ner_loss": "ner", "ner_labels": "ner", "ner_preds": "ner"}, "map_out_to_out": {"ner_loss": "loss", "ner_labels": "labels", "ner_preds": "preds"}, "map_task_index": {"ner": 0}, "map_index_task": {"0": "ner"}, "optimizer_weighting": "fixed", "epochs_to_avg_over": 2, "temp": 2, "init_task_weightings": {"aes": 1.0, "ged": 1.0, "ner": 1.0}, "metrics_to_track_by_task": {"aes": "pearson_aes", "ged": "f_0_5_ged", "ner": "f1_score_macro_ner"}, "regression_tasks": ["aes"], "classification_tasks": ["ner", "ged"], "fce_tasks": ["aes", "ged"], "task_priorities_priority_as_key": {"primary_task": "ner"}, "early_stopping_patience": 2, "early_stopping_metric": null, "pretrained_model": "distilroberta-base", "frozen_layers": 3.0, "scoring": "script", "shared_encoder_n_layers": 0, "normalised_values": [40, 0], "output_layer_by_task": {"aes": -1, "ged": -1, "ner": -1}, "save_results": true, "learning_rate": 8e-05, "batch_size": 8, "weight_decay": 0.01, "adam_epsilon": 1e-08, "runtime": 277.5616765022278, "steps_per_sec": 0.26111164299362916, "model_name": "1630763444"}, "preds": {}}