{"best": {"aes": {"rmse_aes": 6.191391873668904, "pearson_aes": 0.6811870950897384, "spearman_aes": 0.6906968104604926, "kappa_aes": 0.5003153196856505, "aes": 0.005102894009025984, "aes_weight_coef": 1.0}, "ged": {"accuracy_ged": 0.8289505345295796, "f1_score_macro_ged": 0.686199896883313, "f1_score_weighted_ged": 0.840853090117434, "f_0_5_ged": 0.5294283963997927, "ged": 0.12052713992983796, "ged_weight_coef": 1.0}, "ner": {"accuracy_ner": 0.9868190491024493, "f1_score_macro_ner": 0.9293458501728122, "f1_score_weighted_ner": 0.9867559259926096, "ner": 0.04137126204752645, "ner_weight_coef": 1.0}}, "train": {"loss": [0.4335, 0.3037, 0.2723, 0.2553], "learning_rate": [3.0566037735849064e-05, 2.1132075471698115e-05, 1.169811320754717e-05, 2.2641509433962266e-06], "epoch": [1.89, 3.77, 5.66, 7.55], "step": [500, 1000, 1500, 2000]}, "eval": {"rmse_aes": [7.54983443527075, 7.44983221287567, 7.110243002567181, 9.826268648655784, 7.424621202458749, 6.953216681667717, 6.191391873668904, 6.220485868840507], "pearson_aes": [0.4593993069133241, 0.5601668627739091, 0.6216021110811208, 0.5993228018385368, 0.6463851092087375, 0.6686721116136914, 0.6811870950897384, 0.6770592109882924], "spearman_aes": [0.4320149208350277, 0.5787082960095705, 0.6450623898325163, 0.6102731907948235, 0.6587583287434207, 0.6704337090385462, 0.6906968104604926, 0.680383407112907], "kappa_aes": [0.10426447997576749, 0.27226219024780174, 0.3739846469695618, 0.2393195567214519, 0.3791358817860584, 0.4195810249307479, 0.5003153196856505, 0.48584765856550105], "accuracy_ged": [0.7955725138358942, 0.7973600082499742, 0.8115912137774569, 0.8352067649788595, 0.8478911003403115, 0.8395380014437455, 0.8289505345295796, 0.8429411158090131], "f1_score_macro_ged": [0.6350337246538755, 0.6532540600894995, 0.669830104993817, 0.6859547120596684, 0.6925587609024464, 0.6921473128540107, 0.686199896883313, 0.6917417213096039], "f1_score_weighted_ged": [0.8119059668868067, 0.8165930885659425, 0.8279150850281173, 0.8441522133762102, 0.8522405260359552, 0.8477975621138842, 0.840853090117434, 0.8494940295884859], "f_0_5_ged": [0.4466771858177094, 0.5027616805505252, 0.5220385674931128, 0.5101746283735027, 0.49444554651854783, 0.518273548013325, 0.5294283963997927, 0.5066445182724252], "accuracy_ner": [0.9702114403644718, 0.9803551263580078, 0.983022467972431, 0.9854367041781862, 0.9859623846423425, 0.9864296561660372, 0.9867411705151669, 0.9868190491024493], "f1_score_macro_ner": [0.8029594486089375, 0.8871463147520753, 0.9077431058155988, 0.9207288245304083, 0.9244134110575382, 0.9258589828210216, 0.9280064104783398, 0.9293458501728122], "f1_score_weighted_ner": [0.9695772877722546, 0.9804303378349275, 0.983117253465394, 0.9854458928104757, 0.9859360046873811, 0.9863612801670822, 0.9866824007586554, 0.9867559259926096], "aes": [0.0074288249448981394, 0.007207451778095822, 0.006573772967554802, 0.012604231924511666, 0.0071940483352126074, 0.00639172114951666, 0.005102894009025984, 0.005037498313846977], "ged": [0.12697827538778617, 0.11921445990717688, 0.1173677167227102, 0.12117490796155708, 0.1264162119044814, 0.12265718121861302, 0.12052713992983796, 0.12666437792223553], "ner": [0.08372908163555833, 0.05672856541567071, 0.04839742032074651, 0.04377870842121368, 0.042520128948570685, 0.04202282909563808, 0.041407781631447545, 0.04137126204752645], "total_loss": [0.2181361819682426, 0.1831504771009434, 0.1723389100110115, 0.1775578483072824, 0.17613038918826468, 0.17107173146376775, 0.1670378155703115, 0.17307313828360896], "aes_weight_coef": [1.0, 1.0, 1.0, 1.0, 1.0, 1.0, 1.0, 1.0], "ged_weight_coef": [1.0, 1.0, 1.0, 1.0, 1.0, 1.0, 1.0, 1.0], "ner_weight_coef": [1.0, 1.0, 1.0, 1.0, 1.0, 1.0, 1.0, 1.0], "epoch": [1.0, 2.0, 3.0, 4.0, 5.0, 6.0, 7.0, 8.0], "step": [264, 529, 794, 1059, 1324, 1589, 1854, 2119]}, "test": {"rmse_aes": 5.812163968781335, "pearson_aes": 0.7163277762665113, "spearman_aes": 0.7191629223484891, "kappa_aes": 0.5290283153391729, "accuracy_ged": 0.821750167000668, "f1_score_macro_ged": 0.6843852359035782, "f1_score_weighted_ged": 0.8295113690614392, "f_0_5_ged": 0.5096654899983191, "accuracy_ner": 0.9763109723269086, "f1_score_macro_ner": 0.8688224122277864, "f1_score_weighted_ner": 0.976671788099891, "aes": 0.006020458747765848, "ged": 0.18079899748166403, "ner": 0.0752214062071982, "total_loss": 0.26204086243662805, "aes_weight_coef": 1.0, "ged_weight_coef": 1.0, "ner_weight_coef": 1.0}, "info": {"tasks": ["aes", "ged", "ner"], "outputs": ["loss", "labels", "preds"], "map_out_to_task": {"aes_loss": "aes", "aes_labels": "aes", "aes_preds": "aes", "ged_loss": "ged", "ged_labels": "ged", "ged_preds": "ged", "ner_loss": "ner", "ner_labels": "ner", "ner_preds": "ner"}, "map_out_to_out": {"aes_loss": "loss", "aes_labels": "labels", "aes_preds": "preds", "ged_loss": "loss", "ged_labels": "labels", "ged_preds": "preds", "ner_loss": "loss", "ner_labels": "labels", "ner_preds": "preds"}, "map_task_index": {"aes": 0, "ged": 1, "ner": 2}, "map_index_task": {"0": "aes", "1": "ged", "2": "ner"}, "optimizer_weighting": "fixed", "epochs_to_avg_over": 2, "temp": 2, "init_task_weightings": {"aes": 1.0, "ged": 1.0, "ner": 1.0}, "metrics_to_track_by_task": {"aes": "pearson_aes", "ged": "f_0_5_ged", "ner": "f1_score_macro_ner"}, "regression_tasks": ["aes"], "classification_tasks": ["ner", "ged"], "fce_tasks": ["aes", "ged"], "task_priorities_priority_as_key": {"primary_task": "aes", "secondary_task": "ged", "aux_task": "ner"}, "early_stopping_patience": 2, "early_stopping_metric": "los", "pretrained_model": "distilroberta-base", "frozen_layers": null, "scoring": "script", "shared_encoder_n_layers": 1, "normalised_values": [40, 0], "output_layer_by_task": {"aes": -1, "ged": 2, "ner": 2}, "save_results": true, "learning_rate": 4e-05, "batch_size": 8, "weight_decay": 0.01, "adam_epsilon": 1e-08, "runtime": 526.6457273960114, "steps_per_sec": 0.24853502944597045, "model_name": "1630769421"}, "preds": {"aes": {"preds": [0.910885214805603, 0.6888812780380249, 0.6797915101051331, 0.8881273865699768, 0.6593788862228394, 0.9298061728477478, 0.8457178473472595, 0.8102429509162903, 0.6681907176971436, 0.7244714498519897, 0.8776801824569702, 0.816056489944458, 0.9156932234764099, 0.8616746068000793, 0.6560023427009583, 0.6394616961479187, 0.617058277130127, 0.7766932845115662, 0.8728898167610168, 0.6252931356430054, 0.9171529412269592, 0.8735458850860596, 0.7867529988288879, 0.6868008375167847, 0.6757250428199768, 0.7544676065444946, 0.6394888758659363, 0.8705002665519714, 0.892342209815979, 0.9137060046195984, 0.848609983921051, 0.9388335943222046, 0.7497233152389526, 0.6663990020751953, 0.8552863597869873, 0.6297821998596191, 0.8731642961502075, 0.7423691749572754, 0.7549542188644409, 0.7177202701568604, 0.5665721297264099, 0.7793145775794983, 0.7682130336761475, 0.9396252036094666, 0.8344129323959351, 0.9517061114311218, 0.5549230575561523, 0.8537624478340149, 0.8570791482925415, 0.6679270267486572, 0.9034469723701477, 0.6495206356048584, 0.8009308576583862, 0.7803860902786255, 0.7498528361320496, 0.8301411867141724, 0.6957857012748718, 0.9590879678726196, 0.7563876509666443, 0.9108242988586426, 0.48070767521858215, 0.7987648844718933, 0.5921576619148254, 0.9099969267845154, 0.7217510938644409, 0.7495042085647583, 0.7521941065788269, 0.9351328015327454, 0.6321630477905273, 0.9575807452201843, 0.8644026517868042, 0.6971122622489929, 0.9209972620010376, 1.0266906023025513, 0.8319175243377686, 0.9527740478515625, 0.9678947925567627, 0.7467398643493652, 0.7711696624755859, 0.6907787919044495, 0.8551509976387024, 0.7745113968849182, 0.8258578181266785, 0.861656129360199, 0.8854192495346069, 0.8200242519378662, 0.7265779376029968, 0.9122996926307678, 0.6925971508026123, 0.6492497324943542, 0.8369055390357971, 0.6655381321907043, 0.652414858341217, 0.6620224118232727, 0.8177215456962585, 0.8927006125450134],