{"best": {"aes": {"rmse_aes": 5.651257281416189, "pearson_aes": 0.6490209122899032, "spearman_aes": 0.6537032613516977, "kappa_aes": 0.41714931148013745, "aes": 0.02217456724287735, "aes_weight_coef": 1.0}}, "train": {"loss": [0.028, 0.0153], "learning_rate": [2.1203007518796993e-05, 2.406015037593985e-06], "epoch": [3.76, 7.52], "step": [500, 1000]}, "eval": {"rmse_aes": [5.361607542802623, 5.368685575643873, 5.388689514487201, 5.303450035446833, 4.90414446273684, 5.601762832844946, 5.651257281416189, 5.62543950463012], "pearson_aes": [0.3516086738009016, 0.5536614168119341, 0.599871757685077, 0.609289235011365, 0.6351012927233007, 0.6295692858293552, 0.6490209122899032, 0.6482870090462285], "spearman_aes": [0.35270053802344764, 0.5600926129512652, 0.6093901362728066, 0.6042451741206027, 0.6357500808843278, 0.6380479646072902, 0.6537032613516977, 0.6593376558613442], "kappa_aes": [0.20132834534838284, 0.32473723194932314, 0.3792360865669925, 0.41497392917692977, 0.4736715906658103, 0.4135878945752195, 0.41714931148013745, 0.4221951588710454], "aes": [0.019425044405377574, 0.019619154252318874, 0.020125378363041416, 0.019563139623237982, 0.016644470652358398, 0.021579573267242975, 0.02217456724287735, 0.0218984795630806], "total_loss": [0.019425044405377574, 0.019619154252318874, 0.020125378363041416, 0.019563139623237982, 0.016644470652358398, 0.021579573267242975, 0.02217456724287735, 0.0218984795630806], "aes_weight_coef": [1.0, 1.0, 1.0, 1.0, 1.0, 1.0, 1.0, 1.0], "epoch": [0.99, 1.99, 2.99, 3.99, 4.99, 5.99, 6.99, 7.99], "step": [132, 265, 398, 531, 664, 797, 930, 1063]}, "test": {"rmse_aes": 4.993810602125086, "pearson_aes": 0.7388938785433973, "spearman_aes": 0.741159259804545, "kappa_aes": 0.5004216677786365, "aes": 0.016023936176983018, "total_loss": 0.016023936176983018, "aes_weight_coef": 1.0}, "info": {"tasks": ["aes"], "outputs": ["loss", "labels", "preds"], "map_out_to_task": {"aes_loss": "aes", "aes_labels": "aes", "aes_preds": "aes"}, "map_out_to_out": {"aes_loss": "loss", "aes_labels": "labels", "aes_preds": "preds"}, "map_task_index": {"aes": 0}, "map_index_task": {"0": "aes"}, "optimizer_weighting": "fixed", "epochs_to_avg_over": 2, "temp": 2, "init_task_weightings": {"aes": 1.0, "ged": 1.0, "ner": 1.0}, "metrics_to_track_by_task": {"aes": "pearson_aes", "ged": "f_0_5_ged", "ner": "f1_score_avg_ner"}, "regression_tasks": ["aes"], "classification_tasks": ["ner", "ged"], "fce_tasks": ["aes", "ged"], "task_priorities_priority_as_key": {"primary_task": "aes"}, "early_stopping_patience": 2, "early_stopping_metric": null, "pretrained_model": "distilroberta-base", "frozen_layers": 6, "scoring": "script", "shared_encoder_n_layers": 0, "normalised_values": [40, 0], "output_layer_by_task": {"aes": -1, "ged": -1, "ner": -1}, "save_results": true, "learning_rate": 4e-05, "batch_size": 8, "weight_decay": 0.01, "adam_epsilon": 1e-08, "runtime": 100.35783886909485, "steps_per_sec": 0.09441000834345706, "model_name": "1630759128"}, "preds": {"aes": {"preds": [0.8009428381919861, 0.7175184488296509, 0.7539661526679993, 0.8025113344192505, 0.8403337001800537, 0.7804328799247742, 0.7742756009101868, 0.7801257371902466, 0.6768926978111267, 0.7607499361038208, 0.7117022275924683, 0.7851364016532898, 0.7898900508880615, 0.7993624210357666, 0.7655254006385803, 0.5907108187675476, 0.6647272109985352, 0.7791494727134705, 0.7764019966125488, 0.672279953956604, 0.8516817092895508, 0.7982161641120911, 0.7719520926475525, 0.6728232502937317, 0.7006790637969971, 0.7750160098075867, 0.6504206657409668, 0.8527749180793762, 0.8391512632369995, 0.8034762144088745, 0.7557927966117859, 0.8135769963264465, 0.8340703248977661, 0.6943262815475464, 0.7996916770935059, 0.7001093626022339, 0.8373486399650574, 0.662907063961029, 0.8359133005142212, 0.7577130198478699, 0.6272022128105164, 0.6332091093063354, 0.7289061546325684, 0.8194913268089294, 0.7853498458862305, 0.7781031727790833, 0.5955187678337097, 0.7261286377906799, 0.8257385492324829, 0.6890578269958496, 0.8549157977104187, 0.7598006725311279, 0.770660936832428, 0.7153691053390503, 0.7577731609344482, 0.7598459124565125, 0.6524643301963806, 0.8531325459480286, 0.7239201068878174, 0.8073943257331848, 0.4679589569568634, 0.7461819052696228, 0.747521162033081, 0.7709189057350159, 0.6340720653533936, 0.7110093235969543, 0.7208219766616821, 0.804352343082428, 0.6643775105476379, 0.8350322842597961, 0.778123676776886, 0.7625299096107483, 0.8453551530838013, 0.8657683730125427, 0.7164849042892456, 0.8468953371047974, 0.8110701441764832, 0.7392653226852417, 0.7911330461502075, 0.6150267124176025, 0.8016152381896973, 0.7128921747207642, 0.7945753931999207, 0.8359099626541138, 0.7714492678642273, 0.786918580532074, 0.6867091059684753, 0.8115867972373962, 0.7275092005729675, 0.6480588316917419, 0.770343005657196, 0.6968865990638733, 0.659270703792572, 0.6697515249252319, 0.7710052728652954, 0.8115728497505188, 0.7760124206542969], "labels": [0.75, 0.6499999761581421, 0.574999988079071, 0.6499999761581421, 0.6499999761581421, 0.949999988079071, 0.675000011920929, 0.9750000238418579, 0.625, 0.6000000238418579, 0.625, 0.675000011920929, 0.75, 0.675000011920929, 0.5, 0.5249999761581421, 0.5249999761581421, 0.6499999761581421, 0.550000011920929, 0.6000000238418579, 0.949999988079071, 0.75, 0.8500000238418579, 0.6000000238418579, 0.574999988079071, 0.550000011920929, 0.574999988079071, 0.9750000238418579, 0.8500000238418579, 0.925000011920929, 0.7749999761581421, 0.699999988079071, 0.6499999761581421, 0.7250000238418579, 0.8500000238418579, 0.6499999761581421, 0.8500000238418579, 0.4749999940395355, 0.6499999761581421, 0.7749999761581421, 0.44999998807907104, 0.4749999940395355, 0.625, 0.6499999761581421, 0.7250000238418579, 0.7250000238418579, 0.44999998807907104, 0.675000011920929, 0.875, 0.550000011920929, 0.8999999761581421, 0.3499999940395355, 0.6000000238418579, 0.7250000238418579, 0.699999988079071, 0.6000000238418579, 0.625, 0.925000011920929, 0.6000000238418579, 0.8999999761581421, 0.32499998807907104, 0.574999988079071, 0.7250000238418579, 0.7749999761581421, 0.574999988079071, 0.699999988079071, 0.6499999761581421, 0.6499999761581421, 0.5249999761581421, 0.949999988079071, 0.800000011920929, 0.7250000238418579, 0.8999999761581421, 1.0, 0.7250000238418579, 0.8500000238418579, 0.8999999761581421, 0.625, 0.925000011920929, 0.42500001192092896, 0.800000011920929, 0.625, 0.625, 0.8999999761581421, 0.7749999761581421, 0.675000011920929, 0.4749999940395355, 0.699999988079071, 0.6000000238418579, 0.5, 0.625, 0.574999988079071, 0.550000011920929, 0.574999988079071, 0.675000011920929, 0.75, 0.8500000238418579]}}}