{"best": {"ged": {"accuracy_ged": 0.15053628551715487, "f1_score_macro_ged": 0.13924506272645137, "f1_score_weighted_ged": 0.06728052228931705, "f_0_5_ged": 0.43609270839782893, "ged": 0.8668068846066793, "ged_weight_coef": 1.0}}, "train": {"loss": [0.7952], "learning_rate": [5.300751879699248e-06], "epoch": [3.76], "step": [500]}, "eval": {"accuracy_ged": [0.1502853917079596, 0.14915636956658093, 0.15053628551715487, 0.14881139057893747, 0.15041083861255725], "f1_score_macro_ged": [0.1391033585440176, 0.13770829555493144, 0.13924506272645137, 0.13722558977247923, 0.13923045629871694], "f1_score_weighted_ged": [0.06748172840535116, 0.06518097636735548, 0.06728052228931705, 0.06424288352860319, 0.06761939995943615], "f_0_5_ged": [0.43491276969133885, 0.43476018566271274, 0.43609270839782893, 0.43508742989112503, 0.4351192319603592], "ged": [0.8683208624521891, 0.867027653588189, 0.8668068846066793, 0.8669275508986579, 0.8680703110165067], "total_loss": [0.8683208624521891, 0.867027653588189, 0.8668068846066793, 0.8669275508986579, 0.8680703110165067], "ged_weight_coef": [1.0, 1.0, 1.0, 1.0, 1.0], "epoch": [0.99, 1.99, 2.99, 3.99, 4.99], "step": [132, 265, 398, 531, 664]}, "test": {"accuracy_ged": 0.1618713573670192, "f1_score_macro_ged": 0.14657834161140687, "f1_score_weighted_ged": 0.06671782769611612, "f_0_5_ged": 0.46637166669439223, "ged": 0.8356374700864156, "total_loss": 0.8356374700864156, "ged_weight_coef": 1.0}, "info": {"tasks": ["ged"], "outputs": ["loss", "labels", "preds"], "map_out_to_task": {"ged_loss": "ged", "ged_labels": "ged", "ged_preds": "ged"}, "map_out_to_out": {"ged_loss": "loss", "ged_labels": "labels", "ged_preds": "preds"}, "map_task_index": {"ged": 0}, "map_index_task": {"0": "ged"}, "optimizer_weighting": "fixed", "epochs_to_avg_over": 2, "temp": 2, "init_task_weightings": {"aes": 1.0, "ged": 1.0, "ner": 1.0}, "metrics_to_track_by_task": {"aes": "pearson_aes", "ged": "f_0_5_ged", "ner": "f1_score_avg_ner"}, "regression_tasks": ["aes"], "classification_tasks": ["ner", "ged"], "fce_tasks": ["aes", "ged"], "task_priorities_priority_as_key": {"primary_task": "ged"}, "early_stopping_patience": 2, "early_stopping_metric": null, "pretrained_model": "distilroberta-base", "frozen_layers": 6, "scoring": "script", "shared_encoder_n_layers": 0, "normalised_values": [40, 0], "output_layer_by_task": {"aes": -1, "ged": -1, "ner": -1}, "save_results": true, "learning_rate": 1e-05, "batch_size": 8, "weight_decay": 0.01, "adam_epsilon": 1e-08, "runtime": 64.6360936164856, "steps_per_sec": 0.09734351448265903, "model_name": "1630760389"}, "preds": {}}