{"best": {"ged": {"accuracy_ged": 0.8165025402998181, "f1_score_macro_ged": 0.7073936347786871, "f1_score_weighted_ged": 0.8378244747411875, "f_0_5_ged": 0.6478484011054086, "ged": 0.502694653140174, "ged_weight_coef": 1.0}}, "train": {"loss": [0.4249], "learning_rate": [4.2406015037593987e-05], "epoch": [3.76], "step": [500]}, "eval": {"accuracy_ged": [0.8175061155365991, 0.8165025402998181, 0.8572414225678981, 0.8787555667063915], "f1_score_macro_ged": [0.7011328160573175, 0.7073936347786871, 0.7416581696639999, 0.7597816271369442], "f1_score_weighted_ged": [0.8372691641841588, 0.8378244747411875, 0.8677982575574327, 0.8831879291609396], "f_0_5_ged": [0.6193784131063284, 0.6478484011054086, 0.6396711114897967, 0.6238540315728277], "ged": [0.5308824512693617, 0.502694653140174, 0.5924589369032118, 0.685514873928494], "total_loss": [0.5308824512693617, 0.502694653140174, 0.5924589369032118, 0.685514873928494], "ged_weight_coef": [1.0, 1.0, 1.0, 1.0], "epoch": [0.99, 1.99, 2.99, 3.99], "step": [132, 265, 398, 531]}, "test": {"accuracy_ged": 0.8633930219678789, "f1_score_macro_ged": 0.7441143828409584, "f1_score_weighted_ged": 0.8662403393219844, "f_0_5_ged": 0.5875188692191574, "ged": 0.7880339175462723, "total_loss": 0.7880339175462723, "ged_weight_coef": 1.0}, "info": {"tasks": ["ged"], "outputs": ["loss", "labels", "preds"], "map_out_to_task": {"ged_loss": "ged", "ged_labels": "ged", "ged_preds": "ged"}, "map_out_to_out": {"ged_loss": "loss", "ged_labels": "labels", "ged_preds": "preds"}, "map_task_index": {"ged": 0}, "map_index_task": {"0": "ged"}, "optimizer_weighting": "fixed", "epochs_to_avg_over": 2, "temp": 2, "init_task_weightings": {"aes": 1.0, "ged": 1.0, "ner": 1.0}, "metrics_to_track_by_task": {"aes": "pearson_aes", "ged": "f_0_5_ged", "ner": "f1_score_avg_ner"}, "regression_tasks": ["aes"], "classification_tasks": ["ner", "ged"], "fce_tasks": ["aes", "ged"], "task_priorities_priority_as_key": {"primary_task": "ged"}, "early_stopping_patience": 2, "early_stopping_metric": null, "pretrained_model": "distilroberta-base", "frozen_layers": 3.0, "scoring": "script", "shared_encoder_n_layers": 0, "normalised_values": [40, 0], "output_layer_by_task": {"aes": -1, "ged": -1, "ner": -1}, "save_results": true, "learning_rate": 8e-05, "batch_size": 8, "weight_decay": 0.01, "adam_epsilon": 1e-08, "runtime": 131.8358805179596, "steps_per_sec": 0.2482784943841047, "model_name": "1630760321"}, "preds": {}}