{"best": {"aes": {"rmse_aes": 4.3668575021913005, "pearson_aes": 0.6640371093334954, "spearman_aes": 0.6464136407720883, "kappa_aes": 0.6288487282463185, "aes": 0.0017552358304085427, "aes_weight_coef": 0.699999988079071}, "ged": {"accuracy_ged": 0.8453473582895054, "f1_score_macro_ged": 0.7264284875546911, "f1_score_weighted_ged": 0.8582250691610491, "f_0_5_ged": 0.6245960668451667, "ged": 0.030883132025252943, "ged_weight_coef": 0.30000001192092896}, "ner": {"accuracy_ner": 0.9810560336435497, "f1_score_macro_ner": 0.8775135051485059, "f1_score_weighted_ner": 0.9809237496364288, "ner": 0.0016179407099370174, "ner_weight_coef": 0.029999999329447746}}, "train": {"loss": [0.0951, 0.067], "learning_rate": [3.0566037735849064e-05, 2.1132075471698115e-05], "epoch": [1.89, 3.77], "step": [500, 1000]}, "eval": {"rmse_aes": [5.049752469181039, 4.768239833639989, 4.3668575021913005, 5.513871396557756, 5.980291706003051], "pearson_aes": [0.580543967829196, 0.6217513848504397, 0.6640371093334954, 0.6607001519183736, 0.6223941079941036], "spearman_aes": [0.5604011047775899, 0.6080230812439784, 0.6464136407720883, 0.6559200009163595, 0.597549765877311], "kappa_aes": [0.45232592206777567, 0.4840751464547841, 0.6288487282463185, 0.5448036951501156, 0.48739046804872843], "accuracy_ged": [0.8185693169708844, 0.821216183699426, 0.8453473582895054, 0.8764910109655907, 0.8782785053796707], "f1_score_macro_ged": [0.6929558306635115, 0.7046036772942869, 0.7264284875546911, 0.7467501470456769, 0.7499610157690865], "f1_score_weighted_ged": [0.8364591293379796, 0.8402220189429377, 0.8582250691610491, 0.8792014746965082, 0.8808460866257174], "f_0_5_ged": [0.5853384304025187, 0.6217869172132601, 0.6245960668451667, 0.583916083916084, 0.5886911308869113], "accuracy_ner": [0.9362563763093338, 0.9598925275495502, 0.9750204431291616, 0.9796347494256454, 0.9810560336435497], "f1_score_macro_ner": [0.5109034917003357, 0.6919689147976823, 0.8241525161100198, 0.864391440080194, 0.8775135051485059], "f1_score_weighted_ner": [0.9259599354015688, 0.9562853554758113, 0.9743141099316164, 0.9793202298433352, 0.9809237496364288], "aes": [0.002308372248418976, 0.0020459349278014066, 0.0017552358304085427, 0.0027698233350028478, 0.003308831914436332], "ged": [0.031553216798360956, 0.029573412482128587, 0.030883132025252943, 0.03838036781133607, 0.04169449833936469], "ner": [0.005120293085658273, 0.002978723163196687, 0.0020418119316292535, 0.0017491280112069013, 0.0016179407099370174], "total_loss": [0.03898188213243821, 0.03459807057312668, 0.03468017978729074, 0.04289931915754582, 0.04662127096373805], "aes_weight_coef": [0.699999988079071, 0.699999988079071, 0.699999988079071, 0.699999988079071, 0.699999988079071], "ged_weight_coef": [0.30000001192092896, 0.30000001192092896, 0.30000001192092896, 0.30000001192092896, 0.30000001192092896], "ner_weight_coef": [0.029999999329447746, 0.029999999329447746, 0.029999999329447746, 0.029999999329447746, 0.029999999329447746], "epoch": [1.0, 2.0, 3.0, 4.0, 5.0], "step": [264, 529, 794, 1059, 1324]}, "test": {"rmse_aes": 5.467708234108083, "pearson_aes": 0.7507997641203756, "spearman_aes": 0.7447233111646928, "kappa_aes": 0.5749496790854887, "accuracy_ged": 0.8644221776887108, "f1_score_macro_ged": 0.740780801093349, "f1_score_weighted_ged": 0.8655606714260767, "f_0_5_ged": 0.5687701133342661, "accuracy_ner": 0.9731237213308926, "f1_score_macro_ner": 0.840959150361218, "f1_score_weighted_ner": 0.9737140600189662, "aes": 0.003678964251386268, "ged": 0.0637461489864758, "ner": 0.002177312850974323, "total_loss": 0.0696024260888364, "aes_weight_coef": 0.699999988079071, "ged_weight_coef": 0.30000001192092896, "ner_weight_coef": 0.029999999329447746}, "info": {"tasks": ["aes", "ged", "ner"], "outputs": ["loss", "labels", "preds"], "map_out_to_task": {"aes_loss": "aes", "aes_labels": "aes", "aes_preds": "aes", "ged_loss": "ged", "ged_labels": "ged", "ged_preds": "ged", "ner_loss": "ner", "ner_labels": "ner", "ner_preds": "ner"}, "map_out_to_out": {"aes_loss": "loss", "aes_labels": "labels", "aes_preds": "preds", "ged_loss": "loss", "ged_labels": "labels", "ged_preds": "preds", "ner_loss": "loss", "ner_labels": "labels", "ner_preds": "preds"}, "map_task_index": {"aes": 0, "ged": 1, "ner": 2}, "map_index_task": {"0": "aes", "1": "ged", "2": "ner"}, "optimizer_weighting": "fixed", "epochs_to_avg_over": 2, "temp": 2, "init_task_weightings": {"aes": 0.7000000000000001, "ged": 0.29999999999999993, "ner": 0.029999999999999995}, "metrics_to_track_by_task": {"aes": "pearson_aes", "ged": "f_0_5_ged", "ner": "f1_score_macro_ner"}, "regression_tasks": ["aes"], "classification_tasks": ["ner", "ged"], "fce_tasks": ["aes", "ged"], "task_priorities_priority_as_key": {"primary_task": "aes", "secondary_task": "ged", "aux_task": "ner"}, "early_stopping_patience": 2, "early_stopping_metric": "los", "pretrained_model": "distilroberta-base", "frozen_layers": null, "scoring": "script", "shared_encoder_n_layers": 0, "normalised_values": [40, 0], "output_layer_by_task": {"aes": -1, "ged": -1, "ner": -1}, "save_results": true, "learning_rate": 4e-05, "batch_size": 8, "weight_decay": 0.01, "adam_epsilon": 1e-08, "runtime": 339.12422728538513, "steps_per_sec": 0.25613612332733016, "model_name": "1630779220"}, "preds": {"aes": {"preds": [0.9072378277778625, 0.7104819416999817, 0.714748740196228, 0.7123194932937622, 0.6802951097488403, 0.8721066117286682, 0.8305811285972595, 0.7985501289367676, 0.6431943774223328, 0.8012487888336182, 0.866474449634552, 0.7255410552024841, 0.8911038041114807, 0.9272919297218323, 0.6434975862503052, 0.6031922101974487, 0.6458262801170349, 0.6473864912986755, 0.8653298020362854, 0.6290094256401062, 0.910940408706665, 0.9145494699478149, 0.8804343938827515, 0.7238461375236511, 0.6740765571594238, 0.7834340333938599, 0.5911535024642944, 0.9168907403945923, 0.9773605465888977, 0.9119721055030823, 0.8700754642486572, 0.761258602142334, 0.8049543499946594, 0.7343642711639404, 0.9052247405052185, 0.6312398314476013, 0.8577794432640076, 0.6405088901519775, 0.7739453315734863, 0.7773314714431763, 0.6025171279907227, 0.7353658080101013, 0.7666002511978149, 0.9525315165519714, 0.8318743705749512, 0.8412657380104065, 0.5527797937393188, 0.8105669617652893, 0.9214810132980347, 0.6427263617515564, 0.9679758548736572, 0.6658093333244324, 0.8397714495658875, 0.7162154912948608, 0.6846027970314026, 0.7910161018371582, 0.6566483974456787, 0.9351236820220947, 0.7563055157661438, 0.9542689919471741, 0.4960804283618927, 0.7734954953193665, 0.5660735368728638, 0.9013854265213013, 0.7392978072166443, 0.7605981230735779, 0.7452500462532043, 0.941641092300415, 0.6749886274337769, 0.8562383651733398, 0.8278820514678955, 0.7563501000404358, 0.958973228931427, 0.9829270243644714, 0.8400765061378479, 0.9477710723876953, 0.9421833157539368, 0.7243492603302002, 0.8643283843994141, 0.6523459553718567, 0.8427774906158447, 0.7495795488357544, 0.8249791860580444, 0.8499521613121033, 0.8738460540771484, 0.8011094927787781, 0.6785536408424377, 0.8376303315162659, 0.7107983231544495, 0.626154899597168, 0.8025984764099121, 0.6737254858016968, 0.6331446170806885, 0.7223808169364929, 0.7439162135124207, 0.8402067422866821],