{"best": {"ged": {"accuracy_ged": 0.8395036265511671, "f1_score_macro_ged": 0.725783508869279, "f1_score_weighted_ged": 0.8548188745981086, "f_0_5_ged": 0.6432060792473312, "ged": 0.09832362102907757, "ged_weight_coef": 1.0}, "ner": {"accuracy_ner": 0.9921537323312956, "f1_score_macro_ner": 0.9581751804324379, "f1_score_weighted_ner": 0.9921755206785605, "ner": 0.02668111808164868, "ner_weight_coef": 1.0}}, "train": {"loss": [0.3422, 0.2186, 0.1832], "learning_rate": [3.0566037735849064e-05, 2.1132075471698115e-05, 1.169811320754717e-05], "epoch": [1.89, 3.77, 5.66], "step": [500, 1000, 1500]}, "eval": {"accuracy_ged": [0.7953662644804235, 0.8421161183871301, 0.8174349455157952, 0.8395036265511671, 0.8493692207211853, 0.8593379395689389], "f1_score_macro_ged": [0.6798178927263889, 0.7206229994881972, 0.7063601707758725, 0.725783508869279, 0.7341181313698033, 0.7431257125196598], "f1_score_weighted_ged": [0.8203656003468691, 0.8552445189020115, 0.8383250984891822, 0.8548188745981086, 0.862029811333377, 0.8693751789880262], "f_0_5_ged": [0.6057947445005564, 0.6133992058361806, 0.6413943355119825, 0.6432060792473312, 0.6404168011434368, 0.6383078730904818], "accuracy_ner": [0.9871889723920408, 0.9898173747128227, 0.9911413106966239, 0.9917448697480628, 0.9919785055099101, 0.9921537323312956], "f1_score_macro_ner": [0.9225132807309744, 0.9405419906715868, 0.9488303697767151, 0.9533697410929294, 0.9565073628957782, 0.9581751804324379], "f1_score_weighted_ner": [0.9870991222415677, 0.9897710862794847, 0.9910744058601643, 0.991694620258928, 0.9919833766241145, 0.9921755206785605], "ged": [0.10083168398502261, 0.09990771288095518, 0.09481232526690461, 0.09832362102907757, 0.10740654205167016, 0.11297148188879323], "ner": [0.03777652636690195, 0.029075590579575577, 0.028170152231617722, 0.026353096638178062, 0.027141990107592454, 0.02668111808164868], "total_loss": [0.13860821035192455, 0.12898330346053077, 0.12298247749852233, 0.12467671766725563, 0.13454853215926263, 0.1396525999704419], "ged_weight_coef": [1.0, 1.0, 1.0, 1.0, 1.0, 1.0], "ner_weight_coef": [1.0, 1.0, 1.0, 1.0, 1.0, 1.0], "epoch": [1.0, 2.0, 3.0, 4.0, 5.0, 6.0], "step": [264, 529, 794, 1059, 1324, 1589]}, "test": {"accuracy_ged": 0.8448630594522378, "f1_score_macro_ged": 0.7333681534704721, "f1_score_weighted_ged": 0.8535427174361907, "f_0_5_ged": 0.6133822848448766, "accuracy_ner": 0.9811779907397438, "f1_score_macro_ner": 0.891363793514083, "f1_score_weighted_ner": 0.9817622079404082, "ged": 0.17697927142892564, "ner": 0.07292432777051415, "total_loss": 0.2499035991994398, "ged_weight_coef": 1.0, "ner_weight_coef": 1.0}, "info": {"tasks": ["ged", "ner"], "outputs": ["loss", "labels", "preds"], "map_out_to_task": {"ged_loss": "ged", "ged_labels": "ged", "ged_preds": "ged", "ner_loss": "ner", "ner_labels": "ner", "ner_preds": "ner"}, "map_out_to_out": {"ged_loss": "loss", "ged_labels": "labels", "ged_preds": "preds", "ner_loss": "loss", "ner_labels": "labels", "ner_preds": "preds"}, "map_task_index": {"ged": 0, "ner": 1}, "map_index_task": {"0": "ged", "1": "ner"}, "optimizer_weighting": "fixed", "epochs_to_avg_over": 2, "temp": 2, "init_task_weightings": {"aes": 1.0, "ged": 1.0, "ner": 1.0}, "metrics_to_track_by_task": {"aes": "pearson_aes", "ged": "f_0_5_ged", "ner": "f1_score_macro_ner"}, "regression_tasks": ["aes"], "classification_tasks": ["ner", "ged"], "fce_tasks": ["aes", "ged"], "task_priorities_priority_as_key": {"primary_task": "ged", "aux_task": "ner"}, "early_stopping_patience": 2, "early_stopping_metric": "los", "pretrained_model": "distilroberta-base", "frozen_layers": null, "scoring": "script", "shared_encoder_n_layers": 0, "normalised_values": [40, 0], "output_layer_by_task": {"aes": -1, "ged": -1, "ner": -1}, "save_results": true, "learning_rate": 4e-05, "batch_size": 8, "weight_decay": 0.01, "adam_epsilon": 1e-08, "runtime": 245.1853346824646, "steps_per_sec": 0.1543016580758116, "model_name": "1630771990"}, "preds": {}}