{"best": {"aes": {"rmse_aes": 4.759493437097879, "pearson_aes": 0.6141341007418223, "spearman_aes": 0.6081196703116126, "kappa_aes": 0.6055872634424753, "aes": 0.0030490237309835676, "aes_weight_coef": 1.0}, "ged": {"accuracy_ged": 0.8601285620982434, "f1_score_macro_ged": 0.7376702754878901, "f1_score_weighted_ged": 0.8686370594724081, "f_0_5_ged": 0.6136125155012877, "ged": 0.11023307470388191, "ged_weight_coef": 1.0}, "ner": {"accuracy_ner": 0.9905572212920057, "f1_score_macro_ner": 0.9441664906566866, "f1_score_weighted_ner": 0.9905760162701676, "ner": 0.029724475613600292, "ner_weight_coef": 1.0}}, "train": {"loss": [0.3663, 0.2401], "learning_rate": [3.0566037735849064e-05, 2.1132075471698115e-05], "epoch": [1.89, 3.77], "step": [500, 1000]}, "eval": {"rmse_aes": [5.123475382979799, 4.759493437097879, 8.96598510420851, 6.998015591739005], "pearson_aes": [0.5819319164639126, 0.6141341007418223, 0.5824628168850132, 0.6011261798535733], "spearman_aes": [0.5720476706791612, 0.6081196703116126, 0.5914389136542388, 0.6013909264500169], "kappa_aes": [0.5372183106791595, 0.6055872634424753, 0.23557454389495558, 0.38250534066633335], "accuracy_ged": [0.7666632291774088, 0.8353442645491733, 0.8705785294420955, 0.8601285620982434], "f1_score_macro_ged": [0.6579387870446762, 0.7138208766761165, 0.7384144033441155, 0.7376702754878901], "f1_score_weighted_ged": [0.7988543084406581, 0.8500883586625895, 0.8742792272373722, 0.8686370594724081], "f_0_5_ged": [0.6036987029990589, 0.6104637879826366, 0.5762745487006546, 0.6136125155012877], "accuracy_ner": [0.9861570811105487, 0.9900315408278494, 0.9905572212920057, 0.9901678283555936], "f1_score_macro_ner": [0.9150504879751128, 0.942638916055382, 0.9441664906566866, 0.9400600626749365], "f1_score_weighted_ner": [0.9861792881966691, 0.9900936025015059, 0.9905760162701676, 0.9901822500817792], "aes": [0.0034480194756111434, 0.0030490237309835676, 0.010487810946827712, 0.006341580853819154], "ged": [0.10388711510702621, 0.10185751041700673, 0.11599184815273729, 0.11023307470388191], "ner": [0.04128490106830763, 0.03124763117020213, 0.029724475613600292, 0.03284351832536591], "total_loss": [0.14862003565094498, 0.13615416531819244, 0.1562041347131653, 0.14941817388306697], "aes_weight_coef": [1.0, 1.0, 1.0, 1.0], "ged_weight_coef": [1.0, 1.0, 1.0, 1.0], "ner_weight_coef": [1.0, 1.0, 1.0, 1.0], "epoch": [1.0, 2.0, 3.0, 4.0], "step": [264, 529, 794, 1059]}, "test": {"rmse_aes": 6.07847979898483, "pearson_aes": 0.77220003814101, "spearman_aes": 0.7713314614563918, "kappa_aes": 0.5201684588432263, "accuracy_ged": 0.8395457581830328, "f1_score_macro_ged": 0.7243766806634797, "f1_score_weighted_ged": 0.8485576242439006, "f_0_5_ged": 0.5974936348907186, "accuracy_ner": 0.9796059007214386, "f1_score_macro_ner": 0.8793696566314322, "f1_score_weighted_ner": 0.9803364512168957, "aes": 0.006489966552527178, "ged": 0.16469296600137437, "ner": 0.0730191208422184, "total_loss": 0.24420205339611994, "aes_weight_coef": 1.0, "ged_weight_coef": 1.0, "ner_weight_coef": 1.0}, "info": {"tasks": ["aes", "ged", "ner"], "outputs": ["loss", "labels", "preds"], "map_out_to_task": {"aes_loss": "aes", "aes_labels": "aes", "aes_preds": "aes", "ged_loss": "ged", "ged_labels": "ged", "ged_preds": "ged", "ner_loss": "ner", "ner_labels": "ner", "ner_preds": "ner"}, "map_out_to_out": {"aes_loss": "loss", "aes_labels": "labels", "aes_preds": "preds", "ged_loss": "loss", "ged_labels": "labels", "ged_preds": "preds", "ner_loss": "loss", "ner_labels": "labels", "ner_preds": "preds"}, "map_task_index": {"aes": 0, "ged": 1, "ner": 2}, "map_index_task": {"0": "aes", "1": "ged", "2": "ner"}, "optimizer_weighting": "fixed", "epochs_to_avg_over": 2, "temp": 2, "init_task_weightings": {"aes": 1.0, "ged": 1.0, "ner": 1.0}, "metrics_to_track_by_task": {"aes": "pearson_aes", "ged": "f_0_5_ged", "ner": "f1_score_macro_ner"}, "regression_tasks": ["aes"], "classification_tasks": ["ner", "ged"], "fce_tasks": ["aes", "ged"], "task_priorities_priority_as_key": {"primary_task": "aes", "secondary_task": "ged", "aux_task": "ner"}, "early_stopping_patience": 2, "early_stopping_metric": "los", "pretrained_model": "distilroberta-base", "frozen_layers": null, "scoring": "script", "shared_encoder_n_layers": 1, "normalised_values": [40, 0], "output_layer_by_task": {"aes": -1, "ged": -1, "ner": -1}, "save_results": true, "learning_rate": 4e-05, "batch_size": 8, "weight_decay": 0.01, "adam_epsilon": 1e-08, "runtime": 312.6194417476654, "steps_per_sec": 0.29520249456814485, "model_name": "1630771529"}, "preds": {"aes": {"preds": [0.9103718400001526, 0.8043328523635864, 0.7300848364830017, 0.814819872379303, 0.6977747678756714, 0.9178500175476074, 0.8535683155059814, 0.8297237157821655, 0.677240788936615, 0.8126246929168701, 0.8182324767112732, 0.8437543511390686, 0.9431835412979126, 0.8923724293708801, 0.742074191570282, 0.6362404227256775, 0.6733920574188232, 0.7547051310539246, 0.8802974820137024, 0.6536233425140381, 0.9558956623077393, 0.8431699275970459, 0.8627185821533203, 0.7748908400535583, 0.7007141709327698, 0.8136337399482727, 0.601909339427948, 0.8759758472442627, 0.9546532034873962, 0.9502578377723694, 0.8754530549049377, 0.8914850950241089, 0.7563643455505371, 0.7377223372459412, 0.9037715792655945, 0.6450039744377136, 0.8765289783477783, 0.7097654938697815, 0.905322253704071, 0.7875418663024902, 0.5992501378059387, 0.7039450407028198, 0.7885525822639465, 0.9182576537132263, 0.8923469185829163, 0.8549298644065857, 0.5695940256118774, 0.7612428069114685, 0.9501122832298279, 0.6364890336990356, 0.9864187836647034, 0.71759033203125, 0.8069409728050232, 0.7674370408058167, 0.7473620176315308, 0.8421189188957214, 0.6899647116661072, 0.9719994068145752, 0.7880983948707581, 0.9068271517753601, 0.4422166049480438, 0.8301352858543396, 0.6866356134414673, 0.9030881524085999, 0.7063233256340027, 0.7288810014724731, 0.7748780846595764, 0.9457783102989197, 0.6527217626571655, 0.9499940276145935, 0.8287762999534607, 0.7773396968841553, 0.9553683400154114, 1.0206636190414429, 0.7638451457023621, 0.9478579163551331, 0.9808143973350525, 0.8089891076087952, 0.8969454169273376, 0.7162497639656067, 0.8729602098464966, 0.7665798664093018, 0.8257809281349182, 0.8671953678131104, 0.9014257788658142, 0.8475574254989624, 0.7218426465988159, 0.8827894926071167, 0.7445130944252014, 0.657172441482544, 0.8098838329315186, 0.7162132263183594, 0.650870680809021, 0.6676737070083618, 0.7911460399627686, 0.8909444808959961],