{"best": {"aes": {"rmse_aes": 5.41602560309064, "pearson_aes": 0.6531460150437772, "spearman_aes": 0.6431585672107895, "kappa_aes": 0.5054559916482314, "aes": 0.0015328608258345791, "aes_weight_coef": 0.4000000059604645}, "ged": {"accuracy_ged": 0.8479254752328899, "f1_score_macro_ged": 0.7314839205544856, "f1_score_weighted_ged": 0.8606898571728934, "f_0_5_ged": 0.6352317270002306, "ged": 0.06289924438609633, "ged_weight_coef": 0.6000000238418579}, "ner": {"accuracy_ner": 0.9872863206261439, "f1_score_macro_ner": 0.9226039018405575, "f1_score_weighted_ner": 0.9871686807361064, "ner": 0.002224840101959227, "ner_weight_coef": 0.05999999865889549}}, "train": {"loss": [0.1667, 0.1175, 0.0952], "learning_rate": [3.0566037735849064e-05, 2.1132075471698115e-05, 1.169811320754717e-05], "epoch": [1.89, 3.77, 5.66], "step": [500, 1000, 1500]}, "eval": {"rmse_aes": [5.3528289509172415, 4.9413223601245315, 4.6097722286464435, 5.5565276927232174, 5.41602560309064, 5.204164998665331, 5.044248650140519], "pearson_aes": [0.6018537692042161, 0.6017491244445135, 0.642870460156029, 0.6362123043063409, 0.6531460150437772, 0.6468035393997236, 0.6383411758109634], "spearman_aes": [0.5702518454768291, 0.5588450255707278, 0.614227084488469, 0.6149266380296942, 0.6431585672107895, 0.6312750751632533, 0.6266746277105374], "kappa_aes": [0.4315863939161705, 0.49923816039055946, 0.5984657659720631, 0.49964532718567123, 0.5054559916482314, 0.5333248049123704, 0.5577909173434088], "accuracy_ged": [0.8375786325667732, 0.8573098209068096, 0.8479254752328899, 0.8726066481042247, 0.886734728953972, 0.8825753669519782, 0.8792066274792891], "f1_score_macro_ged": [0.7109209836629579, 0.7309594662988285, 0.7314839205544856, 0.749610971339346, 0.755790726385029, 0.756989712283032, 0.7583531843497578], "f1_score_weighted_ged": [0.8507403460823806, 0.8656820529712732, 0.8606898571728934, 0.8778428169909731, 0.8864581126683838, 0.8846411377742477, 0.8832246975274397], "f_0_5_ged": [0.5918187714259242, 0.598392805893045, 0.6352317270002306, 0.6106683616095437, 0.5749744114636642, 0.5973706658638166, 0.6171986777838079], "accuracy_ner": [0.9579845021611308, 0.9768311202834781, 0.9817180016354503, 0.9843853432498735, 0.9859623846423425, 0.9868190491024493, 0.9872863206261439], "f1_score_macro_ner": [0.6701626743059969, 0.8485295844821334, 0.8808529444884324, 0.8997736370675374, 0.9132487145514122, 0.9183928856605073, 0.9226039018405575], "f1_score_weighted_ner": [0.9527935990095145, 0.9765721410028934, 0.9814907230858029, 0.9842838647498598, 0.9858662037617045, 0.9867254931740369, 0.9871686807361064], "aes": [0.0014640628576798494, 0.0012563849274112389, 0.001119528547860682, 0.0016056823511716239, 0.0015328608258345791, 0.0014054629394004857, 0.0013384766291913597], "ged": [0.06322648150976314, 0.06551096952238748, 0.06289924438609633, 0.07558842384537985, 0.09289965449377548, 0.08889735299487446, 0.08799690631932991], "ner": [0.006351664407871837, 0.0038336055017574584, 0.002967866400235094, 0.002598108347440355, 0.0024230121973317204, 0.002266960307890766, 0.002224840101959227], "total_loss": [0.07104220877531482, 0.07060095995155619, 0.0669866393341921, 0.07979221454399182, 0.09685552751694178, 0.09256977624216572, 0.09156022305048049], "aes_weight_coef": [0.4000000059604645, 0.4000000059604645, 0.4000000059604645, 0.4000000059604645, 0.4000000059604645, 0.4000000059604645, 0.4000000059604645], "ged_weight_coef": [0.6000000238418579, 0.6000000238418579, 0.6000000238418579, 0.6000000238418579, 0.6000000238418579, 0.6000000238418579, 0.6000000238418579], "ner_weight_coef": [0.05999999865889549, 0.05999999865889549, 0.05999999865889549, 0.05999999865889549, 0.05999999865889549, 0.05999999865889549, 0.05999999865889549], "epoch": [1.0, 2.0, 3.0, 4.0, 5.0, 6.0, 7.0], "step": [264, 529, 794, 1059, 1324, 1589, 1854]}, "test": {"rmse_aes": 4.366062299143245, "pearson_aes": 0.7814824046821711, "spearman_aes": 0.7800153238289543, "kappa_aes": 0.6745426128528087, "accuracy_ged": 0.866559786239145, "f1_score_macro_ged": 0.7473920897827713, "f1_score_weighted_ged": 0.8683214561342402, "f_0_5_ged": 0.5852767142359903, "accuracy_ner": 0.9777107785075912, "f1_score_macro_ner": 0.8698084962285983, "f1_score_weighted_ner": 0.9781901661433032, "aes": 0.0013349141781440093, "ged": 0.14167428016662598, "ner": 0.003845590042016868, "total_loss": 0.14685478438678684, "aes_weight_coef": 0.4000000059604645, "ged_weight_coef": 0.6000000238418579, "ner_weight_coef": 0.05999999865889549}, "info": {"tasks": ["aes", "ged", "ner"], "outputs": ["loss", "labels", "preds"], "map_out_to_task": {"aes_loss": "aes", "aes_labels": "aes", "aes_preds": "aes", "ged_loss": "ged", "ged_labels": "ged", "ged_preds": "ged", "ner_loss": "ner", "ner_labels": "ner", "ner_preds": "ner"}, "map_out_to_out": {"aes_loss": "loss", "aes_labels": "labels", "aes_preds": "preds", "ged_loss": "loss", "ged_labels": "labels", "ged_preds": "preds", "ner_loss": "loss", "ner_labels": "labels", "ner_preds": "preds"}, "map_task_index": {"aes": 0, "ged": 1, "ner": 2}, "map_index_task": {"0": "aes", "1": "ged", "2": "ner"}, "optimizer_weighting": "fixed", "epochs_to_avg_over": 2, "temp": 2, "init_task_weightings": {"aes": 0.4, "ged": 0.6, "ner": 0.06}, "metrics_to_track_by_task": {"aes": "pearson_aes", "ged": "f_0_5_ged", "ner": "f1_score_macro_ner"}, "regression_tasks": ["aes"], "classification_tasks": ["ner", "ged"], "fce_tasks": ["aes", "ged"], "task_priorities_priority_as_key": {"primary_task": "aes", "secondary_task": "ged", "aux_task": "ner"}, "early_stopping_patience": 2, "early_stopping_metric": "los", "pretrained_model": "distilroberta-base", "frozen_layers": null, "scoring": "script", "shared_encoder_n_layers": 0, "normalised_values": [40, 0], "output_layer_by_task": {"aes": -1, "ged": -1, "ner": -1}, "save_results": true, "learning_rate": 4e-05, "batch_size": 8, "weight_decay": 0.01, "adam_epsilon": 1e-08, "runtime": 472.52056193351746, "steps_per_sec": 0.2548654595110666, "model_name": "1630778191"}, "preds": {"aes": {"preds": [0.8349273800849915, 0.6964821219444275, 0.6834414005279541, 0.7854277491569519, 0.7065600752830505, 0.8252832293510437, 0.8105785250663757, 0.7746747136116028, 0.6206485629081726, 0.751523494720459, 0.7874906063079834, 0.7573338150978088, 0.8251946568489075, 0.867852509021759, 0.6715086102485657, 0.5984959006309509, 0.5925861597061157, 0.6986082792282104, 0.8010370135307312, 0.6139577031135559, 0.8678544163703918, 0.8225478529930115, 0.8248376846313477, 0.6932466626167297, 0.6439118385314941, 0.7227776646614075, 0.585969090461731, 0.8466520309448242, 0.9167399406433105, 0.8667357563972473, 0.8050909042358398, 0.8430284261703491, 0.7500442862510681, 0.6856932640075684, 0.8381894826889038, 0.6089413166046143, 0.844108521938324, 0.6389997601509094, 0.7923226356506348, 0.7337952256202698, 0.5360099673271179, 0.6687926054000854, 0.7375800609588623, 0.9077951908111572, 0.7830166220664978, 0.7982851266860962, 0.5172452330589294, 0.7190502882003784, 0.8583937287330627, 0.6023205518722534, 0.9219375252723694, 0.6230247020721436, 0.7866590619087219, 0.6572085022926331, 0.6953240633010864, 0.7935003042221069, 0.624696671962738, 0.9268234372138977, 0.740006148815155, 0.8351266980171204, 0.4650111198425293, 0.7203341722488403, 0.5572816729545593, 0.8157439827919006, 0.6447955369949341, 0.6949811577796936, 0.7073898315429688, 0.8279394507408142, 0.6070865392684937, 0.8591120839118958, 0.8061186671257019, 0.6988164782524109, 0.9185914397239685, 0.9970566034317017, 0.7342175841331482, 0.9089904427528381, 0.8921458125114441, 0.7232270836830139, 0.7990508675575256, 0.5891103744506836, 0.7879999279975891, 0.6970772743225098, 0.7564142346382141, 0.8027918338775635, 0.8145300149917603, 0.7525566220283508, 0.6544507145881653, 0.8296257853507996, 0.6648790240287781, 0.5796400904655457, 0.7658352255821228, 0.6050626635551453, 0.6418363451957703, 0.6394558548927307, 0.7200821042060852, 0.7888440489768982],