{"best": {"ner": {"accuracy_ner": 0.9925236556208871, "f1_score_macro_ner": 0.956314298646952, "f1_score_weighted_ner": 0.992494393594958, "ner": 0.034214543174267885, "ner_weight_coef": 1.0}}, "train": {"loss": [0.093], "learning_rate": [4.992481203007519e-05], "epoch": [3.76], "step": [500]}, "eval": {"accuracy_ner": [0.9856898095868541, 0.9880845761457887, 0.9902457069428761, 0.9921537323312956, 0.9921537323312956, 0.9925236556208871], "f1_score_macro_ner": [0.9227965713368103, 0.9352792440206843, 0.9460286797341472, 0.9541323026937754, 0.9553916705598561, 0.956314298646952], "f1_score_weighted_ner": [0.9856319575605617, 0.987951292709974, 0.990291376932538, 0.9921385937629515, 0.9920941479307235, 0.992494393594958], "ner": [0.055290713257184536, 0.046913086182691834, 0.03933533631039388, 0.03410868917831756, 0.035703536602809574, 0.034214543174267885], "total_loss": [0.055290713257184536, 0.046913086182691834, 0.03933533631039388, 0.03410868917831756, 0.035703536602809574, 0.034214543174267885], "ner_weight_coef": [1.0, 1.0, 1.0, 1.0, 1.0, 1.0], "epoch": [0.99, 1.99, 2.99, 3.99, 4.99, 5.99], "step": [132, 265, 398, 531, 664, 797]}, "test": {"accuracy_ner": 0.9833315387100248, "f1_score_macro_ner": 0.902819527567233, "f1_score_weighted_ner": 0.9835524891956346, "ner": 0.0934794332832098, "total_loss": 0.0934794332832098, "ner_weight_coef": 1.0}, "info": {"tasks": ["ner"], "outputs": ["loss", "labels", "preds"], "map_out_to_task": {"ner_loss": "ner", "ner_labels": "ner", "ner_preds": "ner"}, "map_out_to_out": {"ner_loss": "loss", "ner_labels": "labels", "ner_preds": "preds"}, "map_task_index": {"ner": 0}, "map_index_task": {"0": "ner"}, "optimizer_weighting": "fixed", "epochs_to_avg_over": 2, "temp": 2, "init_task_weightings": {"aes": 1.0, "ged": 1.0, "ner": 1.0}, "metrics_to_track_by_task": {"aes": "pearson_aes", "ged": "f_0_5_ged", "ner": "f1_score_macro_ner"}, "regression_tasks": ["aes"], "classification_tasks": ["ner", "ged"], "fce_tasks": ["aes", "ged"], "task_priorities_priority_as_key": {"primary_task": "ner"}, "early_stopping_patience": 2, "early_stopping_metric": "loss", "pretrained_model": "distilroberta-base", "frozen_layers": null, "scoring": "script", "shared_encoder_n_layers": 0, "normalised_values": [40, 0], "output_layer_by_task": {"aes": -1, "ged": -1, "ner": -1}, "save_results": true, "learning_rate": 8e-05, "batch_size": 8, "weight_decay": 0.01, "adam_epsilon": 1e-08, "runtime": 209.9851815700531, "steps_per_sec": 0.26346948754084454, "model_name": "1630838990"}, "preds": {}}