{"best": {"aes": {"rmse_aes": 4.657918261589137, "pearson_aes": 0.6332295293164948, "spearman_aes": 0.6570223680221866, "kappa_aes": 0.4902763283270565, "aes": 0.015070953354653385, "aes_weight_coef": 1.0}}, "train": {"loss": [0.0241], "learning_rate": [4.992481203007519e-05], "epoch": [3.76], "step": [500]}, "eval": {"rmse_aes": [4.993666875229013, 7.182080372775889, 4.657918261589137, 4.918320182513692, 4.980976468753741], "pearson_aes": [0.5709985208822985, 0.6121207955361728, 0.6332295293164948, 0.6148070994601872, 0.5637746541280916], "spearman_aes": [0.6044334920852685, 0.620530650181624, 0.6570223680221866, 0.6264413327422518, 0.5819339141809343], "kappa_aes": [0.32968181098622773, 0.2544786580014763, 0.4902763283270565, 0.5227657768135081, 0.5128980234782282], "aes": [0.01722457627248433, 0.03559525704218282, 0.015070953354653385, 0.016862490188537374, 0.017373514879080985], "total_loss": [0.01722457627248433, 0.03559525704218282, 0.015070953354653385, 0.016862490188537374, 0.017373514879080985], "aes_weight_coef": [1.0, 1.0, 1.0, 1.0, 1.0], "epoch": [0.99, 1.99, 2.99, 3.99, 4.99], "step": [132, 265, 398, 531, 664]}, "test": {"rmse_aes": 4.248711144777034, "pearson_aes": 0.7386035809418278, "spearman_aes": 0.7484559217583374, "kappa_aes": 0.6572144439865011, "aes": 0.011534094209006676, "total_loss": 0.011534094209006676, "aes_weight_coef": 1.0}, "info": {"tasks": ["aes"], "outputs": ["loss", "labels", "preds"], "map_out_to_task": {"aes_loss": "aes", "aes_labels": "aes", "aes_preds": "aes"}, "map_out_to_out": {"aes_loss": "loss", "aes_labels": "labels", "aes_preds": "preds"}, "map_task_index": {"aes": 0}, "map_index_task": {"0": "aes"}, "optimizer_weighting": "fixed", "epochs_to_avg_over": 2, "temp": 2, "init_task_weightings": {"aes": 1.0, "ged": 1.0, "ner": 1.0}, "metrics_to_track_by_task": {"aes": "pearson_aes", "ged": "f_0_5_ged", "ner": "f1_score_macro_ner"}, "regression_tasks": ["aes"], "classification_tasks": ["ner", "ged"], "fce_tasks": ["aes", "ged"], "task_priorities_priority_as_key": {"primary_task": "aes", "secondary_task": "ged", "aux_task": "ner"}, "early_stopping_patience": 2, "early_stopping_metric": "loss", "pretrained_model": "distilroberta-base", "frozen_layers": 0, "scoring": "script", "shared_encoder_n_layers": 1, "normalised_values": [40, 0], "output_layer_by_task": {"aes": -1, "ged": -1, "ner": -1}, "save_results": true, "learning_rate": 8e-05, "batch_size": 8, "weight_decay": 0.01, "adam_epsilon": 1e-08, "runtime": 162.84749937057495, "steps_per_sec": 0.2452522580882153, "model_name": "1630840599"}, "preds": {"aes": {"preds": [0.8592826128005981, 0.6421731114387512, 0.5993779301643372, 0.6488425731658936, 0.7134845852851868, 0.826775312423706, 0.7615954279899597, 0.73710697889328, 0.6345222592353821, 0.7641449570655823, 0.7858034372329712, 0.7912108898162842, 0.8665229678153992, 0.8034719228744507, 0.6490919589996338, 0.5326405167579651, 0.5932590365409851, 0.6844201683998108, 0.7819182872772217, 0.6350335478782654, 0.8434652090072632, 0.8551416397094727, 0.8584678769111633, 0.6570221781730652, 0.6100244522094727, 0.7139803767204285, 0.6167644262313843, 0.7604349255561829, 0.8450534343719482, 0.7267649173736572, 0.7433832883834839, 0.8179556131362915, 0.6843478679656982, 0.6378024816513062, 0.856045663356781, 0.5953807234764099, 0.8315148949623108, 0.6495410203933716, 0.8050611019134521, 0.6802113056182861, 0.5173552632331848, 0.6831726431846619, 0.7563561797142029, 0.7754507660865784, 0.7149196267127991, 0.7750000953674316, 0.48131275177001953, 0.7235186100006104, 0.7928411364555359, 0.5882537364959717, 0.8254138231277466, 0.5882610082626343, 0.6974654793739319, 0.7612451910972595, 0.7177702188491821, 0.7169767022132874, 0.6136065721511841, 0.9099186062812805, 0.6766918301582336, 0.8512749671936035, 0.3855144679546356, 0.6940944790840149, 0.687571108341217, 0.8038609027862549, 0.6823497414588928, 0.6940867900848389, 0.619328498840332, 0.8918734192848206, 0.5372858643531799, 0.7914964556694031, 0.7601326107978821, 0.7033145427703857, 0.8684374690055847, 0.885785698890686, 0.7916644811630249, 0.79530930519104, 0.8735461235046387, 0.7804126143455505, 0.7969663739204407, 0.6591483354568481, 0.7960312366485596, 0.6962364912033081, 0.7419657111167908, 0.7908968329429626, 0.7080153226852417, 0.7997611165046692, 0.6164820790290833, 0.8392971158027649, 0.654666006565094, 0.6167129278182983, 0.7416045069694519, 0.6667813658714294, 0.5925836563110352, 0.6127752661705017, 0.6819896101951599, 0.7312646508216858, 0.7783320546150208], "labels": [0.75, 0.6499999761581421, 0.574999988079071, 0.6499999761581421, 0.6499999761581421, 0.949999988079071, 0.675000011920929, 0.9750000238418579, 0.625, 0.6000000238418579, 0.625, 0.675000011920929, 0.75, 0.675000011920929, 0.5, 0.5249999761581421, 0.5249999761581421, 0.6499999761581421, 0.550000011920929, 0.6000000238418579, 0.949999988079071, 0.75, 0.8500000238418579, 0.6000000238418579, 0.574999988079071, 0.550000011920929, 0.574999988079071, 0.9750000238418579, 0.8500000238418579, 0.925000011920929, 0.7749999761581421, 0.699999988079071, 0.6499999761581421, 0.7250000238418579, 0.8500000238418579, 0.6499999761581421, 0.8500000238418579, 0.4749999940395355, 0.6499999761581421, 0.7749999761581421, 0.44999998807907104, 0.4749999940395355, 0.625, 0.6499999761581421, 0.7250000238418579, 0.7250000238418579, 0.44999998807907104, 0.675000011920929, 0.875, 0.550000011920929, 0.8999999761581421, 0.3499999940395355, 0.6000000238418579, 0.7250000238418579, 0.699999988079071, 0.6000000238418579, 0.625, 0.925000011920929, 0.6000000238418579, 0.8999999761581421, 0.32499998807907104, 0.574999988079071, 0.7250000238418579, 0.7749999761581421, 0.574999988079071, 0.699999988079071, 0.6499999761581421, 0.6499999761581421, 0.5249999761581421, 0.949999988079071, 0.800000011920929, 0.7250000238418579, 0.8999999761581421, 1.0, 0.7250000238418579, 0.8500000238418579, 0.8999999761581421, 0.625, 0.925000011920929, 0.42500001192092896, 0.800000011920929, 0.625, 0.625, 0.8999999761581421, 0.7749999761581421, 0.675000011920929, 0.4749999940395355, 0.699999988079071, 0.6000000238418579, 0.5, 0.625, 0.574999988079071, 0.550000011920929, 0.574999988079071, 0.675000011920929, 0.75, 0.8500000238418579]}}}