{"best": {"aes": {"rmse_aes": 4.949747468305833, "pearson_aes": 0.6720128461705978, "spearman_aes": 0.6561046690970695, "kappa_aes": 0.6154319090070703, "aes": 0.003177433545419643, "aes_weight_coef": 1.0}, "ged": {"accuracy_ged": 0.830325530232718, "f1_score_macro_ged": 0.7154266325323055, "f1_score_weighted_ged": 0.8475557030444867, "f_0_5_ged": 0.6340296104128461, "ged": 0.09744490925655809, "ged_weight_coef": 1.0}, "ner": {"accuracy_ner": 0.9917059304544216, "f1_score_macro_ner": 0.9527893684560382, "f1_score_weighted_ner": 0.9916860137043779, "ner": 0.026866049592404864, "ner_weight_coef": 1.0}}, "train": {"loss": [0.3756, 0.2451, 0.209], "learning_rate": [3.245283018867925e-05, 2.4905660377358492e-05, 1.735849056603774e-05], "epoch": [1.89, 3.77, 5.66], "step": [500, 1000, 1500]}, "eval": {"rmse_aes": [6.715446539301927, 7.510178278694706, 6.13505410643532, 5.649483752226097, 4.949747468305833, 6.032320356951286], "pearson_aes": [0.5669721142417432, 0.6255175296027591, 0.6441055035295538, 0.649237190567627, 0.6720128461705978, 0.6529898166199244], "spearman_aes": [0.5874870903203967, 0.6191095334232234, 0.6389948758023836, 0.6408449868298308, 0.6561046690970695, 0.6423000371264674], "kappa_aes": [0.23353120023164908, 0.3035856573705178, 0.42409377034946816, 0.5134638922888617, 0.6154319090070703, 0.4675770731439248], "accuracy_ged": [0.8312880272249149, 0.8457598570004469, 0.8677597882506617, 0.812484960984497, 0.830325530232718, 0.8678972878209755], "f1_score_macro_ged": [0.6892176061855129, 0.7132913992098472, 0.7333489167398035, 0.7001481172802558, 0.7154266325323055, 0.7420376762928107], "f1_score_weighted_ged": [0.842758250856547, 0.8556946563785929, 0.8716839557495021, 0.8342570854157748, 0.8475557030444867, 0.873700951994297], "f_0_5_ged": [0.5329901289377982, 0.5731441048034933, 0.5684069744402616, 0.632705330786595, 0.6340296104128461, 0.6003313517201053], "accuracy_ner": [0.9850862505354153, 0.9900120711810287, 0.9903041158833379, 0.9913749464584712, 0.9917059304544216, 0.9921147930376543], "f1_score_macro_ner": [0.9157014557528862, 0.9433162915732414, 0.9427720195645587, 0.9482172769037014, 0.9527893684560382, 0.9519128978929342], "f1_score_weighted_ner": [0.9850875701388099, 0.9900055904444357, 0.9902997409536692, 0.9913274277535998, 0.9916860137043779, 0.9920806406204215], "aes": [0.0058139232961937435, 0.007297027184692926, 0.004995868552129629, 0.004134319852604423, 0.003177433545419643, 0.0047266948534998784], "ged": [0.11477875848149144, 0.10570615945860397, 0.11060511234194734, 0.09463705018509266, 0.09744490925655809, 0.11947848283967306], "ner": [0.04149288082018841, 0.029194156671765933, 0.0296059834207733, 0.028017757671646947, 0.026866049592404864, 0.027245020309766364], "total_loss": [0.1620855625978736, 0.14219734331506284, 0.14520696431485025, 0.12678912770934403, 0.1274883923943826, 0.1514501980029393], "aes_weight_coef": [1.0, 1.0, 1.0, 1.0, 1.0, 1.0], "ged_weight_coef": [1.0, 1.0, 1.0, 1.0, 1.0, 1.0], "ner_weight_coef": [1.0, 1.0, 1.0, 1.0, 1.0, 1.0], "epoch": [1.0, 2.0, 3.0, 4.0, 5.0, 6.0], "step": [264, 529, 794, 1059, 1324, 1589]}, "test": {"rmse_aes": 5.440013786747236, "pearson_aes": 0.8134619635987734, "spearman_aes": 0.8060776382839867, "kappa_aes": 0.5869792444378079, "accuracy_ged": 0.8557381429525718, "f1_score_macro_ged": 0.7362498119928477, "f1_score_weighted_ged": 0.8599835600311329, "f_0_5_ged": 0.5843733971619078, "accuracy_ner": 0.9823839776031011, "f1_score_macro_ner": 0.8973169332367986, "f1_score_weighted_ner": 0.9828180717726017, "aes": 0.0053069501494367914, "ged": 0.18526171076865422, "ner": 0.0689243817968028, "total_loss": 0.2594930427148938, "aes_weight_coef": 1.0, "ged_weight_coef": 1.0, "ner_weight_coef": 1.0}, "info": {"tasks": ["aes", "ged", "ner"], "outputs": ["loss", "labels", "preds"], "map_out_to_task": {"aes_loss": "aes", "aes_labels": "aes", "aes_preds": "aes", "ged_loss": "ged", "ged_labels": "ged", "ged_preds": "ged", "ner_loss": "ner", "ner_labels": "ner", "ner_preds": "ner"}, "map_out_to_out": {"aes_loss": "loss", "aes_labels": "labels", "aes_preds": "preds", "ged_loss": "loss", "ged_labels": "labels", "ged_preds": "preds", "ner_loss": "loss", "ner_labels": "labels", "ner_preds": "preds"}, "map_task_index": {"aes": 0, "ged": 1, "ner": 2}, "map_index_task": {"0": "aes", "1": "ged", "2": "ner"}, "optimizer_weighting": "fixed", "epochs_to_avg_over": 2, "temp": 2, "init_task_weightings": {"aes": 1.0, "ged": 1.0, "ner": 1.0}, "metrics_to_track_by_task": {"aes": "pearson_aes", "ged": "f_0_5_ged", "ner": "f1_score_macro_ner"}, "regression_tasks": ["aes"], "classification_tasks": ["ner", "ged"], "fce_tasks": ["aes", "ged"], "task_priorities_priority_as_key": {"primary_task": "aes", "secondary_task": "ged", "aux_task": "ner"}, "early_stopping_patience": 2, "early_stopping_metric": "loss", "pretrained_model": "distilroberta-base", "frozen_layers": null, "scoring": "script", "shared_encoder_n_layers": 0, "normalised_values": [40, 0], "output_layer_by_task": {"aes": -1, "ged": -1, "ner": -1}, "save_results": true, "learning_rate": 4e-05, "batch_size": 8, "weight_decay": 0.01, "adam_epsilon": 1e-08, "runtime": 407.49830985069275, "steps_per_sec": 0.2564495342043378, "model_name": "1630835105"}, "preds": {"aes": {"preds": [0.9127295613288879, 0.7424179315567017, 0.7329123020172119, 0.8059622049331665, 0.7357234358787537, 0.8943017721176147, 0.8483297824859619, 0.8131182789802551, 0.6742870211601257, 0.7947260737419128, 0.806934654712677, 0.8087933659553528, 0.852856457233429, 0.9106510877609253, 0.7362325191497803, 0.6618260741233826, 0.6216257214546204, 0.7673421502113342, 0.8252185583114624, 0.6386048197746277, 0.8760848641395569, 0.8730179667472839, 0.8545858860015869, 0.7049592733383179, 0.6774925589561462, 0.7807620167732239, 0.6209947466850281, 0.9453105926513672, 0.9406262040138245, 0.9294945597648621, 0.8278910517692566, 0.8904489874839783, 0.7379857301712036, 0.7344379425048828, 0.8945302963256836, 0.6495494842529297, 0.8702765107154846, 0.6973194479942322, 0.8272048234939575, 0.7837938666343689, 0.5949718356132507, 0.6820747256278992, 0.7707014083862305, 0.9665344953536987, 0.8054606914520264, 0.8220688104629517, 0.5650997161865234, 0.7774549722671509, 0.9060904383659363, 0.6392998099327087, 0.9744118452072144, 0.6931316256523132, 0.8122172951698303, 0.7154728174209595, 0.7469756007194519, 0.7992743849754333, 0.6639428734779358, 0.9987122416496277, 0.7888999581336975, 0.9190914630889893, 0.47089943289756775, 0.773260235786438, 0.6671938896179199, 0.8476628065109253, 0.6630217432975769, 0.7236969470977783, 0.7620310187339783, 0.9038235545158386, 0.6535550951957703, 0.9205965399742126, 0.8297916054725647, 0.7490121126174927, 0.9687119722366333, 1.0557196140289307, 0.7737963199615479, 0.9557992219924927, 0.9675869345664978, 0.8005872368812561, 0.8991594314575195, 0.6609688401222229, 0.8281459212303162, 0.726129949092865, 0.8189406394958496, 0.8880379796028137, 0.8858566284179688, 0.8078928589820862, 0.7037613987922668, 0.8428905010223389, 0.7286518812179565, 0.6271730661392212, 0.7974055409431458, 0.6884942650794983, 0.6764048933982849, 0.6557305455207825, 0.7937168478965759, 0.9108985066413879],