{"best": {"aes": {"rmse_aes": 6.09211983226142, "pearson_aes": 0.6785346766174106, "spearman_aes": 0.6723407726778269, "kappa_aes": 0.3654325547040901, "aes": 0.02626913061572446, "aes_weight_coef": 1.0}}, "train": {"loss": [0.0241], "learning_rate": [2.4962406015037596e-05], "epoch": [3.76], "step": [500]}, "eval": {"rmse_aes": [4.632029382736215, 6.09211983226142, 4.3326841448153335, 6.385307502284771], "pearson_aes": [0.6114141270179188, 0.6785346766174106, 0.6524680198659438, 0.6292877859549246], "spearman_aes": [0.6339149369278139, 0.6723407726778269, 0.6629472755564925, 0.6479730565974436], "kappa_aes": [0.4857955213008436, 0.3654325547040901, 0.6132792948960534, 0.4670637866075371], "aes": [0.014692074334662821, 0.02626913061572446, 0.013173190074869327, 0.028375966681374445], "total_loss": [0.014692074334662821, 0.02626913061572446, 0.013173190074869327, 0.028375966681374445], "aes_weight_coef": [1.0, 1.0, 1.0, 1.0], "epoch": [0.99, 1.99, 2.99, 3.99], "step": [132, 265, 398, 531]}, "test": {"rmse_aes": 5.287604645451278, "pearson_aes": 0.7795142503037455, "spearman_aes": 0.7787758834962464, "kappa_aes": 0.6231252310963209, "aes": 0.017414545397817466, "total_loss": 0.017414545397817466, "aes_weight_coef": 1.0}, "info": {"tasks": ["aes"], "outputs": ["loss", "labels", "preds"], "map_out_to_task": {"aes_loss": "aes", "aes_labels": "aes", "aes_preds": "aes"}, "map_out_to_out": {"aes_loss": "loss", "aes_labels": "labels", "aes_preds": "preds"}, "map_task_index": {"aes": 0}, "map_index_task": {"0": "aes"}, "optimizer_weighting": "fixed", "epochs_to_avg_over": 2, "temp": 2, "init_task_weightings": {"aes": 1.0, "ged": 1.0, "ner": 1.0}, "metrics_to_track_by_task": {"aes": "pearson_aes", "ged": "f_0_5_ged", "ner": "f1_score_macro_ner"}, "regression_tasks": ["aes"], "classification_tasks": ["ner", "ged"], "fce_tasks": ["aes", "ged"], "task_priorities_priority_as_key": {"primary_task": "aes", "secondary_task": "ged", "aux_task": "ner"}, "early_stopping_patience": 2, "early_stopping_metric": null, "pretrained_model": "distilroberta-base", "frozen_layers": 0, "scoring": "script", "shared_encoder_n_layers": 1, "normalised_values": [40, 0], "output_layer_by_task": {"aes": -1, "ged": -1, "ner": -1}, "save_results": true, "learning_rate": 4e-05, "batch_size": 8, "weight_decay": 0.01, "adam_epsilon": 1e-08, "runtime": 131.05155634880066, "steps_per_sec": 0.2468014243856886, "model_name": "1630836230"}, "preds": {"aes": {"preds": [0.966850996017456, 0.6978510022163391, 0.6378829479217529, 0.7116989493370056, 0.6524404287338257, 0.8727429509162903, 0.8283782601356506, 0.8682571649551392, 0.6306312680244446, 0.8411069512367249, 0.8249388933181763, 0.8258343935012817, 0.8918377161026001, 0.8802294135093689, 0.6820966005325317, 0.5427865386009216, 0.5927138924598694, 0.7213917970657349, 0.8787010312080383, 0.6599446535110474, 0.8978167772293091, 0.869928777217865, 0.8960671424865723, 0.6974046230316162, 0.6630566716194153, 0.791161060333252, 0.5994375348091125, 0.8319218754768372, 0.9497055411338806, 0.9240884780883789, 0.8546832799911499, 0.898743748664856, 0.8122193813323975, 0.6518558263778687, 0.9473358988761902, 0.5935460925102234, 0.9037821292877197, 0.7175283432006836, 0.8316929936408997, 0.7699049711227417, 0.5331683158874512, 0.7241058349609375, 0.8184388875961304, 0.8634095788002014, 0.8835689425468445, 0.8752590417861938, 0.4932883083820343, 0.8585099577903748, 0.8992917537689209, 0.5939416289329529, 0.9566314816474915, 0.574002206325531, 0.7903042435646057, 0.7697954177856445, 0.6862442493438721, 0.7737665176391602, 0.6205330491065979, 0.9729167819023132, 0.7219828367233276, 0.938385546207428, 0.4054147005081177, 0.715904712677002, 0.6715803146362305, 0.8893466591835022, 0.6911834478378296, 0.7465275526046753, 0.6324968934059143, 0.9447367191314697, 0.614919900894165, 0.9355195760726929, 0.8536084890365601, 0.7209926843643188, 0.9254337549209595, 1.0166606903076172, 0.8055235743522644, 0.9039044976234436, 0.9566812515258789, 0.8223490715026855, 0.9390180706977844, 0.6648918986320496, 0.9026181697845459, 0.7562587857246399, 0.8042698502540588, 0.8674314022064209, 0.8686232566833496, 0.835866391658783, 0.6885965466499329, 0.8638535737991333, 0.6636874675750732, 0.6500012278556824, 0.8080053329467773, 0.6682172417640686, 0.6343654990196228, 0.6557456254959106, 0.7709127068519592, 0.8369750380516052, 0.80930095911026], "labels": [0.75, 0.6499999761581421, 0.574999988079071, 0.6499999761581421, 0.6499999761581421, 0.949999988079071, 0.675000011920929, 0.9750000238418579, 0.625, 0.6000000238418579, 0.625, 0.675000011920929, 0.75, 0.675000011920929, 0.5, 0.5249999761581421, 0.5249999761581421, 0.6499999761581421, 0.550000011920929, 0.6000000238418579, 0.949999988079071, 0.75, 0.8500000238418579, 0.6000000238418579, 0.574999988079071, 0.550000011920929, 0.574999988079071, 0.9750000238418579, 0.8500000238418579, 0.925000011920929, 0.7749999761581421, 0.699999988079071, 0.6499999761581421, 0.7250000238418579, 0.8500000238418579, 0.6499999761581421, 0.8500000238418579, 0.4749999940395355, 0.6499999761581421, 0.7749999761581421, 0.44999998807907104, 0.4749999940395355, 0.625, 0.6499999761581421, 0.7250000238418579, 0.7250000238418579, 0.44999998807907104, 0.675000011920929, 0.875, 0.550000011920929, 0.8999999761581421, 0.3499999940395355, 0.6000000238418579, 0.7250000238418579, 0.699999988079071, 0.6000000238418579, 0.625, 0.925000011920929, 0.6000000238418579, 0.8999999761581421, 0.32499998807907104, 0.574999988079071, 0.7250000238418579, 0.7749999761581421, 0.574999988079071, 0.699999988079071, 0.6499999761581421, 0.6499999761581421, 0.5249999761581421, 0.949999988079071, 0.800000011920929, 0.7250000238418579, 0.8999999761581421, 1.0, 0.7250000238418579, 0.8500000238418579, 0.8999999761581421, 0.625, 0.925000011920929, 0.42500001192092896, 0.800000011920929, 0.625, 0.625, 0.8999999761581421, 0.7749999761581421, 0.675000011920929, 0.4749999940395355, 0.699999988079071, 0.6000000238418579, 0.5, 0.625, 0.574999988079071, 0.550000011920929, 0.574999988079071, 0.675000011920929, 0.75, 0.8500000238418579]}}}