{"best": {"aes": {"rmse_aes": 4.61579414137541, "pearson_aes": 0.6523266979958023, "spearman_aes": 0.655070120885713, "kappa_aes": 0.606986203046495, "aes": 0.0013663915749422687, "aes_weight_coef": 0.5}, "ged": {"accuracy_ged": 0.8183630676154137, "f1_score_macro_ged": 0.7046449625829825, "f1_score_weighted_ged": 0.8385603001639691, "f_0_5_ged": 0.6313895836075644, "ged": 0.04786380189795827, "ged_weight_coef": 0.5}, "ner": {"accuracy_ner": 0.9860986721700868, "f1_score_macro_ner": 0.9155081316415803, "f1_score_weighted_ner": 0.9859731960814196, "ner": 0.0020092101808269185, "ner_weight_coef": 0.05000000074505806}}, "train": {"loss": [0.1461, 0.1017], "learning_rate": [3.0566037735849064e-05, 2.1132075471698115e-05], "epoch": [1.89, 3.77], "step": [500, 1000]}, "eval": {"rmse_aes": [4.8634121538049575, 4.719934086168766, 4.61579414137541, 5.939509893735154, 6.179041637305542], "pearson_aes": [0.6268567364129666, 0.6192354388169757, 0.6523266979958023, 0.6104108502481527, 0.6364696116252129], "spearman_aes": [0.6240314115454113, 0.5869222490537046, 0.655070120885713, 0.6066677899332312, 0.6416424233145671], "kappa_aes": [0.560845086125202, 0.49785792567500253, 0.606986203046495, 0.4859908444101263, 0.45782555478686604], "accuracy_ged": [0.8407411226839916, 0.8183630676154137, 0.8587879412876834, 0.8654222955553263, 0.8828503660926059], "f1_score_macro_ged": [0.7113773670719514, 0.7046449625829825, 0.7399194201277213, 0.7443437158000525, 0.7567620991256048], "f1_score_weighted_ged": [0.8525709054291674, 0.8385603001639691, 0.8683979961330763, 0.8729035244842611, 0.8847285966628472], "f_0_5_ged": [0.5829355050079565, 0.6313895836075644, 0.6276269185360094, 0.6190567668811834, 0.5953158767653416], "accuracy_ner": [0.9579845021611308, 0.9782329348545618, 0.9827693625637631, 0.9845995093649001, 0.9860986721700868], "f1_score_macro_ner": [0.656419901480239, 0.859279375965477, 0.8927121537271243, 0.9018560531389959, 0.9155081316415803], "f1_score_weighted_ner": [0.9532426372085915, 0.9779159232948333, 0.9826101821553791, 0.9844188681212782, 0.9859731960814196], "aes": [0.001592828930074046, 0.0014541489667757306, 0.0013663915749422687, 0.002273264178616363, 0.0025118958681475284], "ged": [0.05332415187081625, 0.04786380189795827, 0.05240007299323415, 0.05899857053923052, 0.07010097143261931], "ner": [0.0053712858840130094, 0.0030940875091568327, 0.002429382658975069, 0.0021481882133737727, 0.0020092101808269185], "total_loss": [0.06028826668490331, 0.05241203837389083, 0.056195847227151485, 0.06342002293122066, 0.07462207748159376], "aes_weight_coef": [0.5, 0.5, 0.5, 0.5, 0.5], "ged_weight_coef": [0.5, 0.5, 0.5, 0.5, 0.5], "ner_weight_coef": [0.05000000074505806, 0.05000000074505806, 0.05000000074505806, 0.05000000074505806, 0.05000000074505806], "epoch": [1.0, 2.0, 3.0, 4.0, 5.0], "step": [264, 529, 794, 1059, 1324]}, "test": {"rmse_aes": 5.8273779123490295, "pearson_aes": 0.7407008797729893, "spearman_aes": 0.7276020114290664, "kappa_aes": 0.530642695304585, "accuracy_ged": 0.8687775551102205, "f1_score_macro_ged": 0.7430308272464043, "f1_score_weighted_ged": 0.8683212549136174, "f_0_5_ged": 0.5604317819854893, "accuracy_ner": 0.9771939269947238, "f1_score_macro_ner": 0.868167259065483, "f1_score_weighted_ner": 0.9777198643552341, "aes": 0.0029996474428723254, "ged": 0.11226171397027515, "ner": 0.0032996658257962693, "total_loss": 0.11856102723894375, "aes_weight_coef": 0.5, "ged_weight_coef": 0.5, "ner_weight_coef": 0.05000000074505806}, "info": {"tasks": ["aes", "ged", "ner"], "outputs": ["loss", "labels", "preds"], "map_out_to_task": {"aes_loss": "aes", "aes_labels": "aes", "aes_preds": "aes", "ged_loss": "ged", "ged_labels": "ged", "ged_preds": "ged", "ner_loss": "ner", "ner_labels": "ner", "ner_preds": "ner"}, "map_out_to_out": {"aes_loss": "loss", "aes_labels": "labels", "aes_preds": "preds", "ged_loss": "loss", "ged_labels": "labels", "ged_preds": "preds", "ner_loss": "loss", "ner_labels": "labels", "ner_preds": "preds"}, "map_task_index": {"aes": 0, "ged": 1, "ner": 2}, "map_index_task": {"0": "aes", "1": "ged", "2": "ner"}, "optimizer_weighting": "fixed", "epochs_to_avg_over": 2, "temp": 2, "init_task_weightings": {"aes": 0.5, "ged": 0.5, "ner": 0.05}, "metrics_to_track_by_task": {"aes": "pearson_aes", "ged": "f_0_5_ged", "ner": "f1_score_macro_ner"}, "regression_tasks": ["aes"], "classification_tasks": ["ner", "ged"], "fce_tasks": ["aes", "ged"], "task_priorities_priority_as_key": {"primary_task": "aes", "secondary_task": "ged", "aux_task": "ner"}, "early_stopping_patience": 2, "early_stopping_metric": "los", "pretrained_model": "distilroberta-base", "frozen_layers": null, "scoring": "script", "shared_encoder_n_layers": 0, "normalised_values": [40, 0], "output_layer_by_task": {"aes": -1, "ged": -1, "ner": -1}, "save_results": true, "learning_rate": 4e-05, "batch_size": 8, "weight_decay": 0.01, "adam_epsilon": 1e-08, "runtime": 338.8700671195984, "steps_per_sec": 0.25594415945589, "model_name": "1630778534"}, "preds": {"aes": {"preds": [0.9022214412689209, 0.7775245308876038, 0.7993308305740356, 0.7573348879814148, 0.7004309296607971, 0.8117238879203796, 0.888323187828064, 0.821063756942749, 0.6558590531349182, 0.8469505310058594, 0.8431382775306702, 0.8042266368865967, 0.8861404061317444, 0.9215550422668457, 0.6781264543533325, 0.6113535165786743, 0.6747762560844421, 0.7627454400062561, 0.9129948616027832, 0.6343207955360413, 0.9274619221687317, 0.8638394474983215, 0.9098186492919922, 0.7145043015480042, 0.7088120579719543, 0.7875179648399353, 0.6012127995491028, 0.895443320274353, 0.9895006418228149, 0.8319525718688965, 0.8682315349578857, 0.8793365955352783, 0.7484368681907654, 0.7306957244873047, 0.8849688768386841, 0.6596052050590515, 0.9337969422340393, 0.678339421749115, 0.8244910836219788, 0.8077253699302673, 0.5904271602630615, 0.735596239566803, 0.7992713451385498, 0.9280456304550171, 0.835257351398468, 0.8397943377494812, 0.5522758364677429, 0.7745221853256226, 0.8688170313835144, 0.6452311277389526, 0.9942674040794373, 0.6455714106559753, 0.8208932876586914, 0.7537307739257812, 0.7202627062797546, 0.8653882145881653, 0.6960620284080505, 0.9749412536621094, 0.7781026363372803, 0.8964840173721313, 0.5229721665382385, 0.7445356845855713, 0.6312150359153748, 0.9412528276443481, 0.6844212412834167, 0.8038749694824219, 0.7495949268341064, 0.8692478537559509, 0.6871258020401001, 0.9470157027244568, 0.7877432107925415, 0.7148309350013733, 0.9623895287513733, 1.0431513786315918, 0.7801690697669983, 0.9912377595901489, 0.890663206577301, 0.8033305406570435, 0.8606502413749695, 0.6760674715042114, 0.8580172061920166, 0.7581111788749695, 0.883437991142273, 0.8378106951713562, 0.8164014220237732, 0.8056346774101257, 0.7283565998077393, 0.8301487565040588, 0.7112315893173218, 0.6205827593803406, 0.7239375114440918, 0.6729246377944946, 0.6697989106178284, 0.7050613760948181, 0.766560971736908, 0.8774113655090332],