{"best": {"aes": {"rmse_aes": 4.668154524720306, "pearson_aes": 0.6246078927351293, "spearman_aes": 0.6186414645057616, "kappa_aes": 0.5183383233532934, "aes": 0.0008644126166134726, "aes_weight_coef": 0.30000001192092896}, "ged": {"accuracy_ged": 0.8592348148912035, "f1_score_macro_ged": 0.7386116513791102, "f1_score_weighted_ged": 0.868359985898722, "f_0_5_ged": 0.62073055028463, "ged": 0.08087583406026973, "ged_weight_coef": 0.699999988079071}, "ner": {"accuracy_ner": 0.9832950430279195, "f1_score_macro_ner": 0.891711701812883, "f1_score_weighted_ner": 0.9830639838524753, "ner": 0.003218608856915908, "ner_weight_coef": 0.07000000029802322}}, "train": {"loss": [0.1908], "learning_rate": [3.0566037735849064e-05], "epoch": [1.89], "step": [500]}, "eval": {"rmse_aes": [4.668154524720306, 5.124830620507266, 5.30068129792975], "pearson_aes": [0.6246078927351293, 0.591458944248144, 0.6211939743949629], "spearman_aes": [0.6186414645057616, 0.5554278344619148, 0.5989991695816793], "kappa_aes": [0.5183383233532934, 0.49775641025641015, 0.5248659986017246], "accuracy_ged": [0.8448317349008284, 0.8492317211508714, 0.8592348148912035], "f1_score_macro_ged": [0.715480073001824, 0.727196905462854, 0.7386116513791102], "f1_score_weighted_ged": [0.8556599494732559, 0.8605213684879959, 0.868359985898722], "f_0_5_ged": [0.5843972299429971, 0.613514145429039, 0.62073055028463], "accuracy_ner": [0.9616253261165842, 0.9780187687395351, 0.9832950430279195], "f1_score_macro_ner": [0.7075257292631577, 0.8584350710870914, 0.891711701812883], "f1_score_weighted_ner": [0.9577940581985294, 0.9777935829936337, 0.9830639838524753], "aes": [0.0008644126166134726, 0.0010125288837264444, 0.0011076493118348163], "ged": [0.07533879335536513, 0.07559344657631807, 0.08087583406026973], "ner": [0.0068738369032913865, 0.004222690447255276, 0.003218608856915908], "total_loss": [0.08307704287526999, 0.0808286659072998, 0.08520209222902046], "aes_weight_coef": [0.30000001192092896, 0.30000001192092896, 0.30000001192092896], "ged_weight_coef": [0.699999988079071, 0.699999988079071, 0.699999988079071], "ner_weight_coef": [0.07000000029802322, 0.07000000029802322, 0.07000000029802322], "epoch": [1.0, 2.0, 3.0], "step": [264, 529, 794]}, "test": {"rmse_aes": 4.667038675648618, "pearson_aes": 0.7559455004347233, "spearman_aes": 0.7679236366852629, "kappa_aes": 0.6411740023409377, "accuracy_ged": 0.8418436873747495, "f1_score_macro_ged": 0.7292546947231773, "f1_score_weighted_ged": 0.8509454162494995, "f_0_5_ged": 0.6082307514603479, "accuracy_ner": 0.975126520943254, "f1_score_macro_ner": 0.8527253451333889, "f1_score_weighted_ner": 0.9756645372225083, "aes": 0.0011402385841522897, "ged": 0.1224859527179173, "ner": 0.004703067420493989, "total_loss": 0.1283292587225636, "aes_weight_coef": 0.30000001192092896, "ged_weight_coef": 0.699999988079071, "ner_weight_coef": 0.07000000029802322}, "info": {"tasks": ["aes", "ged", "ner"], "outputs": ["loss", "labels", "preds"], "map_out_to_task": {"aes_loss": "aes", "aes_labels": "aes", "aes_preds": "aes", "ged_loss": "ged", "ged_labels": "ged", "ged_preds": "ged", "ner_loss": "ner", "ner_labels": "ner", "ner_preds": "ner"}, "map_out_to_out": {"aes_loss": "loss", "aes_labels": "labels", "aes_preds": "preds", "ged_loss": "loss", "ged_labels": "labels", "ged_preds": "preds", "ner_loss": "loss", "ner_labels": "labels", "ner_preds": "preds"}, "map_task_index": {"aes": 0, "ged": 1, "ner": 2}, "map_index_task": {"0": "aes", "1": "ged", "2": "ner"}, "optimizer_weighting": "fixed", "epochs_to_avg_over": 2, "temp": 2, "init_task_weightings": {"aes": 0.30000000000000004, "ged": 0.7, "ner": 0.06999999999999999}, "metrics_to_track_by_task": {"aes": "pearson_aes", "ged": "f_0_5_ged", "ner": "f1_score_macro_ner"}, "regression_tasks": ["aes"], "classification_tasks": ["ner", "ged"], "fce_tasks": ["aes", "ged"], "task_priorities_priority_as_key": {"primary_task": "aes", "secondary_task": "ged", "aux_task": "ner"}, "early_stopping_patience": 2, "early_stopping_metric": "los", "pretrained_model": "distilroberta-base", "frozen_layers": null, "scoring": "script", "shared_encoder_n_layers": 0, "normalised_values": [40, 0], "output_layer_by_task": {"aes": -1, "ged": -1, "ner": -1}, "save_results": true, "learning_rate": 4e-05, "batch_size": 8, "weight_decay": 0.01, "adam_epsilon": 1e-08, "runtime": 204.61007618904114, "steps_per_sec": 0.25769531006176466, "model_name": "1630777715"}, "preds": {"aes": {"preds": [0.8314142227172852, 0.7299655675888062, 0.7036850452423096, 0.7818925380706787, 0.6879212260246277, 0.8421086072921753, 0.8129158616065979, 0.7501264214515686, 0.6603215932846069, 0.772760272026062, 0.8036174178123474, 0.7589991092681885, 0.8272901177406311, 0.8923596739768982, 0.6811679601669312, 0.5911778211593628, 0.5851947665214539, 0.7317825555801392, 0.8110237717628479, 0.6055005192756653, 0.8594722747802734, 0.8686118125915527, 0.8150743246078491, 0.7265014052391052, 0.6176441311836243, 0.7324958443641663, 0.569260835647583, 0.8437685966491699, 0.9383592009544373, 0.8445647358894348, 0.8115807771682739, 0.859120786190033, 0.7688359618186951, 0.7000099420547485, 0.8755306005477905, 0.6125032901763916, 0.8470223546028137, 0.6158940196037292, 0.822624146938324, 0.735257089138031, 0.5634487867355347, 0.6540712714195251, 0.7482290267944336, 0.9125574827194214, 0.7937949299812317, 0.8020312190055847, 0.5396823883056641, 0.7420658469200134, 0.863747239112854, 0.6141260266304016, 0.9436284303665161, 0.6697630882263184, 0.7744405269622803, 0.655012309551239, 0.7246180772781372, 0.8033791780471802, 0.6287456154823303, 0.908393919467926, 0.7138465046882629, 0.8548484444618225, 0.4175117313861847, 0.7434276938438416, 0.5566442608833313, 0.8233587741851807, 0.6365730166435242, 0.6754221320152283, 0.7434254288673401, 0.8294529914855957, 0.5892668962478638, 0.8553504943847656, 0.7804309129714966, 0.744374692440033, 0.9410870671272278, 0.9583565592765808, 0.71873939037323, 0.8983350396156311, 0.9116605520248413, 0.7196540832519531, 0.8238788843154907, 0.5946176052093506, 0.8094209432601929, 0.6953861117362976, 0.7816425561904907, 0.7976861596107483, 0.8650193810462952, 0.754504919052124, 0.6645447015762329, 0.8396807312965393, 0.6789278984069824, 0.5828492045402527, 0.7783161997795105, 0.6202113628387451, 0.6241055130958557, 0.6442989110946655, 0.7775028944015503, 0.8160337805747986],