{"best": {"aes": {"rmse_aes": 4.630814663149935, "pearson_aes": 0.6498758158978186, "spearman_aes": 0.6421078968922986, "kappa_aes": 0.5487541452432383, "aes": 0.000561142728127929, "aes_weight_coef": 0.20000000298023224}, "ged": {"accuracy_ged": 0.8457942318930254, "f1_score_macro_ged": 0.7266707242421147, "f1_score_weighted_ged": 0.8585222421872023, "f_0_5_ged": 0.6239312289134353, "ged": 0.08383259870285212, "ged_weight_coef": 0.800000011920929}, "ner": {"accuracy_ner": 0.9823020910400685, "f1_score_macro_ner": 0.8863156664398548, "f1_score_weighted_ner": 0.9821570000575306, "ner": 0.00391857864519278, "ner_weight_coef": 0.07999999821186066}}, "train": {"loss": [0.2167], "learning_rate": [3.0566037735849064e-05], "epoch": [1.89], "step": [500]}, "eval": {"rmse_aes": [4.630814663149935, 5.287564026405102, 4.960958688712406], "pearson_aes": [0.6498758158978186, 0.6130181458085824, 0.5958505290649344], "spearman_aes": [0.6421078968922986, 0.5995281520229996, 0.5721915867939027], "kappa_aes": [0.5487541452432383, 0.4481618311933242, 0.45869321931762763], "accuracy_ged": [0.8435942387680039, 0.8457942318930254, 0.8638410504967172], "f1_score_macro_ged": [0.7179807684621023, 0.7266707242421147, 0.7437290952540896], "f1_score_weighted_ged": [0.8555118288943737, 0.8585222421872023, 0.8719285244864925], "f_0_5_ged": [0.5980771923274374, 0.6239312289134353, 0.6229092994361082], "accuracy_ner": [0.9519683812935633, 0.9756240021806004, 0.9823020910400685], "f1_score_macro_ner": [0.6607352021771447, 0.8429388690061782, 0.8863156664398548], "f1_score_weighted_ner": [0.9469392775219286, 0.9754999871909601, 0.9821570000575306], "aes": [0.000561142728127929, 0.0007153643148972891, 0.0006441751597882357], "ged": [0.08323472253111906, 0.08383259870285212, 0.09147266315859418], "ner": [0.009676820923422659, 0.00524770844251264, 0.00391857864519278], "total_loss": [0.09347268618266964, 0.08979567146026204, 0.09603541696357519], "aes_weight_coef": [0.20000000298023224, 0.20000000298023224, 0.20000000298023224], "ged_weight_coef": [0.800000011920929, 0.800000011920929, 0.800000011920929], "ner_weight_coef": [0.07999999821186066, 0.07999999821186066, 0.07999999821186066], "epoch": [1.0, 2.0, 3.0], "step": [264, 529, 794]}, "test": {"rmse_aes": 4.4464405239847, "pearson_aes": 0.7540007678090539, "spearman_aes": 0.766690660864672, "kappa_aes": 0.6056129072139458, "accuracy_ged": 0.8444622578490314, "f1_score_macro_ged": 0.7312883167156431, "f1_score_weighted_ged": 0.8528356756774529, "f_0_5_ged": 0.6066938667197399, "accuracy_ner": 0.9742866372348444, "f1_score_macro_ner": 0.8480224760403146, "f1_score_weighted_ner": 0.9749238637099054, "aes": 0.0007114051570949544, "ged": 0.1368435493537358, "ner": 0.0054997928451658, "total_loss": 0.14305474735599655, "aes_weight_coef": 0.20000000298023224, "ged_weight_coef": 0.800000011920929, "ner_weight_coef": 0.07999999821186066}, "info": {"tasks": ["aes", "ged", "ner"], "outputs": ["loss", "labels", "preds"], "map_out_to_task": {"aes_loss": "aes", "aes_labels": "aes", "aes_preds": "aes", "ged_loss": "ged", "ged_labels": "ged", "ged_preds": "ged", "ner_loss": "ner", "ner_labels": "ner", "ner_preds": "ner"}, "map_out_to_out": {"aes_loss": "loss", "aes_labels": "labels", "aes_preds": "preds", "ged_loss": "loss", "ged_labels": "labels", "ged_preds": "preds", "ner_loss": "loss", "ner_labels": "labels", "ner_preds": "preds"}, "map_task_index": {"aes": 0, "ged": 1, "ner": 2}, "map_index_task": {"0": "aes", "1": "ged", "2": "ner"}, "optimizer_weighting": "fixed", "epochs_to_avg_over": 2, "temp": 2, "init_task_weightings": {"aes": 0.2, "ged": 0.8, "ner": 0.08000000000000002}, "metrics_to_track_by_task": {"aes": "pearson_aes", "ged": "f_0_5_ged", "ner": "f1_score_macro_ner"}, "regression_tasks": ["aes"], "classification_tasks": ["ner", "ged"], "fce_tasks": ["aes", "ged"], "task_priorities_priority_as_key": {"primary_task": "aes", "secondary_task": "ged", "aux_task": "ner"}, "early_stopping_patience": 2, "early_stopping_metric": "los", "pretrained_model": "distilroberta-base", "frozen_layers": null, "scoring": "script", "shared_encoder_n_layers": 0, "normalised_values": [40, 0], "output_layer_by_task": {"aes": -1, "ged": -1, "ner": -1}, "save_results": true, "learning_rate": 4e-05, "batch_size": 8, "weight_decay": 0.01, "adam_epsilon": 1e-08, "runtime": 204.3917100429535, "steps_per_sec": 0.25742028972664166, "model_name": "1630777506"}, "preds": {"aes": {"preds": [0.7003389596939087, 0.6521102786064148, 0.6248936057090759, 0.6631277203559875, 0.6127668619155884, 0.7029950022697449, 0.6913469433784485, 0.6377834677696228, 0.5628305077552795, 0.6747087240219116, 0.6760033369064331, 0.6532760262489319, 0.7211353778839111, 0.7246100902557373, 0.5939648151397705, 0.5178077220916748, 0.5620641112327576, 0.6011521816253662, 0.7007941007614136, 0.5017490983009338, 0.7466849088668823, 0.7023587226867676, 0.6870974898338318, 0.632054328918457, 0.5622410774230957, 0.634796679019928, 0.4969010055065155, 0.7126092314720154, 0.7601702213287354, 0.7244545817375183, 0.6979690790176392, 0.6959850788116455, 0.6687734723091125, 0.6127791404724121, 0.695525050163269, 0.5609325766563416, 0.7125446796417236, 0.5384951829910278, 0.7192943692207336, 0.6164822578430176, 0.4959791898727417, 0.5526777505874634, 0.6308819651603699, 0.7279965281486511, 0.6805246472358704, 0.678676962852478, 0.4567205011844635, 0.630719780921936, 0.733592689037323, 0.5505850911140442, 0.7610895037651062, 0.6170755624771118, 0.6763781905174255, 0.591791570186615, 0.6146497130393982, 0.6505441665649414, 0.5702482461929321, 0.7469785213470459, 0.5997989773750305, 0.7106394171714783, 0.3640875518321991, 0.6764933466911316, 0.5388962030410767, 0.7195414900779724, 0.5922250747680664, 0.6049911379814148, 0.6269127726554871, 0.6952751278877258, 0.5334933996200562, 0.7247671484947205, 0.6542662978172302, 0.6470727324485779, 0.7415797114372253, 0.7708863615989685, 0.6290001273155212, 0.7301139235496521, 0.7434391379356384, 0.6295687556266785, 0.7024321556091309, 0.5529552102088928, 0.6914337873458862, 0.6096914410591125, 0.6809784770011902, 0.6826964616775513, 0.7337637543678284, 0.671722948551178, 0.5760202407836914, 0.6832845211029053, 0.5659608840942383, 0.5227370858192444, 0.6636291146278381, 0.5969932675361633, 0.5303280353546143, 0.5583785176277161, 0.6715561747550964, 0.7006444931030273],