{"best": {"aes": {"rmse_aes": 7.338066654250438, "pearson_aes": 0.6879284039123462, "spearman_aes": 0.6890735447125963, "kappa_aes": 0.364469865836733, "aes": 0.00714547464320826, "aes_weight_coef": 1.0}, "ged": {"accuracy_ged": 0.7065071671651026, "f1_score_macro_ged": 0.6118672794424297, "f1_score_weighted_ged": 0.7519132309440558, "f_0_5_ged": 0.5842806964535258, "ged": 0.10830476325611736, "ged_weight_coef": 1.0}, "ner": {"accuracy_ner": 0.991238658930727, "f1_score_macro_ner": 0.9479993886421401, "f1_score_weighted_ner": 0.9912228043035054, "ner": 0.0272388027813069, "ner_weight_coef": 1.0}}, "train": {"loss": [0.3686, 0.254, 0.2195], "learning_rate": [3.0566037735849064e-05, 2.1132075471698115e-05, 1.169811320754717e-05], "epoch": [1.89, 3.77, 5.66], "step": [500, 1000, 1500]}, "eval": {"rmse_aes": [4.617298392398356, 5.841660722773962, 5.833333333333333, 6.955213871621778, 7.338066654250438, 8.06484139129014, 6.715446539301927], "pearson_aes": [0.6300543751695105, 0.633499015208761, 0.6529843846768739, 0.6627305025750481, 0.6879284039123462, 0.6823959906081548, 0.6864476679471981], "spearman_aes": [0.6000879855852871, 0.645714598025996, 0.6387038021765772, 0.6627914450937044, 0.6890735447125963, 0.6689886650334544, 0.6822417604677582], "kappa_aes": [0.5757542512342293, 0.410010111223458, 0.4732831165774143, 0.4336326134433389, 0.364469865836733, 0.32943589005612317, 0.425787728026534], "accuracy_ged": [0.7065071671651026, 0.8495067202914991, 0.8549723282114743, 0.8638754253892956, 0.87226289917844, 0.8645972981334433, 0.8669347908287787], "f1_score_macro_ged": [0.6118672794424297, 0.7112726940177503, 0.7210197718256137, 0.7272585478608614, 0.730384725193141, 0.7326264958728744, 0.7338810532901631], "f1_score_weighted_ged": [0.7519132309440558, 0.8572531548703053, 0.8622753274905726, 0.868307892929681, 0.8732982609181802, 0.8698856867747685, 0.8713785398656784], "f_0_5_ged": [0.5842806964535258, 0.553275720561966, 0.5697640688454845, 0.5606576803436528, 0.5410608440143878, 0.5775828268966869, 0.5734510655090765], "accuracy_ner": [0.9837039056111522, 0.9877535921498384, 0.9889217709590749, 0.989505860363693, 0.9904988123515439, 0.991238658930727, 0.9912775982243682], "f1_score_macro_ner": [0.9021826421727099, 0.9312299829928001, 0.9372482969766734, 0.9404598845856561, 0.9443782813046683, 0.9479993886421401, 0.947829520665739], "f1_score_weighted_ner": [0.9836694713964589, 0.9877700480243891, 0.9889152605676104, 0.9894636782903709, 0.9904916985356704, 0.9912228043035054, 0.9912578110891771], "aes": [0.0027812628811875054, 0.004419887600856465, 0.004390923273857943, 0.006257730666114841, 0.00714547464320826, 0.008568616887164671, 0.005843916734637216], "ged": [0.10830476325611736, 0.11202914007874422, 0.1114321656005327, 0.11505130141280419, 0.12445401175077571, 0.1171370730843655, 0.12219569433567136], "ner": [0.045823955821783044, 0.03473227173306568, 0.03103552252422412, 0.030221866281313257, 0.029021770547165773, 0.0272388027813069, 0.027398852902183007], "total_loss": [0.1569099819590879, 0.15118129941266636, 0.14685861139861478, 0.15153089836023229, 0.16062125694114976, 0.15294449275283706, 0.1554384639724916], "aes_weight_coef": [1.0, 1.0, 1.0, 1.0, 1.0, 1.0, 1.0], "ged_weight_coef": [1.0, 1.0, 1.0, 1.0, 1.0, 1.0, 1.0], "ner_weight_coef": [1.0, 1.0, 1.0, 1.0, 1.0, 1.0, 1.0], "epoch": [1.0, 2.0, 3.0, 4.0, 5.0, 6.0, 7.0], "step": [264, 529, 794, 1059, 1324, 1589, 1854]}, "test": {"rmse_aes": 6.081049799719343, "pearson_aes": 0.7774282946789751, "spearman_aes": 0.7824637677903274, "kappa_aes": 0.5208146975848069, "accuracy_ged": 0.8517835671342685, "f1_score_macro_ged": 0.7259823117179658, "f1_score_weighted_ged": 0.8553902203674751, "f_0_5_ged": 0.5605805275647419, "accuracy_ner": 0.9809841714224184, "f1_score_macro_ner": 0.889631424426488, "f1_score_weighted_ner": 0.9814422891948804, "aes": 0.006535734715206283, "ged": 0.18617076675097147, "ner": 0.07125169903572116, "total_loss": 0.26395820050189894, "aes_weight_coef": 1.0, "ged_weight_coef": 1.0, "ner_weight_coef": 1.0}, "info": {"tasks": ["aes", "ged", "ner"], "outputs": ["loss", "labels", "preds"], "map_out_to_task": {"aes_loss": "aes", "aes_labels": "aes", "aes_preds": "aes", "ged_loss": "ged", "ged_labels": "ged", "ged_preds": "ged", "ner_loss": "ner", "ner_labels": "ner", "ner_preds": "ner"}, "map_out_to_out": {"aes_loss": "loss", "aes_labels": "labels", "aes_preds": "preds", "ged_loss": "loss", "ged_labels": "labels", "ged_preds": "preds", "ner_loss": "loss", "ner_labels": "labels", "ner_preds": "preds"}, "map_task_index": {"aes": 0, "ged": 1, "ner": 2}, "map_index_task": {"0": "aes", "1": "ged", "2": "ner"}, "optimizer_weighting": "fixed", "epochs_to_avg_over": 2, "temp": 2, "init_task_weightings": {"aes": 1.0, "ged": 1.0, "ner": 1.0}, "metrics_to_track_by_task": {"aes": "pearson_aes", "ged": "f_0_5_ged", "ner": "f1_score_macro_ner"}, "regression_tasks": ["aes"], "classification_tasks": ["ner", "ged"], "fce_tasks": ["aes", "ged"], "task_priorities_priority_as_key": {"primary_task": "aes", "secondary_task": "ged", "aux_task": "ner"}, "early_stopping_patience": 2, "early_stopping_metric": "los", "pretrained_model": "distilroberta-base", "frozen_layers": null, "scoring": "script", "shared_encoder_n_layers": 0, "normalised_values": [40, 0], "output_layer_by_task": {"aes": -1, "ged": 4, "ner": 4}, "save_results": true, "learning_rate": 4e-05, "batch_size": 8, "weight_decay": 0.01, "adam_epsilon": 1e-08, "runtime": 429.9606738090515, "steps_per_sec": 0.23190974854857146, "model_name": "1630770086"}, "preds": {"aes": {"preds": [0.926514208316803, 0.7655827403068542, 0.7100828886032104, 0.861152708530426, 0.7173798084259033, 0.9133278727531433, 0.9027417302131653, 0.7984849214553833, 0.7031406760215759, 0.7778763175010681, 0.7813745141029358, 0.864578127861023, 0.900736927986145, 0.892453134059906, 0.7817995548248291, 0.6337096095085144, 0.6676910519599915, 0.7221375107765198, 0.8754098415374756, 0.6305853724479675, 0.9325816631317139, 0.906495988368988, 0.9359880089759827, 0.7616170048713684, 0.7232254147529602, 0.7905982136726379, 0.5716150999069214, 0.9294779300689697, 0.9772106409072876, 0.9379861950874329, 0.8821380138397217, 0.866474986076355, 0.8207117319107056, 0.7523465156555176, 0.8942655920982361, 0.6213194727897644, 0.8599240779876709, 0.681448221206665, 0.8707438707351685, 0.8405725955963135, 0.6135812401771545, 0.7144931554794312, 0.7857204675674438, 0.9703831672668457, 0.803752601146698, 0.8726115822792053, 0.5639903545379639, 0.8195475935935974, 0.9322815537452698, 0.666379988193512, 0.973337709903717, 0.6652784943580627, 0.8135938048362732, 0.7469606995582581, 0.7322785258293152, 0.8298080563545227, 0.7465168237686157, 0.9503623843193054, 0.7388734221458435, 0.9337121248245239, 0.47573134303092957, 0.8769763708114624, 0.7049751281738281, 0.8399356603622437, 0.7573055624961853, 0.7580482959747314, 0.8069480657577515, 0.9295433759689331, 0.6842203140258789, 0.9564796090126038, 0.8985498547554016, 0.7942960262298584, 0.9734178781509399, 0.9808611273765564, 0.7417792081832886, 0.9386048913002014, 0.9609435200691223, 0.7668987512588501, 0.9203611016273499, 0.6711992025375366, 0.8493407964706421, 0.7663864493370056, 0.8759018778800964, 0.8628025054931641, 0.8923401832580566, 0.8048684597015381, 0.7300338745117188, 0.8798131942749023, 0.7449645400047302, 0.6439213752746582, 0.7909640073776245, 0.6746413111686707, 0.6717095971107483, 0.6547966003417969, 0.7713925838470459, 0.9268333315849304],