{"best": {"aes": {"rmse_aes": 6.653111218737357, "pearson_aes": NaN, "spearman_aes": NaN, "kappa_aes": 0.0, "aes": 0.005933638250585212, "aes_weight_coef": 1.0}, "ged": {"accuracy_ged": 0.8045099859062941, "f1_score_macro_ged": 0.6708980811005131, "f1_score_weighted_ged": 0.8241236022731764, "f_0_5_ged": 0.5455931139603694, "ged": 0.11265205366666926, "ged_weight_coef": 1.0}, "ner": {"accuracy_ner": 0.9843464039562322, "f1_score_macro_ner": 0.9154903123303763, "f1_score_weighted_ner": 0.9842358072448356, "ner": 0.04550112710269385, "ner_weight_coef": 1.0}}, "train": {"loss": [0.4393, 0.3077], "learning_rate": [3.0566037735849064e-05, 2.1132075471698115e-05], "epoch": [1.89, 3.77], "step": [500, 1000]}, "eval": {"rmse_aes": [5.898446123062129, 6.653111218737357, 6.644755659749858, 5.901977069875258], "pearson_aes": [0.07877519936222352, NaN, 0.16554818453621722, 0.42955573574819417], "spearman_aes": [0.057553987184026156, NaN, 0.11618641606939377, 0.49538308037458545], "kappa_aes": [0.012645507076459173, 0.0, 0.00768485631256044, 0.2940110537283682], "accuracy_ged": [0.7777663194802517, 0.8229005534357705, 0.8282974115705889, 0.8045099859062941], "f1_score_macro_ged": [0.6303270072956029, 0.6652778545541773, 0.6786497889112166, 0.6708980811005131], "f1_score_weighted_ged": [0.8009190745233994, 0.8331176436703437, 0.8388885313487684, 0.8241236022731764], "f_0_5_ged": [0.4732977303070762, 0.47607644044254993, 0.5054787994282991, 0.5455931139603694], "accuracy_ner": [0.9703087885985748, 0.980647171060317, 0.9829445893851485, 0.9843464039562322], "f1_score_macro_ner": [0.81235322624707, 0.8884344604407911, 0.9076789662431296, 0.9154903123303763], "f1_score_weighted_ner": [0.9696649689041607, 0.9804933731075154, 0.9829080707158319, 0.9842358072448356], "aes": [0.004515540526183539, 0.005933638250585212, 0.006073655473978021, 0.004559771114483822], "ged": [0.12323628331339637, 0.12196318493332974, 0.11860309922417929, 0.11265205366666926], "ner": [0.0879132539726967, 0.05911855728820313, 0.050409638041327164, 0.04550112710269385], "total_loss": [0.21566507781227662, 0.18701538047211808, 0.17508639273948448, 0.16271295188384693], "aes_weight_coef": [1.0, 1.0, 1.0, 1.0], "ged_weight_coef": [1.0, 1.0, 1.0, 1.0], "ner_weight_coef": [1.0, 1.0, 1.0, 1.0], "epoch": [1.0, 2.0, 3.0, 4.0], "step": [264, 529, 794, 1059]}, "test": {"rmse_aes": 5.017677085398515, "pearson_aes": 0.6257882387331685, "spearman_aes": 0.6319066687767633, "kappa_aes": 0.43864300563405745, "accuracy_ged": 0.7643553774215097, "f1_score_macro_ged": 0.6477266291637477, "f1_score_weighted_ged": 0.7890037211254699, "f_0_5_ged": 0.537369684812012, "accuracy_ner": 0.9750403790244427, "f1_score_macro_ner": 0.8609559186576515, "f1_score_weighted_ner": 0.9756129508283714, "aes": 0.004453593909385658, "ged": 0.16289274181638444, "ner": 0.06967174873820373, "total_loss": 0.23701808446397385, "aes_weight_coef": 1.0, "ged_weight_coef": 1.0, "ner_weight_coef": 1.0}, "info": {"tasks": ["aes", "ged", "ner"], "outputs": ["loss", "labels", "preds"], "map_out_to_task": {"aes_loss": "aes", "aes_labels": "aes", "aes_preds": "aes", "ged_loss": "ged", "ged_labels": "ged", "ged_preds": "ged", "ner_loss": "ner", "ner_labels": "ner", "ner_preds": "ner"}, "map_out_to_out": {"aes_loss": "loss", "aes_labels": "labels", "aes_preds": "preds", "ged_loss": "loss", "ged_labels": "labels", "ged_preds": "preds", "ner_loss": "loss", "ner_labels": "labels", "ner_preds": "preds"}, "map_task_index": {"aes": 0, "ged": 1, "ner": 2}, "map_index_task": {"0": "aes", "1": "ged", "2": "ner"}, "optimizer_weighting": "fixed", "epochs_to_avg_over": 2, "temp": 2, "init_task_weightings": {"aes": 1.0, "ged": 1.0, "ner": 1.0}, "metrics_to_track_by_task": {"aes": "pearson_aes", "ged": "f_0_5_ged", "ner": "f1_score_macro_ner"}, "regression_tasks": ["aes"], "classification_tasks": ["ner", "ged"], "fce_tasks": ["aes", "ged"], "task_priorities_priority_as_key": {"primary_task": "aes", "secondary_task": "ged", "aux_task": "ner"}, "early_stopping_patience": 2, "early_stopping_metric": "los", "pretrained_model": "distilroberta-base", "frozen_layers": null, "scoring": "script", "shared_encoder_n_layers": 0, "normalised_values": [40, 0], "output_layer_by_task": {"aes": -1, "ged": 2, "ner": 2}, "save_results": true, "learning_rate": 4e-05, "batch_size": 8, "weight_decay": 0.01, "adam_epsilon": 1e-08, "runtime": 224.45686841011047, "steps_per_sec": 0.21195171710114302, "model_name": "1630768891"}, "preds": {"aes": {"preds": [0.7542729377746582, 0.7068771719932556, 0.6455023884773254, 0.7713914513587952, 0.6887663006782532, 0.758499026298523, 0.7710644602775574, 0.6570330262184143, 0.6592829823493958, 0.7645015120506287, 0.753058135509491, 0.7545459270477295, 0.7870591282844543, 0.7296804189682007, 0.7828262448310852, 0.5935176014900208, 0.7067776322364807, 0.709753692150116, 0.7742677927017212, 0.6456186771392822, 0.7862235307693481, 0.7342472672462463, 0.7985702753067017, 0.6973217129707336, 0.6792659759521484, 0.6734980940818787, 0.5785397291183472, 0.775374174118042, 0.8096717000007629, 0.8212774395942688, 0.7218009829521179, 0.8072547912597656, 0.7632680535316467, 0.6542038321495056, 0.779521644115448, 0.6805739998817444, 0.7813424468040466, 0.7527939677238464, 0.798204243183136, 0.7567670345306396, 0.6340128183364868, 0.6809535026550293, 0.666160523891449, 0.7090920805931091, 0.7538940906524658, 0.779505729675293, 0.5929335355758667, 0.6814575791358948, 0.7882695198059082, 0.6739793419837952, 0.8243309855461121, 0.7128900289535522, 0.7421520352363586, 0.7532469034194946, 0.7512987852096558, 0.743099570274353, 0.6909544467926025, 0.8247355818748474, 0.6949383020401001, 0.7919036149978638, 0.5449073910713196, 0.7861309051513672, 0.6716563701629639, 0.7190474271774292, 0.6838232278823853, 0.6963925957679749, 0.6952940225601196, 0.8198920488357544, 0.6481813192367554, 0.8092226982116699, 0.7854768633842468, 0.6701923608779907, 0.8240527510643005, 0.8107946515083313, 0.6194021105766296, 0.8108748197555542, 0.7812108993530273, 0.7807064056396484, 0.8172385096549988, 0.6370430588722229, 0.807397723197937, 0.7497740983963013, 0.7566202878952026, 0.7831920981407166, 0.8002436757087708, 0.711438000202179, 0.6529421210289001, 0.7788890600204468, 0.6467073559761047, 0.7008825540542603, 0.7529984712600708, 0.6722456812858582, 0.5808412432670593, 0.6165321469306946, 0.724338173866272, 0.7931531071662903],