{"best": {"ged": {"accuracy_ged": 0.8506754666391667, "f1_score_macro_ged": 0.7359171195978127, "f1_score_weighted_ged": 0.8631225314483661, "f_0_5_ged": 0.6427417493653358, "ged": 0.10696118931437648, "ged_weight_coef": 1.0}, "ner": {"accuracy_ner": 0.9924263073867841, "f1_score_macro_ner": 0.95304393708416, "f1_score_weighted_ner": 0.9924292087033706, "ner": 0.025434914788198766, "ner_weight_coef": 1.0}}, "train": {"loss": [0.3414, 0.2129], "learning_rate": [3.245283018867925e-05, 2.4905660377358492e-05], "epoch": [1.89, 3.77], "step": [500, 1000]}, "eval": {"accuracy_ged": [0.8458973565707607, 0.8654566704479049, 0.8524973359458252, 0.8486817228696161, 0.8506754666391667], "f1_score_macro_ged": [0.7115383304848244, 0.7360076672704724, 0.7342320138191412, 0.7323053194695247, 0.7359171195978127], "f1_score_weighted_ged": [0.8553919528031858, 0.8710868219777858, 0.8637778219427587, 0.8612773859455031, 0.8631225314483661], "f_0_5_ged": [0.5662759672193635, 0.5869278491524595, 0.6290819182683337, 0.6357047227736484, 0.6427417493653358], "accuracy_ner": [0.9862933686382929, 0.9907908570538531, 0.9913360071648301, 0.9917254001012422, 0.9924263073867841], "f1_score_macro_ner": [0.915567535920064, 0.9460513908290383, 0.9509945697691133, 0.9486485473524093, 0.95304393708416], "f1_score_weighted_ner": [0.9861902425203709, 0.9907374138883034, 0.9912976583231914, 0.991708933581238, 0.9924292087033706], "ged": [0.10959359171778657, 0.1098439471666203, 0.10101776622062505, 0.10339494222818418, 0.10696118931437648], "ner": [0.03778828806135544, 0.028443342367143826, 0.02744558336603087, 0.02615223418471815, 0.025434914788198766], "total_loss": [0.147381879779142, 0.13828728953376412, 0.12846334958665592, 0.12954717641290234, 0.13239610410257524], "ged_weight_coef": [1.0, 1.0, 1.0, 1.0, 1.0], "ner_weight_coef": [1.0, 1.0, 1.0, 1.0, 1.0], "epoch": [1.0, 2.0, 3.0, 4.0, 5.0], "step": [264, 529, 794, 1059, 1324]}, "test": {"accuracy_ged": 0.832064128256513, "f1_score_macro_ged": 0.7246335940077185, "f1_score_weighted_ged": 0.844514047715787, "f_0_5_ged": 0.6249396310248237, "accuracy_ner": 0.982857758156563, "f1_score_macro_ner": 0.8983642349316854, "f1_score_weighted_ner": 0.9832574808216861, "ged": 0.16342034297330038, "ner": 0.06680054732021831, "total_loss": 0.2302208902935187, "ged_weight_coef": 1.0, "ner_weight_coef": 1.0}, "info": {"tasks": ["ged", "ner"], "outputs": ["loss", "labels", "preds"], "map_out_to_task": {"ged_loss": "ged", "ged_labels": "ged", "ged_preds": "ged", "ner_loss": "ner", "ner_labels": "ner", "ner_preds": "ner"}, "map_out_to_out": {"ged_loss": "loss", "ged_labels": "labels", "ged_preds": "preds", "ner_loss": "loss", "ner_labels": "labels", "ner_preds": "preds"}, "map_task_index": {"ged": 0, "ner": 1}, "map_index_task": {"0": "ged", "1": "ner"}, "optimizer_weighting": "fixed", "epochs_to_avg_over": 2, "temp": 2, "init_task_weightings": {"aes": 1.0, "ged": 1.0, "ner": 1.0}, "metrics_to_track_by_task": {"aes": "pearson_aes", "ged": "f_0_5_ged", "ner": "f1_score_macro_ner"}, "regression_tasks": ["aes"], "classification_tasks": ["ner", "ged"], "fce_tasks": ["aes", "ged"], "task_priorities_priority_as_key": {"primary_task": "ged", "aux_task": "ner"}, "early_stopping_patience": 2, "early_stopping_metric": "loss", "pretrained_model": "distilroberta-base", "frozen_layers": null, "scoring": "script", "shared_encoder_n_layers": 0, "normalised_values": [40, 0], "output_layer_by_task": {"aes": -1, "ged": -1, "ner": -1}, "save_results": true, "learning_rate": 4e-05, "batch_size": 8, "weight_decay": 0.01, "adam_epsilon": 1e-08, "runtime": 339.34016466140747, "steps_per_sec": 0.25629921802221106, "model_name": "1630837953"}, "preds": {}}