{"best": {"aes": {"rmse_aes": 4.531185889987328, "pearson_aes": 0.6647439252549534, "spearman_aes": 0.6594931958565247, "kappa_aes": 0.5425069862967578, "aes": 0.014263156827332245, "aes_weight_coef": 1.0}}, "train": {"loss": [0.0282], "learning_rate": [2.4962406015037596e-05], "epoch": [3.76], "step": [500]}, "eval": {"rmse_aes": [4.9682536472887, 4.465054183406904, 4.531185889987328, 4.4194621357830695, 5.79065156693271], "pearson_aes": [0.548219993379507, 0.631573077174169, 0.6647439252549534, 0.6578306283423115, 0.6064744135248694], "spearman_aes": [0.5792548311017033, 0.6140048792319674, 0.6594931958565247, 0.6654756510474726, 0.6053273188467803], "kappa_aes": [0.4211546269978961, 0.5664431098739207, 0.5425069862967578, 0.6338036915141929, 0.4613636363636363], "aes": [0.016918792389333248, 0.013619236906783449, 0.014263156827332245, 0.013315261859032843, 0.022437406186428335], "total_loss": [0.016918792389333248, 0.013619236906783449, 0.014263156827332245, 0.013315261859032843, 0.022437406186428335], "aes_weight_coef": [1.0, 1.0, 1.0, 1.0, 1.0], "epoch": [0.99, 1.99, 2.99, 3.99, 4.99], "step": [132, 265, 398, 531, 664]}, "test": {"rmse_aes": 4.888446298824898, "pearson_aes": 0.7361243955982657, "spearman_aes": 0.7583765308121605, "kappa_aes": 0.5996043225689149, "aes": 0.015643235218400758, "total_loss": 0.015643235218400758, "aes_weight_coef": 1.0}, "info": {"tasks": ["aes"], "outputs": ["loss", "labels", "preds"], "map_out_to_task": {"aes_loss": "aes", "aes_labels": "aes", "aes_preds": "aes"}, "map_out_to_out": {"aes_loss": "loss", "aes_labels": "labels", "aes_preds": "preds"}, "map_task_index": {"aes": 0}, "map_index_task": {"0": "aes"}, "optimizer_weighting": "fixed", "epochs_to_avg_over": 2, "temp": 2, "init_task_weightings": {"aes": 1.0, "ged": 1.0, "ner": 1.0}, "metrics_to_track_by_task": {"aes": "pearson_aes", "ged": "f_0_5_ged", "ner": "f1_score_macro_ner"}, "regression_tasks": ["aes"], "classification_tasks": ["ner", "ged"], "fce_tasks": ["aes", "ged"], "task_priorities_priority_as_key": {"primary_task": "aes", "secondary_task": "ged", "aux_task": "ner"}, "early_stopping_patience": 2, "early_stopping_metric": null, "pretrained_model": "distilroberta-base", "frozen_layers": 0, "scoring": "script", "shared_encoder_n_layers": 1, "normalised_values": [40, 0], "output_layer_by_task": {"aes": -1, "ged": -1, "ner": -1}, "save_results": true, "learning_rate": 4e-05, "batch_size": 8, "weight_decay": 0.01, "adam_epsilon": 1e-08, "runtime": 163.37377524375916, "steps_per_sec": 0.24604484223457704, "model_name": "1630836096"}, "preds": {"aes": {"preds": [0.8714471459388733, 0.6778977513313293, 0.6324838399887085, 0.7743111252784729, 0.7529031038284302, 0.8591747283935547, 0.8172202706336975, 0.8109971880912781, 0.6532378792762756, 0.7981237769126892, 0.8035362362861633, 0.8127723932266235, 0.8581804633140564, 0.8648077845573425, 0.6789228916168213, 0.5299501419067383, 0.5880981087684631, 0.7792715430259705, 0.7670395970344543, 0.6176719665527344, 0.8483200073242188, 0.8728547096252441, 0.8523749709129333, 0.6995434761047363, 0.6762242317199707, 0.7252433896064758, 0.6198599934577942, 0.8226213455200195, 0.864514946937561, 0.853151798248291, 0.7853410243988037, 0.8574132919311523, 0.7856101393699646, 0.6573741436004639, 0.8991947770118713, 0.6233395338058472, 0.85475754737854, 0.736702561378479, 0.847356379032135, 0.7351899147033691, 0.5460621118545532, 0.7126243114471436, 0.8039090037345886, 0.8193880319595337, 0.8404460549354553, 0.8043757677078247, 0.5147714018821716, 0.8076872229576111, 0.8282739520072937, 0.6434574127197266, 0.8935948014259338, 0.6834462881088257, 0.7454521656036377, 0.7763110995292664, 0.7098079919815063, 0.8266744017601013, 0.6378820538520813, 0.9038196802139282, 0.7214744687080383, 0.8689581751823425, 0.3781604468822479, 0.7491976022720337, 0.6501611471176147, 0.8115289211273193, 0.6314135789871216, 0.6976761817932129, 0.6092190742492676, 0.8957232236862183, 0.5951868891716003, 0.8696744441986084, 0.8449446558952332, 0.6891695857048035, 0.8984203338623047, 0.9123765826225281, 0.7786126732826233, 0.8265908360481262, 0.8684147596359253, 0.7837343215942383, 0.8587892055511475, 0.6653368473052979, 0.8400700092315674, 0.7279975414276123, 0.7763251662254333, 0.8526532649993896, 0.8400490283966064, 0.7990357875823975, 0.6955633759498596, 0.8343920707702637, 0.6490954160690308, 0.6354796290397644, 0.8076021075248718, 0.6860405802726746, 0.6473371982574463, 0.630733072757721, 0.7590983510017395, 0.8383342027664185, 0.7517797350883484], "labels": [0.75, 0.6499999761581421, 0.574999988079071, 0.6499999761581421, 0.6499999761581421, 0.949999988079071, 0.675000011920929, 0.9750000238418579, 0.625, 0.6000000238418579, 0.625, 0.675000011920929, 0.75, 0.675000011920929, 0.5, 0.5249999761581421, 0.5249999761581421, 0.6499999761581421, 0.550000011920929, 0.6000000238418579, 0.949999988079071, 0.75, 0.8500000238418579, 0.6000000238418579, 0.574999988079071, 0.550000011920929, 0.574999988079071, 0.9750000238418579, 0.8500000238418579, 0.925000011920929, 0.7749999761581421, 0.699999988079071, 0.6499999761581421, 0.7250000238418579, 0.8500000238418579, 0.6499999761581421, 0.8500000238418579, 0.4749999940395355, 0.6499999761581421, 0.7749999761581421, 0.44999998807907104, 0.4749999940395355, 0.625, 0.6499999761581421, 0.7250000238418579, 0.7250000238418579, 0.44999998807907104, 0.675000011920929, 0.875, 0.550000011920929, 0.8999999761581421, 0.3499999940395355, 0.6000000238418579, 0.7250000238418579, 0.699999988079071, 0.6000000238418579, 0.625, 0.925000011920929, 0.6000000238418579, 0.8999999761581421, 0.32499998807907104, 0.574999988079071, 0.7250000238418579, 0.7749999761581421, 0.574999988079071, 0.699999988079071, 0.6499999761581421, 0.6499999761581421, 0.5249999761581421, 0.949999988079071, 0.800000011920929, 0.7250000238418579, 0.8999999761581421, 1.0, 0.7250000238418579, 0.8500000238418579, 0.8999999761581421, 0.625, 0.925000011920929, 0.42500001192092896, 0.800000011920929, 0.625, 0.625, 0.8999999761581421, 0.7749999761581421, 0.675000011920929, 0.4749999940395355, 0.699999988079071, 0.6000000238418579, 0.5, 0.625, 0.574999988079071, 0.550000011920929, 0.574999988079071, 0.675000011920929, 0.75, 0.8500000238418579]}}}