{"best": {"aes": {"rmse_aes": 5.245854300471197, "pearson_aes": 0.4638374694197344, "spearman_aes": 0.4745944191762676, "kappa_aes": 0.2811507470460278, "aes": 0.01928389025852084, "aes_weight_coef": 1.0}}, "train": {"loss": [0.0848, 0.0247], "learning_rate": [5.300751879699248e-06, 6.015037593984962e-07], "epoch": [3.76, 7.52], "step": [500, 1000]}, "eval": {"rmse_aes": [5.611922209553153, 5.479536153334167, 5.349790011258102, 5.3922119178578845, 5.28551878823257, 5.245854300471197, 5.286716096841932, 5.274730780819679], "pearson_aes": [0.19196868493130315, 0.2803787093175995, 0.36598387758179984, 0.3617048925198491, 0.4222447375261844, 0.4638374694197344, 0.43271657409460823, 0.42590505816661445], "spearman_aes": [0.23517574857103765, 0.2919875786482249, 0.3882999138952384, 0.3838351174340158, 0.4313795075106428, 0.4745944191762676, 0.4541188847624066, 0.4301598309632011], "kappa_aes": [0.10879426635053646, 0.16058066447171515, 0.21939162892443942, 0.2164268742361699, 0.2428700137515345, 0.2811507470460278, 0.2561097153298312, 0.25011275317019954], "aes": [0.021728446189728048, 0.020627181821813185, 0.020045434228248067, 0.019738953767551318, 0.019216297349582117, 0.01928389025852084, 0.01892353630521231, 0.018698694960524637], "total_loss": [0.021728446189728048, 0.020627181821813185, 0.020045434228248067, 0.019738953767551318, 0.019216297349582117, 0.01928389025852084, 0.01892353630521231, 0.018698694960524637], "aes_weight_coef": [1.0, 1.0, 1.0, 1.0, 1.0, 1.0, 1.0, 1.0], "epoch": [0.99, 1.99, 2.99, 3.99, 4.99, 5.99, 6.99, 7.99], "step": [132, 265, 398, 531, 664, 797, 930, 1063]}, "test": {"rmse_aes": 4.985546118841223, "pearson_aes": 0.6243320635057938, "spearman_aes": 0.6213460614060764, "kappa_aes": 0.36936503921072605, "aes": 0.017269042126523953, "total_loss": 0.017269042126523953, "aes_weight_coef": 1.0}, "info": {"tasks": ["aes"], "outputs": ["loss", "labels", "preds"], "map_out_to_task": {"aes_loss": "aes", "aes_labels": "aes", "aes_preds": "aes"}, "map_out_to_out": {"aes_loss": "loss", "aes_labels": "labels", "aes_preds": "preds"}, "map_task_index": {"aes": 0}, "map_index_task": {"0": "aes"}, "optimizer_weighting": "fixed", "epochs_to_avg_over": 2, "temp": 2, "init_task_weightings": {"aes": 1.0, "ged": 1.0, "ner": 1.0}, "metrics_to_track_by_task": {"aes": "pearson_aes", "ged": "f_0_5_ged", "ner": "f1_score_avg_ner"}, "regression_tasks": ["aes"], "classification_tasks": ["ner", "ged"], "fce_tasks": ["aes", "ged"], "task_priorities_priority_as_key": {"primary_task": "aes"}, "early_stopping_patience": 2, "early_stopping_metric": null, "pretrained_model": "distilroberta-base", "frozen_layers": 6, "scoring": "script", "shared_encoder_n_layers": 0, "normalised_values": [40, 0], "output_layer_by_task": {"aes": -1, "ged": -1, "ner": -1}, "save_results": true, "learning_rate": 1e-05, "batch_size": 8, "weight_decay": 0.01, "adam_epsilon": 1e-08, "runtime": 100.38558077812195, "steps_per_sec": 0.0944361060941881, "model_name": "1630759025"}, "preds": {"aes": {"preds": [0.7156599164009094, 0.6922361850738525, 0.6874127388000488, 0.7069836854934692, 0.7189794778823853, 0.6844565272331238, 0.6991580128669739, 0.6915409564971924, 0.6478646397590637, 0.7088738679885864, 0.6786044836044312, 0.7334063649177551, 0.7162535786628723, 0.7229018211364746, 0.7183905243873596, 0.5717436075210571, 0.6610835194587708, 0.7136552929878235, 0.7221554517745972, 0.656957745552063, 0.7591780424118042, 0.6991140246391296, 0.6971933841705322, 0.6827110648155212, 0.6764159798622131, 0.6893143653869629, 0.5899905562400818, 0.7352848649024963, 0.7556191682815552, 0.7222446203231812, 0.6747689247131348, 0.7452771067619324, 0.6962769627571106, 0.6344744563102722, 0.722785472869873, 0.6865431666374207, 0.7560505867004395, 0.6536544561386108, 0.7488403916358948, 0.6790655255317688, 0.6039913892745972, 0.6075439453125, 0.6801549792289734, 0.7448932528495789, 0.7319433093070984, 0.7013281583786011, 0.627483069896698, 0.6589639782905579, 0.7416389584541321, 0.6474272012710571, 0.758453369140625, 0.705072820186615, 0.6946349143981934, 0.6519324779510498, 0.6919731497764587, 0.7078776359558105, 0.6277506351470947, 0.7576799988746643, 0.6631265878677368, 0.7243854999542236, 0.5103523135185242, 0.7057633399963379, 0.691670298576355, 0.7318639755249023, 0.6161883473396301, 0.6927570104598999, 0.666335940361023, 0.7258586883544922, 0.6188391447067261, 0.7403259873390198, 0.6764780879020691, 0.6999690532684326, 0.7295591831207275, 0.7542911171913147, 0.6526216864585876, 0.7517571449279785, 0.7064414620399475, 0.7041679620742798, 0.7106737494468689, 0.6526375412940979, 0.73238205909729, 0.6848198175430298, 0.7052229642868042, 0.7487738728523254, 0.7212880253791809, 0.7101529836654663, 0.6776778101921082, 0.7006100416183472, 0.6461204886436462, 0.6518202424049377, 0.7237426042556763, 0.6877169609069824, 0.6366922855377197, 0.631022572517395, 0.7176007032394409, 0.7166006565093994, 0.6997254490852356], "labels": [0.75, 0.6499999761581421, 0.574999988079071, 0.6499999761581421, 0.6499999761581421, 0.949999988079071, 0.675000011920929, 0.9750000238418579, 0.625, 0.6000000238418579, 0.625, 0.675000011920929, 0.75, 0.675000011920929, 0.5, 0.5249999761581421, 0.5249999761581421, 0.6499999761581421, 0.550000011920929, 0.6000000238418579, 0.949999988079071, 0.75, 0.8500000238418579, 0.6000000238418579, 0.574999988079071, 0.550000011920929, 0.574999988079071, 0.9750000238418579, 0.8500000238418579, 0.925000011920929, 0.7749999761581421, 0.699999988079071, 0.6499999761581421, 0.7250000238418579, 0.8500000238418579, 0.6499999761581421, 0.8500000238418579, 0.4749999940395355, 0.6499999761581421, 0.7749999761581421, 0.44999998807907104, 0.4749999940395355, 0.625, 0.6499999761581421, 0.7250000238418579, 0.7250000238418579, 0.44999998807907104, 0.675000011920929, 0.875, 0.550000011920929, 0.8999999761581421, 0.3499999940395355, 0.6000000238418579, 0.7250000238418579, 0.699999988079071, 0.6000000238418579, 0.625, 0.925000011920929, 0.6000000238418579, 0.8999999761581421, 0.32499998807907104, 0.574999988079071, 0.7250000238418579, 0.7749999761581421, 0.574999988079071, 0.699999988079071, 0.6499999761581421, 0.6499999761581421, 0.5249999761581421, 0.949999988079071, 0.800000011920929, 0.7250000238418579, 0.8999999761581421, 1.0, 0.7250000238418579, 0.8500000238418579, 0.8999999761581421, 0.625, 0.925000011920929, 0.42500001192092896, 0.800000011920929, 0.625, 0.625, 0.8999999761581421, 0.7749999761581421, 0.675000011920929, 0.4749999940395355, 0.699999988079071, 0.6000000238418579, 0.5, 0.625, 0.574999988079071, 0.550000011920929, 0.574999988079071, 0.675000011920929, 0.75, 0.8500000238418579]}}}