{"best": {"aes": {"rmse_aes": 6.239435515778295, "pearson_aes": 0.6601330878224975, "spearman_aes": 0.6372506160327104, "kappa_aes": 0.4891191465256798, "aes": 0.005057847333075695, "aes_weight_coef": 1.0}, "ged": {"accuracy_ged": 0.8373723832113025, "f1_score_macro_ged": 0.7059096349324123, "f1_score_weighted_ged": 0.8495859146323799, "f_0_5_ged": 0.573812640239342, "ged": 0.11204739018928173, "ged_weight_coef": 1.0}, "ner": {"accuracy_ner": 0.9889217709590749, "f1_score_macro_ner": 0.9345291757321136, "f1_score_weighted_ner": 0.988875056266832, "ner": 0.03199132001244052, "ner_weight_coef": 1.0}}, "train": {"loss": [0.4674, 0.2964, 0.272, 0.2604], "learning_rate": [7.641509433962266e-06, 5.283018867924529e-06, 2.9245283018867924e-06, 5.660377358490567e-07], "epoch": [1.89, 3.77, 5.66, 7.55], "step": [500, 1000, 1500, 2000]}, "eval": {"rmse_aes": [4.896143607189461, 6.1677926899877775, 5.31637930257886, 7.886345442880653, 7.099491374582955, 6.473235495312817, 6.954215348341688, 6.239435515778295], "pearson_aes": [0.5738376277341195, 0.6174675729048714, 0.638445670996758, 0.6258784377562053, 0.6529211923071695, 0.6579768485664359, 0.6537405713173521, 0.6601330878224975], "spearman_aes": [0.5788312820466244, 0.6047950501960913, 0.6057415701520802, 0.5947487429623173, 0.6268285982218307, 0.6307847438335007, 0.6370124079862246, 0.6372506160327104], "kappa_aes": [0.4867429448957731, 0.4284684684684684, 0.5492175781862142, 0.3374699867806943, 0.41097440539873253, 0.4717214961694457, 0.43039867109634555, 0.4891191465256798], "accuracy_ged": [0.7680725997731257, 0.8216974321955244, 0.8239318002131243, 0.8399848750472655, 0.8373723832113025, 0.8440067374789454, 0.8478223505551545, 0.847409851844213], "f1_score_macro_ged": [0.6365956380099616, 0.6807382931059361, 0.6886704113668058, 0.7033804509060928, 0.7059096349324123, 0.7110606149957537, 0.7120981773444425, 0.7124464418621711], "f1_score_weighted_ged": [0.7963170791003478, 0.8357495926210616, 0.8386183301520049, 0.850467891082818, 0.8495859146323799, 0.8542743040255618, 0.8565403897175328, 0.8563961260562636], "f_0_5_ged": [0.5189770390678546, 0.5315637783562663, 0.5531453362255965, 0.5561611374407582, 0.573812640239342, 0.5708465583400446, 0.5618650565459077, 0.5645084162203519], "accuracy_ner": [0.9633386550367976, 0.981737471282271, 0.9852225380631595, 0.9873836688602469, 0.9881819243798917, 0.9886297262567657, 0.9888244227249717, 0.9889217709590749], "f1_score_macro_ner": [0.7054314363353474, 0.8815491259630129, 0.911939571875303, 0.9258489895378587, 0.9303906232965967, 0.9327697490001908, 0.9325444239990891, 0.9345291757321136], "f1_score_weighted_ner": [0.9591990074755776, 0.9813424768666134, 0.9850986783592405, 0.9872963929139181, 0.9881190392398917, 0.9885644088063932, 0.9887365227997651, 0.988875056266832], "aes": [0.0030591292198487493, 0.004866575865551483, 0.0037430676436701485, 0.008119330481561117, 0.006508681078463099, 0.00552092082148721, 0.006359370252074197, 0.005057847333075695], "ged": [0.11860766244489093, 0.1168373143950174, 0.11369096678356792, 0.11468013497286064, 0.11204739018928173, 0.11409555132998976, 0.115484404009442, 0.1149773542271104], "ner": [0.09443592288812926, 0.050816021383155226, 0.040769133500235026, 0.03613076566956764, 0.03411588701960999, 0.03304563331699302, 0.03263928237652709, 0.03199132001244052], "total_loss": [0.21610271455286895, 0.1725199116437241, 0.1582031679274731, 0.1589302311239894, 0.15267195828735483, 0.15266210546847, 0.1544830566380433, 0.1520265215726266], "aes_weight_coef": [1.0, 1.0, 1.0, 1.0, 1.0, 1.0, 1.0, 1.0], "ged_weight_coef": [1.0, 1.0, 1.0, 1.0, 1.0, 1.0, 1.0, 1.0], "ner_weight_coef": [1.0, 1.0, 1.0, 1.0, 1.0, 1.0, 1.0, 1.0], "epoch": [1.0, 2.0, 3.0, 4.0, 5.0, 6.0, 7.0, 8.0], "step": [264, 529, 794, 1059, 1324, 1589, 1854, 2119]}, "test": {"rmse_aes": 5.697221545045737, "pearson_aes": 0.7832186818878638, "spearman_aes": 0.7755814784728554, "kappa_aes": 0.6010732281918723, "accuracy_ged": 0.8348430193720775, "f1_score_macro_ged": 0.7077137954704571, "f1_score_weighted_ged": 0.8420694313781537, "f_0_5_ged": 0.5513729707928612, "accuracy_ner": 0.9797566490793582, "f1_score_macro_ner": 0.8815232481381725, "f1_score_weighted_ner": 0.980292534470852, "aes": 0.005848240994271778, "ged": 0.17213780255544753, "ner": 0.06218232298713355, "total_loss": 0.24016836653685286, "aes_weight_coef": 1.0, "ged_weight_coef": 1.0, "ner_weight_coef": 1.0}, "info": {"tasks": ["aes", "ged", "ner"], "outputs": ["loss", "labels", "preds"], "map_out_to_task": {"aes_loss": "aes", "aes_labels": "aes", "aes_preds": "aes", "ged_loss": "ged", "ged_labels": "ged", "ged_preds": "ged", "ner_loss": "ner", "ner_labels": "ner", "ner_preds": "ner"}, "map_out_to_out": {"aes_loss": "loss", "aes_labels": "labels", "aes_preds": "preds", "ged_loss": "loss", "ged_labels": "labels", "ged_preds": "preds", "ner_loss": "loss", "ner_labels": "labels", "ner_preds": "preds"}, "map_task_index": {"aes": 0, "ged": 1, "ner": 2}, "map_index_task": {"0": "aes", "1": "ged", "2": "ner"}, "optimizer_weighting": "fixed", "epochs_to_avg_over": 2, "temp": 2, "init_task_weightings": {"aes": 1.0, "ged": 1.0, "ner": 1.0}, "metrics_to_track_by_task": {"aes": "pearson_aes", "ged": "f_0_5_ged", "ner": "f1_score_macro_ner"}, "regression_tasks": ["aes"], "classification_tasks": ["ner", "ged"], "fce_tasks": ["aes", "ged"], "task_priorities_priority_as_key": {"primary_task": "aes", "secondary_task": "ged", "aux_task": "ner"}, "early_stopping_patience": 2, "early_stopping_metric": "los", "pretrained_model": "distilroberta-base", "frozen_layers": null, "scoring": "script", "shared_encoder_n_layers": 0, "normalised_values": [40, 0], "output_layer_by_task": {"aes": -1, "ged": -1, "ner": -1}, "save_results": true, "learning_rate": 1e-05, "batch_size": 8, "weight_decay": 0.01, "adam_epsilon": 1e-08, "runtime": 537.7911562919617, "steps_per_sec": 0.2537947882453807, "model_name": "1630773285"}, "preds": {"aes": {"preds": [0.884272038936615, 0.7573187947273254, 0.7568613290786743, 0.818026065826416, 0.6945613026618958, 0.9251278042793274, 0.8641130328178406, 0.7809014320373535, 0.6748387217521667, 0.8216270804405212, 0.8006921410560608, 0.8653297424316406, 0.905817449092865, 0.9349226355552673, 0.7164381742477417, 0.6124805808067322, 0.6000140309333801, 0.8086427450180054, 0.8853884339332581, 0.6144526600837708, 0.9862619042396545, 0.9173485636711121, 0.8958731293678284, 0.7121445536613464, 0.6740798354148865, 0.7947231531143188, 0.5493888258934021, 0.9806423187255859, 1.014066219329834, 0.9641718864440918, 0.840641438961029, 0.8867778778076172, 0.7191439867019653, 0.6890402436256409, 0.9233834147453308, 0.6278621554374695, 0.9186743497848511, 0.6933375000953674, 0.860854983329773, 0.776667058467865, 0.5776427984237671, 0.6492348313331604, 0.8053091764450073, 0.9288398623466492, 0.8644455671310425, 0.8084384202957153, 0.49801942706108093, 0.7519342303276062, 0.9427877068519592, 0.5985168218612671, 1.0445787906646729, 0.682618260383606, 0.8055251836776733, 0.6863581538200378, 0.7268473505973816, 0.8338869214057922, 0.6290589570999146, 0.9866840839385986, 0.7817826867103577, 0.9281491637229919, 0.46347326040267944, 0.7606242299079895, 0.6612475514411926, 0.8775641322135925, 0.6486785411834717, 0.7374642491340637, 0.7762827277183533, 0.9588847756385803, 0.5990751385688782, 0.987368106842041, 0.8261259198188782, 0.7730523943901062, 1.008860468864441, 1.019139051437378, 0.6668129563331604, 0.991191029548645, 1.0111989974975586, 0.7646993398666382, 0.8624944090843201, 0.6126114726066589, 0.8417316675186157, 0.7431536912918091, 0.8152197003364563, 0.9174386858940125, 0.9193859696388245, 0.8731295466423035, 0.7212010622024536, 0.8864824771881104, 0.7087001204490662, 0.6341994404792786, 0.7581891417503357, 0.6514785885810852, 0.6586057543754578, 0.6516827344894409, 0.7831438183784485, 0.9465513825416565],