{"best": {"aes": {"rmse_aes": 4.28498671072748, "pearson_aes": 0.6785131149421733, "spearman_aes": 0.6456184928607487, "kappa_aes": 0.6730793666929273, "aes": 0.0019103718195976906, "aes_weight_coef": 0.800000011920929}, "ged": {"accuracy_ged": 0.8482004743735175, "f1_score_macro_ged": 0.7270984378999017, "f1_score_weighted_ged": 0.8599363546819674, "f_0_5_ged": 0.6168755532777338, "ged": 0.020784204262633655, "ged_weight_coef": 0.20000000298023224}, "ner": {"accuracy_ner": 0.9798294458938515, "f1_score_macro_ner": 0.86386593271197, "f1_score_weighted_ner": 0.9795202718465112, "ner": 0.001171410118966082, "ner_weight_coef": 0.019999999552965164}}, "train": {"loss": [0.0702, 0.0488], "learning_rate": [3.0566037735849064e-05, 2.1132075471698115e-05], "epoch": [1.89, 3.77], "step": [500, 1000]}, "eval": {"rmse_aes": [4.718462555630689, 4.913134324327892, 4.28498671072748, 6.529846008053244, 5.778311941119905], "pearson_aes": [0.6312049072552104, 0.622930584853794, 0.6785131149421733, 0.6607173883155445, 0.6385721697333875], "spearman_aes": [0.6029672624336244, 0.5808855442510754, 0.6456184928607487, 0.6375898330138401, 0.6064416103689728], "kappa_aes": [0.5491798242919457, 0.45221662225931747, 0.6730793666929273, 0.45238095238095233, 0.5088882773802972], "accuracy_ged": [0.8110068406036232, 0.824275549138909, 0.8482004743735175, 0.8741535182702554, 0.8738785191296278], "f1_score_macro_ged": [0.6866829014574843, 0.7041073813068484, 0.7270984378999017, 0.7437639498012968, 0.7461861950554227], "f1_score_weighted_ged": [0.8308986708670052, 0.8418933861402326, 0.8599363546819674, 0.8773265489216058, 0.8777339188532989], "f_0_5_ged": [0.58489141537505, 0.609783437205757, 0.6168755532777338, 0.5821304131408661, 0.5923396674584324], "accuracy_ner": [0.9299482107394572, 0.9563101125345587, 0.9709123476500137, 0.9773373311008138, 0.9798294458938515], "f1_score_macro_ner": [0.481282967505361, 0.6420171152168894, 0.7687838799709231, 0.837408286050735, 0.86386593271197], "f1_score_weighted_ner": [0.9195129244921657, 0.951521269402745, 0.9688278219930285, 0.9766624466441735, 0.9795202718465112], "aes": [0.002319952115676431, 0.002563075996328925, 0.0019103718195976906, 0.00439041631491205, 0.0034966762285939482], "ged": [0.02114068387552749, 0.02009852681049081, 0.020784204262633655, 0.024761311016803563, 0.02617781453354414], "ner": [0.004033535697259182, 0.002199973412897698, 0.001531963960841558, 0.0012924840625072288, 0.001171410118966082], "total_loss": [0.027494171688463107, 0.02486157621971743, 0.024226540043072904, 0.030444211394222844, 0.03084590088110417], "aes_weight_coef": [0.800000011920929, 0.800000011920929, 0.800000011920929, 0.800000011920929, 0.800000011920929], "ged_weight_coef": [0.20000000298023224, 0.20000000298023224, 0.20000000298023224, 0.20000000298023224, 0.20000000298023224], "ner_weight_coef": [0.019999999552965164, 0.019999999552965164, 0.019999999552965164, 0.019999999552965164, 0.019999999552965164], "epoch": [1.0, 2.0, 3.0, 4.0, 5.0], "step": [264, 529, 794, 1059, 1324]}, "test": {"rmse_aes": 5.209166600010665, "pearson_aes": 0.7668670458787548, "spearman_aes": 0.7667845200393533, "kappa_aes": 0.5950922693266834, "accuracy_ged": 0.8600400801603206, "f1_score_macro_ged": 0.7380972903479178, "f1_score_weighted_ged": 0.8626568577307947, "f_0_5_ged": 0.5752993286732646, "accuracy_ner": 0.9731883277700011, "f1_score_macro_ner": 0.8414982385814422, "f1_score_weighted_ner": 0.9735847981420188, "aes": 0.003872127438496266, "ged": 0.04031989315436, "ner": 0.0014821031821026867, "total_loss": 0.045674123774958955, "aes_weight_coef": 0.800000011920929, "ged_weight_coef": 0.20000000298023224, "ner_weight_coef": 0.019999999552965164}, "info": {"tasks": ["aes", "ged", "ner"], "outputs": ["loss", "labels", "preds"], "map_out_to_task": {"aes_loss": "aes", "aes_labels": "aes", "aes_preds": "aes", "ged_loss": "ged", "ged_labels": "ged", "ged_preds": "ged", "ner_loss": "ner", "ner_labels": "ner", "ner_preds": "ner"}, "map_out_to_out": {"aes_loss": "loss", "aes_labels": "labels", "aes_preds": "preds", "ged_loss": "loss", "ged_labels": "labels", "ged_preds": "preds", "ner_loss": "loss", "ner_labels": "labels", "ner_preds": "preds"}, "map_task_index": {"aes": 0, "ged": 1, "ner": 2}, "map_index_task": {"0": "aes", "1": "ged", "2": "ner"}, "optimizer_weighting": "fixed", "epochs_to_avg_over": 2, "temp": 2, "init_task_weightings": {"aes": 0.8, "ged": 0.19999999999999996, "ner": 0.019999999999999997}, "metrics_to_track_by_task": {"aes": "pearson_aes", "ged": "f_0_5_ged", "ner": "f1_score_macro_ner"}, "regression_tasks": ["aes"], "classification_tasks": ["ner", "ged"], "fce_tasks": ["aes", "ged"], "task_priorities_priority_as_key": {"primary_task": "aes", "secondary_task": "ged", "aux_task": "ner"}, "early_stopping_patience": 2, "early_stopping_metric": "los", "pretrained_model": "distilroberta-base", "frozen_layers": null, "scoring": "script", "shared_encoder_n_layers": 0, "normalised_values": [40, 0], "output_layer_by_task": {"aes": -1, "ged": -1, "ner": -1}, "save_results": true, "learning_rate": 4e-05, "batch_size": 8, "weight_decay": 0.01, "adam_epsilon": 1e-08, "runtime": 339.1417384147644, "steps_per_sec": 0.25614934925586436, "model_name": "1630779563"}, "preds": {"aes": {"preds": [0.8865922093391418, 0.7113010287284851, 0.6937894225120544, 0.7183265089988708, 0.6775051355361938, 0.8548285961151123, 0.8074437975883484, 0.8034327030181885, 0.6471824645996094, 0.7997453212738037, 0.838140606880188, 0.7878870964050293, 0.8874937891960144, 0.9286165237426758, 0.6595218777656555, 0.6093858480453491, 0.6210936307907104, 0.6697275638580322, 0.8546997904777527, 0.6445860862731934, 0.8465204238891602, 0.8909652233123779, 0.867518424987793, 0.7015954256057739, 0.659904956817627, 0.7656357884407043, 0.6131882071495056, 0.8955833315849304, 0.9473264813423157, 0.8906012773513794, 0.8396339416503906, 0.7586863040924072, 0.7410470843315125, 0.7190579771995544, 0.8630806803703308, 0.6522172093391418, 0.8727951645851135, 0.6457740068435669, 0.7840112447738647, 0.75641930103302, 0.603387176990509, 0.7391396760940552, 0.7629349231719971, 0.9123515486717224, 0.8382811546325684, 0.8410958051681519, 0.5571644306182861, 0.7991671562194824, 0.9102336168289185, 0.6393833160400391, 0.9325403571128845, 0.6598996520042419, 0.8376626372337341, 0.7254151701927185, 0.6885988116264343, 0.8007658123970032, 0.6616262197494507, 0.9538231492042542, 0.7526385188102722, 0.9185968637466431, 0.49612006545066833, 0.7410114407539368, 0.5499516129493713, 0.9158027172088623, 0.7135007381439209, 0.7314601540565491, 0.7303447127342224, 0.9328201413154602, 0.6799504160881042, 0.892729640007019, 0.8016681671142578, 0.7612050175666809, 0.9428423643112183, 0.9951985478401184, 0.8357823491096497, 0.9531355500221252, 0.9201222062110901, 0.7595080733299255, 0.8800997138023376, 0.6464846730232239, 0.8527809977531433, 0.7291173338890076, 0.8115653395652771, 0.8309690356254578, 0.8771602511405945, 0.7947733402252197, 0.683697521686554, 0.8487536907196045, 0.6819809675216675, 0.6179324984550476, 0.7956041097640991, 0.6565321087837219, 0.6172307133674622, 0.7031538486480713, 0.7465610504150391, 0.8251606822013855],