{"best": {"aes": {"rmse_aes": 5.591412065738751, "pearson_aes": 0.6627121259026482, "spearman_aes": 0.6411601383102966, "kappa_aes": 0.5002435460301997, "aes": 0.003760141954042537, "aes_weight_coef": 0.8999999761581421}, "ged": {"accuracy_ged": 0.8527723350864529, "f1_score_macro_ged": 0.7297414021780986, "f1_score_weighted_ged": 0.8629831252692381, "f_0_5_ged": 0.6104459319317431, "ged": 0.011286400085271792, "ged_weight_coef": 0.10000000149011612}, "ner": {"accuracy_ner": 0.9711459834118609, "f1_score_macro_ner": 0.7788543618664535, "f1_score_weighted_ner": 0.9693942176036466, "ner": 0.0007601169602631396, "ner_weight_coef": 0.009999999776482582}}, "train": {"loss": [0.0454, 0.0302, 0.0262], "learning_rate": [3.0566037735849064e-05, 2.1132075471698115e-05, 1.169811320754717e-05], "epoch": [1.89, 3.77, 5.66], "step": [500, 1000, 1500]}, "eval": {"rmse_aes": [4.983305462575351, 5.002777006601211, 4.706673748814313, 5.591412065738751, 5.456901847914967, 4.681523968396046], "pearson_aes": [0.5203488235516072, 0.5629923810070416, 0.6560697370527603, 0.6627121259026482, 0.5851475980752936, 0.6244344089759524], "spearman_aes": [0.5393420501919746, 0.5669572011645635, 0.6457963296318899, 0.6411601383102966, 0.5767253732594804, 0.6106528987777009], "kappa_aes": [0.4733276385165984, 0.422927267285244, 0.5994422755158952, 0.5002435460301997, 0.48589183317755835, 0.5915056072536388], "accuracy_ged": [0.7663882300367811, 0.8103193427520539, 0.8341067684163487, 0.8648379223814926, 0.8692379086315355, 0.8527723350864529], "f1_score_macro_ged": [0.6479583208870832, 0.6875570623814977, 0.709721822392583, 0.7287107481379896, 0.7344707030118505, 0.7297414021780986], "f1_score_weighted_ged": [0.7971590900920337, 0.8306641528030448, 0.8485681595047601, 0.8691317382333039, 0.872697312896417, 0.8629831252692381], "f_0_5_ged": [0.5655221327548083, 0.5903038881762286, 0.5988806826001193, 0.5623918952310353, 0.5669334393796291, 0.6104459319317431], "accuracy_ner": [0.8964020092675519, 0.9388458393364745, 0.9527082278727463, 0.9628129745726413, 0.9675440987500487, 0.9711459834118609], "f1_score_macro_ner": [0.36110397429207913, 0.5141742445972307, 0.590388642814441, 0.7021274181887033, 0.7481102144877595, 0.7788543618664535], "f1_score_weighted_ner": [0.8755375531376273, 0.9288012529795912, 0.9456181440757598, 0.9589699873913375, 0.9649952377954154, 0.9693942176036466], "aes": [0.0029029153330728066, 0.0029637176911671494, 0.0026002309317592273, 0.003760141954042537, 0.0034229898132210556, 0.002557816855652734], "ged": [0.011077113882746807, 0.010356867122788762, 0.010557797585808954, 0.012526234048743581, 0.01294207468975422, 0.011286400085271792], "ner": [0.003204465248123851, 0.0016259649216175773, 0.0011594180250540376, 0.0009354076072097172, 0.0008431318761553442, 0.0007601169602631396], "total_loss": [0.017184494463943465, 0.01494654973557349, 0.014317446542622219, 0.017221783609995836, 0.01720819637913062, 0.014604333901187665], "aes_weight_coef": [0.8999999761581421, 0.8999999761581421, 0.8999999761581421, 0.8999999761581421, 0.8999999761581421, 0.8999999761581421], "ged_weight_coef": [0.10000000149011612, 0.10000000149011612, 0.10000000149011612, 0.10000000149011612, 0.10000000149011612, 0.10000000149011612], "ner_weight_coef": [0.009999999776482582, 0.009999999776482582, 0.009999999776482582, 0.009999999776482582, 0.009999999776482582, 0.009999999776482582], "epoch": [1.0, 2.0, 3.0, 4.0, 5.0, 6.0], "step": [264, 529, 794, 1059, 1324, 1589]}, "test": {"rmse_aes": 4.027250923396753, "pearson_aes": 0.7589637277201756, "spearman_aes": 0.7591063984847655, "kappa_aes": 0.6865979381443299, "accuracy_ged": 0.8331062124248497, "f1_score_macro_ged": 0.7168448422405664, "f1_score_weighted_ged": 0.8433065344659545, "f_0_5_ged": 0.5908911801405399, "accuracy_ner": 0.9676967804457844, "f1_score_macro_ner": 0.786927016399567, "f1_score_weighted_ner": 0.9671769653020017, "aes": 0.002570216022875337, "ged": 0.017319564663228534, "ner": 0.0008415160090884282, "total_loss": 0.0207312966951923, "aes_weight_coef": 0.8999999761581421, "ged_weight_coef": 0.10000000149011612, "ner_weight_coef": 0.009999999776482582}, "info": {"tasks": ["aes", "ged", "ner"], "outputs": ["loss", "labels", "preds"], "map_out_to_task": {"aes_loss": "aes", "aes_labels": "aes", "aes_preds": "aes", "ged_loss": "ged", "ged_labels": "ged", "ged_preds": "ged", "ner_loss": "ner", "ner_labels": "ner", "ner_preds": "ner"}, "map_out_to_out": {"aes_loss": "loss", "aes_labels": "labels", "aes_preds": "preds", "ged_loss": "loss", "ged_labels": "labels", "ged_preds": "preds", "ner_loss": "loss", "ner_labels": "labels", "ner_preds": "preds"}, "map_task_index": {"aes": 0, "ged": 1, "ner": 2}, "map_index_task": {"0": "aes", "1": "ged", "2": "ner"}, "optimizer_weighting": "fixed", "epochs_to_avg_over": 2, "temp": 2, "init_task_weightings": {"aes": 0.9, "ged": 0.09999999999999998, "ner": 0.009999999999999998}, "metrics_to_track_by_task": {"aes": "pearson_aes", "ged": "f_0_5_ged", "ner": "f1_score_macro_ner"}, "regression_tasks": ["aes"], "classification_tasks": ["ner", "ged"], "fce_tasks": ["aes", "ged"], "task_priorities_priority_as_key": {"primary_task": "aes", "secondary_task": "ged", "aux_task": "ner"}, "early_stopping_patience": 2, "early_stopping_metric": "los", "pretrained_model": "distilroberta-base", "frozen_layers": null, "scoring": "script", "shared_encoder_n_layers": 0, "normalised_values": [40, 0], "output_layer_by_task": {"aes": -1, "ged": -1, "ner": -1}, "save_results": true, "learning_rate": 4e-05, "batch_size": 8, "weight_decay": 0.01, "adam_epsilon": 1e-08, "runtime": 406.71125197410583, "steps_per_sec": 0.2559542177307148, "model_name": "1630779974"}, "preds": {"aes": {"preds": [0.8126007318496704, 0.6340197920799255, 0.64491868019104, 0.6329507231712341, 0.6016371846199036, 0.7905628085136414, 0.7305327653884888, 0.7222722172737122, 0.5968505144119263, 0.7188596129417419, 0.7916288375854492, 0.7469390034675598, 0.7978616952896118, 0.7941321730613708, 0.597737729549408, 0.5309580564498901, 0.576531708240509, 0.6509402394294739, 0.7845100164413452, 0.5944470167160034, 0.7811377048492432, 0.7817075848579407, 0.8276006579399109, 0.6777305006980896, 0.5897411108016968, 0.7031959295272827, 0.5773544907569885, 0.7987828850746155, 0.8511952757835388, 0.8520995378494263, 0.7645713686943054, 0.7033573985099792, 0.7061558961868286, 0.6260901093482971, 0.7888676524162292, 0.6058761477470398, 0.7974416613578796, 0.5987504124641418, 0.7664585709571838, 0.7365652918815613, 0.5445749759674072, 0.6625512838363647, 0.7140352129936218, 0.831851601600647, 0.8050139546394348, 0.8031551241874695, 0.5177379250526428, 0.7165212631225586, 0.8000056147575378, 0.5834189057350159, 0.8913182616233826, 0.6159297823905945, 0.7418636679649353, 0.6723557710647583, 0.6385478973388672, 0.7021582722663879, 0.6099769473075867, 0.8981117010116577, 0.6835560202598572, 0.8532043099403381, 0.44592800736427307, 0.7011319398880005, 0.524212121963501, 0.8243328928947449, 0.6850497722625732, 0.6949571371078491, 0.669650137424469, 0.8526334762573242, 0.6024223566055298, 0.8002285957336426, 0.7465189099311829, 0.6955693960189819, 0.8869771957397461, 0.9026901125907898, 0.7547886967658997, 0.8426228761672974, 0.8483400940895081, 0.6734036803245544, 0.7828364968299866, 0.6224969625473022, 0.749552845954895, 0.6912124156951904, 0.726955235004425, 0.7349949479103088, 0.8075453042984009, 0.735548734664917, 0.6321306228637695, 0.7853094935417175, 0.6508205533027649, 0.5987809896469116, 0.7294530272483826, 0.6181774735450745, 0.5888491272926331, 0.6483712196350098, 0.6804220676422119, 0.758609414100647],