{"best": {"ged": {"accuracy_ged": 0.8471743084739384, "f1_score_macro_ged": 0.7304437877560884, "f1_score_weighted_ged": 0.859930496054648, "f_0_5_ged": 0.6329246788143421, "ged": 0.5448319514592489, "ged_weight_coef": 1.0}}, "train": {"loss": [0.4516], "learning_rate": [2.1203007518796993e-05], "epoch": [3.76], "step": [500]}, "eval": {"accuracy_ged": [0.7996612933575864, 0.8234334817788371, 0.8471743084739384, 0.8609107445273788, 0.8717932635012231], "f1_score_macro_ged": [0.6868160405746943, 0.7092524818480492, 0.7304437877560884, 0.7432183070932544, 0.7526888055325898], "f1_score_weighted_ged": [0.8240462445336596, 0.8422560327633238, 0.859930496054648, 0.8701191814026387, 0.8779723993358213], "f_0_5_ged": [0.6194224698959511, 0.6319755026391072, 0.6329246788143421, 0.6315154648057207, 0.6251929607903675], "ged": [0.5341813233163621, 0.5133640699916415, 0.5448319514592489, 0.5806478990448846, 0.6491593155595992], "total_loss": [0.5341813233163621, 0.5133640699916415, 0.5448319514592489, 0.5806478990448846, 0.6491593155595992], "ged_weight_coef": [1.0, 1.0, 1.0, 1.0, 1.0], "epoch": [0.99, 1.99, 2.99, 3.99, 4.99], "step": [132, 265, 398, 531, 664]}, "test": {"accuracy_ged": 0.8568263931010839, "f1_score_macro_ged": 0.7395978778190235, "f1_score_weighted_ged": 0.861733568982516, "f_0_5_ged": 0.595370839668863, "ged": 0.7345948417981466, "total_loss": 0.7345948417981466, "ged_weight_coef": 1.0}, "info": {"tasks": ["ged"], "outputs": ["loss", "labels", "preds"], "map_out_to_task": {"ged_loss": "ged", "ged_labels": "ged", "ged_preds": "ged"}, "map_out_to_out": {"ged_loss": "loss", "ged_labels": "labels", "ged_preds": "preds"}, "map_task_index": {"ged": 0}, "map_index_task": {"0": "ged"}, "optimizer_weighting": "fixed", "epochs_to_avg_over": 2, "temp": 2, "init_task_weightings": {"aes": 1.0, "ged": 1.0, "ner": 1.0}, "metrics_to_track_by_task": {"aes": "pearson_aes", "ged": "f_0_5_ged", "ner": "f1_score_avg_ner"}, "regression_tasks": ["aes"], "classification_tasks": ["ner", "ged"], "fce_tasks": ["aes", "ged"], "task_priorities_priority_as_key": {"primary_task": "ged"}, "early_stopping_patience": 2, "early_stopping_metric": null, "pretrained_model": "distilroberta-base", "frozen_layers": null, "scoring": "script", "shared_encoder_n_layers": 0, "normalised_values": [40, 0], "output_layer_by_task": {"aes": -1, "ged": -1, "ner": -1}, "save_results": true, "learning_rate": 4e-05, "batch_size": 8, "weight_decay": 0.01, "adam_epsilon": 1e-08, "runtime": 164.34748482704163, "steps_per_sec": 0.24751127232988196, "model_name": "1630759585"}, "preds": {}}