{"best": {"aes": {"rmse_aes": 5.385164807134504, "pearson_aes": 0.6747529844540535, "spearman_aes": 0.6877064038634499, "kappa_aes": 0.4566487797051325, "aes": 0.020410870771027274, "aes_weight_coef": 1.0}}, "train": {"loss": [0.023], "learning_rate": [4.2406015037593987e-05], "epoch": [3.76], "step": [500]}, "eval": {"rmse_aes": [5.839628911393669, 5.517520999025155, 5.385164807134504, 5.886048727308768, 4.769364259839876], "pearson_aes": [0.5325317567882378, 0.6381259165151589, 0.6747529844540535, 0.6581047517534931, 0.6597423194843461], "spearman_aes": [0.5330706648046686, 0.6438870229943585, 0.6877064038634499, 0.6672648412451886, 0.6706345871579655], "kappa_aes": [0.302393072195667, 0.4113003830825448, 0.4566487797051325, 0.4174553987973201, 0.5354260197248751], "aes": [0.02374106210966905, 0.021093113710068993, 0.020410870771027274, 0.024137644718090694, 0.015412658815168671], "total_loss": [0.02374106210966905, 0.021093113710068993, 0.020410870771027274, 0.024137644718090694, 0.015412658815168671], "aes_weight_coef": [1.0, 1.0, 1.0, 1.0, 1.0], "epoch": [0.99, 1.99, 2.99, 3.99, 4.99], "step": [132, 265, 398, 531, 664]}, "test": {"rmse_aes": 4.242640687119285, "pearson_aes": 0.7495398046628183, "spearman_aes": 0.7472537485010654, "kappa_aes": 0.6123582406923823, "aes": 0.01209275443882992, "total_loss": 0.01209275443882992, "aes_weight_coef": 1.0}, "info": {"tasks": ["aes"], "outputs": ["loss", "labels", "preds"], "map_out_to_task": {"aes_loss": "aes", "aes_labels": "aes", "aes_preds": "aes"}, "map_out_to_out": {"aes_loss": "loss", "aes_labels": "labels", "aes_preds": "preds"}, "map_task_index": {"aes": 0}, "map_index_task": {"0": "aes"}, "optimizer_weighting": "fixed", "epochs_to_avg_over": 2, "temp": 2, "init_task_weightings": {"aes": 1.0, "ged": 1.0, "ner": 1.0}, "metrics_to_track_by_task": {"aes": "pearson_aes", "ged": "f_0_5_ged", "ner": "f1_score_avg_ner"}, "regression_tasks": ["aes"], "classification_tasks": ["ner", "ged"], "fce_tasks": ["aes", "ged"], "task_priorities_priority_as_key": {"primary_task": "aes"}, "early_stopping_patience": 2, "early_stopping_metric": null, "pretrained_model": "distilroberta-base", "frozen_layers": 6, "scoring": "script", "shared_encoder_n_layers": 0, "normalised_values": [40, 0], "output_layer_by_task": {"aes": -1, "ged": -1, "ner": -1}, "save_results": true, "learning_rate": 8e-05, "batch_size": 8, "weight_decay": 0.01, "adam_epsilon": 1e-08, "runtime": 63.27335000038147, "steps_per_sec": 0.09529118975961065, "model_name": "1630759194"}, "preds": {"aes": {"preds": [0.7726402878761292, 0.668927788734436, 0.7097018361091614, 0.7647281885147095, 0.7990877628326416, 0.7501811981201172, 0.7352303862571716, 0.7513982057571411, 0.6267639994621277, 0.7177367210388184, 0.6684163212776184, 0.7509982585906982, 0.7507275342941284, 0.7623066902160645, 0.7203870415687561, 0.5454233288764954, 0.6094305515289307, 0.7444480061531067, 0.7395652532577515, 0.6197991967201233, 0.811249315738678, 0.7696022391319275, 0.7445328831672668, 0.6250860691070557, 0.6680378317832947, 0.7461747527122498, 0.5963193774223328, 0.8197242617607117, 0.8131809234619141, 0.778522789478302, 0.7178395390510559, 0.7752674221992493, 0.7972288727760315, 0.6413886547088623, 0.7676786184310913, 0.6649584174156189, 0.8030822277069092, 0.6153213977813721, 0.7989262342453003, 0.7109553217887878, 0.5588099956512451, 0.5911358594894409, 0.6907710433006287, 0.7842458486557007, 0.7468547224998474, 0.7491496801376343, 0.5334628820419312, 0.6882087588310242, 0.7984340190887451, 0.6409751176834106, 0.8227037191390991, 0.7046828269958496, 0.7302318811416626, 0.6695342063903809, 0.7116634249687195, 0.7261432409286499, 0.6038527488708496, 0.8186533451080322, 0.6919987797737122, 0.769907534122467, 0.3934647738933563, 0.707632839679718, 0.6990477442741394, 0.7369718551635742, 0.5831279754638672, 0.6678667068481445, 0.68398118019104, 0.7882230281829834, 0.6145179271697998, 0.8134909272193909, 0.7369059324264526, 0.7159714698791504, 0.8146348595619202, 0.8440771698951721, 0.6837975382804871, 0.8175925016403198, 0.7789053320884705, 0.6983007192611694, 0.7529021501541138, 0.5658347010612488, 0.7690272927284241, 0.6632205247879028, 0.7466599941253662, 0.799880862236023, 0.7287222146987915, 0.7441781163215637, 0.6492031216621399, 0.7765730023384094, 0.6841142177581787, 0.6028011441230774, 0.7217109203338623, 0.659665584564209, 0.6135897040367126, 0.62937992811203, 0.7320963740348816, 0.7886614203453064, 0.7426861524581909], "labels": [0.75, 0.6499999761581421, 0.574999988079071, 0.6499999761581421, 0.6499999761581421, 0.949999988079071, 0.675000011920929, 0.9750000238418579, 0.625, 0.6000000238418579, 0.625, 0.675000011920929, 0.75, 0.675000011920929, 0.5, 0.5249999761581421, 0.5249999761581421, 0.6499999761581421, 0.550000011920929, 0.6000000238418579, 0.949999988079071, 0.75, 0.8500000238418579, 0.6000000238418579, 0.574999988079071, 0.550000011920929, 0.574999988079071, 0.9750000238418579, 0.8500000238418579, 0.925000011920929, 0.7749999761581421, 0.699999988079071, 0.6499999761581421, 0.7250000238418579, 0.8500000238418579, 0.6499999761581421, 0.8500000238418579, 0.4749999940395355, 0.6499999761581421, 0.7749999761581421, 0.44999998807907104, 0.4749999940395355, 0.625, 0.6499999761581421, 0.7250000238418579, 0.7250000238418579, 0.44999998807907104, 0.675000011920929, 0.875, 0.550000011920929, 0.8999999761581421, 0.3499999940395355, 0.6000000238418579, 0.7250000238418579, 0.699999988079071, 0.6000000238418579, 0.625, 0.925000011920929, 0.6000000238418579, 0.8999999761581421, 0.32499998807907104, 0.574999988079071, 0.7250000238418579, 0.7749999761581421, 0.574999988079071, 0.699999988079071, 0.6499999761581421, 0.6499999761581421, 0.5249999761581421, 0.949999988079071, 0.800000011920929, 0.7250000238418579, 0.8999999761581421, 1.0, 0.7250000238418579, 0.8500000238418579, 0.8999999761581421, 0.625, 0.925000011920929, 0.42500001192092896, 0.800000011920929, 0.625, 0.625, 0.8999999761581421, 0.7749999761581421, 0.675000011920929, 0.4749999940395355, 0.699999988079071, 0.6000000238418579, 0.5, 0.625, 0.574999988079071, 0.550000011920929, 0.574999988079071, 0.675000011920929, 0.75, 0.8500000238418579]}}}