{"best": {"ged": {"accuracy_ged": 0.830050805996362, "f1_score_macro_ged": 0.719001419466172, "f1_score_weighted_ged": 0.8479505599439323, "f_0_5_ged": 0.6485296493779286, "ged": 0.5244683987564511, "ged_weight_coef": 1.0}}, "train": {"loss": [0.4664], "learning_rate": [2.1203007518796993e-05], "epoch": [3.76], "step": [500]}, "eval": {"accuracy_ged": [0.8390202596750925, 0.825660164335445, 0.8598444458382989, 0.830050805996362, 0.8544188672144515, 0.8713541993351314], "f1_score_macro_ged": [0.7105921228855592, 0.7104559931760542, 0.7372776639809623, 0.719001419466172, 0.7385700634179688, 0.7493517996426746], "f1_score_weighted_ged": [0.8513243535674093, 0.8437773419507761, 0.8682691885923479, 0.8479505599439323, 0.8656075060433779, 0.8770029663801385], "f_0_5_ged": [0.5848896434634974, 0.629253078418665, 0.6122404656415603, 0.6485296493779286, 0.6381760339342524, 0.6138328530259366], "ged": [0.568538679016961, 0.5261114107237922, 0.5818760130140517, 0.5244683987564511, 0.5898360311985016, 0.6987166272269355], "total_loss": [0.568538679016961, 0.5261114107237922, 0.5818760130140517, 0.5244683987564511, 0.5898360311985016, 0.6987166272269355], "ged_weight_coef": [1.0, 1.0, 1.0, 1.0, 1.0, 1.0], "epoch": [0.99, 1.99, 2.99, 3.99, 4.99, 5.99], "step": [132, 265, 398, 531, 664, 797]}, "test": {"accuracy_ged": 0.8610459136580606, "f1_score_macro_ged": 0.7408526917370113, "f1_score_weighted_ged": 0.8642248158642283, "f_0_5_ged": 0.5841577379933591, "ged": 0.7833621700604757, "total_loss": 0.7833621700604757, "ged_weight_coef": 1.0}, "info": {"tasks": ["ged"], "outputs": ["loss", "labels", "preds"], "map_out_to_task": {"ged_loss": "ged", "ged_labels": "ged", "ged_preds": "ged"}, "map_out_to_out": {"ged_loss": "loss", "ged_labels": "labels", "ged_preds": "preds"}, "map_task_index": {"ged": 0}, "map_index_task": {"0": "ged"}, "optimizer_weighting": "fixed", "epochs_to_avg_over": 2, "temp": 2, "init_task_weightings": {"aes": 1.0, "ged": 1.0, "ner": 1.0}, "metrics_to_track_by_task": {"aes": "pearson_aes", "ged": "f_0_5_ged", "ner": "f1_score_avg_ner"}, "regression_tasks": ["aes"], "classification_tasks": ["ner", "ged"], "fce_tasks": ["aes", "ged"], "task_priorities_priority_as_key": {"primary_task": "ged"}, "early_stopping_patience": 2, "early_stopping_metric": null, "pretrained_model": "distilroberta-base", "frozen_layers": 3.0, "scoring": "script", "shared_encoder_n_layers": 0, "normalised_values": [40, 0], "output_layer_by_task": {"aes": -1, "ged": -1, "ner": -1}, "save_results": true, "learning_rate": 4e-05, "batch_size": 8, "weight_decay": 0.01, "adam_epsilon": 1e-08, "runtime": 197.33231353759766, "steps_per_sec": 0.2475938689304864, "model_name": "1630760186"}, "preds": {}}