{"best": {"aes": {"rmse_aes": 5.921946001479957, "pearson_aes": 0.6472484037282457, "spearman_aes": 0.6405183643247347, "kappa_aes": 0.5039611752360964, "aes": 0.0046032698998271036, "aes_weight_coef": 1.0}, "ged": {"accuracy_ged": 0.7960537623319928, "f1_score_macro_ged": 0.6772038424571107, "f1_score_weighted_ged": 0.820326023897195, "f_0_5_ged": 0.5935748167313498, "ged": 0.10534135962641517, "ged_weight_coef": 1.0}, "ner": {"accuracy_ner": 0.9906545695261088, "f1_score_macro_ner": 0.9463846916499643, "f1_score_weighted_ner": 0.9906435566177658, "ner": 0.031135432996115712, "ner_weight_coef": 1.0}}, "train": {"loss": [0.4015, 0.2644], "learning_rate": [3.0566037735849064e-05, 2.1132075471698115e-05], "epoch": [1.89, 3.77], "step": [500, 1000]}, "eval": {"rmse_aes": [7.030686705831483, 5.921946001479957, 9.019269494932626, 7.553512795749773], "pearson_aes": [0.6266328182268581, 0.6472484037282457, 0.6264979957278854, 0.6424823378435078], "spearman_aes": [0.6209808926859913, 0.6405183643247347, 0.6301187938814361, 0.6354817012155205], "kappa_aes": [0.415643589419061, 0.5039611752360964, 0.24835604688840185, 0.35642678123881133], "accuracy_ged": [0.7206696229074284, 0.7960537623319928, 0.8763878862878554, 0.8595098140318311], "f1_score_macro_ged": [0.6195279705209076, 0.6772038424571107, 0.7206526498137011, 0.7236337980859425], "f1_score_weighted_ged": [0.7628687335571281, 0.820326023897195, 0.8730610988598362, 0.865231820978469], "f_0_5_ged": [0.5771388770653562, 0.5935748167313498, 0.4934365357460384, 0.5632459401291333], "accuracy_ner": [0.9826136053891983, 0.987967758264865, 0.9896616175382579, 0.9906545695261088], "f1_score_macro_ner": [0.8938917426276023, 0.9314722680634469, 0.9415042623230894, 0.9463846916499643], "f1_score_weighted_ner": [0.9825642325039456, 0.9879917130255905, 0.9896538742660101, 0.9906435566177658], "aes": [0.006472684464655643, 0.0046032698998271036, 0.010768249804197355, 0.00752102299918269], "ged": [0.11019915550254113, 0.10534135962641517, 0.13451629045397737, 0.12044560216193975], "ner": [0.05505855333839738, 0.03701446515096481, 0.03305227093961696, 0.031135432996115712], "total_loss": [0.17173039330559414, 0.14695909467720708, 0.17833681119779168, 0.15910205815723816], "aes_weight_coef": [1.0, 1.0, 1.0, 1.0], "ged_weight_coef": [1.0, 1.0, 1.0, 1.0], "ner_weight_coef": [1.0, 1.0, 1.0, 1.0], "epoch": [1.0, 2.0, 3.0, 4.0], "step": [264, 529, 794, 1059]}, "test": {"rmse_aes": 6.777720855862979, "pearson_aes": 0.7856701072952741, "spearman_aes": 0.7962362104940239, "kappa_aes": 0.4740064870108217, "accuracy_ged": 0.8420841683366733, "f1_score_macro_ged": 0.7136719300421164, "f1_score_weighted_ged": 0.8473204651701345, "f_0_5_ged": 0.5491624676562712, "accuracy_ner": 0.9796059007214386, "f1_score_macro_ner": 0.8810224281642042, "f1_score_weighted_ner": 0.9802615904123109, "aes": 0.008131041856748717, "ged": 0.17883954871268498, "ner": 0.07172520086169243, "total_loss": 0.25869579143112614, "aes_weight_coef": 1.0, "ged_weight_coef": 1.0, "ner_weight_coef": 1.0}, "info": {"tasks": ["aes", "ged", "ner"], "outputs": ["loss", "labels", "preds"], "map_out_to_task": {"aes_loss": "aes", "aes_labels": "aes", "aes_preds": "aes", "ged_loss": "ged", "ged_labels": "ged", "ged_preds": "ged", "ner_loss": "ner", "ner_labels": "ner", "ner_preds": "ner"}, "map_out_to_out": {"aes_loss": "loss", "aes_labels": "labels", "aes_preds": "preds", "ged_loss": "loss", "ged_labels": "labels", "ged_preds": "preds", "ner_loss": "loss", "ner_labels": "labels", "ner_preds": "preds"}, "map_task_index": {"aes": 0, "ged": 1, "ner": 2}, "map_index_task": {"0": "aes", "1": "ged", "2": "ner"}, "optimizer_weighting": "fixed", "epochs_to_avg_over": 2, "temp": 2, "init_task_weightings": {"aes": 1.0, "ged": 1.0, "ner": 1.0}, "metrics_to_track_by_task": {"aes": "pearson_aes", "ged": "f_0_5_ged", "ner": "f1_score_macro_ner"}, "regression_tasks": ["aes"], "classification_tasks": ["ner", "ged"], "fce_tasks": ["aes", "ged"], "task_priorities_priority_as_key": {"primary_task": "aes", "secondary_task": "ged", "aux_task": "ner"}, "early_stopping_patience": 2, "early_stopping_metric": "los", "pretrained_model": "distilroberta-base", "frozen_layers": null, "scoring": "script", "shared_encoder_n_layers": 1, "normalised_values": [40, 0], "output_layer_by_task": {"aes": -1, "ged": 4, "ner": 4}, "save_results": true, "learning_rate": 4e-05, "batch_size": 8, "weight_decay": 0.01, "adam_epsilon": 1e-08, "runtime": 288.644499540329, "steps_per_sec": 0.27256326679917753, "model_name": "1630770378"}, "preds": {"aes": {"preds": [0.9237255454063416, 0.8345651030540466, 0.7386720776557922, 0.9006368517875671, 0.7386777997016907, 0.934617280960083, 0.9194042086601257, 0.8696271777153015, 0.7173130512237549, 0.8217533230781555, 0.8205598592758179, 0.890160858631134, 0.9194732904434204, 0.8982605338096619, 0.8188851475715637, 0.6505641341209412, 0.6685472130775452, 0.7910404205322266, 0.899881899356842, 0.6531539559364319, 0.9612274765968323, 0.9231092929840088, 0.9350050687789917, 0.7621609568595886, 0.7393319606781006, 0.8268083333969116, 0.6219833493232727, 0.9562113285064697, 0.9875192642211914, 0.9780703186988831, 0.8867139220237732, 0.9093239307403564, 0.8552557826042175, 0.7399721145629883, 0.9304020404815674, 0.6248120665550232, 0.9002483487129211, 0.7097898125648499, 0.9115170836448669, 0.8476250767707825, 0.6157187223434448, 0.6924144625663757, 0.8269011378288269, 0.955887496471405, 0.8649969100952148, 0.8784536719322205, 0.5696240663528442, 0.8210679292678833, 0.9291080832481384, 0.6734742522239685, 0.9876282811164856, 0.7194526791572571, 0.8018832802772522, 0.7821623086929321, 0.7517015933990479, 0.8572875261306763, 0.746325671672821, 0.9860162138938904, 0.7808207273483276, 0.9448333382606506, 0.45592015981674194, 0.8692290782928467, 0.7303079962730408, 0.884402871131897, 0.7435635328292847, 0.7602953910827637, 0.8098699450492859, 0.9481543898582458, 0.681458592414856, 0.9634041786193848, 0.8892421126365662, 0.8170614838600159, 0.9905263185501099, 1.0094084739685059, 0.7740889191627502, 0.9661241173744202, 0.9707053303718567, 0.819707989692688, 0.9536978006362915, 0.6983900666236877, 0.8969973921775818, 0.8063976764678955, 0.9007711410522461, 0.8988666534423828, 0.9410624504089355, 0.8691864013671875, 0.7525172233581543, 0.924670398235321, 0.7532957196235657, 0.6681748032569885, 0.8277108669281006, 0.72464519739151, 0.6730685830116272, 0.673248291015625, 0.8125172257423401, 0.9352478384971619],