{"best": {"ner": {"accuracy_ner": 0.9878120010903002, "f1_score_macro_ner": 0.9328988827768634, "f1_score_weighted_ner": 0.9878014851567113, "ner": 0.04709708896663153, "ner_weight_coef": 1.0}}, "train": {"loss": [0.2217, 0.0443], "learning_rate": [5.300751879699248e-06, 6.015037593984962e-07], "epoch": [3.76, 7.52], "step": [500, 1000]}, "eval": {"accuracy_ner": [0.9520462598808458, 0.9778630115649702, 0.9834897394961255, 0.9851835987695183, 0.9864685954596784, 0.9874420778007087, 0.9878120010903002, 0.9876951832093765], "f1_score_macro_ner": [0.5988750468386772, 0.8531539018842366, 0.8994632716346784, 0.9128577299023072, 0.9231805054594004, 0.929463233110842, 0.9328988827768634, 0.9310081403981019], "f1_score_weighted_ner": [0.9439358278128633, 0.9772670038881139, 0.9833012784084308, 0.9851545359963242, 0.9863528223650887, 0.9873875689281983, 0.9878014851567113, 0.987654128914818], "ner": [0.15769443638396985, 0.07936317676847632, 0.061230566973487534, 0.05389499780016415, 0.050519575901103744, 0.04764682669756991, 0.04709708896663153, 0.04684169740049225], "total_loss": [0.15769443638396985, 0.07936317676847632, 0.061230566973487534, 0.05389499780016415, 0.050519575901103744, 0.04764682669756991, 0.04709708896663153, 0.04684169740049225], "ner_weight_coef": [1.0, 1.0, 1.0, 1.0, 1.0, 1.0, 1.0, 1.0], "epoch": [0.99, 1.99, 2.99, 3.99, 4.99, 5.99, 6.99, 7.99], "step": [132, 265, 398, 531, 664, 797, 930, 1063]}, "test": {"accuracy_ner": 0.9784860557768924, "f1_score_macro_ner": 0.8748250202594539, "f1_score_weighted_ner": 0.979125607290241, "ner": 0.08802114091813565, "total_loss": 0.08802114091813565, "ner_weight_coef": 1.0}, "info": {"tasks": ["ner"], "outputs": ["loss", "labels", "preds"], "map_out_to_task": {"ner_loss": "ner", "ner_labels": "ner", "ner_preds": "ner"}, "map_out_to_out": {"ner_loss": "loss", "ner_labels": "labels", "ner_preds": "preds"}, "map_task_index": {"ner": 0}, "map_index_task": {"0": "ner"}, "optimizer_weighting": "fixed", "epochs_to_avg_over": 2, "temp": 2, "init_task_weightings": {"aes": 1.0, "ged": 1.0, "ner": 1.0}, "metrics_to_track_by_task": {"aes": "pearson_aes", "ged": "f_0_5_ged", "ner": "f1_score_macro_ner"}, "regression_tasks": ["aes"], "classification_tasks": ["ner", "ged"], "fce_tasks": ["aes", "ged"], "task_priorities_priority_as_key": {"primary_task": "ner"}, "early_stopping_patience": 2, "early_stopping_metric": null, "pretrained_model": "distilroberta-base", "frozen_layers": 3.0, "scoring": "script", "shared_encoder_n_layers": 0, "normalised_values": [40, 0], "output_layer_by_task": {"aes": -1, "ged": -1, "ner": -1}, "save_results": true, "learning_rate": 1e-05, "batch_size": 8, "weight_decay": 0.01, "adam_epsilon": 1e-08, "runtime": 277.97135281562805, "steps_per_sec": 0.2614970393373735, "model_name": "1630762883"}, "preds": {}}