{"best": {"aes": {"rmse_aes": 4.911881745164577, "pearson_aes": 0.6631864877078948, "spearman_aes": 0.6802216951825353, "kappa_aes": 0.5158707025955667, "aes": 0.01666900370683935, "aes_weight_coef": 1.0}}, "train": {"loss": [0.0234], "learning_rate": [4.2406015037593987e-05], "epoch": [3.76], "step": [500]}, "eval": {"rmse_aes": [5.289109900947777, 6.133535127848944, 4.911881745164577, 4.833951655487975, 5.2639206642476735], "pearson_aes": [0.6302194031267927, 0.5779074301785515, 0.6631864877078948, 0.5817426949421357, 0.5824648202620459], "spearman_aes": [0.6348914378025122, 0.5852213551800333, 0.6802216951825353, 0.6102600166490837, 0.61740060757647], "kappa_aes": [0.39171449248531565, 0.3390657680687892, 0.5158707025955667, 0.5008894874224816, 0.4699853640822106], "aes": [0.019420092925429344, 0.025877176577018365, 0.01666900370683935, 0.01594194123107526, 0.018970806565549638], "total_loss": [0.019420092925429344, 0.025877176577018365, 0.01666900370683935, 0.01594194123107526, 0.018970806565549638], "aes_weight_coef": [1.0, 1.0, 1.0, 1.0, 1.0], "epoch": [0.99, 1.99, 2.99, 3.99, 4.99], "step": [132, 265, 398, 531, 664]}, "test": {"rmse_aes": 4.201128959706245, "pearson_aes": 0.7653699080417875, "spearman_aes": 0.7845935434152276, "kappa_aes": 0.6455887161823374, "aes": 0.012127265566959977, "total_loss": 0.012127265566959977, "aes_weight_coef": 1.0}, "info": {"tasks": ["aes"], "outputs": ["loss", "labels", "preds"], "map_out_to_task": {"aes_loss": "aes", "aes_labels": "aes", "aes_preds": "aes"}, "map_out_to_out": {"aes_loss": "loss", "aes_labels": "labels", "aes_preds": "preds"}, "map_task_index": {"aes": 0}, "map_index_task": {"0": "aes"}, "optimizer_weighting": "fixed", "epochs_to_avg_over": 2, "temp": 2, "init_task_weightings": {"aes": 1.0, "ged": 1.0, "ner": 1.0}, "metrics_to_track_by_task": {"aes": "pearson_aes", "ged": "f_0_5_ged", "ner": "f1_score_avg_ner"}, "regression_tasks": ["aes"], "classification_tasks": ["ner", "ged"], "fce_tasks": ["aes", "ged"], "task_priorities_priority_as_key": {"primary_task": "aes"}, "early_stopping_patience": 2, "early_stopping_metric": null, "pretrained_model": "distilroberta-base", "frozen_layers": null, "scoring": "script", "shared_encoder_n_layers": 0, "normalised_values": [40, 0], "output_layer_by_task": {"aes": -1, "ged": -1, "ner": -1}, "save_results": true, "learning_rate": 8e-05, "batch_size": 8, "weight_decay": 0.01, "adam_epsilon": 1e-08, "runtime": 162.21652388572693, "steps_per_sec": 0.24430199380380563, "model_name": "1630758363"}, "preds": {"aes": {"preds": [0.8473197221755981, 0.6388339996337891, 0.6415411233901978, 0.7435514330863953, 0.6424416899681091, 0.7970268726348877, 0.7306652069091797, 0.7527863383293152, 0.6327314972877502, 0.7666302919387817, 0.7596944570541382, 0.7819341421127319, 0.8384494185447693, 0.8056743741035461, 0.6814742684364319, 0.5529510378837585, 0.5934672951698303, 0.6915358304977417, 0.7346525192260742, 0.6638177037239075, 0.8212147951126099, 0.7997952103614807, 0.8235509395599365, 0.6596744060516357, 0.634151041507721, 0.7146666646003723, 0.668523371219635, 0.7900746464729309, 0.8697416186332703, 0.8224049806594849, 0.7523816227912903, 0.7389577627182007, 0.6915169954299927, 0.6712191700935364, 0.8345743417739868, 0.6284914612770081, 0.7711585760116577, 0.6706950664520264, 0.8139852285385132, 0.7418079972267151, 0.5578314065933228, 0.7194247245788574, 0.7236446142196655, 0.7390245795249939, 0.7512204051017761, 0.7926242351531982, 0.49819451570510864, 0.701895534992218, 0.8274346590042114, 0.6206986904144287, 0.8396302461624146, 0.6024829149246216, 0.6918882727622986, 0.7493791580200195, 0.715036928653717, 0.7097696661949158, 0.624011754989624, 0.8583305478096008, 0.7199378609657288, 0.8101959824562073, 0.35059264302253723, 0.6897311806678772, 0.6645963191986084, 0.797157883644104, 0.6838726997375488, 0.6780868172645569, 0.6586646437644958, 0.878113329410553, 0.5453125834465027, 0.817752480506897, 0.7603067755699158, 0.6639769077301025, 0.8761576414108276, 0.8610697388648987, 0.7485628724098206, 0.8263992667198181, 0.8712792992591858, 0.7720350623130798, 0.8020684123039246, 0.6690488457679749, 0.7867861390113831, 0.7285637855529785, 0.7330762147903442, 0.7482128739356995, 0.7976007461547852, 0.7552048563957214, 0.6722899079322815, 0.802278995513916, 0.6407090425491333, 0.6320808529853821, 0.7219202518463135, 0.6774985194206238, 0.6288872957229614, 0.610815167427063, 0.7360479831695557, 0.7940464615821838, 0.7279152870178223], "labels": [0.75, 0.6499999761581421, 0.574999988079071, 0.6499999761581421, 0.6499999761581421, 0.949999988079071, 0.675000011920929, 0.9750000238418579, 0.625, 0.6000000238418579, 0.625, 0.675000011920929, 0.75, 0.675000011920929, 0.5, 0.5249999761581421, 0.5249999761581421, 0.6499999761581421, 0.550000011920929, 0.6000000238418579, 0.949999988079071, 0.75, 0.8500000238418579, 0.6000000238418579, 0.574999988079071, 0.550000011920929, 0.574999988079071, 0.9750000238418579, 0.8500000238418579, 0.925000011920929, 0.7749999761581421, 0.699999988079071, 0.6499999761581421, 0.7250000238418579, 0.8500000238418579, 0.6499999761581421, 0.8500000238418579, 0.4749999940395355, 0.6499999761581421, 0.7749999761581421, 0.44999998807907104, 0.4749999940395355, 0.625, 0.6499999761581421, 0.7250000238418579, 0.7250000238418579, 0.44999998807907104, 0.675000011920929, 0.875, 0.550000011920929, 0.8999999761581421, 0.3499999940395355, 0.6000000238418579, 0.7250000238418579, 0.699999988079071, 0.6000000238418579, 0.625, 0.925000011920929, 0.6000000238418579, 0.8999999761581421, 0.32499998807907104, 0.574999988079071, 0.7250000238418579, 0.7749999761581421, 0.574999988079071, 0.699999988079071, 0.6499999761581421, 0.6499999761581421, 0.5249999761581421, 0.949999988079071, 0.800000011920929, 0.7250000238418579, 0.8999999761581421, 1.0, 0.7250000238418579, 0.8500000238418579, 0.8999999761581421, 0.625, 0.925000011920929, 0.42500001192092896, 0.800000011920929, 0.625, 0.625, 0.8999999761581421, 0.7749999761581421, 0.675000011920929, 0.4749999940395355, 0.699999988079071, 0.6000000238418579, 0.5, 0.625, 0.574999988079071, 0.550000011920929, 0.574999988079071, 0.675000011920929, 0.75, 0.8500000238418579]}}}