{"best": {"aes": {"rmse_aes": 5.485308340917282, "pearson_aes": 0.6778243449151635, "spearman_aes": 0.669603821639152, "kappa_aes": 0.5064443962899322, "aes": 0.020396763872769143, "aes_weight_coef": 1.0}}, "train": {"loss": [0.0223], "learning_rate": [2.4962406015037596e-05], "epoch": [3.76], "step": [500]}, "eval": {"rmse_aes": [5.665797898159165, 4.982246963983879, 4.81558650817546, 6.2854060420886135, 5.485308340917282, 5.816824136758364, 4.707924910406422], "pearson_aes": [0.6510549365995653, 0.6531940601197614, 0.6665403798455851, 0.6645274322052626, 0.6778243449151635, 0.660742760539885, 0.663213410382276], "spearman_aes": [0.6324570711286784, 0.6641268778513523, 0.6727137291530715, 0.6803186598986183, 0.669603821639152, 0.6722092330732081, 0.67177923050959], "kappa_aes": [0.4177565255299439, 0.5137604881226572, 0.5542599210080873, 0.44047025952614516, 0.5064443962899322, 0.48625859012855144, 0.5958943576582214], "aes": [0.02163430613776048, 0.016925420612096786, 0.015922701658887997, 0.027406627622743446, 0.020396763872769143, 0.02313251689904266, 0.015118272328335378], "total_loss": [0.02163430613776048, 0.016925420612096786, 0.015922701658887997, 0.027406627622743446, 0.020396763872769143, 0.02313251689904266, 0.015118272328335378], "aes_weight_coef": [1.0, 1.0, 1.0, 1.0, 1.0, 1.0, 1.0], "epoch": [0.99, 1.99, 2.99, 3.99, 4.99, 5.99, 6.99], "step": [132, 265, 398, 531, 664, 797, 930]}, "test": {"rmse_aes": 4.194989647702352, "pearson_aes": 0.7462230935063812, "spearman_aes": 0.7523301331174744, "kappa_aes": 0.6757762246105207, "aes": 0.012077152806644639, "total_loss": 0.012077152806644639, "aes_weight_coef": 1.0}, "info": {"tasks": ["aes"], "outputs": ["loss", "labels", "preds"], "map_out_to_task": {"aes_loss": "aes", "aes_labels": "aes", "aes_preds": "aes"}, "map_out_to_out": {"aes_loss": "loss", "aes_labels": "labels", "aes_preds": "preds"}, "map_task_index": {"aes": 0}, "map_index_task": {"0": "aes"}, "optimizer_weighting": "fixed", "epochs_to_avg_over": 2, "temp": 2, "init_task_weightings": {"aes": 1.0, "ged": 1.0, "ner": 1.0}, "metrics_to_track_by_task": {"aes": "pearson_aes", "ged": "f_0_5_ged", "ner": "f1_score_macro_ner"}, "regression_tasks": ["aes"], "classification_tasks": ["ner", "ged"], "fce_tasks": ["aes", "ged"], "task_priorities_priority_as_key": {"primary_task": "aes", "secondary_task": "ged", "aux_task": "ner"}, "early_stopping_patience": 2, "early_stopping_metric": null, "pretrained_model": "distilroberta-base", "frozen_layers": 0, "scoring": "script", "shared_encoder_n_layers": 1, "normalised_values": [40, 0], "output_layer_by_task": {"aes": -1, "ged": -1, "ner": -1}, "save_results": true, "learning_rate": 4e-05, "batch_size": 8, "weight_decay": 0.01, "adam_epsilon": 1e-08, "runtime": 228.07603430747986, "steps_per_sec": 0.24524304764245147, "model_name": "1630835930"}, "preds": {"aes": {"preds": [0.8682302832603455, 0.6338052749633789, 0.6595486402511597, 0.6996991038322449, 0.6912657618522644, 0.7645760774612427, 0.7523921728134155, 0.7635987997055054, 0.611169159412384, 0.747687041759491, 0.7637436985969543, 0.7698641419410706, 0.8327745795249939, 0.8144199848175049, 0.633776843547821, 0.5127238035202026, 0.5820503234863281, 0.7507364153862, 0.7790570855140686, 0.6231832504272461, 0.8072852492332458, 0.8416506052017212, 0.8243099451065063, 0.6354660987854004, 0.6082748770713806, 0.7407216429710388, 0.5814409852027893, 0.7450813055038452, 0.8594297766685486, 0.8224667906761169, 0.8062239289283752, 0.7988300323486328, 0.6992884874343872, 0.6577276587486267, 0.8934655785560608, 0.5953630805015564, 0.8679436445236206, 0.677858293056488, 0.787105917930603, 0.7005298733711243, 0.5556175112724304, 0.6950836777687073, 0.7116076350212097, 0.7940371632575989, 0.7537752389907837, 0.7906550168991089, 0.5080574154853821, 0.734728217124939, 0.764916181564331, 0.5858867764472961, 0.8468691110610962, 0.6271418929100037, 0.7305012941360474, 0.7231823801994324, 0.6742355823516846, 0.7385133504867554, 0.5921844840049744, 0.9061993956565857, 0.6587885022163391, 0.8275242447853088, 0.401875376701355, 0.7193629741668701, 0.6088499426841736, 0.7565953731536865, 0.6576062440872192, 0.660323977470398, 0.6323933005332947, 0.8762726187705994, 0.576951801776886, 0.820021390914917, 0.7515347599983215, 0.6411900520324707, 0.8727490901947021, 0.945819079875946, 0.7518522143363953, 0.8119927644729614, 0.8586754202842712, 0.7563918828964233, 0.830142617225647, 0.6104267835617065, 0.8389632105827332, 0.6663378477096558, 0.7762178778648376, 0.7707386016845703, 0.7873331308364868, 0.7923322916030884, 0.6231281161308289, 0.858941376209259, 0.6374293565750122, 0.5679506063461304, 0.7478459477424622, 0.6341582536697388, 0.5969903469085693, 0.6323931217193604, 0.7361212968826294, 0.8042446374893188, 0.7442975640296936], "labels": [0.75, 0.6499999761581421, 0.574999988079071, 0.6499999761581421, 0.6499999761581421, 0.949999988079071, 0.675000011920929, 0.9750000238418579, 0.625, 0.6000000238418579, 0.625, 0.675000011920929, 0.75, 0.675000011920929, 0.5, 0.5249999761581421, 0.5249999761581421, 0.6499999761581421, 0.550000011920929, 0.6000000238418579, 0.949999988079071, 0.75, 0.8500000238418579, 0.6000000238418579, 0.574999988079071, 0.550000011920929, 0.574999988079071, 0.9750000238418579, 0.8500000238418579, 0.925000011920929, 0.7749999761581421, 0.699999988079071, 0.6499999761581421, 0.7250000238418579, 0.8500000238418579, 0.6499999761581421, 0.8500000238418579, 0.4749999940395355, 0.6499999761581421, 0.7749999761581421, 0.44999998807907104, 0.4749999940395355, 0.625, 0.6499999761581421, 0.7250000238418579, 0.7250000238418579, 0.44999998807907104, 0.675000011920929, 0.875, 0.550000011920929, 0.8999999761581421, 0.3499999940395355, 0.6000000238418579, 0.7250000238418579, 0.699999988079071, 0.6000000238418579, 0.625, 0.925000011920929, 0.6000000238418579, 0.8999999761581421, 0.32499998807907104, 0.574999988079071, 0.7250000238418579, 0.7749999761581421, 0.574999988079071, 0.699999988079071, 0.6499999761581421, 0.6499999761581421, 0.5249999761581421, 0.949999988079071, 0.800000011920929, 0.7250000238418579, 0.8999999761581421, 1.0, 0.7250000238418579, 0.8500000238418579, 0.8999999761581421, 0.625, 0.925000011920929, 0.42500001192092896, 0.800000011920929, 0.625, 0.625, 0.8999999761581421, 0.7749999761581421, 0.675000011920929, 0.4749999940395355, 0.699999988079071, 0.6000000238418579, 0.5, 0.625, 0.574999988079071, 0.550000011920929, 0.574999988079071, 0.675000011920929, 0.75, 0.8500000238418579]}}}