{"best": {"ged": {"accuracy_ged": 0.8168475192874616, "f1_score_macro_ged": 0.4969002183458992, "f1_score_weighted_ged": 0.7897700223696449, "f_0_5_ged": 0.07975016775925257, "ged": 0.8365599579281278, "ged_weight_coef": 1.0}}, "train": {}, "eval": {"accuracy_ged": [0.8168475192874616, 0.8145267515524054, 0.8147462836354513], "f1_score_macro_ged": [0.4969002183458992, 0.4892617284614014, 0.49439043754307715], "f1_score_weighted_ged": [0.7897700223696449, 0.7867885962388992, 0.788177233715257], "f_0_5_ged": [0.07975016775925257, 0.06794110049082923, 0.07698249227600412], "ged": [0.8365599579281278, 0.8379384875297546, 0.8395420776473151], "total_loss": [0.8365599579281278, 0.8379384875297546, 0.8395420776473151], "ged_weight_coef": [1.0, 1.0, 1.0], "epoch": [0.99, 1.99, 2.99], "step": [132, 265, 398]}, "test": {"accuracy_ged": 0.8019462538569055, "f1_score_macro_ged": 0.49113140054689086, "f1_score_weighted_ged": 0.76913947602145, "f_0_5_ged": 0.07617510432249429, "ged": 0.8258971472581228, "total_loss": 0.8258971472581228, "ged_weight_coef": 1.0}, "info": {"tasks": ["ged"], "outputs": ["loss", "labels", "preds"], "map_out_to_task": {"ged_loss": "ged", "ged_labels": "ged", "ged_preds": "ged"}, "map_out_to_out": {"ged_loss": "loss", "ged_labels": "labels", "ged_preds": "preds"}, "map_task_index": {"ged": 0}, "map_index_task": {"0": "ged"}, "optimizer_weighting": "fixed", "epochs_to_avg_over": 2, "temp": 2, "init_task_weightings": {"aes": 1.0, "ged": 1.0, "ner": 1.0}, "metrics_to_track_by_task": {"aes": "pearson_aes", "ged": "f_0_5_ged", "ner": "f1_score_avg_ner"}, "regression_tasks": ["aes"], "classification_tasks": ["ner", "ged"], "fce_tasks": ["aes", "ged"], "task_priorities_priority_as_key": {"primary_task": "ged"}, "early_stopping_patience": 2, "early_stopping_metric": null, "pretrained_model": "distilroberta-base", "frozen_layers": 6, "scoring": "script", "shared_encoder_n_layers": 0, "normalised_values": [40, 0], "output_layer_by_task": {"aes": -1, "ged": -1, "ner": -1}, "save_results": true, "learning_rate": 8e-05, "batch_size": 8, "weight_decay": 0.01, "adam_epsilon": 1e-08, "runtime": 39.269208669662476, "steps_per_sec": 0.098666353441363, "model_name": "1630760512"}, "preds": {}}