{"best": {"aes": {"rmse_aes": 6.632202583690513, "pearson_aes": 0.6566623403256798, "spearman_aes": 0.6446552892872447, "kappa_aes": 0.37853693993042925, "aes": 0.005816294876642005, "aes_weight_coef": 1.0}, "ner": {"accuracy_ner": 0.9925431252677076, "f1_score_macro_ner": 0.9579143915454144, "f1_score_weighted_ner": 0.992529977325052, "ner": 0.02699312920341008, "ner_weight_coef": 1.0}}, "train": {"loss": [0.0841, 0.0229, 0.013, 0.0086, 0.006], "learning_rate": [6.49056603773585e-05, 4.9811320754716985e-05, 3.471698113207548e-05, 1.9622641509433963e-05, 4.528301886792453e-06], "epoch": [1.89, 3.77, 5.66, 7.55, 9.43], "step": [500, 1000, 1500, 2000, 2500]}, "eval": {"rmse_aes": [6.295942255841368, 6.081620763506313, 5.7130455003342036, 9.869988179661952, 6.632202583690513, 6.544717972023954, 7.084803768944094, 5.011098792790969, 6.4635731432217725, 5.5665169640549115], "pearson_aes": [0.4779103570607161, 0.5980846564650111, 0.6073963810454851, 0.6509634649403565, 0.6566623403256798, 0.6361780262703487, 0.6012022065896776, 0.6231297528423867, 0.6485479095522195, 0.630730235142029], "spearman_aes": [0.4865118724126992, 0.6160773987095888, 0.6071717880786687, 0.6512931807533965, 0.6446552892872447, 0.6243164160661981, 0.5978455132443329, 0.6371533665630553, 0.6521003661465836, 0.6339070900105056], "kappa_aes": [0.07372105378293092, 0.27490267918479494, 0.446295062550892, 0.20190431048904256, 0.37853693993042925, 0.2781524821849901, 0.28904805465267924, 0.5223708154010571, 0.43730714600577947, 0.5102408553066251], "accuracy_ner": [0.9823994392741716, 0.9894669210700517, 0.9906545695261088, 0.9911607803434446, 0.9918616876289864, 0.9925431252677076, 0.9925041859740664, 0.9923484287995016, 0.9925820645613489, 0.9925041859740664], "f1_score_macro_ner": [0.8979529659976728, 0.9406334327136113, 0.9463667882911526, 0.9518851743820651, 0.9547507086541963, 0.9579143915454144, 0.9564383690040574, 0.9551632548427373, 0.9564118237608903, 0.9562257922093631], "f1_score_weighted_ner": [0.982839970504393, 0.9896169764797604, 0.9906539746233982, 0.9911434833309678, 0.9918758511364647, 0.992529977325052, 0.9925141199259115, 0.9923736942504, 0.9925942272392185, 0.9925335263293571], "aes": [0.005114711864396583, 0.004767731893374477, 0.004199917103315509, 0.012773789205523424, 0.005816294876642005, 0.00559161449674257, 0.006583847105503082, 0.0032649912416588428, 0.005454638474729172, 0.003989674692410369], "ner": [0.04870338599349177, 0.032335830180970734, 0.03163655619353576, 0.02919763398659957, 0.02747151670641764, 0.02699312920341008, 0.02741007638965235, 0.028517070751593904, 0.028742760788042877, 0.029270055664562467], "total_loss": [0.05381809785788835, 0.03710356207434521, 0.035836473296851266, 0.04197142319212299, 0.03328781158305964, 0.03258474370015265, 0.03399392349515543, 0.031782061993252744, 0.03419739926277205, 0.033259730356972834], "aes_weight_coef": [1.0, 1.0, 1.0, 1.0, 1.0, 1.0, 1.0, 1.0, 1.0, 1.0], "ner_weight_coef": [1.0, 1.0, 1.0, 1.0, 1.0, 1.0, 1.0, 1.0, 1.0, 1.0], "epoch": [1.0, 2.0, 3.0, 4.0, 5.0, 6.0, 7.0, 8.0, 9.0, 10.0], "step": [264, 529, 794, 1059, 1324, 1589, 1854, 2119, 2384, 2649]}, "test": {"rmse_aes": 4.9223131418741195, "pearson_aes": 0.7526604069650135, "spearman_aes": 0.7443470044321456, "kappa_aes": 0.6195864708574281, "accuracy_ner": 0.9832238613115107, "f1_score_macro_ner": 0.9020697548026835, "f1_score_weighted_ner": 0.9835647666875857, "aes": 0.004313587565861997, "ner": 0.07405428765785127, "total_loss": 0.07836787522371326, "aes_weight_coef": 1.0, "ner_weight_coef": 1.0}, "info": {"tasks": ["aes", "ner"], "outputs": ["loss", "labels", "preds"], "map_out_to_task": {"aes_loss": "aes", "aes_labels": "aes", "aes_preds": "aes", "ner_loss": "ner", "ner_labels": "ner", "ner_preds": "ner"}, "map_out_to_out": {"aes_loss": "loss", "aes_labels": "labels", "aes_preds": "preds", "ner_loss": "loss", "ner_labels": "labels", "ner_preds": "preds"}, "map_task_index": {"aes": 0, "ner": 1}, "map_index_task": {"0": "aes", "1": "ner"}, "optimizer_weighting": "fixed", "epochs_to_avg_over": 2, "temp": 2, "init_task_weightings": {"aes": 1.0, "ged": 1.0, "ner": 1.0}, "metrics_to_track_by_task": {"aes": "pearson_aes", "ged": "f_0_5_ged", "ner": "f1_score_macro_ner"}, "regression_tasks": ["aes"], "classification_tasks": ["ner", "ged"], "fce_tasks": ["aes", "ged"], "task_priorities_priority_as_key": {"primary_task": "aes", "secondary_task": "ged", "aux_task": "ner"}, "early_stopping_patience": 2, "early_stopping_metric": "loss", "pretrained_model": "distilroberta-base", "frozen_layers": 0, "scoring": "script", "shared_encoder_n_layers": 1, "normalised_values": [40, 0], "output_layer_by_task": {"aes": -1, "ged": -1, "ner": -1}, "save_results": true, "learning_rate": 8e-05, "batch_size": 8, "weight_decay": 0.01, "adam_epsilon": 1e-08, "runtime": 726.1123230457306, "steps_per_sec": 0.27410808721998137, "model_name": "1630845052"}, "preds": {"aes": {"preds": [0.8871133327484131, 0.7267711162567139, 0.6844223737716675, 0.8428635001182556, 0.6679973006248474, 0.8549948334693909, 0.7943352460861206, 0.864762544631958, 0.632931649684906, 0.8168383836746216, 0.8432384729385376, 0.8399465680122375, 0.8726338744163513, 0.8979479074478149, 0.667517900466919, 0.6022713780403137, 0.6163321137428284, 0.6615279316902161, 0.8306974768638611, 0.6478914022445679, 0.8823111653327942, 0.8486140370368958, 0.8474739789962769, 0.6894509196281433, 0.660284698009491, 0.7133014798164368, 0.634540319442749, 0.8545063138008118, 0.8930125832557678, 0.8312946557998657, 0.7568750381469727, 0.8964517712593079, 0.7078022360801697, 0.6355018019676208, 0.9136324524879456, 0.6204203963279724, 0.8882437348365784, 0.6959488391876221, 0.8301831483840942, 0.727705717086792, 0.5812742114067078, 0.7536546587944031, 0.7509302496910095, 0.8482297658920288, 0.7800643444061279, 0.8342528939247131, 0.5016114711761475, 0.7720116972923279, 0.8981401324272156, 0.6418557167053223, 0.9097743630409241, 0.6344980001449585, 0.7277542948722839, 0.7470345497131348, 0.7005627155303955, 0.7978744506835938, 0.679787814617157, 0.9388052225112915, 0.7603904008865356, 0.8967819213867188, 0.32134321331977844, 0.6610469818115234, 0.6400343775749207, 0.8090755343437195, 0.6775711178779602, 0.7264683246612549, 0.627387523651123, 0.9349868297576904, 0.6037558317184448, 0.8344863057136536, 0.8515344858169556, 0.6846911907196045, 0.8283570408821106, 0.9511832594871521, 0.7500545978546143, 0.849496603012085, 0.8961212038993835, 0.804582417011261, 0.9004852771759033, 0.6438921689987183, 0.862598717212677, 0.7209112644195557, 0.7929208874702454, 0.9018572568893433, 0.8466534614562988, 0.7919145226478577, 0.6461734771728516, 0.8836037516593933, 0.6334875822067261, 0.62647545337677, 0.8272964358329773, 0.6956415176391602, 0.6853360533714294, 0.6584944725036621, 0.7357856035232544, 0.828686535358429],