{"best": {"aes": {"rmse_aes": 6.107827400602898, "pearson_aes": 0.6753568793142786, "spearman_aes": 0.6598634812658538, "kappa_aes": 0.4906818181818182, "aes": 0.004904131350908862, "aes_weight_coef": 1.0}, "ged": {"accuracy_ged": 0.8456567323227115, "f1_score_macro_ged": 0.727478029676682, "f1_score_weighted_ged": 0.8586115412988907, "f_0_5_ged": 0.6276227807240028, "ged": 0.10591499403465626, "ged_weight_coef": 1.0}, "ner": {"accuracy_ner": 0.9916085822203186, "f1_score_macro_ner": 0.953649634600661, "f1_score_weighted_ner": 0.9915847661092829, "ner": 0.028480386507675745, "ner_weight_coef": 1.0}}, "train": {"loss": [0.3764, 0.2433, 0.202], "learning_rate": [3.245283018867925e-05, 2.4905660377358492e-05, 1.735849056603774e-05], "epoch": [1.89, 3.77, 5.66], "step": [500, 1000, 1500]}, "eval": {"rmse_aes": [9.237604307034012, 7.650344945019, 8.055363982396381, 5.907857291588701, 6.107827400602898, 5.062114182829147], "pearson_aes": [0.577358689119559, 0.5984503591206415, 0.6399263963342241, 0.6692821434598872, 0.6753568793142786, 0.6671661220242698], "spearman_aes": [0.6092226514423633, 0.6021222910829028, 0.5975945443836024, 0.6492026100905436, 0.6598634812658538, 0.6544399528295142], "kappa_aes": [0.20992696521237753, 0.2902214341319954, 0.31285629673502635, 0.4789925394065182, 0.4906818181818182, 0.5834639026154032], "accuracy_ged": [0.8127255852325461, 0.8460692310336531, 0.8619848062974803, 0.8512942147055791, 0.8456567323227115, 0.8540442061118559], "f1_score_macro_ged": [0.6824039168242358, 0.7153232983509692, 0.7316983697168694, 0.728298734322298, 0.727478029676682, 0.7344440009160965], "f1_score_weighted_ged": [0.8310622321102809, 0.8562954662959761, 0.8683153183353601, 0.8618763630203722, 0.8586115412988907, 0.8646668950330999], "f_0_5_ged": [0.5637861935425766, 0.5795900979788896, 0.5838599902771027, 0.6102778691993042, 0.6276227807240028, 0.6240911862657723], "accuracy_ner": [0.9842490557221292, 0.9889217709590749, 0.9897394961255402, 0.9914333553989331, 0.9916085822203186, 0.9918227483353452], "f1_score_macro_ner": [0.9078340435909484, 0.9345350808640244, 0.941073208672628, 0.9522276696984662, 0.953649634600661, 0.9529266380535341], "f1_score_weighted_ner": [0.9843319747784158, 0.988903881149529, 0.9897476845437118, 0.9913982305321055, 0.9915847661092829, 0.9917900229518344], "aes": [0.011180064749232558, 0.007582091054944105, 0.008535157196050467, 0.0045845037932659306, 0.004904131350908862, 0.003372145361851814], "ged": [0.10823842883110046, 0.10446999724521193, 0.10796115980591885, 0.10306484685387722, 0.10591499403465626, 0.11158184118049089], "ner": [0.045037791696052216, 0.03153974772972423, 0.0321193503183421, 0.02846725106640004, 0.028480386507675745, 0.029739623226030448], "total_loss": [0.16445628527638523, 0.14359183602988027, 0.14861566732031142, 0.1361166017135432, 0.13929951189324086, 0.14469360976837314], "aes_weight_coef": [1.0, 1.0, 1.0, 1.0, 1.0, 1.0], "ged_weight_coef": [1.0, 1.0, 1.0, 1.0, 1.0, 1.0], "ner_weight_coef": [1.0, 1.0, 1.0, 1.0, 1.0, 1.0], "epoch": [1.0, 2.0, 3.0, 4.0, 5.0, 6.0], "step": [264, 529, 794, 1059, 1324, 1589]}, "test": {"rmse_aes": 4.273220877355472, "pearson_aes": 0.8062408087725237, "spearman_aes": 0.7937466871211639, "kappa_aes": 0.7017210085503729, "accuracy_ged": 0.8420307281229125, "f1_score_macro_ged": 0.7292393007741629, "f1_score_weighted_ged": 0.8510428355451062, "f_0_5_ged": 0.6074966974900925, "accuracy_ner": 0.9818886615699365, "f1_score_macro_ner": 0.896900723595928, "f1_score_weighted_ner": 0.9822295555247795, "aes": 0.003294760560882943, "ged": 0.17283057315008982, "ner": 0.07185997153144508, "total_loss": 0.24798530524241783, "aes_weight_coef": 1.0, "ged_weight_coef": 1.0, "ner_weight_coef": 1.0}, "info": {"tasks": ["aes", "ged", "ner"], "outputs": ["loss", "labels", "preds"], "map_out_to_task": {"aes_loss": "aes", "aes_labels": "aes", "aes_preds": "aes", "ged_loss": "ged", "ged_labels": "ged", "ged_preds": "ged", "ner_loss": "ner", "ner_labels": "ner", "ner_preds": "ner"}, "map_out_to_out": {"aes_loss": "loss", "aes_labels": "labels", "aes_preds": "preds", "ged_loss": "loss", "ged_labels": "labels", "ged_preds": "preds", "ner_loss": "loss", "ner_labels": "labels", "ner_preds": "preds"}, "map_task_index": {"aes": 0, "ged": 1, "ner": 2}, "map_index_task": {"0": "aes", "1": "ged", "2": "ner"}, "optimizer_weighting": "fixed", "epochs_to_avg_over": 2, "temp": 2, "init_task_weightings": {"aes": 1.0, "ged": 1.0, "ner": 1.0}, "metrics_to_track_by_task": {"aes": "pearson_aes", "ged": "f_0_5_ged", "ner": "f1_score_macro_ner"}, "regression_tasks": ["aes"], "classification_tasks": ["ner", "ged"], "fce_tasks": ["aes", "ged"], "task_priorities_priority_as_key": {"primary_task": "aes", "secondary_task": "ged", "aux_task": "ner"}, "early_stopping_patience": 2, "early_stopping_metric": "loss", "pretrained_model": "distilroberta-base", "frozen_layers": null, "scoring": "script", "shared_encoder_n_layers": 0, "normalised_values": [40, 0], "output_layer_by_task": {"aes": -1, "ged": -1, "ner": -1}, "save_results": true, "learning_rate": 4e-05, "batch_size": 8, "weight_decay": 0.01, "adam_epsilon": 1e-08, "runtime": 407.42557764053345, "steps_per_sec": 0.2564037618883156, "model_name": "1630833876"}, "preds": {"aes": {"preds": [0.8408256769180298, 0.7006643414497375, 0.6627119779586792, 0.7641218304634094, 0.6878688335418701, 0.8931586146354675, 0.8118493556976318, 0.764845073223114, 0.6302756071090698, 0.7461139559745789, 0.7455244064331055, 0.7906382083892822, 0.859411895275116, 0.8794113397598267, 0.6648117899894714, 0.6199955940246582, 0.5943827033042908, 0.7181224226951599, 0.8221389055252075, 0.5775891542434692, 0.8399838805198669, 0.839302659034729, 0.8111813068389893, 0.6685217618942261, 0.6570461392402649, 0.7351701855659485, 0.5549725890159607, 0.8539047837257385, 0.9245761632919312, 0.8991416096687317, 0.7810966372489929, 0.8042371869087219, 0.697180449962616, 0.6934255957603455, 0.8671602606773376, 0.5884029865264893, 0.8414944410324097, 0.6513262391090393, 0.7927585244178772, 0.7376137971878052, 0.5380846858024597, 0.6527782678604126, 0.7430685758590698, 0.8977478742599487, 0.7924745082855225, 0.8036898970603943, 0.5065279006958008, 0.7455648183822632, 0.8559693098068237, 0.5871375799179077, 0.9439830780029297, 0.608685314655304, 0.7666029930114746, 0.6491614580154419, 0.697934627532959, 0.7787835597991943, 0.6230574250221252, 0.9423698782920837, 0.7398823499679565, 0.9050436019897461, 0.4301854372024536, 0.7355919480323792, 0.58952796459198, 0.7841225862503052, 0.6207748651504517, 0.6963377594947815, 0.7511383295059204, 0.8553950190544128, 0.6095332503318787, 0.865598738193512, 0.7953507304191589, 0.6897682547569275, 0.9299506545066833, 1.002313256263733, 0.716988205909729, 0.9027324914932251, 0.8899073004722595, 0.7269888520240784, 0.823707640171051, 0.5898236036300659, 0.7852287292480469, 0.6741335391998291, 0.78297358751297, 0.8508437871932983, 0.860379159450531, 0.7350698709487915, 0.6616657972335815, 0.8238603472709656, 0.6884621977806091, 0.5835963487625122, 0.7513246536254883, 0.6608299016952515, 0.6574943661689758, 0.6417840123176575, 0.7305244207382202, 0.8502179980278015],