{"best": {"aes": {"rmse_aes": 4.297482336249883, "pearson_aes": 0.6820236394042013, "spearman_aes": 0.6729595113514, "kappa_aes": 0.6441562771103964, "aes": 0.01268492385538088, "aes_weight_coef": 1.0}}, "train": {"loss": [0.0202], "learning_rate": [2.1203007518796993e-05], "epoch": [3.76], "step": [500]}, "eval": {"rmse_aes": [6.087962806985643, 4.297482336249883, 4.452278608771758, 5.5779856624621145], "pearson_aes": [0.502232456460295, 0.6820236394042013, 0.6312860008939577, 0.6413401090506861], "spearman_aes": [0.6129197119731746, 0.6729595113514, 0.6103051374206645, 0.6164759003668386], "kappa_aes": [0.3368670991906896, 0.6441562771103964, 0.5856946556196083, 0.5154924829964036], "aes": [0.025325439352956083, 0.01268492385538088, 0.013296853337022994, 0.02100460407220655], "total_loss": [0.025325439352956083, 0.01268492385538088, 0.013296853337022994, 0.02100460407220655], "aes_weight_coef": [1.0, 1.0, 1.0, 1.0], "epoch": [0.99, 1.99, 2.99, 3.99], "step": [132, 265, 398, 531]}, "test": {"rmse_aes": 4.6827166315661675, "pearson_aes": 0.7653953627480441, "spearman_aes": 0.7705028985694823, "kappa_aes": 0.6482934083081563, "aes": 0.013963047812770432, "total_loss": 0.013963047812770432, "aes_weight_coef": 1.0}, "info": {"tasks": ["aes"], "outputs": ["loss", "labels", "preds"], "map_out_to_task": {"aes_loss": "aes", "aes_labels": "aes", "aes_preds": "aes"}, "map_out_to_out": {"aes_loss": "loss", "aes_labels": "labels", "aes_preds": "preds"}, "map_task_index": {"aes": 0}, "map_index_task": {"0": "aes"}, "optimizer_weighting": "fixed", "epochs_to_avg_over": 2, "temp": 2, "init_task_weightings": {"aes": 1.0, "ged": 1.0, "ner": 1.0}, "metrics_to_track_by_task": {"aes": "pearson_aes", "ged": "f_0_5_ged", "ner": "f1_score_avg_ner"}, "regression_tasks": ["aes"], "classification_tasks": ["ner", "ged"], "fce_tasks": ["aes", "ged"], "task_priorities_priority_as_key": {"primary_task": "aes"}, "early_stopping_patience": 2, "early_stopping_metric": null, "pretrained_model": "distilroberta-base", "frozen_layers": null, "scoring": "script", "shared_encoder_n_layers": 0, "normalised_values": [40, 0], "output_layer_by_task": {"aes": -1, "ged": -1, "ner": -1}, "save_results": true, "learning_rate": 4e-05, "batch_size": 8, "weight_decay": 0.01, "adam_epsilon": 1e-08, "runtime": 129.92776560783386, "steps_per_sec": 0.24468505764187168, "model_name": "1630758199"}, "preds": {"aes": {"preds": [0.9178188443183899, 0.6482967734336853, 0.7099220752716064, 0.680037260055542, 0.6481373906135559, 0.860325038433075, 0.7868083715438843, 0.8378705978393555, 0.6161077618598938, 0.7843272686004639, 0.7313651442527771, 0.7943993210792542, 0.8801940679550171, 0.8179678916931152, 0.6336843967437744, 0.5553479194641113, 0.6033687591552734, 0.7339978218078613, 0.8159075379371643, 0.6533870697021484, 0.8407191038131714, 0.8693187236785889, 0.763945996761322, 0.7159097790718079, 0.6707295775413513, 0.781766951084137, 0.6072524785995483, 0.8110387921333313, 0.9063974618911743, 0.8856310844421387, 0.8260102272033691, 0.8479374647140503, 0.7288575768470764, 0.6438357830047607, 0.9171043634414673, 0.5914099812507629, 0.8311126828193665, 0.6715971231460571, 0.8360816836357117, 0.7627595663070679, 0.527010440826416, 0.7035895586013794, 0.8025137782096863, 0.8454076647758484, 0.8441429138183594, 0.8531997799873352, 0.5067322850227356, 0.8415234684944153, 0.8025399446487427, 0.5663657784461975, 0.9053824543952942, 0.6288967728614807, 0.8029462695121765, 0.7429822683334351, 0.7260696291923523, 0.7575284242630005, 0.6264289021492004, 0.9291087985038757, 0.736907958984375, 0.8969987034797668, 0.4183911979198456, 0.6928936243057251, 0.6423143148422241, 0.8718889355659485, 0.6926846504211426, 0.7013007402420044, 0.6519639492034912, 0.9395954012870789, 0.6173739433288574, 0.8781531453132629, 0.787282407283783, 0.6906178593635559, 0.9518551826477051, 0.9587861895561218, 0.771786630153656, 0.9062089323997498, 0.9035643935203552, 0.7355006337165833, 0.869899570941925, 0.6535483002662659, 0.8513321280479431, 0.7337347865104675, 0.7874822020530701, 0.8336086869239807, 0.7742947936058044, 0.7907112240791321, 0.6675577163696289, 0.8405634760856628, 0.6907723546028137, 0.6024385690689087, 0.79141765832901, 0.633671224117279, 0.6031384468078613, 0.6728445887565613, 0.7417461276054382, 0.8220301866531372, 0.8068478107452393], "labels": [0.75, 0.6499999761581421, 0.574999988079071, 0.6499999761581421, 0.6499999761581421, 0.949999988079071, 0.675000011920929, 0.9750000238418579, 0.625, 0.6000000238418579, 0.625, 0.675000011920929, 0.75, 0.675000011920929, 0.5, 0.5249999761581421, 0.5249999761581421, 0.6499999761581421, 0.550000011920929, 0.6000000238418579, 0.949999988079071, 0.75, 0.8500000238418579, 0.6000000238418579, 0.574999988079071, 0.550000011920929, 0.574999988079071, 0.9750000238418579, 0.8500000238418579, 0.925000011920929, 0.7749999761581421, 0.699999988079071, 0.6499999761581421, 0.7250000238418579, 0.8500000238418579, 0.6499999761581421, 0.8500000238418579, 0.4749999940395355, 0.6499999761581421, 0.7749999761581421, 0.44999998807907104, 0.4749999940395355, 0.625, 0.6499999761581421, 0.7250000238418579, 0.7250000238418579, 0.44999998807907104, 0.675000011920929, 0.875, 0.550000011920929, 0.8999999761581421, 0.3499999940395355, 0.6000000238418579, 0.7250000238418579, 0.699999988079071, 0.6000000238418579, 0.625, 0.925000011920929, 0.6000000238418579, 0.8999999761581421, 0.32499998807907104, 0.574999988079071, 0.7250000238418579, 0.7749999761581421, 0.574999988079071, 0.699999988079071, 0.6499999761581421, 0.6499999761581421, 0.5249999761581421, 0.949999988079071, 0.800000011920929, 0.7250000238418579, 0.8999999761581421, 1.0, 0.7250000238418579, 0.8500000238418579, 0.8999999761581421, 0.625, 0.925000011920929, 0.42500001192092896, 0.800000011920929, 0.625, 0.625, 0.8999999761581421, 0.7749999761581421, 0.675000011920929, 0.4749999940395355, 0.699999988079071, 0.6000000238418579, 0.5, 0.625, 0.574999988079071, 0.550000011920929, 0.574999988079071, 0.675000011920929, 0.75, 0.8500000238418579]}}}