{"best": {"aes": {"rmse_aes": 6.703025850730068, "pearson_aes": 0.6354587963179255, "spearman_aes": 0.6313988602979327, "kappa_aes": 0.3302661029594628, "aes": 0.005818982716909674, "aes_weight_coef": 1.0}, "ner": {"accuracy_ner": 0.9908882052879561, "f1_score_macro_ner": 0.9500907855005273, "f1_score_weighted_ner": 0.9909028939186658, "ner": 0.031967290655471554, "ner_weight_coef": 1.0}}, "train": {"loss": [0.0935, 0.0229, 0.0137], "learning_rate": [6.49056603773585e-05, 4.9811320754716985e-05, 3.471698113207548e-05], "epoch": [1.89, 3.77, 5.66], "step": [500, 1000, 1500]}, "eval": {"rmse_aes": [6.687467549246293, 7.697402159170326, 8.75277733700059, 5.960518247415889, 7.289642576209679, 6.703025850730068], "pearson_aes": [0.5366402859884357, 0.5222782684063888, 0.48838898535905473, 0.6217781081100194, 0.6143201390070722, 0.6354587963179255], "spearman_aes": [0.5804348647707561, 0.5377762624509799, 0.5471007413738371, 0.6518253554305489, 0.6227216894227462, 0.6313988602979327], "kappa_aes": [0.2198739340007415, 0.30850843812045003, 0.1595161850380029, 0.37726498767440086, 0.2920300679419843, 0.3302661029594628], "accuracy_ner": [0.9839180717261788, 0.9894279817764106, 0.9897005568318991, 0.9907519177602119, 0.9908882052879561, 0.9912581285775476], "f1_score_macro_ner": [0.9054944715028184, 0.9404195794720481, 0.9408955635076447, 0.947561873337805, 0.9500907855005273, 0.9497004803375995], "f1_score_weighted_ner": [0.9840146432567912, 0.9894412128723772, 0.9896800390154556, 0.9907405779844741, 0.9909028939186658, 0.9912532321803352], "aes": [0.0059057320359834405, 0.007766253249936326, 0.010120185915120813, 0.004615517614712549, 0.006975378191401792, 0.005818982716909674], "ner": [0.048668610495190286, 0.03363879620595727, 0.03403956737087736, 0.030705813080245673, 0.031967290655471554, 0.03217595901210294], "total_loss": [0.05457434253117373, 0.04140504945589359, 0.04415975328599817, 0.03532133069495822, 0.03894266884687335, 0.03799494172901262], "aes_weight_coef": [1.0, 1.0, 1.0, 1.0, 1.0, 1.0], "ner_weight_coef": [1.0, 1.0, 1.0, 1.0, 1.0, 1.0], "epoch": [1.0, 2.0, 3.0, 4.0, 5.0, 6.0], "step": [264, 529, 794, 1059, 1324, 1589]}, "test": {"rmse_aes": 6.742279535389595, "pearson_aes": 0.7014838069670742, "spearman_aes": 0.6976908723912956, "kappa_aes": 0.36153184487078793, "accuracy_ner": 0.9817594486917196, "f1_score_macro_ner": 0.8985466573371821, "f1_score_weighted_ner": 0.9821537713176131, "aes": 0.008077307382509821, "ner": 0.07458818415623336, "total_loss": 0.08266549153874318, "aes_weight_coef": 1.0, "ner_weight_coef": 1.0}, "info": {"tasks": ["aes", "ner"], "outputs": ["loss", "labels", "preds"], "map_out_to_task": {"aes_loss": "aes", "aes_labels": "aes", "aes_preds": "aes", "ner_loss": "ner", "ner_labels": "ner", "ner_preds": "ner"}, "map_out_to_out": {"aes_loss": "loss", "aes_labels": "labels", "aes_preds": "preds", "ner_loss": "loss", "ner_labels": "labels", "ner_preds": "preds"}, "map_task_index": {"aes": 0, "ner": 1}, "map_index_task": {"0": "aes", "1": "ner"}, "optimizer_weighting": "fixed", "epochs_to_avg_over": 2, "temp": 2, "init_task_weightings": {"aes": 1.0, "ged": 1.0, "ner": 1.0}, "metrics_to_track_by_task": {"aes": "pearson_aes", "ged": "f_0_5_ged", "ner": "f1_score_macro_ner"}, "regression_tasks": ["aes"], "classification_tasks": ["ner", "ged"], "fce_tasks": ["aes", "ged"], "task_priorities_priority_as_key": {"primary_task": "aes", "secondary_task": "ged", "aux_task": "ner"}, "early_stopping_patience": 2, "early_stopping_metric": "loss", "pretrained_model": "distilroberta-base", "frozen_layers": 0, "scoring": "script", "shared_encoder_n_layers": 1, "normalised_values": [40, 0], "output_layer_by_task": {"aes": -1, "ged": -1, "ner": -1}, "save_results": true, "learning_rate": 8e-05, "batch_size": 8, "weight_decay": 0.01, "adam_epsilon": 1e-08, "runtime": 436.6298327445984, "steps_per_sec": 0.2747827770576453, "model_name": "1630843955"}, "preds": {"aes": {"preds": [0.8969215750694275, 0.7324746251106262, 0.6837397217750549, 0.8346121311187744, 0.7312986850738525, 0.8768551349639893, 0.8417120575904846, 0.8388686776161194, 0.732252299785614, 0.8621985912322998, 0.9073386788368225, 0.8588008284568787, 0.8986784815788269, 0.9145271182060242, 0.7394184470176697, 0.7243749499320984, 0.6929333806037903, 0.8055195212364197, 0.8406680226325989, 0.7416960597038269, 0.8663625121116638, 0.9032827019691467, 0.9123895764350891, 0.7685334086418152, 0.7155207395553589, 0.7795776128768921, 0.7374897599220276, 0.8523935675621033, 0.9066318869590759, 0.8987634778022766, 0.8248642086982727, 0.9074620604515076, 0.7412906885147095, 0.7693543434143066, 0.9063719511032104, 0.7102210521697998, 0.850265622138977, 0.8062626123428345, 0.8629389405250549, 0.7884305119514465, 0.672199010848999, 0.787596583366394, 0.7732694149017334, 0.9183687567710876, 0.831372857093811, 0.8362783789634705, 0.6605807542800903, 0.8625239133834839, 0.8906298279762268, 0.6781333684921265, 0.8885137438774109, 0.7219773530960083, 0.826332688331604, 0.8285610675811768, 0.7777730226516724, 0.8555535674095154, 0.7333707213401794, 0.9335471391677856, 0.8038538694381714, 0.8659659624099731, 0.5937880277633667, 0.7787037491798401, 0.7063900232315063, 0.8637469410896301, 0.7491489052772522, 0.7650606036186218, 0.7217864394187927, 0.9188892245292664, 0.6991984844207764, 0.8690400719642639, 0.8979852199554443, 0.7544445991516113, 0.9059023261070251, 0.935554563999176, 0.8021683692932129, 0.9257884621620178, 0.8849354386329651, 0.818722665309906, 0.8844042420387268, 0.7284724712371826, 0.839251697063446, 0.7773303985595703, 0.8179621696472168, 0.9083362221717834, 0.9088257551193237, 0.8703861832618713, 0.7613255381584167, 0.8982122540473938, 0.7443679571151733, 0.7175135612487793, 0.8915470242500305, 0.7629908919334412, 0.718485951423645, 0.7874413728713989, 0.8771398067474365, 0.8563988208770752], "labels": [0.75, 0.6499999761581421, 0.574999988079071, 0.6499999761581421, 0.6499999761581421, 0.949999988079071, 0.675000011920929, 0.9750000238418579, 0.625, 0.6000000238418579, 0.625, 0.675000011920929, 0.75, 0.675000011920929, 0.5, 0.5249999761581421, 0.5249999761581421, 0.6499999761581421, 0.550000011920929, 0.6000000238418579, 0.949999988079071, 0.75, 0.8500000238418579, 0.6000000238418579, 0.574999988079071, 0.550000011920929, 0.574999988079071, 0.9750000238418579, 0.8500000238418579, 0.925000011920929, 0.7749999761581421, 0.699999988079071, 0.6499999761581421, 0.7250000238418579, 0.8500000238418579, 0.6499999761581421, 0.8500000238418579, 0.4749999940395355, 0.6499999761581421, 0.7749999761581421, 0.44999998807907104, 0.4749999940395355, 0.625, 0.6499999761581421, 0.7250000238418579, 0.7250000238418579, 0.44999998807907104, 0.675000011920929, 0.875, 0.550000011920929, 0.8999999761581421, 0.3499999940395355, 0.6000000238418579, 0.7250000238418579, 0.699999988079071, 0.6000000238418579, 0.625, 0.925000011920929, 0.6000000238418579, 0.8999999761581421, 0.32499998807907104, 0.574999988079071, 0.7250000238418579, 0.7749999761581421, 0.574999988079071, 0.699999988079071, 0.6499999761581421, 0.6499999761581421, 0.5249999761581421, 0.949999988079071, 0.800000011920929, 0.7250000238418579, 0.8999999761581421, 1.0, 0.7250000238418579, 0.8500000238418579, 0.8999999761581421, 0.625, 0.925000011920929, 0.42500001192092896, 0.800000011920929, 0.625, 0.625, 0.8999999761581421, 0.7749999761581421, 0.675000011920929, 0.4749999940395355, 0.699999988079071, 0.6000000238418579, 0.5, 0.625, 0.574999988079071, 0.550000011920929, 0.574999988079071, 0.675000011920929, 0.75]}}}