{"best": {"aes": {"rmse_aes": 6.094168432927407, "pearson_aes": 0.5991935229953158, "spearman_aes": 0.5870018848395149, "kappa_aes": 0.43148003132341417, "aes": 0.0004889322938884847, "aes_weight_coef": 0.10000000149011612}, "ged": {"accuracy_ged": 0.8587191915025265, "f1_score_macro_ged": 0.7390325994886293, "f1_score_weighted_ged": 0.8681721297885844, "f_0_5_ged": 0.6243791684404711, "ged": 0.09851305567941, "ged_weight_coef": 0.8999999761581421}, "ner": {"accuracy_ner": 0.9884739690822009, "f1_score_macro_ner": 0.9323925268294357, "f1_score_weighted_ner": 0.9884448867308424, "ner": 0.002992932078276956, "ner_weight_coef": 0.09000000357627869}}, "train": {"loss": [0.2398, 0.1695], "learning_rate": [3.0566037735849064e-05, 2.1132075471698115e-05], "epoch": [1.89, 3.77], "step": [500, 1000]}, "eval": {"rmse_aes": [7.3484692283495345, 4.928657694207081, 6.094168432927407, 4.958158260214505, 4.913134324327892], "pearson_aes": [0.5463712954339612, 0.5338332420110663, 0.5991935229953158, 0.540877740208554, 0.5761663670155541], "spearman_aes": [0.5583035674844172, 0.5311778179355635, 0.5870018848395149, 0.5570628754658277, 0.5994415903750092], "kappa_aes": [0.3153422035906315, 0.47881432987815964, 0.43148003132341417, 0.4360954360954361, 0.5192237275723178], "accuracy_ged": [0.8256505448420474, 0.8585129421470558, 0.8587191915025265, 0.886356605135609, 0.8875253514832766], "f1_score_macro_ged": [0.7055091491829116, 0.7366999826933235, 0.7390325994886293, 0.759117150557735, 0.7589326443907214], "f1_score_weighted_ged": [0.8429530783323788, 0.8675625732380239, 0.8681721297885844, 0.8870426618835575, 0.8875858742427686], "f_0_5_ged": [0.6107093122501235, 0.6160056993588221, 0.6243791684404711, 0.5891161987918169, 0.5833120694054605], "accuracy_ner": [0.968965382967953, 0.9825162571550952, 0.986390716872396, 0.9876367742689147, 0.9884739690822009], "f1_score_macro_ner": [0.7975691254944116, 0.8904663513001468, 0.9182386411450588, 0.927307736764202, 0.9323925268294357], "f1_score_weighted_ner": [0.9683958534244238, 0.9823602356588594, 0.9863536090435067, 0.9876146372883415, 0.9884448867308424], "aes": [0.000696747352607375, 0.0003151345374008511, 0.0004889322938884847, 0.00031572589204040204, 0.00031616595617040645], "ged": [0.09024009177851122, 0.09392408784045729, 0.09851305567941, 0.125933566758799, 0.1384945983110472], "ner": [0.0074224084139216774, 0.004303288405089704, 0.0034041816238747085, 0.00312151214741387, 0.002992932078276956], "total_loss": [0.09835924754504027, 0.09854251078294785, 0.10240616959717319, 0.12937080479825327, 0.14180369634549458], "aes_weight_coef": [0.10000000149011612, 0.10000000149011612, 0.10000000149011612, 0.10000000149011612, 0.10000000149011612], "ged_weight_coef": [0.8999999761581421, 0.8999999761581421, 0.8999999761581421, 0.8999999761581421, 0.8999999761581421], "ner_weight_coef": [0.09000000357627869, 0.09000000357627869, 0.09000000357627869, 0.09000000357627869, 0.09000000357627869], "epoch": [1.0, 2.0, 3.0, 4.0, 5.0], "step": [264, 529, 794, 1059, 1324]}, "test": {"rmse_aes": 4.03242069564507, "pearson_aes": 0.7519701282928304, "spearman_aes": 0.7474670393439771, "kappa_aes": 0.6532833020637898, "accuracy_ged": 0.8724649298597195, "f1_score_macro_ged": 0.7462603339333398, "f1_score_weighted_ged": 0.8709874266339389, "f_0_5_ged": 0.5579330266395635, "accuracy_ner": 0.9789598363303542, "f1_score_macro_ner": 0.8766939095910247, "f1_score_weighted_ner": 0.9794901551462477, "aes": 0.0002863267935546381, "ged": 0.21314231412751333, "ner": 0.00582953163289598, "total_loss": 0.21925817255396396, "aes_weight_coef": 0.10000000149011612, "ged_weight_coef": 0.8999999761581421, "ner_weight_coef": 0.09000000357627869}, "info": {"tasks": ["aes", "ged", "ner"], "outputs": ["loss", "labels", "preds"], "map_out_to_task": {"aes_loss": "aes", "aes_labels": "aes", "aes_preds": "aes", "ged_loss": "ged", "ged_labels": "ged", "ged_preds": "ged", "ner_loss": "ner", "ner_labels": "ner", "ner_preds": "ner"}, "map_out_to_out": {"aes_loss": "loss", "aes_labels": "labels", "aes_preds": "preds", "ged_loss": "loss", "ged_labels": "labels", "ged_preds": "preds", "ner_loss": "loss", "ner_labels": "labels", "ner_preds": "preds"}, "map_task_index": {"aes": 0, "ged": 1, "ner": 2}, "map_index_task": {"0": "aes", "1": "ged", "2": "ner"}, "optimizer_weighting": "fixed", "epochs_to_avg_over": 2, "temp": 2, "init_task_weightings": {"aes": 0.1, "ged": 0.9, "ner": 0.09000000000000001}, "metrics_to_track_by_task": {"aes": "pearson_aes", "ged": "f_0_5_ged", "ner": "f1_score_macro_ner"}, "regression_tasks": ["aes"], "classification_tasks": ["ner", "ged"], "fce_tasks": ["aes", "ged"], "task_priorities_priority_as_key": {"primary_task": "aes", "secondary_task": "ged", "aux_task": "ner"}, "early_stopping_patience": 2, "early_stopping_metric": "los", "pretrained_model": "distilroberta-base", "frozen_layers": null, "scoring": "script", "shared_encoder_n_layers": 0, "normalised_values": [40, 0], "output_layer_by_task": {"aes": -1, "ged": -1, "ner": -1}, "save_results": true, "learning_rate": 4e-05, "batch_size": 8, "weight_decay": 0.01, "adam_epsilon": 1e-08, "runtime": 337.7064323425293, "steps_per_sec": 0.2550652812254753, "model_name": "1630777298"}, "preds": {"aes": {"preds": [0.7522246837615967, 0.6722899675369263, 0.6505442261695862, 0.7324120402336121, 0.6592534780502319, 0.7517017722129822, 0.7603423595428467, 0.7203062772750854, 0.6182301640510559, 0.7362185120582581, 0.7299503087997437, 0.7023009061813354, 0.7851635217666626, 0.8026385307312012, 0.6511932015419006, 0.5498431921005249, 0.5872899889945984, 0.6691662669181824, 0.7715237736701965, 0.6063838601112366, 0.7951504588127136, 0.7793057560920715, 0.7338114380836487, 0.6621766090393066, 0.6213124990463257, 0.7150413393974304, 0.5243512392044067, 0.7681365609169006, 0.8273916244506836, 0.7790751457214355, 0.7483718991279602, 0.7505151033401489, 0.7078543901443481, 0.6549559831619263, 0.7791076898574829, 0.6242868900299072, 0.7977866530418396, 0.5951400399208069, 0.7584731578826904, 0.6872718930244446, 0.5206910967826843, 0.6081920862197876, 0.6765167117118835, 0.7994998693466187, 0.7476910948753357, 0.7673770785331726, 0.5141116380691528, 0.6794217228889465, 0.7951077222824097, 0.5780768394470215, 0.8425990343093872, 0.6150457859039307, 0.7380506992340088, 0.6239975094795227, 0.631507396697998, 0.7312431335449219, 0.5949847102165222, 0.8076987862586975, 0.6708483695983887, 0.7620472311973572, 0.382220983505249, 0.7227340340614319, 0.5748918056488037, 0.7637521028518677, 0.6059252023696899, 0.6746917366981506, 0.6994088292121887, 0.8241744637489319, 0.5752310752868652, 0.8065084218978882, 0.7326234579086304, 0.660671055316925, 0.8150404691696167, 0.8614946007728577, 0.6766817569732666, 0.8080817461013794, 0.8027395009994507, 0.7007954716682434, 0.7891066074371338, 0.5775318741798401, 0.7470269203186035, 0.6667320728302002, 0.7146779298782349, 0.7232570052146912, 0.7599784135818481, 0.6931989192962646, 0.6325162649154663, 0.7496616840362549, 0.6196443438529968, 0.5903947353363037, 0.6959026455879211, 0.641554594039917, 0.5931488871574402, 0.5955171585083008, 0.7100425958633423, 0.7795224785804749],