{"best": {"aes": {"rmse_aes": 5.570037383689288, "pearson_aes": 0.4926218368910747, "spearman_aes": 0.5118084093313124, "kappa_aes": 0.2083148574282474, "aes": 0.02101405482325289, "aes_weight_coef": 1.0}}, "train": {"loss": [0.0308], "learning_rate": [4.992481203007519e-05], "epoch": [3.76], "step": [500]}, "eval": {"rmse_aes": [6.860269028197109, 5.570037383689288, 5.518667973572214, 5.969330899891969], "pearson_aes": [0.3432814621447385, 0.4926218368910747, 0.4115994466391019, 0.4579590311922734], "spearman_aes": [0.44728584884350064, 0.5118084093313124, 0.4279815843193226, 0.4829944562366118], "kappa_aes": [0.08703579568306741, 0.2083148574282474, 0.30070866484065906, 0.2973041887622181], "aes": [0.032492972910404205, 0.02101405482325289, 0.02114205015823245, 0.024507962115522888], "total_loss": [0.032492972910404205, 0.02101405482325289, 0.02114205015823245, 0.024507962115522888], "aes_weight_coef": [1.0, 1.0, 1.0, 1.0], "epoch": [0.99, 1.99, 2.99, 3.99], "step": [132, 265, 398, 531]}, "test": {"rmse_aes": 5.361181590026318, "pearson_aes": 0.5910095146430201, "spearman_aes": 0.6110891065995568, "kappa_aes": 0.4384479808570584, "aes": 0.01866622994809101, "total_loss": 0.01866622994809101, "aes_weight_coef": 1.0}, "info": {"tasks": ["aes"], "outputs": ["loss", "labels", "preds"], "map_out_to_task": {"aes_loss": "aes", "aes_labels": "aes", "aes_preds": "aes"}, "map_out_to_out": {"aes_loss": "loss", "aes_labels": "labels", "aes_preds": "preds"}, "map_task_index": {"aes": 0}, "map_index_task": {"0": "aes"}, "optimizer_weighting": "fixed", "epochs_to_avg_over": 2, "temp": 2, "init_task_weightings": {"aes": 1.0, "ged": 1.0, "ner": 1.0}, "metrics_to_track_by_task": {"aes": "pearson_aes", "ged": "f_0_5_ged", "ner": "f1_score_macro_ner"}, "regression_tasks": ["aes"], "classification_tasks": ["ner", "ged"], "fce_tasks": ["aes", "ged"], "task_priorities_priority_as_key": {"primary_task": "aes", "secondary_task": "ged", "aux_task": "ner"}, "early_stopping_patience": 2, "early_stopping_metric": "loss", "pretrained_model": "distilroberta-base", "frozen_layers": 0, "scoring": "script", "shared_encoder_n_layers": 1, "normalised_values": [40, 0], "output_layer_by_task": {"aes": -1, "ged": -1, "ner": -1}, "save_results": true, "learning_rate": 8e-05, "batch_size": 8, "weight_decay": 0.01, "adam_epsilon": 1e-08, "runtime": 130.42311763763428, "steps_per_sec": 0.24561792398801183, "model_name": "1630840433"}, "preds": {"aes": {"preds": [0.8343362808227539, 0.7528733611106873, 0.5912008881568909, 0.8401702642440796, 0.7876908779144287, 0.7918193936347961, 0.8009747266769409, 0.695550262928009, 0.7303889393806458, 0.701996922492981, 0.8069508075714111, 0.7960589528083801, 0.8002726435661316, 0.7574830055236816, 0.8125575184822083, 0.6086573600769043, 0.7011892199516296, 0.7402067184448242, 0.7611942291259766, 0.7075865864753723, 0.8403714299201965, 0.8064026832580566, 0.8240455389022827, 0.766126275062561, 0.7176426649093628, 0.7054582238197327, 0.5830324292182922, 0.814098060131073, 0.8210485577583313, 0.8336008787155151, 0.7098446488380432, 0.8622063994407654, 0.7923131585121155, 0.6273943781852722, 0.8258945941925049, 0.7022731900215149, 0.8124093413352966, 0.804119348526001, 0.8312475085258484, 0.7763972282409668, 0.5584304332733154, 0.7138506174087524, 0.7015663385391235, 0.782841682434082, 0.7972667813301086, 0.8088449835777283, 0.5266808867454529, 0.7253298163414001, 0.826519787311554, 0.692619264125824, 0.8194125890731812, 0.7552962899208069, 0.7309761643409729, 0.7977507710456848, 0.7531343698501587, 0.794694185256958, 0.7216489315032959, 0.8547370433807373, 0.7441405653953552, 0.7697403430938721, 0.5267322659492493, 0.7977452278137207, 0.6182348132133484, 0.7733301520347595, 0.6643970608711243, 0.6846832036972046, 0.6503101587295532, 0.8376489877700806, 0.666326105594635, 0.7872344255447388, 0.8297398686408997, 0.6626607179641724, 0.8430009484291077, 0.8391929864883423, 0.6307517290115356, 0.8221361041069031, 0.8135351538658142, 0.7534686326980591, 0.8190432786941528, 0.6215376257896423, 0.8171665072441101, 0.7265197038650513, 0.7744567394256592, 0.7949960231781006, 0.784818708896637, 0.748047411441803, 0.6911196112632751, 0.8082219958305359, 0.6092159748077393, 0.672064483165741, 0.7785500884056091, 0.7185912132263184, 0.6482998728752136, 0.5919287204742432, 0.742000162601471, 0.8018890023231506, 0.7616660594940186], "labels": [0.75, 0.6499999761581421, 0.574999988079071, 0.6499999761581421, 0.6499999761581421, 0.949999988079071, 0.675000011920929, 0.9750000238418579, 0.625, 0.6000000238418579, 0.625, 0.675000011920929, 0.75, 0.675000011920929, 0.5, 0.5249999761581421, 0.5249999761581421, 0.6499999761581421, 0.550000011920929, 0.6000000238418579, 0.949999988079071, 0.75, 0.8500000238418579, 0.6000000238418579, 0.574999988079071, 0.550000011920929, 0.574999988079071, 0.9750000238418579, 0.8500000238418579, 0.925000011920929, 0.7749999761581421, 0.699999988079071, 0.6499999761581421, 0.7250000238418579, 0.8500000238418579, 0.6499999761581421, 0.8500000238418579, 0.4749999940395355, 0.6499999761581421, 0.7749999761581421, 0.44999998807907104, 0.4749999940395355, 0.625, 0.6499999761581421, 0.7250000238418579, 0.7250000238418579, 0.44999998807907104, 0.675000011920929, 0.875, 0.550000011920929, 0.8999999761581421, 0.3499999940395355, 0.6000000238418579, 0.7250000238418579, 0.699999988079071, 0.6000000238418579, 0.625, 0.925000011920929, 0.6000000238418579, 0.8999999761581421, 0.32499998807907104, 0.574999988079071, 0.7250000238418579, 0.7749999761581421, 0.574999988079071, 0.699999988079071, 0.6499999761581421, 0.6499999761581421, 0.5249999761581421, 0.949999988079071, 0.800000011920929, 0.7250000238418579, 0.8999999761581421, 1.0, 0.7250000238418579, 0.8500000238418579, 0.8999999761581421, 0.625, 0.925000011920929, 0.42500001192092896, 0.800000011920929, 0.625, 0.625, 0.8999999761581421, 0.7749999761581421, 0.675000011920929, 0.4749999940395355, 0.699999988079071, 0.6000000238418579, 0.5, 0.625, 0.574999988079071, 0.550000011920929, 0.574999988079071, 0.675000011920929, 0.75, 0.8500000238418579]}}}