{"best": {"aes": {"rmse_aes": 4.507377918058628, "pearson_aes": 0.6363152933386029, "spearman_aes": 0.6481284298968987, "kappa_aes": 0.5897372685793265, "aes": 0.014139701288917826, "aes_weight_coef": 1.0}, "ged": {"accuracy_ged": 0.8357586401555541, "f1_score_macro_ged": 0.7236882831324853, "f1_score_weighted_ged": 0.8521439698448972, "f_0_5_ged": 0.6473013799297788, "ged": 0.5372584362824758, "ged_weight_coef": 1.0}}, "train": {"loss": [0.4704], "learning_rate": [4.992481203007519e-05], "epoch": [3.76], "step": [500]}, "eval": {"rmse_aes": [4.909304005944714, 4.823465847791412, 4.972073912095612, 4.507377918058628], "pearson_aes": [0.5294719119194204, 0.5863301618011239, 0.5934530181168941, 0.6363152933386029], "spearman_aes": [0.5466176184440139, 0.5964223947501112, 0.6126942936351792, 0.6481284298968987], "kappa_aes": [0.4673634220743206, 0.4911312667250811, 0.49612244972298014, 0.5897372685793265], "accuracy_ged": [0.7050429655648247, 0.794235714733739, 0.8357586401555541, 0.8382989399736561], "f1_score_macro_ged": [0.617073339217057, 0.6885390934930851, 0.7236882831324853, 0.7255004277708998], "f1_score_weighted_ged": [0.7510510283403077, 0.8209856375575513, 0.8521439698448972, 0.8539494576158784], "f_0_5_ged": [0.6096280235788333, 0.643445435827042, 0.6473013799297788, 0.6454989532449407], "aes": [0.016288236637289327, 0.01625618426543143, 0.017049773285786312, 0.014139701288917826], "ged": [0.5424201455381181, 0.5183631479740143, 0.5372584362824758, 0.572419050667021], "total_loss": [0.5587083821754075, 0.5346193322394457, 0.5543082095682621, 0.5865587519559389], "aes_weight_coef": [1.0, 1.0, 1.0, 1.0], "ged_weight_coef": [1.0, 1.0, 1.0, 1.0], "epoch": [0.99, 1.99, 2.99, 3.99], "step": [132, 265, 398, 531]}, "test": {"rmse_aes": 3.8301570585008005, "pearson_aes": 0.7806481024098374, "spearman_aes": 0.7817666321490239, "kappa_aes": 0.7066745776693568, "accuracy_ged": 0.8297423455259896, "f1_score_macro_ged": 0.7219297350058822, "f1_score_weighted_ged": 0.8429660683698433, "f_0_5_ged": 0.6246420161649588, "aes": 0.009167559629228586, "ged": 0.6421946833531061, "total_loss": 0.6513622429823348, "aes_weight_coef": 1.0, "ged_weight_coef": 1.0}, "info": {"tasks": ["aes", "ged"], "outputs": ["loss", "labels", "preds"], "map_out_to_task": {"aes_loss": "aes", "aes_labels": "aes", "aes_preds": "aes", "ged_loss": "ged", "ged_labels": "ged", "ged_preds": "ged"}, "map_out_to_out": {"aes_loss": "loss", "aes_labels": "labels", "aes_preds": "preds", "ged_loss": "loss", "ged_labels": "labels", "ged_preds": "preds"}, "map_task_index": {"aes": 0, "ged": 1}, "map_index_task": {"0": "aes", "1": "ged"}, "optimizer_weighting": "fixed", "epochs_to_avg_over": 2, "temp": 2, "init_task_weightings": {"aes": 1.0, "ged": 1.0, "ner": 1.0}, "metrics_to_track_by_task": {"aes": "pearson_aes", "ged": "f_0_5_ged", "ner": "f1_score_macro_ner"}, "regression_tasks": ["aes"], "classification_tasks": ["ner", "ged"], "fce_tasks": ["aes", "ged"], "task_priorities_priority_as_key": {"primary_task": "aes", "secondary_task": "ged", "aux_task": "ner"}, "early_stopping_patience": 2, "early_stopping_metric": "loss", "pretrained_model": "distilroberta-base", "frozen_layers": 0, "scoring": "script", "shared_encoder_n_layers": 1, "normalised_values": [40, 0], "output_layer_by_task": {"aes": -1, "ged": -1, "ner": -1}, "save_results": true, "learning_rate": 8e-05, "batch_size": 8, "weight_decay": 0.01, "adam_epsilon": 1e-08, "runtime": 151.89931750297546, "steps_per_sec": 0.2860627448266958, "model_name": "1630841747"}, "preds": {"aes": {"preds": [0.7866002321243286, 0.7003952860832214, 0.6425472497940063, 0.7324050664901733, 0.637869119644165, 0.7817016839981079, 0.7822996973991394, 0.6778345704078674, 0.590831458568573, 0.7430217862129211, 0.7294960021972656, 0.7004485130310059, 0.7763516902923584, 0.7998131513595581, 0.6459744572639465, 0.5495508313179016, 0.5883530974388123, 0.6727666854858398, 0.7405773997306824, 0.5602686405181885, 0.7896672487258911, 0.7594499588012695, 0.7742353677749634, 0.6477013230323792, 0.6391406059265137, 0.6675306558609009, 0.5169369578361511, 0.8104493021965027, 0.8592846989631653, 0.8000292778015137, 0.7421952486038208, 0.7715127468109131, 0.706464946269989, 0.6518689393997192, 0.7934593558311462, 0.573273241519928, 0.815235435962677, 0.6171891689300537, 0.7493663430213928, 0.6890519857406616, 0.510490894317627, 0.6229022145271301, 0.6793452501296997, 0.7894013524055481, 0.7553920745849609, 0.7341272234916687, 0.5090404152870178, 0.673469603061676, 0.7857645153999329, 0.6002455949783325, 0.8634577989578247, 0.6139845252037048, 0.7320252060890198, 0.6405664682388306, 0.6452428102493286, 0.724482536315918, 0.594282865524292, 0.8489163517951965, 0.6465018391609192, 0.7782776951789856, 0.41586145758628845, 0.726525604724884, 0.6026017665863037, 0.7680453658103943, 0.599299430847168, 0.6392914652824402, 0.6583769917488098, 0.792262077331543, 0.5730773210525513, 0.8107098340988159, 0.7108783721923828, 0.6745485663414001, 0.8631080389022827, 0.9049462080001831, 0.6904288530349731, 0.8196269869804382, 0.8473963141441345, 0.6953568458557129, 0.79340660572052, 0.6103037595748901, 0.7825988531112671, 0.6585331559181213, 0.7396331429481506, 0.7482616901397705, 0.7673419713973999, 0.7086592316627502, 0.6208090782165527, 0.7603035569190979, 0.6213226914405823, 0.5277900695800781, 0.7054088115692139, 0.6108834743499756, 0.5701097249984741, 0.5976035594940186, 0.6920299530029297, 0.7744273543357849, 0.8107933402061462], "labels": [0.75, 0.6499999761581421, 0.574999988079071, 0.6499999761581421, 0.6499999761581421, 0.949999988079071, 0.675000011920929, 0.9750000238418579, 0.625, 0.6000000238418579, 0.625, 0.675000011920929, 0.75, 0.675000011920929, 0.5, 0.5249999761581421, 0.5249999761581421, 0.6499999761581421, 0.550000011920929, 0.6000000238418579, 0.949999988079071, 0.75, 0.8500000238418579, 0.6000000238418579, 0.574999988079071, 0.550000011920929, 0.574999988079071, 0.9750000238418579, 0.8500000238418579, 0.925000011920929, 0.7749999761581421, 0.699999988079071, 0.6499999761581421, 0.7250000238418579, 0.8500000238418579, 0.6499999761581421, 0.8500000238418579, 0.4749999940395355, 0.6499999761581421, 0.7749999761581421, 0.44999998807907104, 0.4749999940395355, 0.625, 0.6499999761581421, 0.7250000238418579, 0.7250000238418579, 0.44999998807907104, 0.675000011920929, 0.875, 0.550000011920929, 0.8999999761581421, 0.3499999940395355, 0.6000000238418579, 0.7250000238418579, 0.699999988079071, 0.6000000238418579, 0.625, 0.925000011920929, 0.6000000238418579, 0.8999999761581421, 0.32499998807907104, 0.574999988079071, 0.7250000238418579, 0.7749999761581421, 0.574999988079071, 0.699999988079071, 0.6499999761581421, 0.6499999761581421, 0.5249999761581421, 0.949999988079071, 0.800000011920929, 0.7250000238418579, 0.8999999761581421, 1.0, 0.7250000238418579, 0.8500000238418579, 0.8999999761581421, 0.625, 0.925000011920929, 0.42500001192092896, 0.800000011920929, 0.625, 0.625, 0.8999999761581421, 0.7749999761581421, 0.675000011920929, 0.4749999940395355, 0.699999988079071, 0.6000000238418579, 0.5, 0.625, 0.574999988079071, 0.550000011920929, 0.574999988079071, 0.675000011920929, 0.75, 0.8500000238418579]}}}