{"best": {"aes": {"rmse_aes": 4.599119343328375, "pearson_aes": 0.5938354229017427, "spearman_aes": 0.6203798370963548, "kappa_aes": 0.5735695298705834, "aes": 0.01431475905701518, "aes_weight_coef": 1.0}}, "train": {"loss": [0.0242], "learning_rate": [4.992481203007519e-05], "epoch": [3.76], "step": [500]}, "eval": {"rmse_aes": [5.606280384250812, 6.3902615782121694, 4.599119343328375, 5.868819129491344, 5.736845161328941], "pearson_aes": [0.5438627268412554, 0.5364155494823838, 0.5938354229017427, 0.5936603134132629, 0.5832346956344343], "spearman_aes": [0.5589993307574347, 0.56752792104888, 0.6203798370963548, 0.607487894301999, 0.5952227247372573], "kappa_aes": [0.13130059501008717, 0.24590634325503102, 0.5735695298705834, 0.49584926531198315, 0.4836481578634636], "aes": [0.02152849899397956, 0.02786002918663952, 0.01431475905701518, 0.023453102861013677, 0.022012615731606882], "total_loss": [0.02152849899397956, 0.02786002918663952, 0.01431475905701518, 0.023453102861013677, 0.022012615731606882], "aes_weight_coef": [1.0, 1.0, 1.0, 1.0, 1.0], "epoch": [0.99, 1.99, 2.99, 3.99, 4.99], "step": [132, 265, 398, 531, 664]}, "test": {"rmse_aes": 4.71343768871095, "pearson_aes": 0.7838509962406776, "spearman_aes": 0.7882371456696105, "kappa_aes": 0.6620197986065949, "aes": 0.01443620577144126, "total_loss": 0.01443620577144126, "aes_weight_coef": 1.0}, "info": {"tasks": ["aes"], "outputs": ["loss", "labels", "preds"], "map_out_to_task": {"aes_loss": "aes", "aes_labels": "aes", "aes_preds": "aes"}, "map_out_to_out": {"aes_loss": "loss", "aes_labels": "labels", "aes_preds": "preds"}, "map_task_index": {"aes": 0}, "map_index_task": {"0": "aes"}, "optimizer_weighting": "fixed", "epochs_to_avg_over": 2, "temp": 2, "init_task_weightings": {"aes": 1.0, "ged": 1.0, "ner": 1.0}, "metrics_to_track_by_task": {"aes": "pearson_aes", "ged": "f_0_5_ged", "ner": "f1_score_macro_ner"}, "regression_tasks": ["aes"], "classification_tasks": ["ner", "ged"], "fce_tasks": ["aes", "ged"], "task_priorities_priority_as_key": {"primary_task": "aes", "secondary_task": "ged", "aux_task": "ner"}, "early_stopping_patience": 2, "early_stopping_metric": "loss", "pretrained_model": "distilroberta-base", "frozen_layers": 0, "scoring": "script", "shared_encoder_n_layers": 1, "normalised_values": [40, 0], "output_layer_by_task": {"aes": -1, "ged": -1, "ner": -1}, "save_results": true, "learning_rate": 8e-05, "batch_size": 8, "weight_decay": 0.01, "adam_epsilon": 1e-08, "runtime": 162.7925534248352, "steps_per_sec": 0.24516950816993255, "model_name": "1630840929"}, "preds": {"aes": {"preds": [0.9459413290023804, 0.6783350110054016, 0.5960647463798523, 0.8415910005569458, 0.6813346147537231, 0.905920684337616, 0.7563299536705017, 0.8184928894042969, 0.6885795593261719, 0.7666366100311279, 0.7846437692642212, 0.8602259755134583, 0.8492852449417114, 0.7708392143249512, 0.7092838883399963, 0.586702823638916, 0.5857261419296265, 0.7342591881752014, 0.7061774134635925, 0.6263432502746582, 0.845145583152771, 0.907049834728241, 0.9378332495689392, 0.7530595660209656, 0.6471459269523621, 0.654935896396637, 0.6353575587272644, 0.8667775988578796, 0.926586389541626, 0.8868811726570129, 0.7170469164848328, 0.8912467360496521, 0.7600696682929993, 0.6440361738204956, 0.9068024158477783, 0.6622776985168457, 0.9078975319862366, 0.7193151712417603, 0.8209627866744995, 0.7954307198524475, 0.5694950819015503, 0.6898013949394226, 0.7724108099937439, 0.8377447128295898, 0.7799316644668579, 0.8719044327735901, 0.5051949620246887, 0.841713011264801, 0.8644974231719971, 0.6489549279212952, 0.891671895980835, 0.6508833169937134, 0.6613553762435913, 0.8117817044258118, 0.7184209823608398, 0.8264769315719604, 0.6586825251579285, 0.9480021595954895, 0.7099640965461731, 0.8849151730537415, 0.40162697434425354, 0.72382652759552, 0.5742005705833435, 0.8429346084594727, 0.6691657304763794, 0.7029436826705933, 0.6969492435455322, 0.9289169907569885, 0.5878281593322754, 0.8937038779258728, 0.918782651424408, 0.6575376987457275, 0.9588534235954285, 0.9820069670677185, 0.7137168049812317, 0.8466054797172546, 0.9197001457214355, 0.7442523837089539, 0.8609417080879211, 0.6292636394500732, 0.8342995047569275, 0.7122973799705505, 0.8032965064048767, 0.8416708111763, 0.826906144618988, 0.7534230947494507, 0.6598841547966003, 0.8963488340377808, 0.6183366775512695, 0.6378676891326904, 0.7568684816360474, 0.671660304069519, 0.6249145865440369, 0.6447309851646423, 0.7327313423156738, 0.8599167466163635, 0.7803269028663635], "labels": [0.75, 0.6499999761581421, 0.574999988079071, 0.6499999761581421, 0.6499999761581421, 0.949999988079071, 0.675000011920929, 0.9750000238418579, 0.625, 0.6000000238418579, 0.625, 0.675000011920929, 0.75, 0.675000011920929, 0.5, 0.5249999761581421, 0.5249999761581421, 0.6499999761581421, 0.550000011920929, 0.6000000238418579, 0.949999988079071, 0.75, 0.8500000238418579, 0.6000000238418579, 0.574999988079071, 0.550000011920929, 0.574999988079071, 0.9750000238418579, 0.8500000238418579, 0.925000011920929, 0.7749999761581421, 0.699999988079071, 0.6499999761581421, 0.7250000238418579, 0.8500000238418579, 0.6499999761581421, 0.8500000238418579, 0.4749999940395355, 0.6499999761581421, 0.7749999761581421, 0.44999998807907104, 0.4749999940395355, 0.625, 0.6499999761581421, 0.7250000238418579, 0.7250000238418579, 0.44999998807907104, 0.675000011920929, 0.875, 0.550000011920929, 0.8999999761581421, 0.3499999940395355, 0.6000000238418579, 0.7250000238418579, 0.699999988079071, 0.6000000238418579, 0.625, 0.925000011920929, 0.6000000238418579, 0.8999999761581421, 0.32499998807907104, 0.574999988079071, 0.7250000238418579, 0.7749999761581421, 0.574999988079071, 0.699999988079071, 0.6499999761581421, 0.6499999761581421, 0.5249999761581421, 0.949999988079071, 0.800000011920929, 0.7250000238418579, 0.8999999761581421, 1.0, 0.7250000238418579, 0.8500000238418579, 0.8999999761581421, 0.625, 0.925000011920929, 0.42500001192092896, 0.800000011920929, 0.625, 0.625, 0.8999999761581421, 0.7749999761581421, 0.675000011920929, 0.4749999940395355, 0.699999988079071, 0.6000000238418579, 0.5, 0.625, 0.574999988079071, 0.550000011920929, 0.574999988079071, 0.675000011920929, 0.75, 0.8500000238418579]}}}