{"best": {"aes": {"rmse_aes": 4.331223114881762, "pearson_aes": 0.6633005432924873, "spearman_aes": 0.6646804824062991, "kappa_aes": 0.6040511673911779, "aes": 0.01314904209640291, "aes_weight_coef": 1.0}, "ged": {"accuracy_ged": 0.8055886595998244, "f1_score_macro_ged": 0.6998244245762755, "f1_score_weighted_ged": 0.8298909081398684, "f_0_5_ged": 0.6531653397232743, "ged": 0.5223164955774943, "ged_weight_coef": 1.0}}, "train": {"loss": [0.4588], "learning_rate": [4.992481203007519e-05], "epoch": [3.76], "step": [500]}, "eval": {"rmse_aes": [4.546524615126302, 4.331223114881762, 5.616431589316152, 6.822338587131861], "pearson_aes": [0.62165157802374, 0.6633005432924873, 0.6433726416776117, 0.658582687661362], "spearman_aes": [0.6318720119591705, 0.6646804824062991, 0.657255539954506, 0.6763178342145054], "kappa_aes": [0.5684600521578707, 0.6040511673911779, 0.46691418590667444, 0.3942319402677459], "accuracy_ged": [0.7734115285705325, 0.7624976478705388, 0.8055886595998244, 0.8692216019569717], "f1_score_macro_ged": [0.668992227796267, 0.665777868773993, 0.6998244245762755, 0.7500311096680997], "f1_score_weighted_ged": [0.8047040846739153, 0.7970231074057891, 0.8298909081398684, 0.8760315592328097], "f_0_5_ged": [0.6276959690614309, 0.6474247685185186, 0.6531653397232743, 0.6252468946144055], "aes": [0.014017063917385207, 0.01314904209640291, 0.021713203233149316, 0.0326372685117854], "ged": [0.5194596648216248, 0.5064834190739526, 0.5223164955774943, 0.6397873494360182], "total_loss": [0.53347672873901, 0.5196324611703554, 0.5440296988106437, 0.6724246179478036], "aes_weight_coef": [1.0, 1.0, 1.0, 1.0], "ged_weight_coef": [1.0, 1.0, 1.0, 1.0], "epoch": [0.99, 1.99, 2.99, 3.99], "step": [132, 265, 398, 531]}, "test": {"rmse_aes": 6.170264576860024, "pearson_aes": 0.7901729686615373, "spearman_aes": 0.7874938806548998, "kappa_aes": 0.5102271098762117, "accuracy_ged": 0.851815712439674, "f1_score_macro_ged": 0.7345321624841846, "f1_score_weighted_ged": 0.8578790541946337, "f_0_5_ged": 0.5946435155700063, "aes": 0.024591582361608744, "ged": 0.7201458215713501, "total_loss": 0.7447374039329588, "aes_weight_coef": 1.0, "ged_weight_coef": 1.0}, "info": {"tasks": ["aes", "ged"], "outputs": ["loss", "labels", "preds"], "map_out_to_task": {"aes_loss": "aes", "aes_labels": "aes", "aes_preds": "aes", "ged_loss": "ged", "ged_labels": "ged", "ged_preds": "ged"}, "map_out_to_out": {"aes_loss": "loss", "aes_labels": "labels", "aes_preds": "preds", "ged_loss": "loss", "ged_labels": "labels", "ged_preds": "preds"}, "map_task_index": {"aes": 0, "ged": 1}, "map_index_task": {"0": "aes", "1": "ged"}, "optimizer_weighting": "fixed", "epochs_to_avg_over": 2, "temp": 2, "init_task_weightings": {"aes": 1.0, "ged": 1.0, "ner": 1.0}, "metrics_to_track_by_task": {"aes": "pearson_aes", "ged": "f_0_5_ged", "ner": "f1_score_macro_ner"}, "regression_tasks": ["aes"], "classification_tasks": ["ner", "ged"], "fce_tasks": ["aes", "ged"], "task_priorities_priority_as_key": {"primary_task": "aes", "secondary_task": "ged", "aux_task": "ner"}, "early_stopping_patience": 2, "early_stopping_metric": "loss", "pretrained_model": "distilroberta-base", "frozen_layers": 0, "scoring": "script", "shared_encoder_n_layers": 1, "normalised_values": [40, 0], "output_layer_by_task": {"aes": -1, "ged": -1, "ner": -1}, "save_results": true, "learning_rate": 8e-05, "batch_size": 8, "weight_decay": 0.01, "adam_epsilon": 1e-08, "runtime": 152.26173043251038, "steps_per_sec": 0.28674525505180865, "model_name": "1630842367"}, "preds": {"aes": {"preds": [0.8972917199134827, 0.7451025247573853, 0.7512864470481873, 0.8231155872344971, 0.7435618042945862, 0.9228559136390686, 0.9233397841453552, 0.8697456121444702, 0.7112500667572021, 0.8321475386619568, 0.8551437854766846, 0.8240838646888733, 0.8728862404823303, 0.8943589329719543, 0.7268548011779785, 0.630418062210083, 0.6844804286956787, 0.7879736423492432, 0.863637387752533, 0.6839923858642578, 0.9136984944343567, 0.9072848558425903, 0.8960133790969849, 0.7799328565597534, 0.718920111656189, 0.7688072323799133, 0.6137712597846985, 0.9060595631599426, 0.9421297907829285, 0.892352283000946, 0.8794301748275757, 0.8610811829566956, 0.8168778419494629, 0.7893027663230896, 0.8715023994445801, 0.6465036869049072, 0.9278172254562378, 0.71861732006073, 0.8753414750099182, 0.8092607259750366, 0.5781508684158325, 0.7536274194717407, 0.8005185127258301, 0.9388610124588013, 0.890107274055481, 0.8456084132194519, 0.5927752256393433, 0.7717910408973694, 0.926423192024231, 0.6913057565689087, 0.9862461090087891, 0.6760610938072205, 0.8751930594444275, 0.7397472262382507, 0.768877387046814, 0.9056803584098816, 0.6876911520957947, 0.992242157459259, 0.7861384749412537, 0.9165235757827759, 0.45211607217788696, 0.7975264191627502, 0.6431344151496887, 0.8904977440834045, 0.7391901016235352, 0.7540597319602966, 0.763140857219696, 0.8909067511558533, 0.6979995965957642, 0.9340676069259644, 0.806674599647522, 0.7694021463394165, 0.9569267630577087, 1.034520149230957, 0.8259081840515137, 0.9495681524276733, 0.981235146522522, 0.7980205416679382, 0.8951784372329712, 0.6959270238876343, 0.8967173099517822, 0.732117235660553, 0.8758507966995239, 0.870759129524231, 0.8807345628738403, 0.8269309997558594, 0.7245716452598572, 0.8657104969024658, 0.7492790818214417, 0.6260391473770142, 0.8046193718910217, 0.7014884948730469, 0.6741644740104675, 0.6885941624641418, 0.8161027431488037, 0.8482028841972351, 0.9630740284919739], "labels": [0.75, 0.6499999761581421, 0.574999988079071, 0.6499999761581421, 0.6499999761581421, 0.949999988079071, 0.675000011920929, 0.9750000238418579, 0.625, 0.6000000238418579, 0.625, 0.675000011920929, 0.75, 0.675000011920929, 0.5, 0.5249999761581421, 0.5249999761581421, 0.6499999761581421, 0.550000011920929, 0.6000000238418579, 0.949999988079071, 0.75, 0.8500000238418579, 0.6000000238418579, 0.574999988079071, 0.550000011920929, 0.574999988079071, 0.9750000238418579, 0.8500000238418579, 0.925000011920929, 0.7749999761581421, 0.699999988079071, 0.6499999761581421, 0.7250000238418579, 0.8500000238418579, 0.6499999761581421, 0.8500000238418579, 0.4749999940395355, 0.6499999761581421, 0.7749999761581421, 0.44999998807907104, 0.4749999940395355, 0.625, 0.6499999761581421, 0.7250000238418579, 0.7250000238418579, 0.44999998807907104, 0.675000011920929, 0.875, 0.550000011920929, 0.8999999761581421, 0.3499999940395355, 0.6000000238418579, 0.7250000238418579, 0.699999988079071, 0.6000000238418579, 0.625, 0.925000011920929, 0.6000000238418579, 0.8999999761581421, 0.32499998807907104, 0.574999988079071, 0.7250000238418579, 0.7749999761581421, 0.574999988079071, 0.699999988079071, 0.6499999761581421, 0.6499999761581421, 0.5249999761581421, 0.949999988079071, 0.800000011920929, 0.7250000238418579, 0.8999999761581421, 1.0, 0.7250000238418579, 0.8500000238418579, 0.8999999761581421, 0.625, 0.925000011920929, 0.42500001192092896, 0.800000011920929, 0.625, 0.625, 0.8999999761581421, 0.7749999761581421, 0.675000011920929, 0.4749999940395355, 0.699999988079071, 0.6000000238418579, 0.5, 0.625, 0.574999988079071, 0.550000011920929, 0.574999988079071, 0.675000011920929, 0.75, 0.8500000238418579]}}}