{"best": {"ged": {"accuracy_ged": 0.24587593301135294, "f1_score_macro_ged": 0.2457524423389904, "f1_score_weighted_ged": 0.2527974641279878, "f_0_5_ged": 0.41853445363007685, "ged": 0.7816066079669528, "ged_weight_coef": 1.0}}, "train": {"loss": [0.7084], "learning_rate": [2.1203007518796993e-05], "epoch": [3.76], "step": [500]}, "eval": {"accuracy_ged": [0.2427083986702628, 0.24462146396537665, 0.2430533776579063, 0.24587593301135294, 0.24126575926739008, 0.2435865270024462], "f1_score_macro_ged": [0.24260915434189045, 0.24450844306943292, 0.24293304422313267, 0.2457524423389904, 0.24117897359535106, 0.24348848126631295], "f1_score_weighted_ged": [0.2489379515670835, 0.25125376197709004, 0.24990040996390392, 0.2527974641279878, 0.24710279559646645, 0.24977529271049426], "f_0_5_ged": [0.4148663246016743, 0.41712638760667403, 0.41374805738867987, 0.41853445363007685, 0.41340530814215026, 0.41653539763265673], "ged": [0.7824600140253702, 0.7817826403511895, 0.7822467022471957, 0.7816066079669528, 0.7827316125233968, 0.781598342789544], "total_loss": [0.7824600140253702, 0.7817826403511895, 0.7822467022471957, 0.7816066079669528, 0.7827316125233968, 0.781598342789544], "ged_weight_coef": [1.0, 1.0, 1.0, 1.0, 1.0, 1.0], "epoch": [0.99, 1.99, 2.99, 3.99, 4.99, 5.99], "step": [132, 265, 398, 531, 664, 797]}, "test": {"accuracy_ged": 0.30907988079854426, "f1_score_macro_ged": 0.30516573256510293, "f1_score_weighted_ged": 0.3416212235081206, "f_0_5_ged": 0.4250732884980169, "ged": 0.7574872076511383, "total_loss": 0.7574872076511383, "ged_weight_coef": 1.0}, "info": {"tasks": ["ged"], "outputs": ["loss", "labels", "preds"], "map_out_to_task": {"ged_loss": "ged", "ged_labels": "ged", "ged_preds": "ged"}, "map_out_to_out": {"ged_loss": "loss", "ged_labels": "labels", "ged_preds": "preds"}, "map_task_index": {"ged": 0}, "map_index_task": {"0": "ged"}, "optimizer_weighting": "fixed", "epochs_to_avg_over": 2, "temp": 2, "init_task_weightings": {"aes": 1.0, "ged": 1.0, "ner": 1.0}, "metrics_to_track_by_task": {"aes": "pearson_aes", "ged": "f_0_5_ged", "ner": "f1_score_avg_ner"}, "regression_tasks": ["aes"], "classification_tasks": ["ner", "ged"], "fce_tasks": ["aes", "ged"], "task_priorities_priority_as_key": {"primary_task": "ged"}, "early_stopping_patience": 2, "early_stopping_metric": null, "pretrained_model": "distilroberta-base", "frozen_layers": 6, "scoring": "script", "shared_encoder_n_layers": 0, "normalised_values": [40, 0], "output_layer_by_task": {"aes": -1, "ged": -1, "ner": -1}, "save_results": true, "learning_rate": 4e-05, "batch_size": 8, "weight_decay": 0.01, "adam_epsilon": 1e-08, "runtime": 77.53862619400024, "steps_per_sec": 0.09728811316687609, "model_name": "1630760469"}, "preds": {}}