{"best": {"aes": {"rmse_aes": 5.246692079565731, "pearson_aes": 0.6527356699832496, "spearman_aes": 0.6471052724486795, "kappa_aes": 0.5496670556737833, "aes": 0.0036015670075146265, "aes_weight_coef": 1.0}, "ged": {"accuracy_ged": 0.7822006806228731, "f1_score_macro_ged": 0.6735088872261134, "f1_score_weighted_ged": 0.8111592567366835, "f_0_5_ged": 0.6204015463274721, "ged": 0.09991215897160907, "ged_weight_coef": 1.0}, "ner": {"accuracy_ner": 0.9904598730579027, "f1_score_macro_ner": 0.9441876300889178, "f1_score_weighted_ner": 0.9904703455083819, "ner": 0.029326904332265258, "ner_weight_coef": 1.0}}, "train": {"loss": [0.3667, 0.2424], "learning_rate": [3.0566037735849064e-05, 2.1132075471698115e-05], "epoch": [1.89, 3.77], "step": [500, 1000]}, "eval": {"rmse_aes": [5.222813205330799, 5.41602560309064, 5.246692079565731, 7.73340517208012, 8.678677574633387], "pearson_aes": [0.6072994228205134, 0.625885094884871, 0.6527356699832496, 0.6306232234665753, 0.6371756218512538], "spearman_aes": [0.6121224014951208, 0.6205208204878835, 0.6471052724486795, 0.6124868871287363, 0.6200137542987254], "kappa_aes": [0.5500430993199885, 0.48619529115452886, 0.5496670556737833, 0.37885808235557883, 0.33543842603837737], "accuracy_ged": [0.7034821766181981, 0.7822006806228731, 0.8423567426351792, 0.8582723178990066, 0.868378536317074], "f1_score_macro_ged": [0.6108538430982282, 0.6735088872261134, 0.7194023798278022, 0.7312919922935845, 0.7417651585780298], "f1_score_weighted_ged": [0.7495842373513105, 0.8111592567366835, 0.8551265783112842, 0.8662665288169596, 0.8738918434380624], "f_0_5_ged": [0.5883898082479643, 0.6204015463274721, 0.6078295112346537, 0.5960947994626751, 0.5974013286440016], "accuracy_ner": [0.9847747361862855, 0.9899731318873876, 0.9904793427047234, 0.9904598730579027, 0.9905961605856469], "f1_score_macro_ner": [0.9139169296467489, 0.943694227091883, 0.9438767077903465, 0.9441876300889178, 0.9438977094885695], "f1_score_weighted_ner": [0.9849648147783243, 0.9899888890045767, 0.9904597165629714, 0.9904703455083819, 0.9906263915841799], "aes": [0.0035685729018824046, 0.003893698847224546, 0.0036015670075146265, 0.0076761017228628315, 0.009968221187591553], "ged": [0.10829511076905006, 0.09991215897160907, 0.10326640550480333, 0.10998144815134447, 0.11925013675246128], "ner": [0.043891707738471585, 0.029205004760432383, 0.029108936611433014, 0.029326904332265258, 0.029570110694526933], "total_loss": [0.15575539140940406, 0.133010862579266, 0.13597690912375096, 0.14698445420647258, 0.15878846863457977], "aes_weight_coef": [1.0, 1.0, 1.0, 1.0, 1.0], "ged_weight_coef": [1.0, 1.0, 1.0, 1.0, 1.0], "ner_weight_coef": [1.0, 1.0, 1.0, 1.0, 1.0], "epoch": [1.0, 2.0, 3.0, 4.0, 5.0], "step": [264, 529, 794, 1059, 1324]}, "test": {"rmse_aes": 7.45682014444942, "pearson_aes": 0.7878273061525051, "spearman_aes": 0.7714991972604951, "kappa_aes": 0.48840514178670624, "accuracy_ged": 0.8546158984635939, "f1_score_macro_ged": 0.7336019971907994, "f1_score_weighted_ged": 0.8587466060831577, "f_0_5_ged": 0.5785491766800177, "accuracy_ner": 0.9808334230644987, "f1_score_macro_ner": 0.886849378633197, "f1_score_weighted_ner": 0.9815102630712748, "aes": 0.009897844688523384, "ged": 0.18441966743696303, "ner": 0.06973874342760869, "total_loss": 0.2640562555530951, "aes_weight_coef": 1.0, "ged_weight_coef": 1.0, "ner_weight_coef": 1.0}, "info": {"tasks": ["aes", "ged", "ner"], "outputs": ["loss", "labels", "preds"], "map_out_to_task": {"aes_loss": "aes", "aes_labels": "aes", "aes_preds": "aes", "ged_loss": "ged", "ged_labels": "ged", "ged_preds": "ged", "ner_loss": "ner", "ner_labels": "ner", "ner_preds": "ner"}, "map_out_to_out": {"aes_loss": "loss", "aes_labels": "labels", "aes_preds": "preds", "ged_loss": "loss", "ged_labels": "labels", "ged_preds": "preds", "ner_loss": "loss", "ner_labels": "labels", "ner_preds": "preds"}, "map_task_index": {"aes": 0, "ged": 1, "ner": 2}, "map_index_task": {"0": "aes", "1": "ged", "2": "ner"}, "optimizer_weighting": "fixed", "epochs_to_avg_over": 2, "temp": 2, "init_task_weightings": {"aes": 1.0, "ged": 1.0, "ner": 1.0}, "metrics_to_track_by_task": {"aes": "pearson_aes", "ged": "f_0_5_ged", "ner": "f1_score_macro_ner"}, "regression_tasks": ["aes"], "classification_tasks": ["ner", "ged"], "fce_tasks": ["aes", "ged"], "task_priorities_priority_as_key": {"primary_task": "aes", "secondary_task": "ged", "aux_task": "ner"}, "early_stopping_patience": 2, "early_stopping_metric": "los", "pretrained_model": "distilroberta-base", "frozen_layers": null, "scoring": "script", "shared_encoder_n_layers": 0, "normalised_values": [40, 0], "output_layer_by_task": {"aes": -1, "ged": -1, "ner": -1}, "save_results": true, "learning_rate": 4e-05, "batch_size": 8, "weight_decay": 0.01, "adam_epsilon": 1e-08, "runtime": 338.47976183891296, "steps_per_sec": 0.2556493669478195, "model_name": "1630771213"}, "preds": {"aes": {"preds": [0.9857896566390991, 0.8055711984634399, 0.7464174628257751, 0.8439377546310425, 0.7228794097900391, 1.0034846067428589, 0.9071237444877625, 0.8835392594337463, 0.6784951686859131, 0.8402135968208313, 0.829139232635498, 0.8707915544509888, 0.928396463394165, 0.994437038898468, 0.799903154373169, 0.6515494585037231, 0.6645593047142029, 0.7784110307693481, 0.94380122423172, 0.6404399275779724, 1.030906081199646, 0.9189102053642273, 0.9575678706169128, 0.7832671999931335, 0.7454515695571899, 0.8529078364372253, 0.6043735146522522, 1.0067328214645386, 1.0522490739822388, 1.0306878089904785, 0.8954336643218994, 0.9797326922416687, 0.8044226765632629, 0.7521529197692871, 0.9688675403594971, 0.6624807715415955, 0.9447298645973206, 0.7311781048774719, 0.9174379110336304, 0.8630640506744385, 0.5802521109580994, 0.7066775560379028, 0.8613828420639038, 1.0283056497573853, 0.8862975835800171, 0.9220792055130005, 0.5584988594055176, 0.8287126421928406, 1.0400604009628296, 0.6626076102256775, 1.0881696939468384, 0.7135549187660217, 0.8306393027305603, 0.7695241570472717, 0.7557555437088013, 0.8722419738769531, 0.7040818333625793, 1.1121912002563477, 0.8317210078239441, 0.9765825867652893, 0.41028186678886414, 0.8642524480819702, 0.6606736183166504, 0.9660018682479858, 0.7147431373596191, 0.8196853399276733, 0.7705816626548767, 1.020636796951294, 0.6727616190910339, 1.0214827060699463, 0.9046840071678162, 0.7856088876724243, 1.0793803930282593, 1.1819790601730347, 0.7350429892539978, 1.0825402736663818, 1.1074929237365723, 0.8440802097320557, 0.9355695843696594, 0.6823163628578186, 0.9128626585006714, 0.8033643364906311, 0.8868018388748169, 0.9414989352226257, 0.988006055355072, 0.8712853789329529, 0.765855610370636, 0.9062941074371338, 0.7362312078475952, 0.6746148467063904, 0.8022833466529846, 0.7233543395996094, 0.7000501155853271, 0.6719826459884644, 0.7934771180152893, 1.022387981414795],