{"best": {"ner": {"accuracy_ner": 0.9926210038549901, "f1_score_macro_ner": 0.9575071372377137, "f1_score_weighted_ner": 0.9927004724161922, "ner": 0.03304049764516425, "ner_weight_coef": 1.0}}, "train": {"loss": [0.0932, 0.0094], "learning_rate": [4.992481203007519e-05, 1.9849624060150377e-05], "epoch": [3.76, 7.52], "step": [500, 1000]}, "eval": {"accuracy_ner": [0.9848331451267474, 0.9883376815544566, 0.9910050231688797, 0.9919200965694482, 0.9916280518671391, 0.9923873680931428, 0.9926210038549901, 0.9924068377399634, 0.9926404735018107], "f1_score_macro_ner": [0.9152434147699883, 0.9337173433424348, 0.9495489473777182, 0.9518685493316809, 0.9504471213462824, 0.9559473485984622, 0.9575071372377137, 0.9567557760108608, 0.9570700425143757], "f1_score_weighted_ner": [0.9847979072577158, 0.9882976891023046, 0.9910315044419398, 0.991912430307514, 0.9915611449753212, 0.9923973323028152, 0.9927004724161922, 0.9924678647385581, 0.9926771705489983], "ner": [0.0560206723484126, 0.042971847536550326, 0.03719861308733622, 0.034197058038306284, 0.03781521057173835, 0.03342070801105971, 0.03304049764516425, 0.034639099382647226, 0.034165945148384766], "total_loss": [0.0560206723484126, 0.042971847536550326, 0.03719861308733622, 0.034197058038306284, 0.03781521057173835, 0.03342070801105971, 0.03304049764516425, 0.034639099382647226, 0.034165945148384766], "ner_weight_coef": [1.0, 1.0, 1.0, 1.0, 1.0, 1.0, 1.0, 1.0, 1.0], "epoch": [0.99, 1.99, 2.99, 3.99, 4.99, 5.99, 6.99, 7.99, 8.99], "step": [132, 265, 398, 531, 664, 797, 930, 1063, 1196]}, "test": {"accuracy_ner": 0.9823624421233983, "f1_score_macro_ner": 0.8957343241957427, "f1_score_weighted_ner": 0.9829149955258157, "ner": 0.10784367000063261, "total_loss": 0.10784367000063261, "ner_weight_coef": 1.0}, "info": {"tasks": ["ner"], "outputs": ["loss", "labels", "preds"], "map_out_to_task": {"ner_loss": "ner", "ner_labels": "ner", "ner_preds": "ner"}, "map_out_to_out": {"ner_loss": "loss", "ner_labels": "labels", "ner_preds": "preds"}, "map_task_index": {"ner": 0}, "map_index_task": {"0": "ner"}, "optimizer_weighting": "fixed", "epochs_to_avg_over": 2, "temp": 2, "init_task_weightings": {"aes": 1.0, "ged": 1.0, "ner": 1.0}, "metrics_to_track_by_task": {"aes": "pearson_aes", "ged": "f_0_5_ged", "ner": "f1_score_macro_ner"}, "regression_tasks": ["aes"], "classification_tasks": ["ner", "ged"], "fce_tasks": ["aes", "ged"], "task_priorities_priority_as_key": {"primary_task": "ner"}, "early_stopping_patience": 2, "early_stopping_metric": "loss", "pretrained_model": "distilroberta-base", "frozen_layers": null, "scoring": "script", "shared_encoder_n_layers": 0, "normalised_values": [40, 0], "output_layer_by_task": {"aes": -1, "ged": -1, "ner": -1}, "save_results": true, "learning_rate": 8e-05, "batch_size": 8, "weight_decay": 0.01, "adam_epsilon": 1e-08, "runtime": 313.1075165271759, "steps_per_sec": 0.26179558238058187, "model_name": "1630840250"}, "preds": {}}