{
  "best_metric": 0.17885131508319915,
  "best_model_checkpoint": "results/tasks/ged/subtasks/seq_2_seq//training_output/fce_grammar/tagging_bert_weighted_loss_func_adaptors_fce_grammar_dev_set_5epochs_16bs_1E-5lr_0layers_froze/checkpoint-474",
  "epoch": 3.0,
  "global_step": 474,
  "is_hyper_param_search": false,
  "is_local_process_zero": true,
  "is_world_process_zero": true,
  "log_history": [
    {
      "epoch": 1.0,
      "eval_accuracy": 0.9706962025316456,
      "eval_f1": 0.0,
      "eval_loss": 0.42564383149147034,
      "step": 158,
      "train_accuracy": 0.9691732594936708,
      "train_f1": 0.0,
      "train_loss": 0.4351889193058014
    },
    {
      "epoch": 2.0,
      "eval_accuracy": 0.9692088607594936,
      "eval_f1": 0.04771225838023,
      "eval_loss": 0.33636564016342163,
      "step": 316,
      "train_accuracy": 0.9675316455696202,
      "train_f1": 0.04602510460251046,
      "train_loss": 0.3432958424091339
    },
    {
      "epoch": 3.0,
      "eval_accuracy": 0.9394857594936709,
      "eval_f1": 0.17885131508319915,
      "eval_loss": 0.30072852969169617,
      "step": 474,
      "train_accuracy": 0.9388844936708861,
      "train_f1": 0.19278996865203762,
      "train_loss": 0.30642175674438477
    }
  ],
  "max_steps": 790,
  "num_train_epochs": 5,
  "total_flos": 502265443622400.0,
  "trial_name": null,
  "trial_params": null
}
